Window_Index,SPD1,SPD2,Detector,Event
1,0,0,NONE,NO_CLICK
2,0,0,NONE,NO_CLICK
3,0,0,NONE,NO_CLICK
4,0,0,NONE,NO_CLICK
5,0,0,NONE,NO_CLICK
6,0,0,NONE,NO_CLICK
7,0,0,NONE,NO_CLICK
8,0,0,NONE,NO_CLICK
9,0,0,NONE,NO_CLICK
10,0,0,NONE,NO_CLICK
11,0,0,NONE,NO_CLICK
12,0,0,NONE,NO_CLICK
13,0,0,NONE,NO_CLICK
14,0,0,NONE,NO_CLICK
15,0,0,NONE,NO_CLICK
16,0,0,NONE,NO_CLICK
17,0,0,NONE,NO_CLICK
18,0,0,NONE,NO_CLICK
19,0,0,NONE,NO_CLICK
20,0,0,NONE,NO_CLICK
21,0,0,NONE,NO_CLICK
22,0,0,NONE,NO_CLICK
23,0,0,NONE,NO_CLICK
24,0,0,NONE,NO_CLICK
25,0,0,NONE,NO_CLICK
26,0,0,NONE,NO_CLICK
27,0,0,NONE,NO_CLICK
28,0,0,NONE,NO_CLICK
29,0,0,NONE,NO_CLICK
30,0,0,NONE,NO_CLICK
31,0,0,NONE,NO_CLICK
32,0,0,NONE,NO_CLICK
33,0,0,NONE,NO_CLICK
34,1,1,BOTH,DOUBLE_CLICK
35,1,1,BOTH,DOUBLE_CLICK
36,1,1,BOTH,DOUBLE_CLICK
37,1,1,BOTH,DOUBLE_CLICK
38,1,1,BOTH,DOUBLE_CLICK
39,1,1,BOTH,DOUBLE_CLICK
40,1,1,BOTH,DOUBLE_CLICK
41,1,1,BOTH,DOUBLE_CLICK
42,1,1,BOTH,DOUBLE_CLICK
43,1,1,BOTH,DOUBLE_CLICK
44,1,1,BOTH,DOUBLE_CLICK
45,1,1,BOTH,DOUBLE_CLICK
46,1,1,BOTH,DOUBLE_CLICK
47,1,1,BOTH,DOUBLE_CLICK
48,1,1,BOTH,DOUBLE_CLICK
49,1,1,BOTH,DOUBLE_CLICK
50,1,1,BOTH,DOUBLE_CLICK
51,1,1,BOTH,DOUBLE_CLICK
52,1,1,BOTH,DOUBLE_CLICK
53,1,1,BOTH,DOUBLE_CLICK
54,1,1,BOTH,DOUBLE_CLICK
55,1,1,BOTH,DOUBLE_CLICK
56,1,1,BOTH,DOUBLE_CLICK
57,1,1,BOTH,DOUBLE_CLICK
58,1,1,BOTH,DOUBLE_CLICK
59,1,1,BOTH,DOUBLE_CLICK
60,1,1,BOTH,DOUBLE_CLICK
61,1,1,BOTH,DOUBLE_CLICK
62,1,1,BOTH,DOUBLE_CLICK
63,1,1,BOTH,DOUBLE_CLICK
64,1,1,BOTH,DOUBLE_CLICK
65,1,1,BOTH,DOUBLE_CLICK
66,1,1,BOTH,DOUBLE_CLICK
67,1,1,BOTH,DOUBLE_CLICK
68,1,1,BOTH,DOUBLE_CLICK
69,1,1,BOTH,DOUBLE_CLICK
70,1,1,BOTH,DOUBLE_CLICK
71,1,1,BOTH,DOUBLE_CLICK
72,0,0,NONE,NO_CLICK
73,0,0,NONE,NO_CLICK
74,0,0,NONE,NO_CLICK
75,0,0,NONE,NO_CLICK
76,0,0,NONE,NO_CLICK
77,0,0,NONE,NO_CLICK
78,0,0,NONE,NO_CLICK
79,0,0,NONE,NO_CLICK
80,0,0,NONE,NO_CLICK
81,0,0,NONE,NO_CLICK
82,0,0,NONE,NO_CLICK
83,0,0,NONE,NO_CLICK
84,0,0,NONE,NO_CLICK
85,0,0,NONE,NO_CLICK
86,0,0,NONE,NO_CLICK
87,0,0,NONE,NO_CLICK
88,0,0,NONE,NO_CLICK
89,0,0,NONE,NO_CLICK
90,0,0,NONE,NO_CLICK
91,0,0,NONE,NO_CLICK
92,0,0,NONE,NO_CLICK
93,0,0,NONE,NO_CLICK
94,0,0,NONE,NO_CLICK
95,0,0,NONE,NO_CLICK
96,0,0,NONE,NO_CLICK
97,0,0,NONE,NO_CLICK
98,0,0,NONE,NO_CLICK
99,0,0,NONE,NO_CLICK
100,0,0,NONE,NO_CLICK
101,0,0,NONE,NO_CLICK
102,0,0,NONE,NO_CLICK
103,0,0,NONE,NO_CLICK
104,0,0,NONE,NO_CLICK
105,0,0,NONE,NO_CLICK
106,0,0,NONE,NO_CLICK
107,0,0,NONE,NO_CLICK
108,0,0,NONE,NO_CLICK
109,0,0,NONE,NO_CLICK
110,0,0,NONE,NO_CLICK
111,0,0,NONE,NO_CLICK
112,0,0,NONE,NO_CLICK
113,0,0,NONE,NO_CLICK
114,0,0,NONE,NO_CLICK
115,0,0,NONE,NO_CLICK
116,0,0,NONE,NO_CLICK
117,0,0,NONE,NO_CLICK
118,0,0,NONE,NO_CLICK
119,0,0,NONE,NO_CLICK
120,0,0,NONE,NO_CLICK
121,0,0,NONE,NO_CLICK
122,0,0,NONE,NO_CLICK
123,0,0,NONE,NO_CLICK
124,0,0,NONE,NO_CLICK
125,0,0,NONE,NO_CLICK
126,0,0,NONE,NO_CLICK
127,0,0,NONE,NO_CLICK
128,0,0,NONE,NO_CLICK
129,0,0,NONE,NO_CLICK
130,0,0,NONE,NO_CLICK
131,0,0,NONE,NO_CLICK
132,0,0,NONE,NO_CLICK
133,0,0,NONE,NO_CLICK
134,0,0,NONE,NO_CLICK
135,0,0,NONE,NO_CLICK
136,0,0,NONE,NO_CLICK
137,0,0,NONE,NO_CLICK
138,0,0,NONE,NO_CLICK
139,0,0,NONE,NO_CLICK
140,0,0,NONE,NO_CLICK
141,0,0,NONE,NO_CLICK
142,0,0,NONE,NO_CLICK
143,0,0,NONE,NO_CLICK
144,0,0,NONE,NO_CLICK
145,0,0,NONE,NO_CLICK
146,0,0,NONE,NO_CLICK
147,0,0,NONE,NO_CLICK
148,0,0,NONE,NO_CLICK
149,0,0,NONE,NO_CLICK
150,0,0,NONE,NO_CLICK
151,0,0,NONE,NO_CLICK
152,0,0,NONE,NO_CLICK
153,0,0,NONE,NO_CLICK
154,0,0,NONE,NO_CLICK
155,0,0,NONE,NO_CLICK
156,0,0,NONE,NO_CLICK
157,0,0,NONE,NO_CLICK
158,0,0,NONE,NO_CLICK
159,0,0,NONE,NO_CLICK
160,0,0,NONE,NO_CLICK
161,0,0,NONE,NO_CLICK
162,0,0,NONE,NO_CLICK
163,0,0,NONE,NO_CLICK
164,0,0,NONE,NO_CLICK
165,0,0,NONE,NO_CLICK
166,0,0,NONE,NO_CLICK
167,0,0,NONE,NO_CLICK
168,0,0,NONE,NO_CLICK
169,0,0,NONE,NO_CLICK
170,0,0,NONE,NO_CLICK
171,0,0,NONE,NO_CLICK
172,0,0,NONE,NO_CLICK
173,0,0,NONE,NO_CLICK
174,0,0,NONE,NO_CLICK
175,0,0,NONE,NO_CLICK
176,0,0,NONE,NO_CLICK
177,0,0,NONE,NO_CLICK
178,0,0,NONE,NO_CLICK
179,0,0,NONE,NO_CLICK
180,0,0,NONE,NO_CLICK
181,0,0,NONE,NO_CLICK
182,0,0,NONE,NO_CLICK
183,0,0,NONE,NO_CLICK
184,0,0,NONE,NO_CLICK
185,0,0,NONE,NO_CLICK
186,0,0,NONE,NO_CLICK
187,0,0,NONE,NO_CLICK
188,0,0,NONE,NO_CLICK
189,0,0,NONE,NO_CLICK
190,0,0,NONE,NO_CLICK
191,0,0,NONE,NO_CLICK
192,0,0,NONE,NO_CLICK
193,0,0,NONE,NO_CLICK
194,0,0,NONE,NO_CLICK
195,0,0,NONE,NO_CLICK
196,0,0,NONE,NO_CLICK
197,0,0,NONE,NO_CLICK
198,0,0,NONE,NO_CLICK
199,0,0,NONE,NO_CLICK
200,0,0,NONE,NO_CLICK
201,0,0,NONE,NO_CLICK
202,0,0,NONE,NO_CLICK
203,0,0,NONE,NO_CLICK
204,0,0,NONE,NO_CLICK
205,0,0,NONE,NO_CLICK
206,0,0,NONE,NO_CLICK
207,0,0,NONE,NO_CLICK
208,0,0,NONE,NO_CLICK
209,0,0,NONE,NO_CLICK
210,0,0,NONE,NO_CLICK
211,0,0,NONE,NO_CLICK
212,0,0,NONE,NO_CLICK
213,0,0,NONE,NO_CLICK
214,0,0,NONE,NO_CLICK
215,0,0,NONE,NO_CLICK
216,0,0,NONE,NO_CLICK
217,0,0,NONE,NO_CLICK
218,0,0,NONE,NO_CLICK
219,0,0,NONE,NO_CLICK
220,0,0,NONE,NO_CLICK
221,0,0,NONE,NO_CLICK
222,0,0,NONE,NO_CLICK
223,0,0,NONE,NO_CLICK
224,0,0,NONE,NO_CLICK
225,0,0,NONE,NO_CLICK
226,0,0,NONE,NO_CLICK
227,0,0,NONE,NO_CLICK
228,0,0,NONE,NO_CLICK
229,0,0,NONE,NO_CLICK
230,0,0,NONE,NO_CLICK
231,0,0,NONE,NO_CLICK
232,0,0,NONE,NO_CLICK
233,0,0,NONE,NO_CLICK
234,0,0,NONE,NO_CLICK
235,0,0,NONE,NO_CLICK
236,0,0,NONE,NO_CLICK
237,0,0,NONE,NO_CLICK
238,0,0,NONE,NO_CLICK
239,0,0,NONE,NO_CLICK
240,0,0,NONE,NO_CLICK
241,0,0,NONE,NO_CLICK
242,0,0,NONE,NO_CLICK
243,0,0,NONE,NO_CLICK
244,0,0,NONE,NO_CLICK
245,0,0,NONE,NO_CLICK
246,0,0,NONE,NO_CLICK
247,0,0,NONE,NO_CLICK
248,0,0,NONE,NO_CLICK
249,0,0,NONE,NO_CLICK
250,0,0,NONE,NO_CLICK
251,0,0,NONE,NO_CLICK
252,0,0,NONE,NO_CLICK
253,0,0,NONE,NO_CLICK
254,0,0,NONE,NO_CLICK
255,0,0,NONE,NO_CLICK
256,0,0,NONE,NO_CLICK
257,0,0,NONE,NO_CLICK
258,0,0,NONE,NO_CLICK
259,0,0,NONE,NO_CLICK
260,0,0,NONE,NO_CLICK
261,0,0,NONE,NO_CLICK
262,0,0,NONE,NO_CLICK
263,0,0,NONE,NO_CLICK
264,0,0,NONE,NO_CLICK
265,0,0,NONE,NO_CLICK
266,0,0,NONE,NO_CLICK
267,0,0,NONE,NO_CLICK
268,0,0,NONE,NO_CLICK
269,0,0,NONE,NO_CLICK
270,0,0,NONE,NO_CLICK
271,0,0,NONE,NO_CLICK
272,0,0,NONE,NO_CLICK
273,0,0,NONE,NO_CLICK
274,0,0,NONE,NO_CLICK
275,0,0,NONE,NO_CLICK
276,0,0,NONE,NO_CLICK
277,0,0,NONE,NO_CLICK
278,0,0,NONE,NO_CLICK
279,0,0,NONE,NO_CLICK
280,0,0,NONE,NO_CLICK
281,0,0,NONE,NO_CLICK
282,0,0,NONE,NO_CLICK
283,0,0,NONE,NO_CLICK
284,0,0,NONE,NO_CLICK
285,0,0,NONE,NO_CLICK
286,0,0,NONE,NO_CLICK
287,0,0,NONE,NO_CLICK
288,0,0,NONE,NO_CLICK
289,0,0,NONE,NO_CLICK
290,0,0,NONE,NO_CLICK
291,0,0,NONE,NO_CLICK
292,0,0,NONE,NO_CLICK
293,0,0,NONE,NO_CLICK
294,0,0,NONE,NO_CLICK
295,0,0,NONE,NO_CLICK
296,0,0,NONE,NO_CLICK
297,0,0,NONE,NO_CLICK
298,0,0,NONE,NO_CLICK
299,0,0,NONE,NO_CLICK
300,0,0,NONE,NO_CLICK
301,0,0,NONE,NO_CLICK
302,0,0,NONE,NO_CLICK
303,0,0,NONE,NO_CLICK
304,0,0,NONE,NO_CLICK
305,0,0,NONE,NO_CLICK
306,0,0,NONE,NO_CLICK
307,0,0,NONE,NO_CLICK
308,0,0,NONE,NO_CLICK
309,0,0,NONE,NO_CLICK
310,0,0,NONE,NO_CLICK
311,0,0,NONE,NO_CLICK
312,0,0,NONE,NO_CLICK
313,0,0,NONE,NO_CLICK
314,0,0,NONE,NO_CLICK
315,0,0,NONE,NO_CLICK
316,0,0,NONE,NO_CLICK
317,0,0,NONE,NO_CLICK
318,0,0,NONE,NO_CLICK
319,0,0,NONE,NO_CLICK
320,0,0,NONE,NO_CLICK
321,0,0,NONE,NO_CLICK
322,0,0,NONE,NO_CLICK
323,0,0,NONE,NO_CLICK
324,0,0,NONE,NO_CLICK
325,0,0,NONE,NO_CLICK
326,0,0,NONE,NO_CLICK
327,0,0,NONE,NO_CLICK
328,0,0,NONE,NO_CLICK
329,0,0,NONE,NO_CLICK
330,0,0,NONE,NO_CLICK
331,0,0,NONE,NO_CLICK
332,0,0,NONE,NO_CLICK
333,0,0,NONE,NO_CLICK
334,0,0,NONE,NO_CLICK
335,0,0,NONE,NO_CLICK
336,0,0,NONE,NO_CLICK
337,0,0,NONE,NO_CLICK
338,0,0,NONE,NO_CLICK
339,0,0,NONE,NO_CLICK
340,0,0,NONE,NO_CLICK
341,0,0,NONE,NO_CLICK
342,0,0,NONE,NO_CLICK
343,0,0,NONE,NO_CLICK
344,0,0,NONE,NO_CLICK
345,0,0,NONE,NO_CLICK
346,0,0,NONE,NO_CLICK
347,0,0,NONE,NO_CLICK
348,0,0,NONE,NO_CLICK
349,0,0,NONE,NO_CLICK
350,0,0,NONE,NO_CLICK
351,0,0,NONE,NO_CLICK
352,0,0,NONE,NO_CLICK
353,0,0,NONE,NO_CLICK
354,0,1,D2,D2_CLICK
355,0,1,D2,D2_CLICK
356,0,1,D2,D2_CLICK
357,0,1,D2,D2_CLICK
358,0,1,D2,D2_CLICK
359,0,1,D2,D2_CLICK
360,0,1,D2,D2_CLICK
361,0,1,D2,D2_CLICK
362,0,1,D2,D2_CLICK
363,0,1,D2,D2_CLICK
364,0,1,D2,D2_CLICK
365,0,1,D2,D2_CLICK
366,0,1,D2,D2_CLICK
367,0,1,D2,D2_CLICK
368,0,1,D2,D2_CLICK
369,0,1,D2,D2_CLICK
370,0,1,D2,D2_CLICK
371,0,1,D2,D2_CLICK
372,0,1,D2,D2_CLICK
373,0,1,D2,D2_CLICK
374,0,1,D2,D2_CLICK
375,0,1,D2,D2_CLICK
376,0,1,D2,D2_CLICK
377,0,1,D2,D2_CLICK
378,0,1,D2,D2_CLICK
379,0,1,D2,D2_CLICK
380,0,1,D2,D2_CLICK
381,0,1,D2,D2_CLICK
382,0,1,D2,D2_CLICK
383,0,1,D2,D2_CLICK
384,0,1,D2,D2_CLICK
385,0,1,D2,D2_CLICK
386,1,1,BOTH,DOUBLE_CLICK
387,1,1,BOTH,DOUBLE_CLICK
388,1,1,BOTH,DOUBLE_CLICK
389,1,1,BOTH,DOUBLE_CLICK
390,1,1,BOTH,DOUBLE_CLICK
391,1,1,BOTH,DOUBLE_CLICK
392,1,0,D1,D1_CLICK
393,1,0,D1,D1_CLICK
394,1,0,D1,D1_CLICK
395,1,0,D1,D1_CLICK
396,1,0,D1,D1_CLICK
397,1,0,D1,D1_CLICK
398,1,0,D1,D1_CLICK
399,1,0,D1,D1_CLICK
400,1,0,D1,D1_CLICK
401,1,0,D1,D1_CLICK
402,1,0,D1,D1_CLICK
403,1,0,D1,D1_CLICK
404,1,0,D1,D1_CLICK
405,1,0,D1,D1_CLICK
406,1,0,D1,D1_CLICK
407,1,0,D1,D1_CLICK
408,1,0,D1,D1_CLICK
409,1,0,D1,D1_CLICK
410,1,0,D1,D1_CLICK
411,1,0,D1,D1_CLICK
412,1,0,D1,D1_CLICK
413,1,0,D1,D1_CLICK
414,1,0,D1,D1_CLICK
415,1,0,D1,D1_CLICK
416,1,0,D1,D1_CLICK
417,1,0,D1,D1_CLICK
418,1,0,D1,D1_CLICK
419,1,0,D1,D1_CLICK
420,1,0,D1,D1_CLICK
421,1,0,D1,D1_CLICK
422,1,0,D1,D1_CLICK
423,1,0,D1,D1_CLICK
424,0,0,NONE,NO_CLICK
425,0,0,NONE,NO_CLICK
426,0,0,NONE,NO_CLICK
427,0,0,NONE,NO_CLICK
428,0,0,NONE,NO_CLICK
429,0,0,NONE,NO_CLICK
430,0,0,NONE,NO_CLICK
431,0,0,NONE,NO_CLICK
432,0,0,NONE,NO_CLICK
433,0,0,NONE,NO_CLICK
434,0,0,NONE,NO_CLICK
435,0,0,NONE,NO_CLICK
436,0,0,NONE,NO_CLICK
437,0,0,NONE,NO_CLICK
438,0,0,NONE,NO_CLICK
439,0,0,NONE,NO_CLICK
440,0,0,NONE,NO_CLICK
441,0,0,NONE,NO_CLICK
442,0,0,NONE,NO_CLICK
443,0,0,NONE,NO_CLICK
444,0,0,NONE,NO_CLICK
445,0,0,NONE,NO_CLICK
446,0,0,NONE,NO_CLICK
447,0,0,NONE,NO_CLICK
448,0,0,NONE,NO_CLICK
449,0,0,NONE,NO_CLICK
450,0,0,NONE,NO_CLICK
451,0,0,NONE,NO_CLICK
452,0,0,NONE,NO_CLICK
453,0,0,NONE,NO_CLICK
454,0,0,NONE,NO_CLICK
455,0,0,NONE,NO_CLICK
456,0,0,NONE,NO_CLICK
457,0,0,NONE,NO_CLICK
458,0,0,NONE,NO_CLICK
459,0,0,NONE,NO_CLICK
460,0,0,NONE,NO_CLICK
461,0,0,NONE,NO_CLICK
462,0,0,NONE,NO_CLICK
463,0,0,NONE,NO_CLICK
464,0,0,NONE,NO_CLICK
465,0,0,NONE,NO_CLICK
466,0,0,NONE,NO_CLICK
467,0,0,NONE,NO_CLICK
468,0,0,NONE,NO_CLICK
469,0,0,NONE,NO_CLICK
470,0,0,NONE,NO_CLICK
471,0,0,NONE,NO_CLICK
472,0,0,NONE,NO_CLICK
473,0,0,NONE,NO_CLICK
474,0,0,NONE,NO_CLICK
475,0,0,NONE,NO_CLICK
476,0,0,NONE,NO_CLICK
477,0,0,NONE,NO_CLICK
478,0,0,NONE,NO_CLICK
479,0,0,NONE,NO_CLICK
480,0,0,NONE,NO_CLICK
481,0,0,NONE,NO_CLICK
482,0,0,NONE,NO_CLICK
483,0,0,NONE,NO_CLICK
484,0,0,NONE,NO_CLICK
485,0,0,NONE,NO_CLICK
486,0,0,NONE,NO_CLICK
487,0,0,NONE,NO_CLICK
488,0,0,NONE,NO_CLICK
489,0,0,NONE,NO_CLICK
490,0,0,NONE,NO_CLICK
491,0,0,NONE,NO_CLICK
492,0,0,NONE,NO_CLICK
493,0,0,NONE,NO_CLICK
494,0,0,NONE,NO_CLICK
495,0,0,NONE,NO_CLICK
496,0,0,NONE,NO_CLICK
497,0,0,NONE,NO_CLICK
498,0,0,NONE,NO_CLICK
499,0,0,NONE,NO_CLICK
500,0,0,NONE,NO_CLICK
501,0,0,NONE,NO_CLICK
502,0,0,NONE,NO_CLICK
503,0,0,NONE,NO_CLICK
504,0,0,NONE,NO_CLICK
505,0,0,NONE,NO_CLICK
506,0,0,NONE,NO_CLICK
507,0,0,NONE,NO_CLICK
508,0,0,NONE,NO_CLICK
509,0,0,NONE,NO_CLICK
510,0,0,NONE,NO_CLICK
511,0,0,NONE,NO_CLICK
512,0,0,NONE,NO_CLICK
513,0,0,NONE,NO_CLICK
514,0,0,NONE,NO_CLICK
515,0,0,NONE,NO_CLICK
516,0,0,NONE,NO_CLICK
517,0,0,NONE,NO_CLICK
518,0,0,NONE,NO_CLICK
519,0,0,NONE,NO_CLICK
520,0,0,NONE,NO_CLICK
521,0,0,NONE,NO_CLICK
522,0,0,NONE,NO_CLICK
523,0,0,NONE,NO_CLICK
524,0,0,NONE,NO_CLICK
525,0,0,NONE,NO_CLICK
526,0,0,NONE,NO_CLICK
527,0,0,NONE,NO_CLICK
528,0,0,NONE,NO_CLICK
529,0,0,NONE,NO_CLICK
530,0,0,NONE,NO_CLICK
531,0,0,NONE,NO_CLICK
532,0,0,NONE,NO_CLICK
533,0,0,NONE,NO_CLICK
534,0,0,NONE,NO_CLICK
535,0,0,NONE,NO_CLICK
536,0,0,NONE,NO_CLICK
537,0,0,NONE,NO_CLICK
538,0,0,NONE,NO_CLICK
539,0,0,NONE,NO_CLICK
540,0,0,NONE,NO_CLICK
541,0,0,NONE,NO_CLICK
542,0,0,NONE,NO_CLICK
543,0,0,NONE,NO_CLICK
544,0,0,NONE,NO_CLICK
545,0,0,NONE,NO_CLICK
546,0,0,NONE,NO_CLICK
547,0,0,NONE,NO_CLICK
548,0,0,NONE,NO_CLICK
549,0,0,NONE,NO_CLICK
550,0,0,NONE,NO_CLICK
551,0,0,NONE,NO_CLICK
552,0,0,NONE,NO_CLICK
553,0,0,NONE,NO_CLICK
554,0,0,NONE,NO_CLICK
555,0,0,NONE,NO_CLICK
556,0,0,NONE,NO_CLICK
557,0,0,NONE,NO_CLICK
558,0,0,NONE,NO_CLICK
559,0,0,NONE,NO_CLICK
560,0,0,NONE,NO_CLICK
561,0,0,NONE,NO_CLICK
562,0,0,NONE,NO_CLICK
563,0,0,NONE,NO_CLICK
564,0,0,NONE,NO_CLICK
565,0,0,NONE,NO_CLICK
566,0,0,NONE,NO_CLICK
567,0,0,NONE,NO_CLICK
568,0,0,NONE,NO_CLICK
569,0,0,NONE,NO_CLICK
570,0,0,NONE,NO_CLICK
571,0,0,NONE,NO_CLICK
572,0,0,NONE,NO_CLICK
573,0,0,NONE,NO_CLICK
574,0,0,NONE,NO_CLICK
575,0,0,NONE,NO_CLICK
576,0,0,NONE,NO_CLICK
577,0,0,NONE,NO_CLICK
578,0,0,NONE,NO_CLICK
579,0,0,NONE,NO_CLICK
580,0,0,NONE,NO_CLICK
581,0,0,NONE,NO_CLICK
582,0,0,NONE,NO_CLICK
583,0,0,NONE,NO_CLICK
584,0,0,NONE,NO_CLICK
585,0,0,NONE,NO_CLICK
586,0,0,NONE,NO_CLICK
587,0,0,NONE,NO_CLICK
588,0,0,NONE,NO_CLICK
589,0,0,NONE,NO_CLICK
590,0,0,NONE,NO_CLICK
591,0,0,NONE,NO_CLICK
592,0,0,NONE,NO_CLICK
593,0,0,NONE,NO_CLICK
594,0,0,NONE,NO_CLICK
595,0,0,NONE,NO_CLICK
596,0,0,NONE,NO_CLICK
597,0,0,NONE,NO_CLICK
598,0,0,NONE,NO_CLICK
599,0,0,NONE,NO_CLICK
600,0,0,NONE,NO_CLICK
601,0,0,NONE,NO_CLICK
602,0,0,NONE,NO_CLICK
603,0,0,NONE,NO_CLICK
604,0,0,NONE,NO_CLICK
605,0,0,NONE,NO_CLICK
606,0,0,NONE,NO_CLICK
607,0,0,NONE,NO_CLICK
608,0,0,NONE,NO_CLICK
609,0,0,NONE,NO_CLICK
610,0,0,NONE,NO_CLICK
611,0,0,NONE,NO_CLICK
612,0,0,NONE,NO_CLICK
613,0,0,NONE,NO_CLICK
614,0,0,NONE,NO_CLICK
615,0,0,NONE,NO_CLICK
616,0,0,NONE,NO_CLICK
617,0,0,NONE,NO_CLICK
618,0,0,NONE,NO_CLICK
619,0,0,NONE,NO_CLICK
620,0,0,NONE,NO_CLICK
621,0,0,NONE,NO_CLICK
622,0,0,NONE,NO_CLICK
623,0,0,NONE,NO_CLICK
624,0,0,NONE,NO_CLICK
625,0,0,NONE,NO_CLICK
626,0,0,NONE,NO_CLICK
627,0,0,NONE,NO_CLICK
628,0,0,NONE,NO_CLICK
629,0,0,NONE,NO_CLICK
630,0,0,NONE,NO_CLICK
631,0,0,NONE,NO_CLICK
632,0,0,NONE,NO_CLICK
633,0,0,NONE,NO_CLICK
634,0,0,NONE,NO_CLICK
635,0,0,NONE,NO_CLICK
636,0,0,NONE,NO_CLICK
637,0,0,NONE,NO_CLICK
638,0,0,NONE,NO_CLICK
639,0,0,NONE,NO_CLICK
640,0,0,NONE,NO_CLICK
641,0,0,NONE,NO_CLICK
642,0,0,NONE,NO_CLICK
643,0,0,NONE,NO_CLICK
644,0,0,NONE,NO_CLICK
645,0,0,NONE,NO_CLICK
646,0,0,NONE,NO_CLICK
647,0,0,NONE,NO_CLICK
648,0,0,NONE,NO_CLICK
649,0,0,NONE,NO_CLICK
650,0,0,NONE,NO_CLICK
651,0,0,NONE,NO_CLICK
652,0,0,NONE,NO_CLICK
653,0,0,NONE,NO_CLICK
654,0,0,NONE,NO_CLICK
655,0,0,NONE,NO_CLICK
656,0,0,NONE,NO_CLICK
657,0,0,NONE,NO_CLICK
658,0,0,NONE,NO_CLICK
659,0,0,NONE,NO_CLICK
660,0,0,NONE,NO_CLICK
661,0,0,NONE,NO_CLICK
662,0,0,NONE,NO_CLICK
663,0,0,NONE,NO_CLICK
664,0,0,NONE,NO_CLICK
665,0,0,NONE,NO_CLICK
666,0,0,NONE,NO_CLICK
667,0,0,NONE,NO_CLICK
668,0,0,NONE,NO_CLICK
669,0,0,NONE,NO_CLICK
670,0,0,NONE,NO_CLICK
671,0,0,NONE,NO_CLICK
672,0,0,NONE,NO_CLICK
673,0,0,NONE,NO_CLICK
674,0,0,NONE,NO_CLICK
675,0,0,NONE,NO_CLICK
676,0,0,NONE,NO_CLICK
677,0,0,NONE,NO_CLICK
678,0,0,NONE,NO_CLICK
679,0,0,NONE,NO_CLICK
680,0,0,NONE,NO_CLICK
681,0,0,NONE,NO_CLICK
682,0,0,NONE,NO_CLICK
683,0,0,NONE,NO_CLICK
684,0,0,NONE,NO_CLICK
685,0,0,NONE,NO_CLICK
686,0,0,NONE,NO_CLICK
687,0,0,NONE,NO_CLICK
688,0,0,NONE,NO_CLICK
689,0,0,NONE,NO_CLICK
690,0,0,NONE,NO_CLICK
691,0,0,NONE,NO_CLICK
692,0,0,NONE,NO_CLICK
693,0,0,NONE,NO_CLICK
694,0,0,NONE,NO_CLICK
695,0,0,NONE,NO_CLICK
696,0,0,NONE,NO_CLICK
697,0,0,NONE,NO_CLICK
698,0,0,NONE,NO_CLICK
699,0,0,NONE,NO_CLICK
700,0,0,NONE,NO_CLICK
701,0,0,NONE,NO_CLICK
702,0,0,NONE,NO_CLICK
703,0,0,NONE,NO_CLICK
704,0,0,NONE,NO_CLICK
705,0,0,NONE,NO_CLICK
706,1,0,D1,D1_CLICK
707,1,0,D1,D1_CLICK
708,1,0,D1,D1_CLICK
709,1,0,D1,D1_CLICK
710,1,0,D1,D1_CLICK
711,1,0,D1,D1_CLICK
712,1,0,D1,D1_CLICK
713,1,0,D1,D1_CLICK
714,1,0,D1,D1_CLICK
715,1,0,D1,D1_CLICK
716,1,0,D1,D1_CLICK
717,1,0,D1,D1_CLICK
718,1,0,D1,D1_CLICK
719,1,0,D1,D1_CLICK
720,1,0,D1,D1_CLICK
721,1,0,D1,D1_CLICK
722,1,0,D1,D1_CLICK
723,1,0,D1,D1_CLICK
724,1,0,D1,D1_CLICK
725,1,0,D1,D1_CLICK
726,1,0,D1,D1_CLICK
727,1,0,D1,D1_CLICK
728,1,0,D1,D1_CLICK
729,1,0,D1,D1_CLICK
730,1,0,D1,D1_CLICK
731,1,0,D1,D1_CLICK
732,1,0,D1,D1_CLICK
733,1,0,D1,D1_CLICK
734,1,0,D1,D1_CLICK
735,1,0,D1,D1_CLICK
736,1,0,D1,D1_CLICK
737,1,0,D1,D1_CLICK
738,1,0,D1,D1_CLICK
739,1,0,D1,D1_CLICK
740,1,0,D1,D1_CLICK
741,1,0,D1,D1_CLICK
742,1,0,D1,D1_CLICK
743,1,0,D1,D1_CLICK
744,0,0,NONE,NO_CLICK
745,0,0,NONE,NO_CLICK
746,0,0,NONE,NO_CLICK
747,0,0,NONE,NO_CLICK
748,0,0,NONE,NO_CLICK
749,0,0,NONE,NO_CLICK
750,0,0,NONE,NO_CLICK
751,0,0,NONE,NO_CLICK
752,0,0,NONE,NO_CLICK
753,0,0,NONE,NO_CLICK
754,0,0,NONE,NO_CLICK
755,0,0,NONE,NO_CLICK
756,0,0,NONE,NO_CLICK
757,0,0,NONE,NO_CLICK
758,0,0,NONE,NO_CLICK
759,0,0,NONE,NO_CLICK
760,0,0,NONE,NO_CLICK
761,0,0,NONE,NO_CLICK
762,0,0,NONE,NO_CLICK
763,0,0,NONE,NO_CLICK
764,0,0,NONE,NO_CLICK
765,0,0,NONE,NO_CLICK
766,0,0,NONE,NO_CLICK
767,0,0,NONE,NO_CLICK
768,0,0,NONE,NO_CLICK
769,0,0,NONE,NO_CLICK
770,0,0,NONE,NO_CLICK
771,0,0,NONE,NO_CLICK
772,0,0,NONE,NO_CLICK
773,0,0,NONE,NO_CLICK
774,0,0,NONE,NO_CLICK
775,0,0,NONE,NO_CLICK
776,0,0,NONE,NO_CLICK
777,0,0,NONE,NO_CLICK
778,0,0,NONE,NO_CLICK
779,0,0,NONE,NO_CLICK
780,0,0,NONE,NO_CLICK
781,0,0,NONE,NO_CLICK
782,0,0,NONE,NO_CLICK
783,0,0,NONE,NO_CLICK
784,0,0,NONE,NO_CLICK
785,0,0,NONE,NO_CLICK
786,0,0,NONE,NO_CLICK
787,0,0,NONE,NO_CLICK
788,0,0,NONE,NO_CLICK
789,0,0,NONE,NO_CLICK
790,0,0,NONE,NO_CLICK
791,0,0,NONE,NO_CLICK
792,0,0,NONE,NO_CLICK
793,0,0,NONE,NO_CLICK
794,0,0,NONE,NO_CLICK
795,0,0,NONE,NO_CLICK
796,0,0,NONE,NO_CLICK
797,0,0,NONE,NO_CLICK
798,0,0,NONE,NO_CLICK
799,0,0,NONE,NO_CLICK
800,0,0,NONE,NO_CLICK
801,0,0,NONE,NO_CLICK
802,0,0,NONE,NO_CLICK
803,0,0,NONE,NO_CLICK
804,0,0,NONE,NO_CLICK
805,0,0,NONE,NO_CLICK
806,0,0,NONE,NO_CLICK
807,0,0,NONE,NO_CLICK
808,0,0,NONE,NO_CLICK
809,0,0,NONE,NO_CLICK
810,0,0,NONE,NO_CLICK
811,0,0,NONE,NO_CLICK
812,0,0,NONE,NO_CLICK
813,0,0,NONE,NO_CLICK
814,0,0,NONE,NO_CLICK
815,0,0,NONE,NO_CLICK
816,0,0,NONE,NO_CLICK
817,0,0,NONE,NO_CLICK
818,0,0,NONE,NO_CLICK
819,0,0,NONE,NO_CLICK
820,0,0,NONE,NO_CLICK
821,0,0,NONE,NO_CLICK
822,0,0,NONE,NO_CLICK
823,0,0,NONE,NO_CLICK
824,0,0,NONE,NO_CLICK
825,0,0,NONE,NO_CLICK
826,0,0,NONE,NO_CLICK
827,0,0,NONE,NO_CLICK
828,0,0,NONE,NO_CLICK
829,0,0,NONE,NO_CLICK
830,0,0,NONE,NO_CLICK
831,0,0,NONE,NO_CLICK
832,0,0,NONE,NO_CLICK
833,0,0,NONE,NO_CLICK
834,0,0,NONE,NO_CLICK
835,0,0,NONE,NO_CLICK
836,0,0,NONE,NO_CLICK
837,0,0,NONE,NO_CLICK
838,0,0,NONE,NO_CLICK
839,0,0,NONE,NO_CLICK
840,0,0,NONE,NO_CLICK
841,0,0,NONE,NO_CLICK
842,0,0,NONE,NO_CLICK
843,0,0,NONE,NO_CLICK
844,0,0,NONE,NO_CLICK
845,0,0,NONE,NO_CLICK
846,0,0,NONE,NO_CLICK
847,0,0,NONE,NO_CLICK
848,0,0,NONE,NO_CLICK
849,0,0,NONE,NO_CLICK
850,0,0,NONE,NO_CLICK
851,0,0,NONE,NO_CLICK
852,0,0,NONE,NO_CLICK
853,0,0,NONE,NO_CLICK
854,0,0,NONE,NO_CLICK
855,0,0,NONE,NO_CLICK
856,0,0,NONE,NO_CLICK
857,0,0,NONE,NO_CLICK
858,0,0,NONE,NO_CLICK
859,0,0,NONE,NO_CLICK
860,0,0,NONE,NO_CLICK
861,0,0,NONE,NO_CLICK
862,0,0,NONE,NO_CLICK
863,0,0,NONE,NO_CLICK
864,0,0,NONE,NO_CLICK
865,0,0,NONE,NO_CLICK
866,0,1,D2,D2_CLICK
867,0,1,D2,D2_CLICK
868,0,1,D2,D2_CLICK
869,0,1,D2,D2_CLICK
870,0,1,D2,D2_CLICK
871,0,1,D2,D2_CLICK
872,0,1,D2,D2_CLICK
873,0,1,D2,D2_CLICK
874,0,1,D2,D2_CLICK
875,0,1,D2,D2_CLICK
876,0,1,D2,D2_CLICK
877,0,1,D2,D2_CLICK
878,0,1,D2,D2_CLICK
879,0,1,D2,D2_CLICK
880,0,1,D2,D2_CLICK
881,0,1,D2,D2_CLICK
882,0,1,D2,D2_CLICK
883,0,1,D2,D2_CLICK
884,0,1,D2,D2_CLICK
885,0,1,D2,D2_CLICK
886,0,1,D2,D2_CLICK
887,0,1,D2,D2_CLICK
888,0,1,D2,D2_CLICK
889,0,1,D2,D2_CLICK
890,0,1,D2,D2_CLICK
891,0,1,D2,D2_CLICK
892,0,1,D2,D2_CLICK
893,0,1,D2,D2_CLICK
894,0,1,D2,D2_CLICK
895,0,1,D2,D2_CLICK
896,0,1,D2,D2_CLICK
897,0,1,D2,D2_CLICK
898,0,1,D2,D2_CLICK
899,0,1,D2,D2_CLICK
900,0,1,D2,D2_CLICK
901,0,1,D2,D2_CLICK
902,0,1,D2,D2_CLICK
903,0,1,D2,D2_CLICK
904,0,0,NONE,NO_CLICK
905,0,0,NONE,NO_CLICK
906,0,0,NONE,NO_CLICK
907,0,0,NONE,NO_CLICK
908,0,0,NONE,NO_CLICK
909,0,0,NONE,NO_CLICK
910,0,0,NONE,NO_CLICK
911,0,0,NONE,NO_CLICK
912,0,0,NONE,NO_CLICK
913,0,0,NONE,NO_CLICK
914,0,0,NONE,NO_CLICK
915,0,0,NONE,NO_CLICK
916,0,0,NONE,NO_CLICK
917,0,0,NONE,NO_CLICK
918,0,0,NONE,NO_CLICK
919,0,0,NONE,NO_CLICK
920,0,0,NONE,NO_CLICK
921,0,0,NONE,NO_CLICK
922,0,0,NONE,NO_CLICK
923,0,0,NONE,NO_CLICK
924,0,0,NONE,NO_CLICK
925,0,0,NONE,NO_CLICK
926,0,0,NONE,NO_CLICK
927,0,0,NONE,NO_CLICK
928,0,0,NONE,NO_CLICK
929,0,0,NONE,NO_CLICK
930,0,0,NONE,NO_CLICK
931,0,0,NONE,NO_CLICK
932,0,0,NONE,NO_CLICK
933,0,0,NONE,NO_CLICK
934,0,0,NONE,NO_CLICK
935,0,0,NONE,NO_CLICK
936,0,0,NONE,NO_CLICK
937,0,0,NONE,NO_CLICK
938,0,0,NONE,NO_CLICK
939,0,0,NONE,NO_CLICK
940,0,0,NONE,NO_CLICK
941,0,0,NONE,NO_CLICK
942,0,0,NONE,NO_CLICK
943,0,0,NONE,NO_CLICK
944,0,0,NONE,NO_CLICK
945,0,0,NONE,NO_CLICK
946,0,0,NONE,NO_CLICK
947,0,0,NONE,NO_CLICK
948,0,0,NONE,NO_CLICK
949,0,0,NONE,NO_CLICK
950,0,0,NONE,NO_CLICK
951,0,0,NONE,NO_CLICK
952,0,0,NONE,NO_CLICK
953,0,0,NONE,NO_CLICK
954,0,0,NONE,NO_CLICK
955,0,0,NONE,NO_CLICK
956,0,0,NONE,NO_CLICK
957,0,0,NONE,NO_CLICK
958,0,0,NONE,NO_CLICK
959,0,0,NONE,NO_CLICK
960,0,0,NONE,NO_CLICK
961,0,0,NONE,NO_CLICK
962,0,1,D2,D2_CLICK
963,0,1,D2,D2_CLICK
964,0,1,D2,D2_CLICK
965,0,1,D2,D2_CLICK
966,0,1,D2,D2_CLICK
967,0,1,D2,D2_CLICK
968,0,1,D2,D2_CLICK
969,0,1,D2,D2_CLICK
970,0,1,D2,D2_CLICK
971,0,1,D2,D2_CLICK
972,0,1,D2,D2_CLICK
973,0,1,D2,D2_CLICK
974,0,1,D2,D2_CLICK
975,0,1,D2,D2_CLICK
976,0,1,D2,D2_CLICK
977,0,1,D2,D2_CLICK
978,0,1,D2,D2_CLICK
979,0,1,D2,D2_CLICK
980,0,1,D2,D2_CLICK
981,0,1,D2,D2_CLICK
982,0,1,D2,D2_CLICK
983,0,1,D2,D2_CLICK
984,0,1,D2,D2_CLICK
985,0,1,D2,D2_CLICK
986,0,1,D2,D2_CLICK
987,0,1,D2,D2_CLICK
988,0,1,D2,D2_CLICK
989,0,1,D2,D2_CLICK
990,0,1,D2,D2_CLICK
991,0,1,D2,D2_CLICK
992,0,1,D2,D2_CLICK
993,0,1,D2,D2_CLICK
994,0,1,D2,D2_CLICK
995,0,1,D2,D2_CLICK
996,0,1,D2,D2_CLICK
997,0,1,D2,D2_CLICK
998,0,1,D2,D2_CLICK
999,0,1,D2,D2_CLICK
1000,0,0,NONE,NO_CLICK
1001,0,0,NONE,NO_CLICK
1002,0,0,NONE,NO_CLICK
1003,0,0,NONE,NO_CLICK
1004,0,0,NONE,NO_CLICK
1005,0,0,NONE,NO_CLICK
1006,0,0,NONE,NO_CLICK
1007,0,0,NONE,NO_CLICK
1008,0,0,NONE,NO_CLICK
1009,0,0,NONE,NO_CLICK
1010,0,0,NONE,NO_CLICK
1011,0,0,NONE,NO_CLICK
1012,0,0,NONE,NO_CLICK
1013,0,0,NONE,NO_CLICK
1014,0,0,NONE,NO_CLICK
1015,0,0,NONE,NO_CLICK
1016,0,0,NONE,NO_CLICK
1017,0,0,NONE,NO_CLICK
1018,0,0,NONE,NO_CLICK
1019,0,0,NONE,NO_CLICK
1020,0,0,NONE,NO_CLICK
1021,0,0,NONE,NO_CLICK
1022,0,0,NONE,NO_CLICK
1023,0,0,NONE,NO_CLICK
1024,0,0,NONE,NO_CLICK
1025,0,0,NONE,NO_CLICK
1026,1,0,D1,D1_CLICK
1027,1,0,D1,D1_CLICK
1028,1,0,D1,D1_CLICK
1029,1,0,D1,D1_CLICK
1030,1,0,D1,D1_CLICK
1031,1,0,D1,D1_CLICK
1032,1,0,D1,D1_CLICK
1033,1,0,D1,D1_CLICK
1034,1,0,D1,D1_CLICK
1035,1,0,D1,D1_CLICK
1036,1,0,D1,D1_CLICK
1037,1,0,D1,D1_CLICK
1038,1,0,D1,D1_CLICK
1039,1,0,D1,D1_CLICK
1040,1,0,D1,D1_CLICK
1041,1,0,D1,D1_CLICK
1042,1,0,D1,D1_CLICK
1043,1,0,D1,D1_CLICK
1044,1,0,D1,D1_CLICK
1045,1,0,D1,D1_CLICK
1046,1,0,D1,D1_CLICK
1047,1,0,D1,D1_CLICK
1048,1,0,D1,D1_CLICK
1049,1,0,D1,D1_CLICK
1050,1,0,D1,D1_CLICK
1051,1,0,D1,D1_CLICK
1052,1,0,D1,D1_CLICK
1053,1,0,D1,D1_CLICK
1054,1,0,D1,D1_CLICK
1055,1,0,D1,D1_CLICK
1056,1,0,D1,D1_CLICK
1057,1,0,D1,D1_CLICK
1058,1,0,D1,D1_CLICK
1059,1,0,D1,D1_CLICK
1060,1,0,D1,D1_CLICK
1061,1,0,D1,D1_CLICK
1062,1,0,D1,D1_CLICK
1063,1,0,D1,D1_CLICK
1064,0,0,NONE,NO_CLICK
1065,0,0,NONE,NO_CLICK
1066,0,0,NONE,NO_CLICK
1067,0,0,NONE,NO_CLICK
1068,0,0,NONE,NO_CLICK
1069,0,0,NONE,NO_CLICK
1070,0,0,NONE,NO_CLICK
1071,0,0,NONE,NO_CLICK
1072,0,0,NONE,NO_CLICK
1073,0,0,NONE,NO_CLICK
1074,0,0,NONE,NO_CLICK
1075,0,0,NONE,NO_CLICK
1076,0,0,NONE,NO_CLICK
1077,0,0,NONE,NO_CLICK
1078,0,0,NONE,NO_CLICK
1079,0,0,NONE,NO_CLICK
1080,0,0,NONE,NO_CLICK
1081,0,0,NONE,NO_CLICK
1082,0,0,NONE,NO_CLICK
1083,0,0,NONE,NO_CLICK
1084,0,0,NONE,NO_CLICK
1085,0,0,NONE,NO_CLICK
1086,0,0,NONE,NO_CLICK
1087,0,0,NONE,NO_CLICK
1088,0,0,NONE,NO_CLICK
1089,0,0,NONE,NO_CLICK
1090,0,0,NONE,NO_CLICK
1091,0,0,NONE,NO_CLICK
1092,0,0,NONE,NO_CLICK
1093,0,0,NONE,NO_CLICK
1094,0,0,NONE,NO_CLICK
1095,0,0,NONE,NO_CLICK
1096,0,0,NONE,NO_CLICK
1097,0,0,NONE,NO_CLICK
1098,0,0,NONE,NO_CLICK
1099,0,0,NONE,NO_CLICK
1100,0,0,NONE,NO_CLICK
1101,0,0,NONE,NO_CLICK
1102,0,0,NONE,NO_CLICK
1103,0,0,NONE,NO_CLICK
1104,0,0,NONE,NO_CLICK
1105,0,0,NONE,NO_CLICK
1106,0,0,NONE,NO_CLICK
1107,0,0,NONE,NO_CLICK
1108,0,0,NONE,NO_CLICK
1109,0,0,NONE,NO_CLICK
1110,0,0,NONE,NO_CLICK
1111,0,0,NONE,NO_CLICK
1112,0,0,NONE,NO_CLICK
1113,0,0,NONE,NO_CLICK
1114,0,0,NONE,NO_CLICK
1115,0,0,NONE,NO_CLICK
1116,0,0,NONE,NO_CLICK
1117,0,0,NONE,NO_CLICK
1118,0,0,NONE,NO_CLICK
1119,0,0,NONE,NO_CLICK
1120,0,0,NONE,NO_CLICK
1121,0,0,NONE,NO_CLICK
1122,0,0,NONE,NO_CLICK
1123,0,0,NONE,NO_CLICK
1124,0,0,NONE,NO_CLICK
1125,0,0,NONE,NO_CLICK
1126,0,0,NONE,NO_CLICK
1127,0,0,NONE,NO_CLICK
1128,0,0,NONE,NO_CLICK
1129,0,0,NONE,NO_CLICK
1130,0,0,NONE,NO_CLICK
1131,0,0,NONE,NO_CLICK
1132,0,0,NONE,NO_CLICK
1133,0,0,NONE,NO_CLICK
1134,0,0,NONE,NO_CLICK
1135,0,0,NONE,NO_CLICK
1136,0,0,NONE,NO_CLICK
1137,0,0,NONE,NO_CLICK
1138,0,0,NONE,NO_CLICK
1139,0,0,NONE,NO_CLICK
1140,0,0,NONE,NO_CLICK
1141,0,0,NONE,NO_CLICK
1142,0,0,NONE,NO_CLICK
1143,0,0,NONE,NO_CLICK
1144,0,0,NONE,NO_CLICK
1145,0,0,NONE,NO_CLICK
1146,0,0,NONE,NO_CLICK
1147,0,0,NONE,NO_CLICK
1148,0,0,NONE,NO_CLICK
1149,0,0,NONE,NO_CLICK
1150,0,0,NONE,NO_CLICK
1151,0,0,NONE,NO_CLICK
1152,0,0,NONE,NO_CLICK
1153,0,0,NONE,NO_CLICK
1154,0,0,NONE,NO_CLICK
1155,0,0,NONE,NO_CLICK
1156,0,0,NONE,NO_CLICK
1157,0,0,NONE,NO_CLICK
1158,0,0,NONE,NO_CLICK
1159,0,0,NONE,NO_CLICK
1160,0,0,NONE,NO_CLICK
1161,0,0,NONE,NO_CLICK
1162,0,0,NONE,NO_CLICK
1163,0,0,NONE,NO_CLICK
1164,0,0,NONE,NO_CLICK
1165,0,0,NONE,NO_CLICK
1166,0,0,NONE,NO_CLICK
1167,0,0,NONE,NO_CLICK
1168,0,0,NONE,NO_CLICK
1169,0,0,NONE,NO_CLICK
1170,0,0,NONE,NO_CLICK
1171,0,0,NONE,NO_CLICK
1172,0,0,NONE,NO_CLICK
1173,0,0,NONE,NO_CLICK
1174,0,0,NONE,NO_CLICK
1175,0,0,NONE,NO_CLICK
1176,0,0,NONE,NO_CLICK
1177,0,0,NONE,NO_CLICK
1178,0,0,NONE,NO_CLICK
1179,0,0,NONE,NO_CLICK
1180,0,0,NONE,NO_CLICK
1181,0,0,NONE,NO_CLICK
1182,0,0,NONE,NO_CLICK
1183,0,0,NONE,NO_CLICK
1184,0,0,NONE,NO_CLICK
1185,0,0,NONE,NO_CLICK
1186,0,0,NONE,NO_CLICK
1187,0,0,NONE,NO_CLICK
1188,0,0,NONE,NO_CLICK
1189,0,0,NONE,NO_CLICK
1190,0,0,NONE,NO_CLICK
1191,0,0,NONE,NO_CLICK
1192,0,0,NONE,NO_CLICK
1193,0,0,NONE,NO_CLICK
1194,0,0,NONE,NO_CLICK
1195,0,0,NONE,NO_CLICK
1196,0,0,NONE,NO_CLICK
1197,0,0,NONE,NO_CLICK
1198,0,0,NONE,NO_CLICK
1199,0,0,NONE,NO_CLICK
1200,0,0,NONE,NO_CLICK
1201,0,0,NONE,NO_CLICK
1202,0,0,NONE,NO_CLICK
1203,0,0,NONE,NO_CLICK
1204,0,0,NONE,NO_CLICK
1205,0,0,NONE,NO_CLICK
1206,0,0,NONE,NO_CLICK
1207,0,0,NONE,NO_CLICK
1208,0,0,NONE,NO_CLICK
1209,0,0,NONE,NO_CLICK
1210,0,0,NONE,NO_CLICK
1211,0,0,NONE,NO_CLICK
1212,0,0,NONE,NO_CLICK
1213,0,0,NONE,NO_CLICK
1214,0,0,NONE,NO_CLICK
1215,0,0,NONE,NO_CLICK
1216,0,0,NONE,NO_CLICK
1217,0,0,NONE,NO_CLICK
1218,0,0,NONE,NO_CLICK
1219,0,0,NONE,NO_CLICK
1220,0,0,NONE,NO_CLICK
1221,0,0,NONE,NO_CLICK
1222,0,0,NONE,NO_CLICK
1223,0,0,NONE,NO_CLICK
1224,0,0,NONE,NO_CLICK
1225,0,0,NONE,NO_CLICK
1226,0,0,NONE,NO_CLICK
1227,0,0,NONE,NO_CLICK
1228,0,0,NONE,NO_CLICK
1229,0,0,NONE,NO_CLICK
1230,0,0,NONE,NO_CLICK
1231,0,0,NONE,NO_CLICK
1232,0,0,NONE,NO_CLICK
1233,0,0,NONE,NO_CLICK
1234,0,0,NONE,NO_CLICK
1235,0,0,NONE,NO_CLICK
1236,0,0,NONE,NO_CLICK
1237,0,0,NONE,NO_CLICK
1238,0,0,NONE,NO_CLICK
1239,0,0,NONE,NO_CLICK
1240,0,0,NONE,NO_CLICK
1241,0,0,NONE,NO_CLICK
1242,0,0,NONE,NO_CLICK
1243,0,0,NONE,NO_CLICK
1244,0,0,NONE,NO_CLICK
1245,0,0,NONE,NO_CLICK
1246,0,0,NONE,NO_CLICK
1247,0,0,NONE,NO_CLICK
1248,0,0,NONE,NO_CLICK
1249,0,0,NONE,NO_CLICK
1250,0,0,NONE,NO_CLICK
1251,0,0,NONE,NO_CLICK
1252,0,0,NONE,NO_CLICK
1253,0,0,NONE,NO_CLICK
1254,0,0,NONE,NO_CLICK
1255,0,0,NONE,NO_CLICK
1256,0,0,NONE,NO_CLICK
1257,0,0,NONE,NO_CLICK
1258,0,0,NONE,NO_CLICK
1259,0,0,NONE,NO_CLICK
1260,0,0,NONE,NO_CLICK
1261,0,0,NONE,NO_CLICK
1262,0,0,NONE,NO_CLICK
1263,0,0,NONE,NO_CLICK
1264,0,0,NONE,NO_CLICK
1265,0,0,NONE,NO_CLICK
1266,0,0,NONE,NO_CLICK
1267,0,0,NONE,NO_CLICK
1268,0,0,NONE,NO_CLICK
1269,0,0,NONE,NO_CLICK
1270,0,0,NONE,NO_CLICK
1271,0,0,NONE,NO_CLICK
1272,0,0,NONE,NO_CLICK
1273,0,0,NONE,NO_CLICK
1274,0,0,NONE,NO_CLICK
1275,0,0,NONE,NO_CLICK
1276,0,0,NONE,NO_CLICK
1277,0,0,NONE,NO_CLICK
1278,0,0,NONE,NO_CLICK
1279,0,0,NONE,NO_CLICK
1280,0,0,NONE,NO_CLICK
1281,0,0,NONE,NO_CLICK
1282,0,0,NONE,NO_CLICK
1283,0,0,NONE,NO_CLICK
1284,0,0,NONE,NO_CLICK
1285,0,0,NONE,NO_CLICK
1286,0,0,NONE,NO_CLICK
1287,0,0,NONE,NO_CLICK
1288,0,0,NONE,NO_CLICK
1289,0,0,NONE,NO_CLICK
1290,0,0,NONE,NO_CLICK
1291,0,0,NONE,NO_CLICK
1292,0,0,NONE,NO_CLICK
1293,0,0,NONE,NO_CLICK
1294,0,0,NONE,NO_CLICK
1295,0,0,NONE,NO_CLICK
1296,0,0,NONE,NO_CLICK
1297,0,0,NONE,NO_CLICK
1298,0,0,NONE,NO_CLICK
1299,0,0,NONE,NO_CLICK
1300,0,0,NONE,NO_CLICK
1301,0,0,NONE,NO_CLICK
1302,0,0,NONE,NO_CLICK
1303,0,0,NONE,NO_CLICK
1304,0,0,NONE,NO_CLICK
1305,0,0,NONE,NO_CLICK
1306,0,0,NONE,NO_CLICK
1307,0,0,NONE,NO_CLICK
1308,0,0,NONE,NO_CLICK
1309,0,0,NONE,NO_CLICK
1310,0,0,NONE,NO_CLICK
1311,0,0,NONE,NO_CLICK
1312,0,0,NONE,NO_CLICK
1313,0,0,NONE,NO_CLICK
1314,0,1,D2,D2_CLICK
1315,0,1,D2,D2_CLICK
1316,0,1,D2,D2_CLICK
1317,0,1,D2,D2_CLICK
1318,0,1,D2,D2_CLICK
1319,0,1,D2,D2_CLICK
1320,0,1,D2,D2_CLICK
1321,0,1,D2,D2_CLICK
1322,0,1,D2,D2_CLICK
1323,0,1,D2,D2_CLICK
1324,0,1,D2,D2_CLICK
1325,0,1,D2,D2_CLICK
1326,0,1,D2,D2_CLICK
1327,0,1,D2,D2_CLICK
1328,0,1,D2,D2_CLICK
1329,0,1,D2,D2_CLICK
1330,0,1,D2,D2_CLICK
1331,0,1,D2,D2_CLICK
1332,0,1,D2,D2_CLICK
1333,0,1,D2,D2_CLICK
1334,0,1,D2,D2_CLICK
1335,0,1,D2,D2_CLICK
1336,0,1,D2,D2_CLICK
1337,0,1,D2,D2_CLICK
1338,0,1,D2,D2_CLICK
1339,0,1,D2,D2_CLICK
1340,0,1,D2,D2_CLICK
1341,0,1,D2,D2_CLICK
1342,0,1,D2,D2_CLICK
1343,0,1,D2,D2_CLICK
1344,0,1,D2,D2_CLICK
1345,0,1,D2,D2_CLICK
1346,0,1,D2,D2_CLICK
1347,0,1,D2,D2_CLICK
1348,0,1,D2,D2_CLICK
1349,0,1,D2,D2_CLICK
1350,0,1,D2,D2_CLICK
1351,0,1,D2,D2_CLICK
1352,0,0,NONE,NO_CLICK
1353,0,0,NONE,NO_CLICK
1354,0,0,NONE,NO_CLICK
1355,0,0,NONE,NO_CLICK
1356,0,0,NONE,NO_CLICK
1357,0,0,NONE,NO_CLICK
1358,0,0,NONE,NO_CLICK
1359,0,0,NONE,NO_CLICK
1360,0,0,NONE,NO_CLICK
1361,0,0,NONE,NO_CLICK
1362,0,0,NONE,NO_CLICK
1363,0,0,NONE,NO_CLICK
1364,0,0,NONE,NO_CLICK
1365,0,0,NONE,NO_CLICK
1366,0,0,NONE,NO_CLICK
1367,0,0,NONE,NO_CLICK
1368,0,0,NONE,NO_CLICK
1369,0,0,NONE,NO_CLICK
1370,0,0,NONE,NO_CLICK
1371,0,0,NONE,NO_CLICK
1372,0,0,NONE,NO_CLICK
1373,0,0,NONE,NO_CLICK
1374,0,0,NONE,NO_CLICK
1375,0,0,NONE,NO_CLICK
1376,0,0,NONE,NO_CLICK
1377,0,0,NONE,NO_CLICK
1378,1,0,D1,D1_CLICK
1379,1,0,D1,D1_CLICK
1380,1,0,D1,D1_CLICK
1381,1,0,D1,D1_CLICK
1382,1,0,D1,D1_CLICK
1383,1,0,D1,D1_CLICK
1384,1,0,D1,D1_CLICK
1385,1,0,D1,D1_CLICK
1386,1,0,D1,D1_CLICK
1387,1,0,D1,D1_CLICK
1388,1,0,D1,D1_CLICK
1389,1,0,D1,D1_CLICK
1390,1,0,D1,D1_CLICK
1391,1,0,D1,D1_CLICK
1392,1,0,D1,D1_CLICK
1393,1,0,D1,D1_CLICK
1394,1,0,D1,D1_CLICK
1395,1,0,D1,D1_CLICK
1396,1,0,D1,D1_CLICK
1397,1,0,D1,D1_CLICK
1398,1,0,D1,D1_CLICK
1399,1,0,D1,D1_CLICK
1400,1,0,D1,D1_CLICK
1401,1,0,D1,D1_CLICK
1402,1,0,D1,D1_CLICK
1403,1,0,D1,D1_CLICK
1404,1,0,D1,D1_CLICK
1405,1,0,D1,D1_CLICK
1406,1,0,D1,D1_CLICK
1407,1,0,D1,D1_CLICK
1408,1,0,D1,D1_CLICK
1409,1,0,D1,D1_CLICK
1410,1,0,D1,D1_CLICK
1411,1,0,D1,D1_CLICK
1412,1,0,D1,D1_CLICK
1413,1,0,D1,D1_CLICK
1414,1,0,D1,D1_CLICK
1415,1,0,D1,D1_CLICK
1416,0,0,NONE,NO_CLICK
1417,0,0,NONE,NO_CLICK
1418,0,0,NONE,NO_CLICK
1419,0,0,NONE,NO_CLICK
1420,0,0,NONE,NO_CLICK
1421,0,0,NONE,NO_CLICK
1422,0,0,NONE,NO_CLICK
1423,0,0,NONE,NO_CLICK
1424,0,0,NONE,NO_CLICK
1425,0,0,NONE,NO_CLICK
1426,0,0,NONE,NO_CLICK
1427,0,0,NONE,NO_CLICK
1428,0,0,NONE,NO_CLICK
1429,0,0,NONE,NO_CLICK
1430,0,0,NONE,NO_CLICK
1431,0,0,NONE,NO_CLICK
1432,0,0,NONE,NO_CLICK
1433,0,0,NONE,NO_CLICK
1434,0,0,NONE,NO_CLICK
1435,0,0,NONE,NO_CLICK
1436,0,0,NONE,NO_CLICK
1437,0,0,NONE,NO_CLICK
1438,0,0,NONE,NO_CLICK
1439,0,0,NONE,NO_CLICK
1440,0,0,NONE,NO_CLICK
1441,0,0,NONE,NO_CLICK
1442,0,0,NONE,NO_CLICK
1443,0,0,NONE,NO_CLICK
1444,0,0,NONE,NO_CLICK
1445,0,0,NONE,NO_CLICK
1446,0,0,NONE,NO_CLICK
1447,0,0,NONE,NO_CLICK
1448,0,0,NONE,NO_CLICK
1449,0,0,NONE,NO_CLICK
1450,0,0,NONE,NO_CLICK
1451,0,0,NONE,NO_CLICK
1452,0,0,NONE,NO_CLICK
1453,0,0,NONE,NO_CLICK
1454,0,0,NONE,NO_CLICK
1455,0,0,NONE,NO_CLICK
1456,0,0,NONE,NO_CLICK
1457,0,0,NONE,NO_CLICK
1458,0,0,NONE,NO_CLICK
1459,0,0,NONE,NO_CLICK
1460,0,0,NONE,NO_CLICK
1461,0,0,NONE,NO_CLICK
1462,0,0,NONE,NO_CLICK
1463,0,0,NONE,NO_CLICK
1464,0,0,NONE,NO_CLICK
1465,0,0,NONE,NO_CLICK
1466,0,0,NONE,NO_CLICK
1467,0,0,NONE,NO_CLICK
1468,0,0,NONE,NO_CLICK
1469,0,0,NONE,NO_CLICK
1470,0,0,NONE,NO_CLICK
1471,0,0,NONE,NO_CLICK
1472,0,0,NONE,NO_CLICK
1473,0,0,NONE,NO_CLICK
1474,0,0,NONE,NO_CLICK
1475,0,0,NONE,NO_CLICK
1476,0,0,NONE,NO_CLICK
1477,0,0,NONE,NO_CLICK
1478,0,0,NONE,NO_CLICK
1479,0,0,NONE,NO_CLICK
1480,0,0,NONE,NO_CLICK
1481,0,0,NONE,NO_CLICK
1482,0,0,NONE,NO_CLICK
1483,0,0,NONE,NO_CLICK
1484,0,0,NONE,NO_CLICK
1485,0,0,NONE,NO_CLICK
1486,0,0,NONE,NO_CLICK
1487,0,0,NONE,NO_CLICK
1488,0,0,NONE,NO_CLICK
1489,0,0,NONE,NO_CLICK
1490,0,0,NONE,NO_CLICK
1491,0,0,NONE,NO_CLICK
1492,0,0,NONE,NO_CLICK
1493,0,0,NONE,NO_CLICK
1494,0,0,NONE,NO_CLICK
1495,0,0,NONE,NO_CLICK
1496,0,0,NONE,NO_CLICK
1497,0,0,NONE,NO_CLICK
1498,0,0,NONE,NO_CLICK
1499,0,0,NONE,NO_CLICK
1500,0,0,NONE,NO_CLICK
1501,0,0,NONE,NO_CLICK
1502,0,0,NONE,NO_CLICK
1503,0,0,NONE,NO_CLICK
1504,0,0,NONE,NO_CLICK
1505,0,0,NONE,NO_CLICK
1506,0,0,NONE,NO_CLICK
1507,0,0,NONE,NO_CLICK
1508,0,0,NONE,NO_CLICK
1509,0,0,NONE,NO_CLICK
1510,0,0,NONE,NO_CLICK
1511,0,0,NONE,NO_CLICK
1512,0,0,NONE,NO_CLICK
1513,0,0,NONE,NO_CLICK
1514,0,0,NONE,NO_CLICK
1515,0,0,NONE,NO_CLICK
1516,0,0,NONE,NO_CLICK
1517,0,0,NONE,NO_CLICK
1518,0,0,NONE,NO_CLICK
1519,0,0,NONE,NO_CLICK
1520,0,0,NONE,NO_CLICK
1521,0,0,NONE,NO_CLICK
1522,0,0,NONE,NO_CLICK
1523,0,0,NONE,NO_CLICK
1524,0,0,NONE,NO_CLICK
1525,0,0,NONE,NO_CLICK
1526,0,0,NONE,NO_CLICK
1527,0,0,NONE,NO_CLICK
1528,0,0,NONE,NO_CLICK
1529,0,0,NONE,NO_CLICK
1530,0,0,NONE,NO_CLICK
1531,0,0,NONE,NO_CLICK
1532,0,0,NONE,NO_CLICK
1533,0,0,NONE,NO_CLICK
1534,0,0,NONE,NO_CLICK
1535,0,0,NONE,NO_CLICK
1536,0,0,NONE,NO_CLICK
1537,0,0,NONE,NO_CLICK
1538,0,0,NONE,NO_CLICK
1539,0,0,NONE,NO_CLICK
1540,0,0,NONE,NO_CLICK
1541,0,0,NONE,NO_CLICK
1542,0,0,NONE,NO_CLICK
1543,0,0,NONE,NO_CLICK
1544,0,0,NONE,NO_CLICK
1545,0,0,NONE,NO_CLICK
1546,0,0,NONE,NO_CLICK
1547,0,0,NONE,NO_CLICK
1548,0,0,NONE,NO_CLICK
1549,0,0,NONE,NO_CLICK
1550,0,0,NONE,NO_CLICK
1551,0,0,NONE,NO_CLICK
1552,0,0,NONE,NO_CLICK
1553,0,0,NONE,NO_CLICK
1554,0,0,NONE,NO_CLICK
1555,0,0,NONE,NO_CLICK
1556,0,0,NONE,NO_CLICK
1557,0,0,NONE,NO_CLICK
1558,0,0,NONE,NO_CLICK
1559,0,0,NONE,NO_CLICK
1560,0,0,NONE,NO_CLICK
1561,0,0,NONE,NO_CLICK
1562,0,0,NONE,NO_CLICK
1563,0,0,NONE,NO_CLICK
1564,0,0,NONE,NO_CLICK
1565,0,0,NONE,NO_CLICK
1566,0,0,NONE,NO_CLICK
1567,0,0,NONE,NO_CLICK
1568,0,0,NONE,NO_CLICK
1569,0,0,NONE,NO_CLICK
1570,0,0,NONE,NO_CLICK
1571,0,0,NONE,NO_CLICK
1572,0,0,NONE,NO_CLICK
1573,0,0,NONE,NO_CLICK
1574,0,0,NONE,NO_CLICK
1575,0,0,NONE,NO_CLICK
1576,0,0,NONE,NO_CLICK
1577,0,0,NONE,NO_CLICK
1578,0,0,NONE,NO_CLICK
1579,0,0,NONE,NO_CLICK
1580,0,0,NONE,NO_CLICK
1581,0,0,NONE,NO_CLICK
1582,0,0,NONE,NO_CLICK
1583,0,0,NONE,NO_CLICK
1584,0,0,NONE,NO_CLICK
1585,0,0,NONE,NO_CLICK
1586,0,0,NONE,NO_CLICK
1587,0,0,NONE,NO_CLICK
1588,0,0,NONE,NO_CLICK
1589,0,0,NONE,NO_CLICK
1590,0,0,NONE,NO_CLICK
1591,0,0,NONE,NO_CLICK
1592,0,0,NONE,NO_CLICK
1593,0,0,NONE,NO_CLICK
1594,0,0,NONE,NO_CLICK
1595,0,0,NONE,NO_CLICK
1596,0,0,NONE,NO_CLICK
1597,0,0,NONE,NO_CLICK
1598,0,0,NONE,NO_CLICK
1599,0,0,NONE,NO_CLICK
1600,0,0,NONE,NO_CLICK
1601,0,0,NONE,NO_CLICK
1602,0,1,D2,D2_CLICK
1603,0,1,D2,D2_CLICK
1604,0,1,D2,D2_CLICK
1605,0,1,D2,D2_CLICK
1606,0,1,D2,D2_CLICK
1607,0,1,D2,D2_CLICK
1608,0,1,D2,D2_CLICK
1609,0,1,D2,D2_CLICK
1610,0,1,D2,D2_CLICK
1611,0,1,D2,D2_CLICK
1612,0,1,D2,D2_CLICK
1613,0,1,D2,D2_CLICK
1614,0,1,D2,D2_CLICK
1615,0,1,D2,D2_CLICK
1616,0,1,D2,D2_CLICK
1617,0,1,D2,D2_CLICK
1618,0,1,D2,D2_CLICK
1619,0,1,D2,D2_CLICK
1620,0,1,D2,D2_CLICK
1621,0,1,D2,D2_CLICK
1622,0,1,D2,D2_CLICK
1623,0,1,D2,D2_CLICK
1624,0,1,D2,D2_CLICK
1625,0,1,D2,D2_CLICK
1626,0,1,D2,D2_CLICK
1627,0,1,D2,D2_CLICK
1628,0,1,D2,D2_CLICK
1629,0,1,D2,D2_CLICK
1630,0,1,D2,D2_CLICK
1631,0,1,D2,D2_CLICK
1632,0,1,D2,D2_CLICK
1633,0,1,D2,D2_CLICK
1634,0,1,D2,D2_CLICK
1635,0,1,D2,D2_CLICK
1636,0,1,D2,D2_CLICK
1637,0,1,D2,D2_CLICK
1638,0,1,D2,D2_CLICK
1639,0,1,D2,D2_CLICK
1640,0,1,D2,D2_CLICK
1641,0,1,D2,D2_CLICK
1642,0,1,D2,D2_CLICK
1643,0,1,D2,D2_CLICK
1644,0,1,D2,D2_CLICK
1645,0,1,D2,D2_CLICK
1646,0,1,D2,D2_CLICK
1647,0,1,D2,D2_CLICK
1648,0,1,D2,D2_CLICK
1649,0,1,D2,D2_CLICK
1650,0,1,D2,D2_CLICK
1651,0,1,D2,D2_CLICK
1652,0,1,D2,D2_CLICK
1653,0,1,D2,D2_CLICK
1654,0,1,D2,D2_CLICK
1655,0,1,D2,D2_CLICK
1656,0,1,D2,D2_CLICK
1657,0,1,D2,D2_CLICK
1658,0,1,D2,D2_CLICK
1659,0,1,D2,D2_CLICK
1660,0,1,D2,D2_CLICK
1661,0,1,D2,D2_CLICK
1662,0,1,D2,D2_CLICK
1663,0,1,D2,D2_CLICK
1664,0,1,D2,D2_CLICK
1665,0,1,D2,D2_CLICK
1666,0,1,D2,D2_CLICK
1667,0,1,D2,D2_CLICK
1668,0,1,D2,D2_CLICK
1669,0,1,D2,D2_CLICK
1670,0,1,D2,D2_CLICK
1671,0,1,D2,D2_CLICK
1672,0,0,NONE,NO_CLICK
1673,0,0,NONE,NO_CLICK
1674,0,0,NONE,NO_CLICK
1675,0,0,NONE,NO_CLICK
1676,0,0,NONE,NO_CLICK
1677,0,0,NONE,NO_CLICK
1678,0,0,NONE,NO_CLICK
1679,0,0,NONE,NO_CLICK
1680,0,0,NONE,NO_CLICK
1681,0,0,NONE,NO_CLICK
1682,0,0,NONE,NO_CLICK
1683,0,0,NONE,NO_CLICK
1684,0,0,NONE,NO_CLICK
1685,0,0,NONE,NO_CLICK
1686,0,0,NONE,NO_CLICK
1687,0,0,NONE,NO_CLICK
1688,0,0,NONE,NO_CLICK
1689,0,0,NONE,NO_CLICK
1690,0,0,NONE,NO_CLICK
1691,0,0,NONE,NO_CLICK
1692,0,0,NONE,NO_CLICK
1693,0,0,NONE,NO_CLICK
1694,0,0,NONE,NO_CLICK
1695,0,0,NONE,NO_CLICK
1696,0,0,NONE,NO_CLICK
1697,0,0,NONE,NO_CLICK
1698,0,0,NONE,NO_CLICK
1699,0,0,NONE,NO_CLICK
1700,0,0,NONE,NO_CLICK
1701,0,0,NONE,NO_CLICK
1702,0,0,NONE,NO_CLICK
1703,0,0,NONE,NO_CLICK
1704,0,0,NONE,NO_CLICK
1705,0,0,NONE,NO_CLICK
1706,0,0,NONE,NO_CLICK
1707,0,0,NONE,NO_CLICK
1708,0,0,NONE,NO_CLICK
1709,0,0,NONE,NO_CLICK
1710,0,0,NONE,NO_CLICK
1711,0,0,NONE,NO_CLICK
1712,0,0,NONE,NO_CLICK
1713,0,0,NONE,NO_CLICK
1714,0,0,NONE,NO_CLICK
1715,0,0,NONE,NO_CLICK
1716,0,0,NONE,NO_CLICK
1717,0,0,NONE,NO_CLICK
1718,0,0,NONE,NO_CLICK
1719,0,0,NONE,NO_CLICK
1720,0,0,NONE,NO_CLICK
1721,0,0,NONE,NO_CLICK
1722,0,0,NONE,NO_CLICK
1723,0,0,NONE,NO_CLICK
1724,0,0,NONE,NO_CLICK
1725,0,0,NONE,NO_CLICK
1726,0,0,NONE,NO_CLICK
1727,0,0,NONE,NO_CLICK
1728,0,0,NONE,NO_CLICK
1729,0,0,NONE,NO_CLICK
1730,0,0,NONE,NO_CLICK
1731,0,0,NONE,NO_CLICK
1732,0,0,NONE,NO_CLICK
1733,0,0,NONE,NO_CLICK
1734,0,0,NONE,NO_CLICK
1735,0,0,NONE,NO_CLICK
1736,0,0,NONE,NO_CLICK
1737,0,0,NONE,NO_CLICK
1738,0,0,NONE,NO_CLICK
1739,0,0,NONE,NO_CLICK
1740,0,0,NONE,NO_CLICK
1741,0,0,NONE,NO_CLICK
1742,0,0,NONE,NO_CLICK
1743,0,0,NONE,NO_CLICK
1744,0,0,NONE,NO_CLICK
1745,0,0,NONE,NO_CLICK
1746,0,0,NONE,NO_CLICK
1747,0,0,NONE,NO_CLICK
1748,0,0,NONE,NO_CLICK
1749,0,0,NONE,NO_CLICK
1750,0,0,NONE,NO_CLICK
1751,0,0,NONE,NO_CLICK
1752,0,0,NONE,NO_CLICK
1753,0,0,NONE,NO_CLICK
1754,0,0,NONE,NO_CLICK
1755,0,0,NONE,NO_CLICK
1756,0,0,NONE,NO_CLICK
1757,0,0,NONE,NO_CLICK
1758,0,0,NONE,NO_CLICK
1759,0,0,NONE,NO_CLICK
1760,0,0,NONE,NO_CLICK
1761,0,0,NONE,NO_CLICK
1762,1,0,D1,D1_CLICK
1763,1,0,D1,D1_CLICK
1764,1,0,D1,D1_CLICK
1765,1,0,D1,D1_CLICK
1766,1,0,D1,D1_CLICK
1767,1,0,D1,D1_CLICK
1768,1,0,D1,D1_CLICK
1769,1,0,D1,D1_CLICK
1770,1,0,D1,D1_CLICK
1771,1,0,D1,D1_CLICK
1772,1,0,D1,D1_CLICK
1773,1,0,D1,D1_CLICK
1774,1,0,D1,D1_CLICK
1775,1,0,D1,D1_CLICK
1776,1,0,D1,D1_CLICK
1777,1,0,D1,D1_CLICK
1778,1,0,D1,D1_CLICK
1779,1,0,D1,D1_CLICK
1780,1,0,D1,D1_CLICK
1781,1,0,D1,D1_CLICK
1782,1,0,D1,D1_CLICK
1783,1,0,D1,D1_CLICK
1784,1,0,D1,D1_CLICK
1785,1,0,D1,D1_CLICK
1786,1,0,D1,D1_CLICK
1787,1,0,D1,D1_CLICK
1788,1,0,D1,D1_CLICK
1789,1,0,D1,D1_CLICK
1790,1,0,D1,D1_CLICK
1791,1,0,D1,D1_CLICK
1792,1,0,D1,D1_CLICK
1793,1,0,D1,D1_CLICK
1794,1,0,D1,D1_CLICK
1795,1,0,D1,D1_CLICK
1796,1,0,D1,D1_CLICK
1797,1,0,D1,D1_CLICK
1798,1,0,D1,D1_CLICK
1799,1,0,D1,D1_CLICK
1800,0,0,NONE,NO_CLICK
1801,0,0,NONE,NO_CLICK
1802,0,0,NONE,NO_CLICK
1803,0,0,NONE,NO_CLICK
1804,0,0,NONE,NO_CLICK
1805,0,0,NONE,NO_CLICK
1806,0,0,NONE,NO_CLICK
1807,0,0,NONE,NO_CLICK
1808,0,0,NONE,NO_CLICK
1809,0,0,NONE,NO_CLICK
1810,0,0,NONE,NO_CLICK
1811,0,0,NONE,NO_CLICK
1812,0,0,NONE,NO_CLICK
1813,0,0,NONE,NO_CLICK
1814,0,0,NONE,NO_CLICK
1815,0,0,NONE,NO_CLICK
1816,0,0,NONE,NO_CLICK
1817,0,0,NONE,NO_CLICK
1818,0,0,NONE,NO_CLICK
1819,0,0,NONE,NO_CLICK
1820,0,0,NONE,NO_CLICK
1821,0,0,NONE,NO_CLICK
1822,0,0,NONE,NO_CLICK
1823,0,0,NONE,NO_CLICK
1824,0,0,NONE,NO_CLICK
1825,0,0,NONE,NO_CLICK
1826,0,0,NONE,NO_CLICK
1827,0,0,NONE,NO_CLICK
1828,0,0,NONE,NO_CLICK
1829,0,0,NONE,NO_CLICK
1830,0,0,NONE,NO_CLICK
1831,0,0,NONE,NO_CLICK
1832,0,0,NONE,NO_CLICK
1833,0,0,NONE,NO_CLICK
1834,0,0,NONE,NO_CLICK
1835,0,0,NONE,NO_CLICK
1836,0,0,NONE,NO_CLICK
1837,0,0,NONE,NO_CLICK
1838,0,0,NONE,NO_CLICK
1839,0,0,NONE,NO_CLICK
1840,0,0,NONE,NO_CLICK
1841,0,0,NONE,NO_CLICK
1842,0,0,NONE,NO_CLICK
1843,0,0,NONE,NO_CLICK
1844,0,0,NONE,NO_CLICK
1845,0,0,NONE,NO_CLICK
1846,0,0,NONE,NO_CLICK
1847,0,0,NONE,NO_CLICK
1848,0,0,NONE,NO_CLICK
1849,0,0,NONE,NO_CLICK
1850,0,0,NONE,NO_CLICK
1851,0,0,NONE,NO_CLICK
1852,0,0,NONE,NO_CLICK
1853,0,0,NONE,NO_CLICK
1854,0,0,NONE,NO_CLICK
1855,0,0,NONE,NO_CLICK
1856,0,0,NONE,NO_CLICK
1857,0,0,NONE,NO_CLICK
1858,0,0,NONE,NO_CLICK
1859,0,0,NONE,NO_CLICK
1860,0,0,NONE,NO_CLICK
1861,0,0,NONE,NO_CLICK
1862,0,0,NONE,NO_CLICK
1863,0,0,NONE,NO_CLICK
1864,0,0,NONE,NO_CLICK
1865,0,0,NONE,NO_CLICK
1866,0,0,NONE,NO_CLICK
1867,0,0,NONE,NO_CLICK
1868,0,0,NONE,NO_CLICK
1869,0,0,NONE,NO_CLICK
1870,0,0,NONE,NO_CLICK
1871,0,0,NONE,NO_CLICK
1872,0,0,NONE,NO_CLICK
1873,0,0,NONE,NO_CLICK
1874,0,0,NONE,NO_CLICK
1875,0,0,NONE,NO_CLICK
1876,0,0,NONE,NO_CLICK
1877,0,0,NONE,NO_CLICK
1878,0,0,NONE,NO_CLICK
1879,0,0,NONE,NO_CLICK
1880,0,0,NONE,NO_CLICK
1881,0,0,NONE,NO_CLICK
1882,0,0,NONE,NO_CLICK
1883,0,0,NONE,NO_CLICK
1884,0,0,NONE,NO_CLICK
1885,0,0,NONE,NO_CLICK
1886,0,0,NONE,NO_CLICK
1887,0,0,NONE,NO_CLICK
1888,0,0,NONE,NO_CLICK
1889,0,0,NONE,NO_CLICK
1890,0,0,NONE,NO_CLICK
1891,0,0,NONE,NO_CLICK
1892,0,0,NONE,NO_CLICK
1893,0,0,NONE,NO_CLICK
1894,0,0,NONE,NO_CLICK
1895,0,0,NONE,NO_CLICK
1896,0,0,NONE,NO_CLICK
1897,0,0,NONE,NO_CLICK
1898,0,0,NONE,NO_CLICK
1899,0,0,NONE,NO_CLICK
1900,0,0,NONE,NO_CLICK
1901,0,0,NONE,NO_CLICK
1902,0,0,NONE,NO_CLICK
1903,0,0,NONE,NO_CLICK
1904,0,0,NONE,NO_CLICK
1905,0,0,NONE,NO_CLICK
1906,0,0,NONE,NO_CLICK
1907,0,0,NONE,NO_CLICK
1908,0,0,NONE,NO_CLICK
1909,0,0,NONE,NO_CLICK
1910,0,0,NONE,NO_CLICK
1911,0,0,NONE,NO_CLICK
1912,0,0,NONE,NO_CLICK
1913,0,0,NONE,NO_CLICK
1914,0,0,NONE,NO_CLICK
1915,0,0,NONE,NO_CLICK
1916,0,0,NONE,NO_CLICK
1917,0,0,NONE,NO_CLICK
1918,0,0,NONE,NO_CLICK
1919,0,0,NONE,NO_CLICK
1920,0,0,NONE,NO_CLICK
1921,0,0,NONE,NO_CLICK
1922,0,0,NONE,NO_CLICK
1923,0,0,NONE,NO_CLICK
1924,0,0,NONE,NO_CLICK
1925,0,0,NONE,NO_CLICK
1926,0,0,NONE,NO_CLICK
1927,0,0,NONE,NO_CLICK
1928,0,0,NONE,NO_CLICK
1929,0,0,NONE,NO_CLICK
1930,0,0,NONE,NO_CLICK
1931,0,0,NONE,NO_CLICK
1932,0,0,NONE,NO_CLICK
1933,0,0,NONE,NO_CLICK
1934,0,0,NONE,NO_CLICK
1935,0,0,NONE,NO_CLICK
1936,0,0,NONE,NO_CLICK
1937,0,0,NONE,NO_CLICK
1938,0,0,NONE,NO_CLICK
1939,0,0,NONE,NO_CLICK
1940,0,0,NONE,NO_CLICK
1941,0,0,NONE,NO_CLICK
1942,0,0,NONE,NO_CLICK
1943,0,0,NONE,NO_CLICK
1944,0,0,NONE,NO_CLICK
1945,0,0,NONE,NO_CLICK
1946,0,0,NONE,NO_CLICK
1947,0,0,NONE,NO_CLICK
1948,0,0,NONE,NO_CLICK
1949,0,0,NONE,NO_CLICK
1950,0,0,NONE,NO_CLICK
1951,0,0,NONE,NO_CLICK
1952,0,0,NONE,NO_CLICK
1953,0,0,NONE,NO_CLICK
1954,0,0,NONE,NO_CLICK
1955,0,0,NONE,NO_CLICK
1956,0,0,NONE,NO_CLICK
1957,0,0,NONE,NO_CLICK
1958,0,0,NONE,NO_CLICK
1959,0,0,NONE,NO_CLICK
1960,0,0,NONE,NO_CLICK
1961,0,0,NONE,NO_CLICK
1962,0,0,NONE,NO_CLICK
1963,0,0,NONE,NO_CLICK
1964,0,0,NONE,NO_CLICK
1965,0,0,NONE,NO_CLICK
1966,0,0,NONE,NO_CLICK
1967,0,0,NONE,NO_CLICK
1968,0,0,NONE,NO_CLICK
1969,0,0,NONE,NO_CLICK
1970,0,0,NONE,NO_CLICK
1971,0,0,NONE,NO_CLICK
1972,0,0,NONE,NO_CLICK
1973,0,0,NONE,NO_CLICK
1974,0,0,NONE,NO_CLICK
1975,0,0,NONE,NO_CLICK
1976,0,0,NONE,NO_CLICK
1977,0,0,NONE,NO_CLICK
1978,0,0,NONE,NO_CLICK
1979,0,0,NONE,NO_CLICK
1980,0,0,NONE,NO_CLICK
1981,0,0,NONE,NO_CLICK
1982,0,0,NONE,NO_CLICK
1983,0,0,NONE,NO_CLICK
1984,0,0,NONE,NO_CLICK
1985,0,0,NONE,NO_CLICK
1986,0,1,D2,D2_CLICK
1987,0,1,D2,D2_CLICK
1988,0,1,D2,D2_CLICK
1989,0,1,D2,D2_CLICK
1990,0,1,D2,D2_CLICK
1991,0,1,D2,D2_CLICK
1992,0,1,D2,D2_CLICK
1993,0,1,D2,D2_CLICK
1994,0,1,D2,D2_CLICK
1995,0,1,D2,D2_CLICK
1996,0,1,D2,D2_CLICK
1997,0,1,D2,D2_CLICK
1998,0,1,D2,D2_CLICK
1999,0,1,D2,D2_CLICK
2000,0,1,D2,D2_CLICK
2001,0,1,D2,D2_CLICK
2002,0,1,D2,D2_CLICK
2003,0,1,D2,D2_CLICK
2004,0,1,D2,D2_CLICK
2005,0,1,D2,D2_CLICK
2006,0,1,D2,D2_CLICK
2007,0,1,D2,D2_CLICK
2008,0,1,D2,D2_CLICK
2009,0,1,D2,D2_CLICK
2010,0,1,D2,D2_CLICK
2011,0,1,D2,D2_CLICK
2012,0,1,D2,D2_CLICK
2013,0,1,D2,D2_CLICK
2014,0,1,D2,D2_CLICK
2015,0,1,D2,D2_CLICK
2016,0,1,D2,D2_CLICK
2017,0,1,D2,D2_CLICK
2018,0,1,D2,D2_CLICK
2019,0,1,D2,D2_CLICK
2020,0,1,D2,D2_CLICK
2021,0,1,D2,D2_CLICK
2022,0,1,D2,D2_CLICK
2023,0,1,D2,D2_CLICK
2024,0,0,NONE,NO_CLICK
2025,0,0,NONE,NO_CLICK
2026,0,0,NONE,NO_CLICK
2027,0,0,NONE,NO_CLICK
2028,0,0,NONE,NO_CLICK
2029,0,0,NONE,NO_CLICK
2030,0,0,NONE,NO_CLICK
2031,0,0,NONE,NO_CLICK
2032,0,0,NONE,NO_CLICK
2033,0,0,NONE,NO_CLICK
2034,0,0,NONE,NO_CLICK
2035,0,0,NONE,NO_CLICK
2036,0,0,NONE,NO_CLICK
2037,0,0,NONE,NO_CLICK
2038,0,0,NONE,NO_CLICK
2039,0,0,NONE,NO_CLICK
2040,0,0,NONE,NO_CLICK
2041,0,0,NONE,NO_CLICK
2042,0,0,NONE,NO_CLICK
2043,0,0,NONE,NO_CLICK
2044,0,0,NONE,NO_CLICK
2045,0,0,NONE,NO_CLICK
2046,0,0,NONE,NO_CLICK
2047,0,0,NONE,NO_CLICK
2048,0,0,NONE,NO_CLICK
2049,0,0,NONE,NO_CLICK
2050,0,0,NONE,NO_CLICK
2051,0,0,NONE,NO_CLICK
2052,0,0,NONE,NO_CLICK
2053,0,0,NONE,NO_CLICK
2054,0,0,NONE,NO_CLICK
2055,0,0,NONE,NO_CLICK
2056,0,0,NONE,NO_CLICK
2057,0,0,NONE,NO_CLICK
2058,0,0,NONE,NO_CLICK
2059,0,0,NONE,NO_CLICK
2060,0,0,NONE,NO_CLICK
2061,0,0,NONE,NO_CLICK
2062,0,0,NONE,NO_CLICK
2063,0,0,NONE,NO_CLICK
2064,0,0,NONE,NO_CLICK
2065,0,0,NONE,NO_CLICK
2066,0,0,NONE,NO_CLICK
2067,0,0,NONE,NO_CLICK
2068,0,0,NONE,NO_CLICK
2069,0,0,NONE,NO_CLICK
2070,0,0,NONE,NO_CLICK
2071,0,0,NONE,NO_CLICK
2072,0,0,NONE,NO_CLICK
2073,0,0,NONE,NO_CLICK
2074,0,0,NONE,NO_CLICK
2075,0,0,NONE,NO_CLICK
2076,0,0,NONE,NO_CLICK
2077,0,0,NONE,NO_CLICK
2078,0,0,NONE,NO_CLICK
2079,0,0,NONE,NO_CLICK
2080,0,0,NONE,NO_CLICK
2081,0,0,NONE,NO_CLICK
2082,0,0,NONE,NO_CLICK
2083,0,0,NONE,NO_CLICK
2084,0,0,NONE,NO_CLICK
2085,0,0,NONE,NO_CLICK
2086,0,0,NONE,NO_CLICK
2087,0,0,NONE,NO_CLICK
2088,0,0,NONE,NO_CLICK
2089,0,0,NONE,NO_CLICK
2090,0,0,NONE,NO_CLICK
2091,0,0,NONE,NO_CLICK
2092,0,0,NONE,NO_CLICK
2093,0,0,NONE,NO_CLICK
2094,0,0,NONE,NO_CLICK
2095,0,0,NONE,NO_CLICK
2096,0,0,NONE,NO_CLICK
2097,0,0,NONE,NO_CLICK
2098,0,0,NONE,NO_CLICK
2099,0,0,NONE,NO_CLICK
2100,0,0,NONE,NO_CLICK
2101,0,0,NONE,NO_CLICK
2102,0,0,NONE,NO_CLICK
2103,0,0,NONE,NO_CLICK
2104,0,0,NONE,NO_CLICK
2105,0,0,NONE,NO_CLICK
2106,0,0,NONE,NO_CLICK
2107,0,0,NONE,NO_CLICK
2108,0,0,NONE,NO_CLICK
2109,0,0,NONE,NO_CLICK
2110,0,0,NONE,NO_CLICK
2111,0,0,NONE,NO_CLICK
2112,0,0,NONE,NO_CLICK
2113,0,0,NONE,NO_CLICK
2114,0,0,NONE,NO_CLICK
2115,0,0,NONE,NO_CLICK
2116,0,0,NONE,NO_CLICK
2117,0,0,NONE,NO_CLICK
2118,0,0,NONE,NO_CLICK
2119,0,0,NONE,NO_CLICK
2120,0,0,NONE,NO_CLICK
2121,0,0,NONE,NO_CLICK
2122,0,0,NONE,NO_CLICK
2123,0,0,NONE,NO_CLICK
2124,0,0,NONE,NO_CLICK
2125,0,0,NONE,NO_CLICK
2126,0,0,NONE,NO_CLICK
2127,0,0,NONE,NO_CLICK
2128,0,0,NONE,NO_CLICK
2129,0,0,NONE,NO_CLICK
2130,0,0,NONE,NO_CLICK
2131,0,0,NONE,NO_CLICK
2132,0,0,NONE,NO_CLICK
2133,0,0,NONE,NO_CLICK
2134,0,0,NONE,NO_CLICK
2135,0,0,NONE,NO_CLICK
2136,0,0,NONE,NO_CLICK
2137,0,0,NONE,NO_CLICK
2138,0,0,NONE,NO_CLICK
2139,0,0,NONE,NO_CLICK
2140,0,0,NONE,NO_CLICK
2141,0,0,NONE,NO_CLICK
2142,0,0,NONE,NO_CLICK
2143,0,0,NONE,NO_CLICK
2144,0,0,NONE,NO_CLICK
2145,0,0,NONE,NO_CLICK
2146,0,0,NONE,NO_CLICK
2147,0,0,NONE,NO_CLICK
2148,0,0,NONE,NO_CLICK
2149,0,0,NONE,NO_CLICK
2150,0,0,NONE,NO_CLICK
2151,0,0,NONE,NO_CLICK
2152,0,0,NONE,NO_CLICK
2153,0,0,NONE,NO_CLICK
2154,0,0,NONE,NO_CLICK
2155,0,0,NONE,NO_CLICK
2156,0,0,NONE,NO_CLICK
2157,0,0,NONE,NO_CLICK
2158,0,0,NONE,NO_CLICK
2159,0,0,NONE,NO_CLICK
2160,0,0,NONE,NO_CLICK
2161,0,0,NONE,NO_CLICK
2162,0,0,NONE,NO_CLICK
2163,0,0,NONE,NO_CLICK
2164,0,0,NONE,NO_CLICK
2165,0,0,NONE,NO_CLICK
2166,0,0,NONE,NO_CLICK
2167,0,0,NONE,NO_CLICK
2168,0,0,NONE,NO_CLICK
2169,0,0,NONE,NO_CLICK
2170,0,0,NONE,NO_CLICK
2171,0,0,NONE,NO_CLICK
2172,0,0,NONE,NO_CLICK
2173,0,0,NONE,NO_CLICK
2174,0,0,NONE,NO_CLICK
2175,0,0,NONE,NO_CLICK
2176,0,0,NONE,NO_CLICK
2177,0,0,NONE,NO_CLICK
2178,0,0,NONE,NO_CLICK
2179,0,0,NONE,NO_CLICK
2180,0,0,NONE,NO_CLICK
2181,0,0,NONE,NO_CLICK
2182,0,0,NONE,NO_CLICK
2183,0,0,NONE,NO_CLICK
2184,0,0,NONE,NO_CLICK
2185,0,0,NONE,NO_CLICK
2186,0,0,NONE,NO_CLICK
2187,0,0,NONE,NO_CLICK
2188,0,0,NONE,NO_CLICK
2189,0,0,NONE,NO_CLICK
2190,0,0,NONE,NO_CLICK
2191,0,0,NONE,NO_CLICK
2192,0,0,NONE,NO_CLICK
2193,0,0,NONE,NO_CLICK
2194,0,0,NONE,NO_CLICK
2195,0,0,NONE,NO_CLICK
2196,0,0,NONE,NO_CLICK
2197,0,0,NONE,NO_CLICK
2198,0,0,NONE,NO_CLICK
2199,0,0,NONE,NO_CLICK
2200,0,0,NONE,NO_CLICK
2201,0,0,NONE,NO_CLICK
2202,0,0,NONE,NO_CLICK
2203,0,0,NONE,NO_CLICK
2204,0,0,NONE,NO_CLICK
2205,0,0,NONE,NO_CLICK
2206,0,0,NONE,NO_CLICK
2207,0,0,NONE,NO_CLICK
2208,0,0,NONE,NO_CLICK
2209,0,0,NONE,NO_CLICK
2210,1,0,D1,D1_CLICK
2211,1,0,D1,D1_CLICK
2212,1,0,D1,D1_CLICK
2213,1,0,D1,D1_CLICK
2214,1,0,D1,D1_CLICK
2215,1,0,D1,D1_CLICK
2216,1,0,D1,D1_CLICK
2217,1,0,D1,D1_CLICK
2218,1,0,D1,D1_CLICK
2219,1,0,D1,D1_CLICK
2220,1,0,D1,D1_CLICK
2221,1,0,D1,D1_CLICK
2222,1,0,D1,D1_CLICK
2223,1,0,D1,D1_CLICK
2224,1,0,D1,D1_CLICK
2225,1,0,D1,D1_CLICK
2226,1,0,D1,D1_CLICK
2227,1,0,D1,D1_CLICK
2228,1,0,D1,D1_CLICK
2229,1,0,D1,D1_CLICK
2230,1,0,D1,D1_CLICK
2231,1,0,D1,D1_CLICK
2232,1,0,D1,D1_CLICK
2233,1,0,D1,D1_CLICK
2234,1,0,D1,D1_CLICK
2235,1,0,D1,D1_CLICK
2236,1,0,D1,D1_CLICK
2237,1,0,D1,D1_CLICK
2238,1,0,D1,D1_CLICK
2239,1,0,D1,D1_CLICK
2240,1,0,D1,D1_CLICK
2241,1,0,D1,D1_CLICK
2242,1,0,D1,D1_CLICK
2243,1,0,D1,D1_CLICK
2244,1,0,D1,D1_CLICK
2245,1,0,D1,D1_CLICK
2246,1,0,D1,D1_CLICK
2247,1,0,D1,D1_CLICK
2248,0,0,NONE,NO_CLICK
2249,0,0,NONE,NO_CLICK
2250,0,0,NONE,NO_CLICK
2251,0,0,NONE,NO_CLICK
2252,0,0,NONE,NO_CLICK
2253,0,0,NONE,NO_CLICK
2254,0,0,NONE,NO_CLICK
2255,0,0,NONE,NO_CLICK
2256,0,0,NONE,NO_CLICK
2257,0,0,NONE,NO_CLICK
2258,0,0,NONE,NO_CLICK
2259,0,0,NONE,NO_CLICK
2260,0,0,NONE,NO_CLICK
2261,0,0,NONE,NO_CLICK
2262,0,0,NONE,NO_CLICK
2263,0,0,NONE,NO_CLICK
2264,0,0,NONE,NO_CLICK
2265,0,0,NONE,NO_CLICK
2266,0,0,NONE,NO_CLICK
2267,0,0,NONE,NO_CLICK
2268,0,0,NONE,NO_CLICK
2269,0,0,NONE,NO_CLICK
2270,0,0,NONE,NO_CLICK
2271,0,0,NONE,NO_CLICK
2272,0,0,NONE,NO_CLICK
2273,0,0,NONE,NO_CLICK
2274,0,0,NONE,NO_CLICK
2275,0,0,NONE,NO_CLICK
2276,0,0,NONE,NO_CLICK
2277,0,0,NONE,NO_CLICK
2278,0,0,NONE,NO_CLICK
2279,0,0,NONE,NO_CLICK
2280,0,0,NONE,NO_CLICK
2281,0,0,NONE,NO_CLICK
2282,0,0,NONE,NO_CLICK
2283,0,0,NONE,NO_CLICK
2284,0,0,NONE,NO_CLICK
2285,0,0,NONE,NO_CLICK
2286,0,0,NONE,NO_CLICK
2287,0,0,NONE,NO_CLICK
2288,0,0,NONE,NO_CLICK
2289,0,0,NONE,NO_CLICK
2290,0,0,NONE,NO_CLICK
2291,0,0,NONE,NO_CLICK
2292,0,0,NONE,NO_CLICK
2293,0,0,NONE,NO_CLICK
2294,0,0,NONE,NO_CLICK
2295,0,0,NONE,NO_CLICK
2296,0,0,NONE,NO_CLICK
2297,0,0,NONE,NO_CLICK
2298,0,0,NONE,NO_CLICK
2299,0,0,NONE,NO_CLICK
2300,0,0,NONE,NO_CLICK
2301,0,0,NONE,NO_CLICK
2302,0,0,NONE,NO_CLICK
2303,0,0,NONE,NO_CLICK
2304,0,0,NONE,NO_CLICK
2305,0,0,NONE,NO_CLICK
2306,0,0,NONE,NO_CLICK
2307,0,0,NONE,NO_CLICK
2308,0,0,NONE,NO_CLICK
2309,0,0,NONE,NO_CLICK
2310,0,0,NONE,NO_CLICK
2311,0,0,NONE,NO_CLICK
2312,0,0,NONE,NO_CLICK
2313,0,0,NONE,NO_CLICK
2314,0,0,NONE,NO_CLICK
2315,0,0,NONE,NO_CLICK
2316,0,0,NONE,NO_CLICK
2317,0,0,NONE,NO_CLICK
2318,0,0,NONE,NO_CLICK
2319,0,0,NONE,NO_CLICK
2320,0,0,NONE,NO_CLICK
2321,0,0,NONE,NO_CLICK
2322,0,0,NONE,NO_CLICK
2323,0,0,NONE,NO_CLICK
2324,0,0,NONE,NO_CLICK
2325,0,0,NONE,NO_CLICK
2326,0,0,NONE,NO_CLICK
2327,0,0,NONE,NO_CLICK
2328,0,0,NONE,NO_CLICK
2329,0,0,NONE,NO_CLICK
2330,0,0,NONE,NO_CLICK
2331,0,0,NONE,NO_CLICK
2332,0,0,NONE,NO_CLICK
2333,0,0,NONE,NO_CLICK
2334,0,0,NONE,NO_CLICK
2335,0,0,NONE,NO_CLICK
2336,0,0,NONE,NO_CLICK
2337,0,0,NONE,NO_CLICK
2338,0,1,D2,D2_CLICK
2339,0,1,D2,D2_CLICK
2340,0,1,D2,D2_CLICK
2341,0,1,D2,D2_CLICK
2342,0,1,D2,D2_CLICK
2343,0,1,D2,D2_CLICK
2344,0,1,D2,D2_CLICK
2345,0,1,D2,D2_CLICK
2346,0,1,D2,D2_CLICK
2347,0,1,D2,D2_CLICK
2348,0,1,D2,D2_CLICK
2349,0,1,D2,D2_CLICK
2350,0,1,D2,D2_CLICK
2351,0,1,D2,D2_CLICK
2352,0,1,D2,D2_CLICK
2353,0,1,D2,D2_CLICK
2354,0,1,D2,D2_CLICK
2355,0,1,D2,D2_CLICK
2356,0,1,D2,D2_CLICK
2357,0,1,D2,D2_CLICK
2358,0,1,D2,D2_CLICK
2359,0,1,D2,D2_CLICK
2360,0,1,D2,D2_CLICK
2361,0,1,D2,D2_CLICK
2362,0,1,D2,D2_CLICK
2363,0,1,D2,D2_CLICK
2364,0,1,D2,D2_CLICK
2365,0,1,D2,D2_CLICK
2366,0,1,D2,D2_CLICK
2367,0,1,D2,D2_CLICK
2368,0,1,D2,D2_CLICK
2369,0,1,D2,D2_CLICK
2370,0,1,D2,D2_CLICK
2371,0,1,D2,D2_CLICK
2372,0,1,D2,D2_CLICK
2373,0,1,D2,D2_CLICK
2374,0,1,D2,D2_CLICK
2375,0,1,D2,D2_CLICK
2376,0,0,NONE,NO_CLICK
2377,0,0,NONE,NO_CLICK
2378,0,0,NONE,NO_CLICK
2379,0,0,NONE,NO_CLICK
2380,0,0,NONE,NO_CLICK
2381,0,0,NONE,NO_CLICK
2382,0,0,NONE,NO_CLICK
2383,0,0,NONE,NO_CLICK
2384,0,0,NONE,NO_CLICK
2385,0,0,NONE,NO_CLICK
2386,0,0,NONE,NO_CLICK
2387,0,0,NONE,NO_CLICK
2388,0,0,NONE,NO_CLICK
2389,0,0,NONE,NO_CLICK
2390,0,0,NONE,NO_CLICK
2391,0,0,NONE,NO_CLICK
2392,0,0,NONE,NO_CLICK
2393,0,0,NONE,NO_CLICK
2394,0,0,NONE,NO_CLICK
2395,0,0,NONE,NO_CLICK
2396,0,0,NONE,NO_CLICK
2397,0,0,NONE,NO_CLICK
2398,0,0,NONE,NO_CLICK
2399,0,0,NONE,NO_CLICK
2400,0,0,NONE,NO_CLICK
2401,0,0,NONE,NO_CLICK
2402,0,0,NONE,NO_CLICK
2403,0,0,NONE,NO_CLICK
2404,0,0,NONE,NO_CLICK
2405,0,0,NONE,NO_CLICK
2406,0,0,NONE,NO_CLICK
2407,0,0,NONE,NO_CLICK
2408,0,0,NONE,NO_CLICK
2409,0,0,NONE,NO_CLICK
2410,0,0,NONE,NO_CLICK
2411,0,0,NONE,NO_CLICK
2412,0,0,NONE,NO_CLICK
2413,0,0,NONE,NO_CLICK
2414,0,0,NONE,NO_CLICK
2415,0,0,NONE,NO_CLICK
2416,0,0,NONE,NO_CLICK
2417,0,0,NONE,NO_CLICK
2418,0,0,NONE,NO_CLICK
2419,0,0,NONE,NO_CLICK
2420,0,0,NONE,NO_CLICK
2421,0,0,NONE,NO_CLICK
2422,0,0,NONE,NO_CLICK
2423,0,0,NONE,NO_CLICK
2424,0,0,NONE,NO_CLICK
2425,0,0,NONE,NO_CLICK
2426,0,0,NONE,NO_CLICK
2427,0,0,NONE,NO_CLICK
2428,0,0,NONE,NO_CLICK
2429,0,0,NONE,NO_CLICK
2430,0,0,NONE,NO_CLICK
2431,0,0,NONE,NO_CLICK
2432,0,0,NONE,NO_CLICK
2433,0,0,NONE,NO_CLICK
2434,0,0,NONE,NO_CLICK
2435,0,0,NONE,NO_CLICK
2436,0,0,NONE,NO_CLICK
2437,0,0,NONE,NO_CLICK
2438,0,0,NONE,NO_CLICK
2439,0,0,NONE,NO_CLICK
2440,0,0,NONE,NO_CLICK
2441,0,0,NONE,NO_CLICK
2442,0,0,NONE,NO_CLICK
2443,0,0,NONE,NO_CLICK
2444,0,0,NONE,NO_CLICK
2445,0,0,NONE,NO_CLICK
2446,0,0,NONE,NO_CLICK
2447,0,0,NONE,NO_CLICK
2448,0,0,NONE,NO_CLICK
2449,0,0,NONE,NO_CLICK
2450,0,0,NONE,NO_CLICK
2451,0,0,NONE,NO_CLICK
2452,0,0,NONE,NO_CLICK
2453,0,0,NONE,NO_CLICK
2454,0,0,NONE,NO_CLICK
2455,0,0,NONE,NO_CLICK
2456,0,0,NONE,NO_CLICK
2457,0,0,NONE,NO_CLICK
2458,0,0,NONE,NO_CLICK
2459,0,0,NONE,NO_CLICK
2460,0,0,NONE,NO_CLICK
2461,0,0,NONE,NO_CLICK
2462,0,0,NONE,NO_CLICK
2463,0,0,NONE,NO_CLICK
2464,0,0,NONE,NO_CLICK
2465,0,0,NONE,NO_CLICK
2466,0,0,NONE,NO_CLICK
2467,0,0,NONE,NO_CLICK
2468,0,0,NONE,NO_CLICK
2469,0,0,NONE,NO_CLICK
2470,0,0,NONE,NO_CLICK
2471,0,0,NONE,NO_CLICK
2472,0,0,NONE,NO_CLICK
2473,0,0,NONE,NO_CLICK
2474,0,0,NONE,NO_CLICK
2475,0,0,NONE,NO_CLICK
2476,0,0,NONE,NO_CLICK
2477,0,0,NONE,NO_CLICK
2478,0,0,NONE,NO_CLICK
2479,0,0,NONE,NO_CLICK
2480,0,0,NONE,NO_CLICK
2481,0,0,NONE,NO_CLICK
2482,0,0,NONE,NO_CLICK
2483,0,0,NONE,NO_CLICK
2484,0,0,NONE,NO_CLICK
2485,0,0,NONE,NO_CLICK
2486,0,0,NONE,NO_CLICK
2487,0,0,NONE,NO_CLICK
2488,0,0,NONE,NO_CLICK
2489,0,0,NONE,NO_CLICK
2490,0,0,NONE,NO_CLICK
2491,0,0,NONE,NO_CLICK
2492,0,0,NONE,NO_CLICK
2493,0,0,NONE,NO_CLICK
2494,0,0,NONE,NO_CLICK
2495,0,0,NONE,NO_CLICK
2496,0,0,NONE,NO_CLICK
2497,0,0,NONE,NO_CLICK
2498,0,0,NONE,NO_CLICK
2499,0,0,NONE,NO_CLICK
2500,0,0,NONE,NO_CLICK
2501,0,0,NONE,NO_CLICK
2502,0,0,NONE,NO_CLICK
2503,0,0,NONE,NO_CLICK
2504,0,0,NONE,NO_CLICK
2505,0,0,NONE,NO_CLICK
2506,0,0,NONE,NO_CLICK
2507,0,0,NONE,NO_CLICK
2508,0,0,NONE,NO_CLICK
2509,0,0,NONE,NO_CLICK
2510,0,0,NONE,NO_CLICK
2511,0,0,NONE,NO_CLICK
2512,0,0,NONE,NO_CLICK
2513,0,0,NONE,NO_CLICK
2514,0,0,NONE,NO_CLICK
2515,0,0,NONE,NO_CLICK
2516,0,0,NONE,NO_CLICK
2517,0,0,NONE,NO_CLICK
2518,0,0,NONE,NO_CLICK
2519,0,0,NONE,NO_CLICK
2520,0,0,NONE,NO_CLICK
2521,0,0,NONE,NO_CLICK
2522,0,0,NONE,NO_CLICK
2523,0,0,NONE,NO_CLICK
2524,0,0,NONE,NO_CLICK
2525,0,0,NONE,NO_CLICK
2526,0,0,NONE,NO_CLICK
2527,0,0,NONE,NO_CLICK
2528,0,0,NONE,NO_CLICK
2529,0,0,NONE,NO_CLICK
2530,1,0,D1,D1_CLICK
2531,1,0,D1,D1_CLICK
2532,1,0,D1,D1_CLICK
2533,1,0,D1,D1_CLICK
2534,1,0,D1,D1_CLICK
2535,1,0,D1,D1_CLICK
2536,1,0,D1,D1_CLICK
2537,1,0,D1,D1_CLICK
2538,1,0,D1,D1_CLICK
2539,1,0,D1,D1_CLICK
2540,1,0,D1,D1_CLICK
2541,1,0,D1,D1_CLICK
2542,1,0,D1,D1_CLICK
2543,1,0,D1,D1_CLICK
2544,1,0,D1,D1_CLICK
2545,1,0,D1,D1_CLICK
2546,1,0,D1,D1_CLICK
2547,1,0,D1,D1_CLICK
2548,1,0,D1,D1_CLICK
2549,1,0,D1,D1_CLICK
2550,1,0,D1,D1_CLICK
2551,1,0,D1,D1_CLICK
2552,1,0,D1,D1_CLICK
2553,1,0,D1,D1_CLICK
2554,1,0,D1,D1_CLICK
2555,1,0,D1,D1_CLICK
2556,1,0,D1,D1_CLICK
2557,1,0,D1,D1_CLICK
2558,1,0,D1,D1_CLICK
2559,1,0,D1,D1_CLICK
2560,1,0,D1,D1_CLICK
2561,1,0,D1,D1_CLICK
2562,1,0,D1,D1_CLICK
2563,1,0,D1,D1_CLICK
2564,1,0,D1,D1_CLICK
2565,1,0,D1,D1_CLICK
2566,1,0,D1,D1_CLICK
2567,1,0,D1,D1_CLICK
2568,0,0,NONE,NO_CLICK
2569,0,0,NONE,NO_CLICK
2570,0,0,NONE,NO_CLICK
2571,0,0,NONE,NO_CLICK
2572,0,0,NONE,NO_CLICK
2573,0,0,NONE,NO_CLICK
2574,0,0,NONE,NO_CLICK
2575,0,0,NONE,NO_CLICK
2576,0,0,NONE,NO_CLICK
2577,0,0,NONE,NO_CLICK
2578,0,0,NONE,NO_CLICK
2579,0,0,NONE,NO_CLICK
2580,0,0,NONE,NO_CLICK
2581,0,0,NONE,NO_CLICK
2582,0,0,NONE,NO_CLICK
2583,0,0,NONE,NO_CLICK
2584,0,0,NONE,NO_CLICK
2585,0,0,NONE,NO_CLICK
2586,0,0,NONE,NO_CLICK
2587,0,0,NONE,NO_CLICK
2588,0,0,NONE,NO_CLICK
2589,0,0,NONE,NO_CLICK
2590,0,0,NONE,NO_CLICK
2591,0,0,NONE,NO_CLICK
2592,0,0,NONE,NO_CLICK
2593,0,0,NONE,NO_CLICK
2594,0,0,NONE,NO_CLICK
2595,0,0,NONE,NO_CLICK
2596,0,0,NONE,NO_CLICK
2597,0,0,NONE,NO_CLICK
2598,0,0,NONE,NO_CLICK
2599,0,0,NONE,NO_CLICK
2600,0,0,NONE,NO_CLICK
2601,0,0,NONE,NO_CLICK
2602,0,0,NONE,NO_CLICK
2603,0,0,NONE,NO_CLICK
2604,0,0,NONE,NO_CLICK
2605,0,0,NONE,NO_CLICK
2606,0,0,NONE,NO_CLICK
2607,0,0,NONE,NO_CLICK
2608,0,0,NONE,NO_CLICK
2609,0,0,NONE,NO_CLICK
2610,0,0,NONE,NO_CLICK
2611,0,0,NONE,NO_CLICK
2612,0,0,NONE,NO_CLICK
2613,0,0,NONE,NO_CLICK
2614,0,0,NONE,NO_CLICK
2615,0,0,NONE,NO_CLICK
2616,0,0,NONE,NO_CLICK
2617,0,0,NONE,NO_CLICK
2618,0,0,NONE,NO_CLICK
2619,0,0,NONE,NO_CLICK
2620,0,0,NONE,NO_CLICK
2621,0,0,NONE,NO_CLICK
2622,0,0,NONE,NO_CLICK
2623,0,0,NONE,NO_CLICK
2624,0,0,NONE,NO_CLICK
2625,0,0,NONE,NO_CLICK
2626,0,0,NONE,NO_CLICK
2627,0,0,NONE,NO_CLICK
2628,0,0,NONE,NO_CLICK
2629,0,0,NONE,NO_CLICK
2630,0,0,NONE,NO_CLICK
2631,0,0,NONE,NO_CLICK
2632,0,0,NONE,NO_CLICK
2633,0,0,NONE,NO_CLICK
2634,0,0,NONE,NO_CLICK
2635,0,0,NONE,NO_CLICK
2636,0,0,NONE,NO_CLICK
2637,0,0,NONE,NO_CLICK
2638,0,0,NONE,NO_CLICK
2639,0,0,NONE,NO_CLICK
2640,0,0,NONE,NO_CLICK
2641,0,0,NONE,NO_CLICK
2642,0,0,NONE,NO_CLICK
2643,0,0,NONE,NO_CLICK
2644,0,0,NONE,NO_CLICK
2645,0,0,NONE,NO_CLICK
2646,0,0,NONE,NO_CLICK
2647,0,0,NONE,NO_CLICK
2648,0,0,NONE,NO_CLICK
2649,0,0,NONE,NO_CLICK
2650,0,0,NONE,NO_CLICK
2651,0,0,NONE,NO_CLICK
2652,0,0,NONE,NO_CLICK
2653,0,0,NONE,NO_CLICK
2654,0,0,NONE,NO_CLICK
2655,0,0,NONE,NO_CLICK
2656,0,0,NONE,NO_CLICK
2657,0,0,NONE,NO_CLICK
2658,0,0,NONE,NO_CLICK
2659,0,0,NONE,NO_CLICK
2660,0,0,NONE,NO_CLICK
2661,0,0,NONE,NO_CLICK
2662,0,0,NONE,NO_CLICK
2663,0,0,NONE,NO_CLICK
2664,0,0,NONE,NO_CLICK
2665,0,0,NONE,NO_CLICK
2666,0,0,NONE,NO_CLICK
2667,0,0,NONE,NO_CLICK
2668,0,0,NONE,NO_CLICK
2669,0,0,NONE,NO_CLICK
2670,0,0,NONE,NO_CLICK
2671,0,0,NONE,NO_CLICK
2672,0,0,NONE,NO_CLICK
2673,0,0,NONE,NO_CLICK
2674,0,0,NONE,NO_CLICK
2675,0,0,NONE,NO_CLICK
2676,0,0,NONE,NO_CLICK
2677,0,0,NONE,NO_CLICK
2678,0,0,NONE,NO_CLICK
2679,0,0,NONE,NO_CLICK
2680,0,0,NONE,NO_CLICK
2681,0,0,NONE,NO_CLICK
2682,0,0,NONE,NO_CLICK
2683,0,0,NONE,NO_CLICK
2684,0,0,NONE,NO_CLICK
2685,0,0,NONE,NO_CLICK
2686,0,0,NONE,NO_CLICK
2687,0,0,NONE,NO_CLICK
2688,0,0,NONE,NO_CLICK
2689,0,0,NONE,NO_CLICK
2690,0,0,NONE,NO_CLICK
2691,0,0,NONE,NO_CLICK
2692,0,0,NONE,NO_CLICK
2693,0,0,NONE,NO_CLICK
2694,0,0,NONE,NO_CLICK
2695,0,0,NONE,NO_CLICK
2696,0,0,NONE,NO_CLICK
2697,0,0,NONE,NO_CLICK
2698,0,0,NONE,NO_CLICK
2699,0,0,NONE,NO_CLICK
2700,0,0,NONE,NO_CLICK
2701,0,0,NONE,NO_CLICK
2702,0,0,NONE,NO_CLICK
2703,0,0,NONE,NO_CLICK
2704,0,0,NONE,NO_CLICK
2705,0,0,NONE,NO_CLICK
2706,0,0,NONE,NO_CLICK
2707,0,0,NONE,NO_CLICK
2708,0,0,NONE,NO_CLICK
2709,0,0,NONE,NO_CLICK
2710,0,0,NONE,NO_CLICK
2711,0,0,NONE,NO_CLICK
2712,0,0,NONE,NO_CLICK
2713,0,0,NONE,NO_CLICK
2714,0,0,NONE,NO_CLICK
2715,0,0,NONE,NO_CLICK
2716,0,0,NONE,NO_CLICK
2717,0,0,NONE,NO_CLICK
2718,0,0,NONE,NO_CLICK
2719,0,0,NONE,NO_CLICK
2720,0,0,NONE,NO_CLICK
2721,0,0,NONE,NO_CLICK
2722,0,0,NONE,NO_CLICK
2723,0,0,NONE,NO_CLICK
2724,0,0,NONE,NO_CLICK
2725,0,0,NONE,NO_CLICK
2726,0,0,NONE,NO_CLICK
2727,0,0,NONE,NO_CLICK
2728,0,0,NONE,NO_CLICK
2729,0,0,NONE,NO_CLICK
2730,0,0,NONE,NO_CLICK
2731,0,0,NONE,NO_CLICK
2732,0,0,NONE,NO_CLICK
2733,0,0,NONE,NO_CLICK
2734,0,0,NONE,NO_CLICK
2735,0,0,NONE,NO_CLICK
2736,0,0,NONE,NO_CLICK
2737,0,0,NONE,NO_CLICK
2738,0,0,NONE,NO_CLICK
2739,0,0,NONE,NO_CLICK
2740,0,0,NONE,NO_CLICK
2741,0,0,NONE,NO_CLICK
2742,0,0,NONE,NO_CLICK
2743,0,0,NONE,NO_CLICK
2744,0,0,NONE,NO_CLICK
2745,0,0,NONE,NO_CLICK
2746,0,0,NONE,NO_CLICK
2747,0,0,NONE,NO_CLICK
2748,0,0,NONE,NO_CLICK
2749,0,0,NONE,NO_CLICK
2750,0,0,NONE,NO_CLICK
2751,0,0,NONE,NO_CLICK
2752,0,0,NONE,NO_CLICK
2753,0,0,NONE,NO_CLICK
2754,0,0,NONE,NO_CLICK
2755,0,0,NONE,NO_CLICK
2756,0,0,NONE,NO_CLICK
2757,0,0,NONE,NO_CLICK
2758,0,0,NONE,NO_CLICK
2759,0,0,NONE,NO_CLICK
2760,0,0,NONE,NO_CLICK
2761,0,0,NONE,NO_CLICK
2762,0,0,NONE,NO_CLICK
2763,0,0,NONE,NO_CLICK
2764,0,0,NONE,NO_CLICK
2765,0,0,NONE,NO_CLICK
2766,0,0,NONE,NO_CLICK
2767,0,0,NONE,NO_CLICK
2768,0,0,NONE,NO_CLICK
2769,0,0,NONE,NO_CLICK
2770,0,0,NONE,NO_CLICK
2771,0,0,NONE,NO_CLICK
2772,0,0,NONE,NO_CLICK
2773,0,0,NONE,NO_CLICK
2774,0,0,NONE,NO_CLICK
2775,0,0,NONE,NO_CLICK
2776,0,0,NONE,NO_CLICK
2777,0,0,NONE,NO_CLICK
2778,0,0,NONE,NO_CLICK
2779,0,0,NONE,NO_CLICK
2780,0,0,NONE,NO_CLICK
2781,0,0,NONE,NO_CLICK
2782,0,0,NONE,NO_CLICK
2783,0,0,NONE,NO_CLICK
2784,0,0,NONE,NO_CLICK
2785,0,0,NONE,NO_CLICK
2786,0,0,NONE,NO_CLICK
2787,0,0,NONE,NO_CLICK
2788,0,0,NONE,NO_CLICK
2789,0,0,NONE,NO_CLICK
2790,0,0,NONE,NO_CLICK
2791,0,0,NONE,NO_CLICK
2792,0,0,NONE,NO_CLICK
2793,0,0,NONE,NO_CLICK
2794,0,0,NONE,NO_CLICK
2795,0,0,NONE,NO_CLICK
2796,0,0,NONE,NO_CLICK
2797,0,0,NONE,NO_CLICK
2798,0,0,NONE,NO_CLICK
2799,0,0,NONE,NO_CLICK
2800,0,0,NONE,NO_CLICK
2801,0,0,NONE,NO_CLICK
2802,0,0,NONE,NO_CLICK
2803,0,0,NONE,NO_CLICK
2804,0,0,NONE,NO_CLICK
2805,0,0,NONE,NO_CLICK
2806,0,0,NONE,NO_CLICK
2807,0,0,NONE,NO_CLICK
2808,0,0,NONE,NO_CLICK
2809,0,0,NONE,NO_CLICK
2810,0,0,NONE,NO_CLICK
2811,0,0,NONE,NO_CLICK
2812,0,0,NONE,NO_CLICK
2813,0,0,NONE,NO_CLICK
2814,0,0,NONE,NO_CLICK
2815,0,0,NONE,NO_CLICK
2816,0,0,NONE,NO_CLICK
2817,0,0,NONE,NO_CLICK
2818,0,1,D2,D2_CLICK
2819,0,1,D2,D2_CLICK
2820,0,1,D2,D2_CLICK
2821,0,1,D2,D2_CLICK
2822,0,1,D2,D2_CLICK
2823,0,1,D2,D2_CLICK
2824,0,1,D2,D2_CLICK
2825,0,1,D2,D2_CLICK
2826,0,1,D2,D2_CLICK
2827,0,1,D2,D2_CLICK
2828,0,1,D2,D2_CLICK
2829,0,1,D2,D2_CLICK
2830,0,1,D2,D2_CLICK
2831,0,1,D2,D2_CLICK
2832,0,1,D2,D2_CLICK
2833,0,1,D2,D2_CLICK
2834,0,1,D2,D2_CLICK
2835,0,1,D2,D2_CLICK
2836,0,1,D2,D2_CLICK
2837,0,1,D2,D2_CLICK
2838,0,1,D2,D2_CLICK
2839,0,1,D2,D2_CLICK
2840,0,1,D2,D2_CLICK
2841,0,1,D2,D2_CLICK
2842,0,1,D2,D2_CLICK
2843,0,1,D2,D2_CLICK
2844,0,1,D2,D2_CLICK
2845,0,1,D2,D2_CLICK
2846,0,1,D2,D2_CLICK
2847,0,1,D2,D2_CLICK
2848,0,1,D2,D2_CLICK
2849,0,1,D2,D2_CLICK
2850,0,1,D2,D2_CLICK
2851,0,1,D2,D2_CLICK
2852,0,1,D2,D2_CLICK
2853,0,1,D2,D2_CLICK
2854,0,1,D2,D2_CLICK
2855,0,1,D2,D2_CLICK
2856,0,0,NONE,NO_CLICK
2857,0,0,NONE,NO_CLICK
2858,0,0,NONE,NO_CLICK
2859,0,0,NONE,NO_CLICK
2860,0,0,NONE,NO_CLICK
2861,0,0,NONE,NO_CLICK
2862,0,0,NONE,NO_CLICK
2863,0,0,NONE,NO_CLICK
2864,0,0,NONE,NO_CLICK
2865,0,0,NONE,NO_CLICK
2866,0,0,NONE,NO_CLICK
2867,0,0,NONE,NO_CLICK
2868,0,0,NONE,NO_CLICK
2869,0,0,NONE,NO_CLICK
2870,0,0,NONE,NO_CLICK
2871,0,0,NONE,NO_CLICK
2872,0,0,NONE,NO_CLICK
2873,0,0,NONE,NO_CLICK
2874,0,0,NONE,NO_CLICK
2875,0,0,NONE,NO_CLICK
2876,0,0,NONE,NO_CLICK
2877,0,0,NONE,NO_CLICK
2878,0,0,NONE,NO_CLICK
2879,0,0,NONE,NO_CLICK
2880,0,0,NONE,NO_CLICK
2881,0,0,NONE,NO_CLICK
2882,0,0,NONE,NO_CLICK
2883,0,0,NONE,NO_CLICK
2884,0,0,NONE,NO_CLICK
2885,0,0,NONE,NO_CLICK
2886,0,0,NONE,NO_CLICK
2887,0,0,NONE,NO_CLICK
2888,0,0,NONE,NO_CLICK
2889,0,0,NONE,NO_CLICK
2890,0,0,NONE,NO_CLICK
2891,0,0,NONE,NO_CLICK
2892,0,0,NONE,NO_CLICK
2893,0,0,NONE,NO_CLICK
2894,0,0,NONE,NO_CLICK
2895,0,0,NONE,NO_CLICK
2896,0,0,NONE,NO_CLICK
2897,0,0,NONE,NO_CLICK
2898,0,0,NONE,NO_CLICK
2899,0,0,NONE,NO_CLICK
2900,0,0,NONE,NO_CLICK
2901,0,0,NONE,NO_CLICK
2902,0,0,NONE,NO_CLICK
2903,0,0,NONE,NO_CLICK
2904,0,0,NONE,NO_CLICK
2905,0,0,NONE,NO_CLICK
2906,0,0,NONE,NO_CLICK
2907,0,0,NONE,NO_CLICK
2908,0,0,NONE,NO_CLICK
2909,0,0,NONE,NO_CLICK
2910,0,0,NONE,NO_CLICK
2911,0,0,NONE,NO_CLICK
2912,0,0,NONE,NO_CLICK
2913,0,0,NONE,NO_CLICK
2914,0,0,NONE,NO_CLICK
2915,0,0,NONE,NO_CLICK
2916,0,0,NONE,NO_CLICK
2917,0,0,NONE,NO_CLICK
2918,0,0,NONE,NO_CLICK
2919,0,0,NONE,NO_CLICK
2920,0,0,NONE,NO_CLICK
2921,0,0,NONE,NO_CLICK
2922,0,0,NONE,NO_CLICK
2923,0,0,NONE,NO_CLICK
2924,0,0,NONE,NO_CLICK
2925,0,0,NONE,NO_CLICK
2926,0,0,NONE,NO_CLICK
2927,0,0,NONE,NO_CLICK
2928,0,0,NONE,NO_CLICK
2929,0,0,NONE,NO_CLICK
2930,0,0,NONE,NO_CLICK
2931,0,0,NONE,NO_CLICK
2932,0,0,NONE,NO_CLICK
2933,0,0,NONE,NO_CLICK
2934,0,0,NONE,NO_CLICK
2935,0,0,NONE,NO_CLICK
2936,0,0,NONE,NO_CLICK
2937,0,0,NONE,NO_CLICK
2938,0,0,NONE,NO_CLICK
2939,0,0,NONE,NO_CLICK
2940,0,0,NONE,NO_CLICK
2941,0,0,NONE,NO_CLICK
2942,0,0,NONE,NO_CLICK
2943,0,0,NONE,NO_CLICK
2944,0,0,NONE,NO_CLICK
2945,0,0,NONE,NO_CLICK
2946,0,0,NONE,NO_CLICK
2947,0,0,NONE,NO_CLICK
2948,0,0,NONE,NO_CLICK
2949,0,0,NONE,NO_CLICK
2950,0,0,NONE,NO_CLICK
2951,0,0,NONE,NO_CLICK
2952,0,0,NONE,NO_CLICK
2953,0,0,NONE,NO_CLICK
2954,0,0,NONE,NO_CLICK
2955,0,0,NONE,NO_CLICK
2956,0,0,NONE,NO_CLICK
2957,0,0,NONE,NO_CLICK
2958,0,0,NONE,NO_CLICK
2959,0,0,NONE,NO_CLICK
2960,0,0,NONE,NO_CLICK
2961,0,0,NONE,NO_CLICK
2962,0,0,NONE,NO_CLICK
2963,0,0,NONE,NO_CLICK
2964,0,0,NONE,NO_CLICK
2965,0,0,NONE,NO_CLICK
2966,0,0,NONE,NO_CLICK
2967,0,0,NONE,NO_CLICK
2968,0,0,NONE,NO_CLICK
2969,0,0,NONE,NO_CLICK
2970,0,0,NONE,NO_CLICK
2971,0,0,NONE,NO_CLICK
2972,0,0,NONE,NO_CLICK
2973,0,0,NONE,NO_CLICK
2974,0,0,NONE,NO_CLICK
2975,0,0,NONE,NO_CLICK
2976,0,0,NONE,NO_CLICK
2977,0,0,NONE,NO_CLICK
2978,0,0,NONE,NO_CLICK
2979,0,0,NONE,NO_CLICK
2980,0,0,NONE,NO_CLICK
2981,0,0,NONE,NO_CLICK
2982,0,0,NONE,NO_CLICK
2983,0,0,NONE,NO_CLICK
2984,0,0,NONE,NO_CLICK
2985,0,0,NONE,NO_CLICK
2986,0,0,NONE,NO_CLICK
2987,0,0,NONE,NO_CLICK
2988,0,0,NONE,NO_CLICK
2989,0,0,NONE,NO_CLICK
2990,0,0,NONE,NO_CLICK
2991,0,0,NONE,NO_CLICK
2992,0,0,NONE,NO_CLICK
2993,0,0,NONE,NO_CLICK
2994,0,0,NONE,NO_CLICK
2995,0,0,NONE,NO_CLICK
2996,0,0,NONE,NO_CLICK
2997,0,0,NONE,NO_CLICK
2998,0,0,NONE,NO_CLICK
2999,0,0,NONE,NO_CLICK
3000,0,0,NONE,NO_CLICK
3001,0,0,NONE,NO_CLICK
3002,0,0,NONE,NO_CLICK
3003,0,0,NONE,NO_CLICK
3004,0,0,NONE,NO_CLICK
3005,0,0,NONE,NO_CLICK
3006,0,0,NONE,NO_CLICK
3007,0,0,NONE,NO_CLICK
3008,0,0,NONE,NO_CLICK
3009,0,0,NONE,NO_CLICK
3010,0,0,NONE,NO_CLICK
3011,0,0,NONE,NO_CLICK
3012,0,0,NONE,NO_CLICK
3013,0,0,NONE,NO_CLICK
3014,0,0,NONE,NO_CLICK
3015,0,0,NONE,NO_CLICK
3016,0,0,NONE,NO_CLICK
3017,0,0,NONE,NO_CLICK
3018,0,0,NONE,NO_CLICK
3019,0,0,NONE,NO_CLICK
3020,0,0,NONE,NO_CLICK
3021,0,0,NONE,NO_CLICK
3022,0,0,NONE,NO_CLICK
3023,0,0,NONE,NO_CLICK
3024,0,0,NONE,NO_CLICK
3025,0,0,NONE,NO_CLICK
3026,0,0,NONE,NO_CLICK
3027,0,0,NONE,NO_CLICK
3028,0,0,NONE,NO_CLICK
3029,0,0,NONE,NO_CLICK
3030,0,0,NONE,NO_CLICK
3031,0,0,NONE,NO_CLICK
3032,0,0,NONE,NO_CLICK
3033,0,0,NONE,NO_CLICK
3034,0,0,NONE,NO_CLICK
3035,0,0,NONE,NO_CLICK
3036,0,0,NONE,NO_CLICK
3037,0,0,NONE,NO_CLICK
3038,0,0,NONE,NO_CLICK
3039,0,0,NONE,NO_CLICK
3040,0,0,NONE,NO_CLICK
3041,0,0,NONE,NO_CLICK
3042,1,0,D1,D1_CLICK
3043,1,0,D1,D1_CLICK
3044,1,0,D1,D1_CLICK
3045,1,0,D1,D1_CLICK
3046,1,0,D1,D1_CLICK
3047,1,0,D1,D1_CLICK
3048,1,0,D1,D1_CLICK
3049,1,0,D1,D1_CLICK
3050,1,0,D1,D1_CLICK
3051,1,0,D1,D1_CLICK
3052,1,0,D1,D1_CLICK
3053,1,0,D1,D1_CLICK
3054,1,0,D1,D1_CLICK
3055,1,0,D1,D1_CLICK
3056,1,0,D1,D1_CLICK
3057,1,0,D1,D1_CLICK
3058,1,0,D1,D1_CLICK
3059,1,0,D1,D1_CLICK
3060,1,0,D1,D1_CLICK
3061,1,0,D1,D1_CLICK
3062,1,0,D1,D1_CLICK
3063,1,0,D1,D1_CLICK
3064,1,0,D1,D1_CLICK
3065,1,0,D1,D1_CLICK
3066,1,0,D1,D1_CLICK
3067,1,0,D1,D1_CLICK
3068,1,0,D1,D1_CLICK
3069,1,0,D1,D1_CLICK
3070,1,0,D1,D1_CLICK
3071,1,0,D1,D1_CLICK
3072,1,0,D1,D1_CLICK
3073,1,0,D1,D1_CLICK
3074,1,1,BOTH,DOUBLE_CLICK
3075,1,1,BOTH,DOUBLE_CLICK
3076,1,1,BOTH,DOUBLE_CLICK
3077,1,1,BOTH,DOUBLE_CLICK
3078,1,1,BOTH,DOUBLE_CLICK
3079,1,1,BOTH,DOUBLE_CLICK
3080,0,1,D2,D2_CLICK
3081,0,1,D2,D2_CLICK
3082,0,1,D2,D2_CLICK
3083,0,1,D2,D2_CLICK
3084,0,1,D2,D2_CLICK
3085,0,1,D2,D2_CLICK
3086,0,1,D2,D2_CLICK
3087,0,1,D2,D2_CLICK
3088,0,1,D2,D2_CLICK
3089,0,1,D2,D2_CLICK
3090,0,1,D2,D2_CLICK
3091,0,1,D2,D2_CLICK
3092,0,1,D2,D2_CLICK
3093,0,1,D2,D2_CLICK
3094,0,1,D2,D2_CLICK
3095,0,1,D2,D2_CLICK
3096,0,1,D2,D2_CLICK
3097,0,1,D2,D2_CLICK
3098,0,1,D2,D2_CLICK
3099,0,1,D2,D2_CLICK
3100,0,1,D2,D2_CLICK
3101,0,1,D2,D2_CLICK
3102,0,1,D2,D2_CLICK
3103,0,1,D2,D2_CLICK
3104,0,1,D2,D2_CLICK
3105,0,1,D2,D2_CLICK
3106,0,1,D2,D2_CLICK
3107,0,1,D2,D2_CLICK
3108,0,1,D2,D2_CLICK
3109,0,1,D2,D2_CLICK
3110,0,1,D2,D2_CLICK
3111,0,1,D2,D2_CLICK
3112,0,0,NONE,NO_CLICK
3113,0,0,NONE,NO_CLICK
3114,0,0,NONE,NO_CLICK
3115,0,0,NONE,NO_CLICK
3116,0,0,NONE,NO_CLICK
3117,0,0,NONE,NO_CLICK
3118,0,0,NONE,NO_CLICK
3119,0,0,NONE,NO_CLICK
3120,0,0,NONE,NO_CLICK
3121,0,0,NONE,NO_CLICK
3122,0,0,NONE,NO_CLICK
3123,0,0,NONE,NO_CLICK
3124,0,0,NONE,NO_CLICK
3125,0,0,NONE,NO_CLICK
3126,0,0,NONE,NO_CLICK
3127,0,0,NONE,NO_CLICK
3128,0,0,NONE,NO_CLICK
3129,0,0,NONE,NO_CLICK
3130,0,0,NONE,NO_CLICK
3131,0,0,NONE,NO_CLICK
3132,0,0,NONE,NO_CLICK
3133,0,0,NONE,NO_CLICK
3134,0,0,NONE,NO_CLICK
3135,0,0,NONE,NO_CLICK
3136,0,0,NONE,NO_CLICK
3137,0,0,NONE,NO_CLICK
3138,0,0,NONE,NO_CLICK
3139,0,0,NONE,NO_CLICK
3140,0,0,NONE,NO_CLICK
3141,0,0,NONE,NO_CLICK
3142,0,0,NONE,NO_CLICK
3143,0,0,NONE,NO_CLICK
3144,0,0,NONE,NO_CLICK
3145,0,0,NONE,NO_CLICK
3146,0,0,NONE,NO_CLICK
3147,0,0,NONE,NO_CLICK
3148,0,0,NONE,NO_CLICK
3149,0,0,NONE,NO_CLICK
3150,0,0,NONE,NO_CLICK
3151,0,0,NONE,NO_CLICK
3152,0,0,NONE,NO_CLICK
3153,0,0,NONE,NO_CLICK
3154,0,0,NONE,NO_CLICK
3155,0,0,NONE,NO_CLICK
3156,0,0,NONE,NO_CLICK
3157,0,0,NONE,NO_CLICK
3158,0,0,NONE,NO_CLICK
3159,0,0,NONE,NO_CLICK
3160,0,0,NONE,NO_CLICK
3161,0,0,NONE,NO_CLICK
3162,0,0,NONE,NO_CLICK
3163,0,0,NONE,NO_CLICK
3164,0,0,NONE,NO_CLICK
3165,0,0,NONE,NO_CLICK
3166,0,0,NONE,NO_CLICK
3167,0,0,NONE,NO_CLICK
3168,0,0,NONE,NO_CLICK
3169,0,0,NONE,NO_CLICK
3170,0,0,NONE,NO_CLICK
3171,0,0,NONE,NO_CLICK
3172,0,0,NONE,NO_CLICK
3173,0,0,NONE,NO_CLICK
3174,0,0,NONE,NO_CLICK
3175,0,0,NONE,NO_CLICK
3176,0,0,NONE,NO_CLICK
3177,0,0,NONE,NO_CLICK
3178,0,0,NONE,NO_CLICK
3179,0,0,NONE,NO_CLICK
3180,0,0,NONE,NO_CLICK
3181,0,0,NONE,NO_CLICK
3182,0,0,NONE,NO_CLICK
3183,0,0,NONE,NO_CLICK
3184,0,0,NONE,NO_CLICK
3185,0,0,NONE,NO_CLICK
3186,0,0,NONE,NO_CLICK
3187,0,0,NONE,NO_CLICK
3188,0,0,NONE,NO_CLICK
3189,0,0,NONE,NO_CLICK
3190,0,0,NONE,NO_CLICK
3191,0,0,NONE,NO_CLICK
3192,0,0,NONE,NO_CLICK
3193,0,0,NONE,NO_CLICK
3194,0,0,NONE,NO_CLICK
3195,0,0,NONE,NO_CLICK
3196,0,0,NONE,NO_CLICK
3197,0,0,NONE,NO_CLICK
3198,0,0,NONE,NO_CLICK
3199,0,0,NONE,NO_CLICK
3200,0,0,NONE,NO_CLICK
3201,0,0,NONE,NO_CLICK
3202,0,0,NONE,NO_CLICK
3203,0,0,NONE,NO_CLICK
3204,0,0,NONE,NO_CLICK
3205,0,0,NONE,NO_CLICK
3206,0,0,NONE,NO_CLICK
3207,0,0,NONE,NO_CLICK
3208,0,0,NONE,NO_CLICK
3209,0,0,NONE,NO_CLICK
3210,0,0,NONE,NO_CLICK
3211,0,0,NONE,NO_CLICK
3212,0,0,NONE,NO_CLICK
3213,0,0,NONE,NO_CLICK
3214,0,0,NONE,NO_CLICK
3215,0,0,NONE,NO_CLICK
3216,0,0,NONE,NO_CLICK
3217,0,0,NONE,NO_CLICK
3218,0,0,NONE,NO_CLICK
3219,0,0,NONE,NO_CLICK
3220,0,0,NONE,NO_CLICK
3221,0,0,NONE,NO_CLICK
3222,0,0,NONE,NO_CLICK
3223,0,0,NONE,NO_CLICK
3224,0,0,NONE,NO_CLICK
3225,0,0,NONE,NO_CLICK
3226,0,0,NONE,NO_CLICK
3227,0,0,NONE,NO_CLICK
3228,0,0,NONE,NO_CLICK
3229,0,0,NONE,NO_CLICK
3230,0,0,NONE,NO_CLICK
3231,0,0,NONE,NO_CLICK
3232,0,0,NONE,NO_CLICK
3233,0,0,NONE,NO_CLICK
3234,0,0,NONE,NO_CLICK
3235,0,0,NONE,NO_CLICK
3236,0,0,NONE,NO_CLICK
3237,0,0,NONE,NO_CLICK
3238,0,0,NONE,NO_CLICK
3239,0,0,NONE,NO_CLICK
3240,0,0,NONE,NO_CLICK
3241,0,0,NONE,NO_CLICK
3242,0,0,NONE,NO_CLICK
3243,0,0,NONE,NO_CLICK
3244,0,0,NONE,NO_CLICK
3245,0,0,NONE,NO_CLICK
3246,0,0,NONE,NO_CLICK
3247,0,0,NONE,NO_CLICK
3248,0,0,NONE,NO_CLICK
3249,0,0,NONE,NO_CLICK
3250,0,0,NONE,NO_CLICK
3251,0,0,NONE,NO_CLICK
3252,0,0,NONE,NO_CLICK
3253,0,0,NONE,NO_CLICK
3254,0,0,NONE,NO_CLICK
3255,0,0,NONE,NO_CLICK
3256,0,0,NONE,NO_CLICK
3257,0,0,NONE,NO_CLICK
3258,0,0,NONE,NO_CLICK
3259,0,0,NONE,NO_CLICK
3260,0,0,NONE,NO_CLICK
3261,0,0,NONE,NO_CLICK
3262,0,0,NONE,NO_CLICK
3263,0,0,NONE,NO_CLICK
3264,0,0,NONE,NO_CLICK
3265,0,0,NONE,NO_CLICK
3266,0,0,NONE,NO_CLICK
3267,0,0,NONE,NO_CLICK
3268,0,0,NONE,NO_CLICK
3269,0,0,NONE,NO_CLICK
3270,0,0,NONE,NO_CLICK
3271,0,0,NONE,NO_CLICK
3272,0,0,NONE,NO_CLICK
3273,0,0,NONE,NO_CLICK
3274,0,0,NONE,NO_CLICK
3275,0,0,NONE,NO_CLICK
3276,0,0,NONE,NO_CLICK
3277,0,0,NONE,NO_CLICK
3278,0,0,NONE,NO_CLICK
3279,0,0,NONE,NO_CLICK
3280,0,0,NONE,NO_CLICK
3281,0,0,NONE,NO_CLICK
3282,0,0,NONE,NO_CLICK
3283,0,0,NONE,NO_CLICK
3284,0,0,NONE,NO_CLICK
3285,0,0,NONE,NO_CLICK
3286,0,0,NONE,NO_CLICK
3287,0,0,NONE,NO_CLICK
3288,0,0,NONE,NO_CLICK
3289,0,0,NONE,NO_CLICK
3290,0,0,NONE,NO_CLICK
3291,0,0,NONE,NO_CLICK
3292,0,0,NONE,NO_CLICK
3293,0,0,NONE,NO_CLICK
3294,0,0,NONE,NO_CLICK
3295,0,0,NONE,NO_CLICK
3296,0,0,NONE,NO_CLICK
3297,0,0,NONE,NO_CLICK
3298,0,0,NONE,NO_CLICK
3299,0,0,NONE,NO_CLICK
3300,0,0,NONE,NO_CLICK
3301,0,0,NONE,NO_CLICK
3302,0,0,NONE,NO_CLICK
3303,0,0,NONE,NO_CLICK
3304,0,0,NONE,NO_CLICK
3305,0,0,NONE,NO_CLICK
3306,0,0,NONE,NO_CLICK
3307,0,0,NONE,NO_CLICK
3308,0,0,NONE,NO_CLICK
3309,0,0,NONE,NO_CLICK
3310,0,0,NONE,NO_CLICK
3311,0,0,NONE,NO_CLICK
3312,0,0,NONE,NO_CLICK
3313,0,0,NONE,NO_CLICK
3314,0,0,NONE,NO_CLICK
3315,0,0,NONE,NO_CLICK
3316,0,0,NONE,NO_CLICK
3317,0,0,NONE,NO_CLICK
3318,0,0,NONE,NO_CLICK
3319,0,0,NONE,NO_CLICK
3320,0,0,NONE,NO_CLICK
3321,0,0,NONE,NO_CLICK
3322,0,0,NONE,NO_CLICK
3323,0,0,NONE,NO_CLICK
3324,0,0,NONE,NO_CLICK
3325,0,0,NONE,NO_CLICK
3326,0,0,NONE,NO_CLICK
3327,0,0,NONE,NO_CLICK
3328,0,0,NONE,NO_CLICK
3329,0,0,NONE,NO_CLICK
3330,0,0,NONE,NO_CLICK
3331,0,0,NONE,NO_CLICK
3332,0,0,NONE,NO_CLICK
3333,0,0,NONE,NO_CLICK
3334,0,0,NONE,NO_CLICK
3335,0,0,NONE,NO_CLICK
3336,0,0,NONE,NO_CLICK
3337,0,0,NONE,NO_CLICK
3338,0,0,NONE,NO_CLICK
3339,0,0,NONE,NO_CLICK
3340,0,0,NONE,NO_CLICK
3341,0,0,NONE,NO_CLICK
3342,0,0,NONE,NO_CLICK
3343,0,0,NONE,NO_CLICK
3344,0,0,NONE,NO_CLICK
3345,0,0,NONE,NO_CLICK
3346,0,0,NONE,NO_CLICK
3347,0,0,NONE,NO_CLICK
3348,0,0,NONE,NO_CLICK
3349,0,0,NONE,NO_CLICK
3350,0,0,NONE,NO_CLICK
3351,0,0,NONE,NO_CLICK
3352,0,0,NONE,NO_CLICK
3353,0,0,NONE,NO_CLICK
3354,0,0,NONE,NO_CLICK
3355,0,0,NONE,NO_CLICK
3356,0,0,NONE,NO_CLICK
3357,0,0,NONE,NO_CLICK
3358,0,0,NONE,NO_CLICK
3359,0,0,NONE,NO_CLICK
3360,0,0,NONE,NO_CLICK
3361,0,0,NONE,NO_CLICK
3362,0,0,NONE,NO_CLICK
3363,0,0,NONE,NO_CLICK
3364,0,0,NONE,NO_CLICK
3365,0,0,NONE,NO_CLICK
3366,0,0,NONE,NO_CLICK
3367,0,0,NONE,NO_CLICK
3368,0,0,NONE,NO_CLICK
3369,0,0,NONE,NO_CLICK
3370,0,0,NONE,NO_CLICK
3371,0,0,NONE,NO_CLICK
3372,0,0,NONE,NO_CLICK
3373,0,0,NONE,NO_CLICK
3374,0,0,NONE,NO_CLICK
3375,0,0,NONE,NO_CLICK
3376,0,0,NONE,NO_CLICK
3377,0,0,NONE,NO_CLICK
3378,0,0,NONE,NO_CLICK
3379,0,0,NONE,NO_CLICK
3380,0,0,NONE,NO_CLICK
3381,0,0,NONE,NO_CLICK
3382,0,0,NONE,NO_CLICK
3383,0,0,NONE,NO_CLICK
3384,0,0,NONE,NO_CLICK
3385,0,0,NONE,NO_CLICK
3386,0,0,NONE,NO_CLICK
3387,0,0,NONE,NO_CLICK
3388,0,0,NONE,NO_CLICK
3389,0,0,NONE,NO_CLICK
3390,0,0,NONE,NO_CLICK
3391,0,0,NONE,NO_CLICK
3392,0,0,NONE,NO_CLICK
3393,0,0,NONE,NO_CLICK
3394,1,0,D1,D1_CLICK
3395,1,0,D1,D1_CLICK
3396,1,0,D1,D1_CLICK
3397,1,0,D1,D1_CLICK
3398,1,0,D1,D1_CLICK
3399,1,0,D1,D1_CLICK
3400,1,0,D1,D1_CLICK
3401,1,0,D1,D1_CLICK
3402,1,0,D1,D1_CLICK
3403,1,0,D1,D1_CLICK
3404,1,0,D1,D1_CLICK
3405,1,0,D1,D1_CLICK
3406,1,0,D1,D1_CLICK
3407,1,0,D1,D1_CLICK
3408,1,0,D1,D1_CLICK
3409,1,0,D1,D1_CLICK
3410,1,0,D1,D1_CLICK
3411,1,0,D1,D1_CLICK
3412,1,0,D1,D1_CLICK
3413,1,0,D1,D1_CLICK
3414,1,0,D1,D1_CLICK
3415,1,0,D1,D1_CLICK
3416,1,0,D1,D1_CLICK
3417,1,0,D1,D1_CLICK
3418,1,0,D1,D1_CLICK
3419,1,0,D1,D1_CLICK
3420,1,0,D1,D1_CLICK
3421,1,0,D1,D1_CLICK
3422,1,0,D1,D1_CLICK
3423,1,0,D1,D1_CLICK
3424,1,0,D1,D1_CLICK
3425,1,0,D1,D1_CLICK
3426,1,1,BOTH,DOUBLE_CLICK
3427,1,1,BOTH,DOUBLE_CLICK
3428,1,1,BOTH,DOUBLE_CLICK
3429,1,1,BOTH,DOUBLE_CLICK
3430,1,1,BOTH,DOUBLE_CLICK
3431,1,1,BOTH,DOUBLE_CLICK
3432,0,1,D2,D2_CLICK
3433,0,1,D2,D2_CLICK
3434,0,1,D2,D2_CLICK
3435,0,1,D2,D2_CLICK
3436,0,1,D2,D2_CLICK
3437,0,1,D2,D2_CLICK
3438,0,1,D2,D2_CLICK
3439,0,1,D2,D2_CLICK
3440,0,1,D2,D2_CLICK
3441,0,1,D2,D2_CLICK
3442,0,1,D2,D2_CLICK
3443,0,1,D2,D2_CLICK
3444,0,1,D2,D2_CLICK
3445,0,1,D2,D2_CLICK
3446,0,1,D2,D2_CLICK
3447,0,1,D2,D2_CLICK
3448,0,1,D2,D2_CLICK
3449,0,1,D2,D2_CLICK
3450,0,1,D2,D2_CLICK
3451,0,1,D2,D2_CLICK
3452,0,1,D2,D2_CLICK
3453,0,1,D2,D2_CLICK
3454,0,1,D2,D2_CLICK
3455,0,1,D2,D2_CLICK
3456,0,1,D2,D2_CLICK
3457,0,1,D2,D2_CLICK
3458,0,1,D2,D2_CLICK
3459,0,1,D2,D2_CLICK
3460,0,1,D2,D2_CLICK
3461,0,1,D2,D2_CLICK
3462,0,1,D2,D2_CLICK
3463,0,1,D2,D2_CLICK
3464,0,0,NONE,NO_CLICK
3465,0,0,NONE,NO_CLICK
3466,0,0,NONE,NO_CLICK
3467,0,0,NONE,NO_CLICK
3468,0,0,NONE,NO_CLICK
3469,0,0,NONE,NO_CLICK
3470,0,0,NONE,NO_CLICK
3471,0,0,NONE,NO_CLICK
3472,0,0,NONE,NO_CLICK
3473,0,0,NONE,NO_CLICK
3474,0,0,NONE,NO_CLICK
3475,0,0,NONE,NO_CLICK
3476,0,0,NONE,NO_CLICK
3477,0,0,NONE,NO_CLICK
3478,0,0,NONE,NO_CLICK
3479,0,0,NONE,NO_CLICK
3480,0,0,NONE,NO_CLICK
3481,0,0,NONE,NO_CLICK
3482,0,0,NONE,NO_CLICK
3483,0,0,NONE,NO_CLICK
3484,0,0,NONE,NO_CLICK
3485,0,0,NONE,NO_CLICK
3486,0,0,NONE,NO_CLICK
3487,0,0,NONE,NO_CLICK
3488,0,0,NONE,NO_CLICK
3489,0,0,NONE,NO_CLICK
3490,0,0,NONE,NO_CLICK
3491,0,0,NONE,NO_CLICK
3492,0,0,NONE,NO_CLICK
3493,0,0,NONE,NO_CLICK
3494,0,0,NONE,NO_CLICK
3495,0,0,NONE,NO_CLICK
3496,0,0,NONE,NO_CLICK
3497,0,0,NONE,NO_CLICK
3498,0,0,NONE,NO_CLICK
3499,0,0,NONE,NO_CLICK
3500,0,0,NONE,NO_CLICK
3501,0,0,NONE,NO_CLICK
3502,0,0,NONE,NO_CLICK
3503,0,0,NONE,NO_CLICK
3504,0,0,NONE,NO_CLICK
3505,0,0,NONE,NO_CLICK
3506,0,0,NONE,NO_CLICK
3507,0,0,NONE,NO_CLICK
3508,0,0,NONE,NO_CLICK
3509,0,0,NONE,NO_CLICK
3510,0,0,NONE,NO_CLICK
3511,0,0,NONE,NO_CLICK
3512,0,0,NONE,NO_CLICK
3513,0,0,NONE,NO_CLICK
3514,0,0,NONE,NO_CLICK
3515,0,0,NONE,NO_CLICK
3516,0,0,NONE,NO_CLICK
3517,0,0,NONE,NO_CLICK
3518,0,0,NONE,NO_CLICK
3519,0,0,NONE,NO_CLICK
3520,0,0,NONE,NO_CLICK
3521,0,0,NONE,NO_CLICK
3522,0,0,NONE,NO_CLICK
3523,0,0,NONE,NO_CLICK
3524,0,0,NONE,NO_CLICK
3525,0,0,NONE,NO_CLICK
3526,0,0,NONE,NO_CLICK
3527,0,0,NONE,NO_CLICK
3528,0,0,NONE,NO_CLICK
3529,0,0,NONE,NO_CLICK
3530,0,0,NONE,NO_CLICK
3531,0,0,NONE,NO_CLICK
3532,0,0,NONE,NO_CLICK
3533,0,0,NONE,NO_CLICK
3534,0,0,NONE,NO_CLICK
3535,0,0,NONE,NO_CLICK
3536,0,0,NONE,NO_CLICK
3537,0,0,NONE,NO_CLICK
3538,0,0,NONE,NO_CLICK
3539,0,0,NONE,NO_CLICK
3540,0,0,NONE,NO_CLICK
3541,0,0,NONE,NO_CLICK
3542,0,0,NONE,NO_CLICK
3543,0,0,NONE,NO_CLICK
3544,0,0,NONE,NO_CLICK
3545,0,0,NONE,NO_CLICK
3546,0,0,NONE,NO_CLICK
3547,0,0,NONE,NO_CLICK
3548,0,0,NONE,NO_CLICK
3549,0,0,NONE,NO_CLICK
3550,0,0,NONE,NO_CLICK
3551,0,0,NONE,NO_CLICK
3552,0,0,NONE,NO_CLICK
3553,0,0,NONE,NO_CLICK
3554,0,0,NONE,NO_CLICK
3555,0,0,NONE,NO_CLICK
3556,0,0,NONE,NO_CLICK
3557,0,0,NONE,NO_CLICK
3558,0,0,NONE,NO_CLICK
3559,0,0,NONE,NO_CLICK
3560,0,0,NONE,NO_CLICK
3561,0,0,NONE,NO_CLICK
3562,0,0,NONE,NO_CLICK
3563,0,0,NONE,NO_CLICK
3564,0,0,NONE,NO_CLICK
3565,0,0,NONE,NO_CLICK
3566,0,0,NONE,NO_CLICK
3567,0,0,NONE,NO_CLICK
3568,0,0,NONE,NO_CLICK
3569,0,0,NONE,NO_CLICK
3570,0,0,NONE,NO_CLICK
3571,0,0,NONE,NO_CLICK
3572,0,0,NONE,NO_CLICK
3573,0,0,NONE,NO_CLICK
3574,0,0,NONE,NO_CLICK
3575,0,0,NONE,NO_CLICK
3576,0,0,NONE,NO_CLICK
3577,0,0,NONE,NO_CLICK
3578,0,0,NONE,NO_CLICK
3579,0,0,NONE,NO_CLICK
3580,0,0,NONE,NO_CLICK
3581,0,0,NONE,NO_CLICK
3582,0,0,NONE,NO_CLICK
3583,0,0,NONE,NO_CLICK
3584,0,0,NONE,NO_CLICK
3585,0,0,NONE,NO_CLICK
3586,0,0,NONE,NO_CLICK
3587,0,0,NONE,NO_CLICK
3588,0,0,NONE,NO_CLICK
3589,0,0,NONE,NO_CLICK
3590,0,0,NONE,NO_CLICK
3591,0,0,NONE,NO_CLICK
3592,0,0,NONE,NO_CLICK
3593,0,0,NONE,NO_CLICK
3594,0,0,NONE,NO_CLICK
3595,0,0,NONE,NO_CLICK
3596,0,0,NONE,NO_CLICK
3597,0,0,NONE,NO_CLICK
3598,0,0,NONE,NO_CLICK
3599,0,0,NONE,NO_CLICK
3600,0,0,NONE,NO_CLICK
3601,0,0,NONE,NO_CLICK
3602,0,0,NONE,NO_CLICK
3603,0,0,NONE,NO_CLICK
3604,0,0,NONE,NO_CLICK
3605,0,0,NONE,NO_CLICK
3606,0,0,NONE,NO_CLICK
3607,0,0,NONE,NO_CLICK
3608,0,0,NONE,NO_CLICK
3609,0,0,NONE,NO_CLICK
3610,0,0,NONE,NO_CLICK
3611,0,0,NONE,NO_CLICK
3612,0,0,NONE,NO_CLICK
3613,0,0,NONE,NO_CLICK
3614,0,0,NONE,NO_CLICK
3615,0,0,NONE,NO_CLICK
3616,0,0,NONE,NO_CLICK
3617,0,0,NONE,NO_CLICK
3618,0,0,NONE,NO_CLICK
3619,0,0,NONE,NO_CLICK
3620,0,0,NONE,NO_CLICK
3621,0,0,NONE,NO_CLICK
3622,0,0,NONE,NO_CLICK
3623,0,0,NONE,NO_CLICK
3624,0,0,NONE,NO_CLICK
3625,0,0,NONE,NO_CLICK
3626,0,0,NONE,NO_CLICK
3627,0,0,NONE,NO_CLICK
3628,0,0,NONE,NO_CLICK
3629,0,0,NONE,NO_CLICK
3630,0,0,NONE,NO_CLICK
3631,0,0,NONE,NO_CLICK
3632,0,0,NONE,NO_CLICK
3633,0,0,NONE,NO_CLICK
3634,0,0,NONE,NO_CLICK
3635,0,0,NONE,NO_CLICK
3636,0,0,NONE,NO_CLICK
3637,0,0,NONE,NO_CLICK
3638,0,0,NONE,NO_CLICK
3639,0,0,NONE,NO_CLICK
3640,0,0,NONE,NO_CLICK
3641,0,0,NONE,NO_CLICK
3642,0,0,NONE,NO_CLICK
3643,0,0,NONE,NO_CLICK
3644,0,0,NONE,NO_CLICK
3645,0,0,NONE,NO_CLICK
3646,0,0,NONE,NO_CLICK
3647,0,0,NONE,NO_CLICK
3648,0,0,NONE,NO_CLICK
3649,0,0,NONE,NO_CLICK
3650,0,0,NONE,NO_CLICK
3651,0,0,NONE,NO_CLICK
3652,0,0,NONE,NO_CLICK
3653,0,0,NONE,NO_CLICK
3654,0,0,NONE,NO_CLICK
3655,0,0,NONE,NO_CLICK
3656,0,0,NONE,NO_CLICK
3657,0,0,NONE,NO_CLICK
3658,0,0,NONE,NO_CLICK
3659,0,0,NONE,NO_CLICK
3660,0,0,NONE,NO_CLICK
3661,0,0,NONE,NO_CLICK
3662,0,0,NONE,NO_CLICK
3663,0,0,NONE,NO_CLICK
3664,0,0,NONE,NO_CLICK
3665,0,0,NONE,NO_CLICK
3666,0,0,NONE,NO_CLICK
3667,0,0,NONE,NO_CLICK
3668,0,0,NONE,NO_CLICK
3669,0,0,NONE,NO_CLICK
3670,0,0,NONE,NO_CLICK
3671,0,0,NONE,NO_CLICK
3672,0,0,NONE,NO_CLICK
3673,0,0,NONE,NO_CLICK
3674,0,0,NONE,NO_CLICK
3675,0,0,NONE,NO_CLICK
3676,0,0,NONE,NO_CLICK
3677,0,0,NONE,NO_CLICK
3678,0,0,NONE,NO_CLICK
3679,0,0,NONE,NO_CLICK
3680,0,0,NONE,NO_CLICK
3681,0,0,NONE,NO_CLICK
3682,0,0,NONE,NO_CLICK
3683,0,0,NONE,NO_CLICK
3684,0,0,NONE,NO_CLICK
3685,0,0,NONE,NO_CLICK
3686,0,0,NONE,NO_CLICK
3687,0,0,NONE,NO_CLICK
3688,0,0,NONE,NO_CLICK
3689,0,0,NONE,NO_CLICK
3690,0,0,NONE,NO_CLICK
3691,0,0,NONE,NO_CLICK
3692,0,0,NONE,NO_CLICK
3693,0,0,NONE,NO_CLICK
3694,0,0,NONE,NO_CLICK
3695,0,0,NONE,NO_CLICK
3696,0,0,NONE,NO_CLICK
3697,0,0,NONE,NO_CLICK
3698,0,0,NONE,NO_CLICK
3699,0,0,NONE,NO_CLICK
3700,0,0,NONE,NO_CLICK
3701,0,0,NONE,NO_CLICK
3702,0,0,NONE,NO_CLICK
3703,0,0,NONE,NO_CLICK
3704,0,0,NONE,NO_CLICK
3705,0,0,NONE,NO_CLICK
3706,0,0,NONE,NO_CLICK
3707,0,0,NONE,NO_CLICK
3708,0,0,NONE,NO_CLICK
3709,0,0,NONE,NO_CLICK
3710,0,0,NONE,NO_CLICK
3711,0,0,NONE,NO_CLICK
3712,0,0,NONE,NO_CLICK
3713,0,0,NONE,NO_CLICK
3714,0,0,NONE,NO_CLICK
3715,0,0,NONE,NO_CLICK
3716,0,0,NONE,NO_CLICK
3717,0,0,NONE,NO_CLICK
3718,0,0,NONE,NO_CLICK
3719,0,0,NONE,NO_CLICK
3720,0,0,NONE,NO_CLICK
3721,0,0,NONE,NO_CLICK
3722,0,0,NONE,NO_CLICK
3723,0,0,NONE,NO_CLICK
3724,0,0,NONE,NO_CLICK
3725,0,0,NONE,NO_CLICK
3726,0,0,NONE,NO_CLICK
3727,0,0,NONE,NO_CLICK
3728,0,0,NONE,NO_CLICK
3729,0,0,NONE,NO_CLICK
3730,0,0,NONE,NO_CLICK
3731,0,0,NONE,NO_CLICK
3732,0,0,NONE,NO_CLICK
3733,0,0,NONE,NO_CLICK
3734,0,0,NONE,NO_CLICK
3735,0,0,NONE,NO_CLICK
3736,0,0,NONE,NO_CLICK
3737,0,0,NONE,NO_CLICK
3738,0,0,NONE,NO_CLICK
3739,0,0,NONE,NO_CLICK
3740,0,0,NONE,NO_CLICK
3741,0,0,NONE,NO_CLICK
3742,0,0,NONE,NO_CLICK
3743,0,0,NONE,NO_CLICK
3744,0,0,NONE,NO_CLICK
3745,0,0,NONE,NO_CLICK
3746,0,0,NONE,NO_CLICK
3747,0,0,NONE,NO_CLICK
3748,0,0,NONE,NO_CLICK
3749,0,0,NONE,NO_CLICK
3750,0,0,NONE,NO_CLICK
3751,0,0,NONE,NO_CLICK
3752,0,0,NONE,NO_CLICK
3753,0,0,NONE,NO_CLICK
3754,0,0,NONE,NO_CLICK
3755,0,0,NONE,NO_CLICK
3756,0,0,NONE,NO_CLICK
3757,0,0,NONE,NO_CLICK
3758,0,0,NONE,NO_CLICK
3759,0,0,NONE,NO_CLICK
3760,0,0,NONE,NO_CLICK
3761,0,0,NONE,NO_CLICK
3762,0,0,NONE,NO_CLICK
3763,0,0,NONE,NO_CLICK
3764,0,0,NONE,NO_CLICK
3765,0,0,NONE,NO_CLICK
3766,0,0,NONE,NO_CLICK
3767,0,0,NONE,NO_CLICK
3768,0,0,NONE,NO_CLICK
3769,0,0,NONE,NO_CLICK
3770,0,0,NONE,NO_CLICK
3771,0,0,NONE,NO_CLICK
3772,0,0,NONE,NO_CLICK
3773,0,0,NONE,NO_CLICK
3774,0,0,NONE,NO_CLICK
3775,0,0,NONE,NO_CLICK
3776,0,0,NONE,NO_CLICK
3777,0,0,NONE,NO_CLICK
3778,1,0,D1,D1_CLICK
3779,1,0,D1,D1_CLICK
3780,1,0,D1,D1_CLICK
3781,1,0,D1,D1_CLICK
3782,1,0,D1,D1_CLICK
3783,1,0,D1,D1_CLICK
3784,1,0,D1,D1_CLICK
3785,1,0,D1,D1_CLICK
3786,1,0,D1,D1_CLICK
3787,1,0,D1,D1_CLICK
3788,1,0,D1,D1_CLICK
3789,1,0,D1,D1_CLICK
3790,1,0,D1,D1_CLICK
3791,1,0,D1,D1_CLICK
3792,1,0,D1,D1_CLICK
3793,1,0,D1,D1_CLICK
3794,1,0,D1,D1_CLICK
3795,1,0,D1,D1_CLICK
3796,1,0,D1,D1_CLICK
3797,1,0,D1,D1_CLICK
3798,1,0,D1,D1_CLICK
3799,1,0,D1,D1_CLICK
3800,1,0,D1,D1_CLICK
3801,1,0,D1,D1_CLICK
3802,1,0,D1,D1_CLICK
3803,1,0,D1,D1_CLICK
3804,1,0,D1,D1_CLICK
3805,1,0,D1,D1_CLICK
3806,1,0,D1,D1_CLICK
3807,1,0,D1,D1_CLICK
3808,1,0,D1,D1_CLICK
3809,1,0,D1,D1_CLICK
3810,1,0,D1,D1_CLICK
3811,1,0,D1,D1_CLICK
3812,1,0,D1,D1_CLICK
3813,1,0,D1,D1_CLICK
3814,1,0,D1,D1_CLICK
3815,1,0,D1,D1_CLICK
3816,0,0,NONE,NO_CLICK
3817,0,0,NONE,NO_CLICK
3818,0,0,NONE,NO_CLICK
3819,0,0,NONE,NO_CLICK
3820,0,0,NONE,NO_CLICK
3821,0,0,NONE,NO_CLICK
3822,0,0,NONE,NO_CLICK
3823,0,0,NONE,NO_CLICK
3824,0,0,NONE,NO_CLICK
3825,0,0,NONE,NO_CLICK
3826,0,0,NONE,NO_CLICK
3827,0,0,NONE,NO_CLICK
3828,0,0,NONE,NO_CLICK
3829,0,0,NONE,NO_CLICK
3830,0,0,NONE,NO_CLICK
3831,0,0,NONE,NO_CLICK
3832,0,0,NONE,NO_CLICK
3833,0,0,NONE,NO_CLICK
3834,0,0,NONE,NO_CLICK
3835,0,0,NONE,NO_CLICK
3836,0,0,NONE,NO_CLICK
3837,0,0,NONE,NO_CLICK
3838,0,0,NONE,NO_CLICK
3839,0,0,NONE,NO_CLICK
3840,0,0,NONE,NO_CLICK
3841,0,0,NONE,NO_CLICK
3842,0,0,NONE,NO_CLICK
3843,0,0,NONE,NO_CLICK
3844,0,0,NONE,NO_CLICK
3845,0,0,NONE,NO_CLICK
3846,0,0,NONE,NO_CLICK
3847,0,0,NONE,NO_CLICK
3848,0,0,NONE,NO_CLICK
3849,0,0,NONE,NO_CLICK
3850,0,0,NONE,NO_CLICK
3851,0,0,NONE,NO_CLICK
3852,0,0,NONE,NO_CLICK
3853,0,0,NONE,NO_CLICK
3854,0,0,NONE,NO_CLICK
3855,0,0,NONE,NO_CLICK
3856,0,0,NONE,NO_CLICK
3857,0,0,NONE,NO_CLICK
3858,0,0,NONE,NO_CLICK
3859,0,0,NONE,NO_CLICK
3860,0,0,NONE,NO_CLICK
3861,0,0,NONE,NO_CLICK
3862,0,0,NONE,NO_CLICK
3863,0,0,NONE,NO_CLICK
3864,0,0,NONE,NO_CLICK
3865,0,0,NONE,NO_CLICK
3866,0,0,NONE,NO_CLICK
3867,0,0,NONE,NO_CLICK
3868,0,0,NONE,NO_CLICK
3869,0,0,NONE,NO_CLICK
3870,0,0,NONE,NO_CLICK
3871,0,0,NONE,NO_CLICK
3872,0,0,NONE,NO_CLICK
3873,0,0,NONE,NO_CLICK
3874,0,0,NONE,NO_CLICK
3875,0,0,NONE,NO_CLICK
3876,0,0,NONE,NO_CLICK
3877,0,0,NONE,NO_CLICK
3878,0,0,NONE,NO_CLICK
3879,0,0,NONE,NO_CLICK
3880,0,0,NONE,NO_CLICK
3881,0,0,NONE,NO_CLICK
3882,0,0,NONE,NO_CLICK
3883,0,0,NONE,NO_CLICK
3884,0,0,NONE,NO_CLICK
3885,0,0,NONE,NO_CLICK
3886,0,0,NONE,NO_CLICK
3887,0,0,NONE,NO_CLICK
3888,0,0,NONE,NO_CLICK
3889,0,0,NONE,NO_CLICK
3890,0,0,NONE,NO_CLICK
3891,0,0,NONE,NO_CLICK
3892,0,0,NONE,NO_CLICK
3893,0,0,NONE,NO_CLICK
3894,0,0,NONE,NO_CLICK
3895,0,0,NONE,NO_CLICK
3896,0,0,NONE,NO_CLICK
3897,0,0,NONE,NO_CLICK
3898,0,0,NONE,NO_CLICK
3899,0,0,NONE,NO_CLICK
3900,0,0,NONE,NO_CLICK
3901,0,0,NONE,NO_CLICK
3902,0,0,NONE,NO_CLICK
3903,0,0,NONE,NO_CLICK
3904,0,0,NONE,NO_CLICK
3905,0,0,NONE,NO_CLICK
3906,0,0,NONE,NO_CLICK
3907,0,0,NONE,NO_CLICK
3908,0,0,NONE,NO_CLICK
3909,0,0,NONE,NO_CLICK
3910,0,0,NONE,NO_CLICK
3911,0,0,NONE,NO_CLICK
3912,0,0,NONE,NO_CLICK
3913,0,0,NONE,NO_CLICK
3914,0,0,NONE,NO_CLICK
3915,0,0,NONE,NO_CLICK
3916,0,0,NONE,NO_CLICK
3917,0,0,NONE,NO_CLICK
3918,0,0,NONE,NO_CLICK
3919,0,0,NONE,NO_CLICK
3920,0,0,NONE,NO_CLICK
3921,0,0,NONE,NO_CLICK
3922,0,0,NONE,NO_CLICK
3923,0,0,NONE,NO_CLICK
3924,0,0,NONE,NO_CLICK
3925,0,0,NONE,NO_CLICK
3926,0,0,NONE,NO_CLICK
3927,0,0,NONE,NO_CLICK
3928,0,0,NONE,NO_CLICK
3929,0,0,NONE,NO_CLICK
3930,0,0,NONE,NO_CLICK
3931,0,0,NONE,NO_CLICK
3932,0,0,NONE,NO_CLICK
3933,0,0,NONE,NO_CLICK
3934,0,0,NONE,NO_CLICK
3935,0,0,NONE,NO_CLICK
3936,0,0,NONE,NO_CLICK
3937,0,0,NONE,NO_CLICK
3938,0,0,NONE,NO_CLICK
3939,0,0,NONE,NO_CLICK
3940,0,0,NONE,NO_CLICK
3941,0,0,NONE,NO_CLICK
3942,0,0,NONE,NO_CLICK
3943,0,0,NONE,NO_CLICK
3944,0,0,NONE,NO_CLICK
3945,0,0,NONE,NO_CLICK
3946,0,0,NONE,NO_CLICK
3947,0,0,NONE,NO_CLICK
3948,0,0,NONE,NO_CLICK
3949,0,0,NONE,NO_CLICK
3950,0,0,NONE,NO_CLICK
3951,0,0,NONE,NO_CLICK
3952,0,0,NONE,NO_CLICK
3953,0,0,NONE,NO_CLICK
3954,0,0,NONE,NO_CLICK
3955,0,0,NONE,NO_CLICK
3956,0,0,NONE,NO_CLICK
3957,0,0,NONE,NO_CLICK
3958,0,0,NONE,NO_CLICK
3959,0,0,NONE,NO_CLICK
3960,0,0,NONE,NO_CLICK
3961,0,0,NONE,NO_CLICK
3962,0,0,NONE,NO_CLICK
3963,0,0,NONE,NO_CLICK
3964,0,0,NONE,NO_CLICK
3965,0,0,NONE,NO_CLICK
3966,0,0,NONE,NO_CLICK
3967,0,0,NONE,NO_CLICK
3968,0,0,NONE,NO_CLICK
3969,0,0,NONE,NO_CLICK
3970,0,0,NONE,NO_CLICK
3971,0,0,NONE,NO_CLICK
3972,0,0,NONE,NO_CLICK
3973,0,0,NONE,NO_CLICK
3974,0,0,NONE,NO_CLICK
3975,0,0,NONE,NO_CLICK
3976,0,0,NONE,NO_CLICK
3977,0,0,NONE,NO_CLICK
3978,0,0,NONE,NO_CLICK
3979,0,0,NONE,NO_CLICK
3980,0,0,NONE,NO_CLICK
3981,0,0,NONE,NO_CLICK
3982,0,0,NONE,NO_CLICK
3983,0,0,NONE,NO_CLICK
3984,0,0,NONE,NO_CLICK
3985,0,0,NONE,NO_CLICK
3986,0,0,NONE,NO_CLICK
3987,0,0,NONE,NO_CLICK
3988,0,0,NONE,NO_CLICK
3989,0,0,NONE,NO_CLICK
3990,0,0,NONE,NO_CLICK
3991,0,0,NONE,NO_CLICK
3992,0,0,NONE,NO_CLICK
3993,0,0,NONE,NO_CLICK
3994,0,0,NONE,NO_CLICK
3995,0,0,NONE,NO_CLICK
3996,0,0,NONE,NO_CLICK
3997,0,0,NONE,NO_CLICK
3998,0,0,NONE,NO_CLICK
3999,0,0,NONE,NO_CLICK
4000,0,0,NONE,NO_CLICK
4001,0,0,NONE,NO_CLICK
4002,0,0,NONE,NO_CLICK
4003,0,0,NONE,NO_CLICK
4004,0,0,NONE,NO_CLICK
4005,0,0,NONE,NO_CLICK
4006,0,0,NONE,NO_CLICK
4007,0,0,NONE,NO_CLICK
4008,0,0,NONE,NO_CLICK
4009,0,0,NONE,NO_CLICK
4010,0,0,NONE,NO_CLICK
4011,0,0,NONE,NO_CLICK
4012,0,0,NONE,NO_CLICK
4013,0,0,NONE,NO_CLICK
4014,0,0,NONE,NO_CLICK
4015,0,0,NONE,NO_CLICK
4016,0,0,NONE,NO_CLICK
4017,0,0,NONE,NO_CLICK
4018,0,0,NONE,NO_CLICK
4019,0,0,NONE,NO_CLICK
4020,0,0,NONE,NO_CLICK
4021,0,0,NONE,NO_CLICK
4022,0,0,NONE,NO_CLICK
4023,0,0,NONE,NO_CLICK
4024,0,0,NONE,NO_CLICK
4025,0,0,NONE,NO_CLICK
4026,0,0,NONE,NO_CLICK
4027,0,0,NONE,NO_CLICK
4028,0,0,NONE,NO_CLICK
4029,0,0,NONE,NO_CLICK
4030,0,0,NONE,NO_CLICK
4031,0,0,NONE,NO_CLICK
4032,0,0,NONE,NO_CLICK
4033,0,0,NONE,NO_CLICK
4034,0,0,NONE,NO_CLICK
4035,0,0,NONE,NO_CLICK
4036,0,0,NONE,NO_CLICK
4037,0,0,NONE,NO_CLICK
4038,0,0,NONE,NO_CLICK
4039,0,0,NONE,NO_CLICK
4040,0,0,NONE,NO_CLICK
4041,0,0,NONE,NO_CLICK
4042,0,0,NONE,NO_CLICK
4043,0,0,NONE,NO_CLICK
4044,0,0,NONE,NO_CLICK
4045,0,0,NONE,NO_CLICK
4046,0,0,NONE,NO_CLICK
4047,0,0,NONE,NO_CLICK
4048,0,0,NONE,NO_CLICK
4049,0,0,NONE,NO_CLICK
4050,0,0,NONE,NO_CLICK
4051,0,0,NONE,NO_CLICK
4052,0,0,NONE,NO_CLICK
4053,0,0,NONE,NO_CLICK
4054,0,0,NONE,NO_CLICK
4055,0,0,NONE,NO_CLICK
4056,0,0,NONE,NO_CLICK
4057,0,0,NONE,NO_CLICK
4058,0,0,NONE,NO_CLICK
4059,0,0,NONE,NO_CLICK
4060,0,0,NONE,NO_CLICK
4061,0,0,NONE,NO_CLICK
4062,0,0,NONE,NO_CLICK
4063,0,0,NONE,NO_CLICK
4064,0,0,NONE,NO_CLICK
4065,0,0,NONE,NO_CLICK
4066,0,0,NONE,NO_CLICK
4067,0,0,NONE,NO_CLICK
4068,0,0,NONE,NO_CLICK
4069,0,0,NONE,NO_CLICK
4070,0,0,NONE,NO_CLICK
4071,0,0,NONE,NO_CLICK
4072,0,0,NONE,NO_CLICK
4073,0,0,NONE,NO_CLICK
4074,0,0,NONE,NO_CLICK
4075,0,0,NONE,NO_CLICK
4076,0,0,NONE,NO_CLICK
4077,0,0,NONE,NO_CLICK
4078,0,0,NONE,NO_CLICK
4079,0,0,NONE,NO_CLICK
4080,0,0,NONE,NO_CLICK
4081,0,0,NONE,NO_CLICK
4082,0,0,NONE,NO_CLICK
4083,0,0,NONE,NO_CLICK
4084,0,0,NONE,NO_CLICK
4085,0,0,NONE,NO_CLICK
4086,0,0,NONE,NO_CLICK
4087,0,0,NONE,NO_CLICK
4088,0,0,NONE,NO_CLICK
4089,0,0,NONE,NO_CLICK
4090,0,0,NONE,NO_CLICK
4091,0,0,NONE,NO_CLICK
4092,0,0,NONE,NO_CLICK
4093,0,0,NONE,NO_CLICK
4094,0,0,NONE,NO_CLICK
4095,0,0,NONE,NO_CLICK
4096,0,0,NONE,NO_CLICK
4097,0,0,NONE,NO_CLICK
4098,0,0,NONE,NO_CLICK
4099,0,0,NONE,NO_CLICK
4100,0,0,NONE,NO_CLICK
4101,0,0,NONE,NO_CLICK
4102,0,0,NONE,NO_CLICK
4103,0,0,NONE,NO_CLICK
4104,0,0,NONE,NO_CLICK
4105,0,0,NONE,NO_CLICK
4106,0,0,NONE,NO_CLICK
4107,0,0,NONE,NO_CLICK
4108,0,0,NONE,NO_CLICK
4109,0,0,NONE,NO_CLICK
4110,0,0,NONE,NO_CLICK
4111,0,0,NONE,NO_CLICK
4112,0,0,NONE,NO_CLICK
4113,0,0,NONE,NO_CLICK
4114,0,0,NONE,NO_CLICK
4115,0,0,NONE,NO_CLICK
4116,0,0,NONE,NO_CLICK
4117,0,0,NONE,NO_CLICK
4118,0,0,NONE,NO_CLICK
4119,0,0,NONE,NO_CLICK
4120,0,0,NONE,NO_CLICK
4121,0,0,NONE,NO_CLICK
4122,0,0,NONE,NO_CLICK
4123,0,0,NONE,NO_CLICK
4124,0,0,NONE,NO_CLICK
4125,0,0,NONE,NO_CLICK
4126,0,0,NONE,NO_CLICK
4127,0,0,NONE,NO_CLICK
4128,0,0,NONE,NO_CLICK
4129,0,0,NONE,NO_CLICK
4130,1,0,D1,D1_CLICK
4131,1,0,D1,D1_CLICK
4132,1,0,D1,D1_CLICK
4133,1,0,D1,D1_CLICK
4134,1,0,D1,D1_CLICK
4135,1,0,D1,D1_CLICK
4136,1,0,D1,D1_CLICK
4137,1,0,D1,D1_CLICK
4138,1,0,D1,D1_CLICK
4139,1,0,D1,D1_CLICK
4140,1,0,D1,D1_CLICK
4141,1,0,D1,D1_CLICK
4142,1,0,D1,D1_CLICK
4143,1,0,D1,D1_CLICK
4144,1,0,D1,D1_CLICK
4145,1,0,D1,D1_CLICK
4146,1,0,D1,D1_CLICK
4147,1,0,D1,D1_CLICK
4148,1,0,D1,D1_CLICK
4149,1,0,D1,D1_CLICK
4150,1,0,D1,D1_CLICK
4151,1,0,D1,D1_CLICK
4152,1,0,D1,D1_CLICK
4153,1,0,D1,D1_CLICK
4154,1,0,D1,D1_CLICK
4155,1,0,D1,D1_CLICK
4156,1,0,D1,D1_CLICK
4157,1,0,D1,D1_CLICK
4158,1,0,D1,D1_CLICK
4159,1,0,D1,D1_CLICK
4160,1,0,D1,D1_CLICK
4161,1,0,D1,D1_CLICK
4162,1,0,D1,D1_CLICK
4163,1,0,D1,D1_CLICK
4164,1,0,D1,D1_CLICK
4165,1,0,D1,D1_CLICK
4166,1,0,D1,D1_CLICK
4167,1,0,D1,D1_CLICK
4168,0,0,NONE,NO_CLICK
4169,0,0,NONE,NO_CLICK
4170,0,0,NONE,NO_CLICK
4171,0,0,NONE,NO_CLICK
4172,0,0,NONE,NO_CLICK
4173,0,0,NONE,NO_CLICK
4174,0,0,NONE,NO_CLICK
4175,0,0,NONE,NO_CLICK
4176,0,0,NONE,NO_CLICK
4177,0,0,NONE,NO_CLICK
4178,0,0,NONE,NO_CLICK
4179,0,0,NONE,NO_CLICK
4180,0,0,NONE,NO_CLICK
4181,0,0,NONE,NO_CLICK
4182,0,0,NONE,NO_CLICK
4183,0,0,NONE,NO_CLICK
4184,0,0,NONE,NO_CLICK
4185,0,0,NONE,NO_CLICK
4186,0,0,NONE,NO_CLICK
4187,0,0,NONE,NO_CLICK
4188,0,0,NONE,NO_CLICK
4189,0,0,NONE,NO_CLICK
4190,0,0,NONE,NO_CLICK
4191,0,0,NONE,NO_CLICK
4192,0,0,NONE,NO_CLICK
4193,0,0,NONE,NO_CLICK
4194,0,0,NONE,NO_CLICK
4195,0,0,NONE,NO_CLICK
4196,0,0,NONE,NO_CLICK
4197,0,0,NONE,NO_CLICK
4198,0,0,NONE,NO_CLICK
4199,0,0,NONE,NO_CLICK
4200,0,0,NONE,NO_CLICK
4201,0,0,NONE,NO_CLICK
4202,0,0,NONE,NO_CLICK
4203,0,0,NONE,NO_CLICK
4204,0,0,NONE,NO_CLICK
4205,0,0,NONE,NO_CLICK
4206,0,0,NONE,NO_CLICK
4207,0,0,NONE,NO_CLICK
4208,0,0,NONE,NO_CLICK
4209,0,0,NONE,NO_CLICK
4210,0,0,NONE,NO_CLICK
4211,0,0,NONE,NO_CLICK
4212,0,0,NONE,NO_CLICK
4213,0,0,NONE,NO_CLICK
4214,0,0,NONE,NO_CLICK
4215,0,0,NONE,NO_CLICK
4216,0,0,NONE,NO_CLICK
4217,0,0,NONE,NO_CLICK
4218,0,0,NONE,NO_CLICK
4219,0,0,NONE,NO_CLICK
4220,0,0,NONE,NO_CLICK
4221,0,0,NONE,NO_CLICK
4222,0,0,NONE,NO_CLICK
4223,0,0,NONE,NO_CLICK
4224,0,0,NONE,NO_CLICK
4225,0,0,NONE,NO_CLICK
4226,0,1,D2,D2_CLICK
4227,0,1,D2,D2_CLICK
4228,0,1,D2,D2_CLICK
4229,0,1,D2,D2_CLICK
4230,0,1,D2,D2_CLICK
4231,0,1,D2,D2_CLICK
4232,0,1,D2,D2_CLICK
4233,0,1,D2,D2_CLICK
4234,0,1,D2,D2_CLICK
4235,0,1,D2,D2_CLICK
4236,0,1,D2,D2_CLICK
4237,0,1,D2,D2_CLICK
4238,0,1,D2,D2_CLICK
4239,0,1,D2,D2_CLICK
4240,0,1,D2,D2_CLICK
4241,0,1,D2,D2_CLICK
4242,0,1,D2,D2_CLICK
4243,0,1,D2,D2_CLICK
4244,0,1,D2,D2_CLICK
4245,0,1,D2,D2_CLICK
4246,0,1,D2,D2_CLICK
4247,0,1,D2,D2_CLICK
4248,0,1,D2,D2_CLICK
4249,0,1,D2,D2_CLICK
4250,0,1,D2,D2_CLICK
4251,0,1,D2,D2_CLICK
4252,0,1,D2,D2_CLICK
4253,0,1,D2,D2_CLICK
4254,0,1,D2,D2_CLICK
4255,0,1,D2,D2_CLICK
4256,0,1,D2,D2_CLICK
4257,0,1,D2,D2_CLICK
4258,0,1,D2,D2_CLICK
4259,0,1,D2,D2_CLICK
4260,0,1,D2,D2_CLICK
4261,0,1,D2,D2_CLICK
4262,0,1,D2,D2_CLICK
4263,0,1,D2,D2_CLICK
4264,0,0,NONE,NO_CLICK
4265,0,0,NONE,NO_CLICK
4266,0,0,NONE,NO_CLICK
4267,0,0,NONE,NO_CLICK
4268,0,0,NONE,NO_CLICK
4269,0,0,NONE,NO_CLICK
4270,0,0,NONE,NO_CLICK
4271,0,0,NONE,NO_CLICK
4272,0,0,NONE,NO_CLICK
4273,0,0,NONE,NO_CLICK
4274,0,0,NONE,NO_CLICK
4275,0,0,NONE,NO_CLICK
4276,0,0,NONE,NO_CLICK
4277,0,0,NONE,NO_CLICK
4278,0,0,NONE,NO_CLICK
4279,0,0,NONE,NO_CLICK
4280,0,0,NONE,NO_CLICK
4281,0,0,NONE,NO_CLICK
4282,0,0,NONE,NO_CLICK
4283,0,0,NONE,NO_CLICK
4284,0,0,NONE,NO_CLICK
4285,0,0,NONE,NO_CLICK
4286,0,0,NONE,NO_CLICK
4287,0,0,NONE,NO_CLICK
4288,0,0,NONE,NO_CLICK
4289,0,0,NONE,NO_CLICK
4290,0,0,NONE,NO_CLICK
4291,0,0,NONE,NO_CLICK
4292,0,0,NONE,NO_CLICK
4293,0,0,NONE,NO_CLICK
4294,0,0,NONE,NO_CLICK
4295,0,0,NONE,NO_CLICK
4296,0,0,NONE,NO_CLICK
4297,0,0,NONE,NO_CLICK
4298,0,0,NONE,NO_CLICK
4299,0,0,NONE,NO_CLICK
4300,0,0,NONE,NO_CLICK
4301,0,0,NONE,NO_CLICK
4302,0,0,NONE,NO_CLICK
4303,0,0,NONE,NO_CLICK
4304,0,0,NONE,NO_CLICK
4305,0,0,NONE,NO_CLICK
4306,0,0,NONE,NO_CLICK
4307,0,0,NONE,NO_CLICK
4308,0,0,NONE,NO_CLICK
4309,0,0,NONE,NO_CLICK
4310,0,0,NONE,NO_CLICK
4311,0,0,NONE,NO_CLICK
4312,0,0,NONE,NO_CLICK
4313,0,0,NONE,NO_CLICK
4314,0,0,NONE,NO_CLICK
4315,0,0,NONE,NO_CLICK
4316,0,0,NONE,NO_CLICK
4317,0,0,NONE,NO_CLICK
4318,0,0,NONE,NO_CLICK
4319,0,0,NONE,NO_CLICK
4320,0,0,NONE,NO_CLICK
4321,0,0,NONE,NO_CLICK
4322,0,0,NONE,NO_CLICK
4323,0,0,NONE,NO_CLICK
4324,0,0,NONE,NO_CLICK
4325,0,0,NONE,NO_CLICK
4326,0,0,NONE,NO_CLICK
4327,0,0,NONE,NO_CLICK
4328,0,0,NONE,NO_CLICK
4329,0,0,NONE,NO_CLICK
4330,0,0,NONE,NO_CLICK
4331,0,0,NONE,NO_CLICK
4332,0,0,NONE,NO_CLICK
4333,0,0,NONE,NO_CLICK
4334,0,0,NONE,NO_CLICK
4335,0,0,NONE,NO_CLICK
4336,0,0,NONE,NO_CLICK
4337,0,0,NONE,NO_CLICK
4338,0,0,NONE,NO_CLICK
4339,0,0,NONE,NO_CLICK
4340,0,0,NONE,NO_CLICK
4341,0,0,NONE,NO_CLICK
4342,0,0,NONE,NO_CLICK
4343,0,0,NONE,NO_CLICK
4344,0,0,NONE,NO_CLICK
4345,0,0,NONE,NO_CLICK
4346,0,0,NONE,NO_CLICK
4347,0,0,NONE,NO_CLICK
4348,0,0,NONE,NO_CLICK
4349,0,0,NONE,NO_CLICK
4350,0,0,NONE,NO_CLICK
4351,0,0,NONE,NO_CLICK
4352,0,0,NONE,NO_CLICK
4353,0,0,NONE,NO_CLICK
4354,0,0,NONE,NO_CLICK
4355,0,0,NONE,NO_CLICK
4356,0,0,NONE,NO_CLICK
4357,0,0,NONE,NO_CLICK
4358,0,0,NONE,NO_CLICK
4359,0,0,NONE,NO_CLICK
4360,0,0,NONE,NO_CLICK
4361,0,0,NONE,NO_CLICK
4362,0,0,NONE,NO_CLICK
4363,0,0,NONE,NO_CLICK
4364,0,0,NONE,NO_CLICK
4365,0,0,NONE,NO_CLICK
4366,0,0,NONE,NO_CLICK
4367,0,0,NONE,NO_CLICK
4368,0,0,NONE,NO_CLICK
4369,0,0,NONE,NO_CLICK
4370,0,0,NONE,NO_CLICK
4371,0,0,NONE,NO_CLICK
4372,0,0,NONE,NO_CLICK
4373,0,0,NONE,NO_CLICK
4374,0,0,NONE,NO_CLICK
4375,0,0,NONE,NO_CLICK
4376,0,0,NONE,NO_CLICK
4377,0,0,NONE,NO_CLICK
4378,0,0,NONE,NO_CLICK
4379,0,0,NONE,NO_CLICK
4380,0,0,NONE,NO_CLICK
4381,0,0,NONE,NO_CLICK
4382,0,0,NONE,NO_CLICK
4383,0,0,NONE,NO_CLICK
4384,0,0,NONE,NO_CLICK
4385,0,0,NONE,NO_CLICK
4386,0,0,NONE,NO_CLICK
4387,0,0,NONE,NO_CLICK
4388,0,0,NONE,NO_CLICK
4389,0,0,NONE,NO_CLICK
4390,0,0,NONE,NO_CLICK
4391,0,0,NONE,NO_CLICK
4392,0,0,NONE,NO_CLICK
4393,0,0,NONE,NO_CLICK
4394,0,0,NONE,NO_CLICK
4395,0,0,NONE,NO_CLICK
4396,0,0,NONE,NO_CLICK
4397,0,0,NONE,NO_CLICK
4398,0,0,NONE,NO_CLICK
4399,0,0,NONE,NO_CLICK
4400,0,0,NONE,NO_CLICK
4401,0,0,NONE,NO_CLICK
4402,0,0,NONE,NO_CLICK
4403,0,0,NONE,NO_CLICK
4404,0,0,NONE,NO_CLICK
4405,0,0,NONE,NO_CLICK
4406,0,0,NONE,NO_CLICK
4407,0,0,NONE,NO_CLICK
4408,0,0,NONE,NO_CLICK
4409,0,0,NONE,NO_CLICK
4410,0,0,NONE,NO_CLICK
4411,0,0,NONE,NO_CLICK
4412,0,0,NONE,NO_CLICK
4413,0,0,NONE,NO_CLICK
4414,0,0,NONE,NO_CLICK
4415,0,0,NONE,NO_CLICK
4416,0,0,NONE,NO_CLICK
4417,0,0,NONE,NO_CLICK
4418,0,0,NONE,NO_CLICK
4419,0,0,NONE,NO_CLICK
4420,0,0,NONE,NO_CLICK
4421,0,0,NONE,NO_CLICK
4422,0,0,NONE,NO_CLICK
4423,0,0,NONE,NO_CLICK
4424,0,0,NONE,NO_CLICK
4425,0,0,NONE,NO_CLICK
4426,0,0,NONE,NO_CLICK
4427,0,0,NONE,NO_CLICK
4428,0,0,NONE,NO_CLICK
4429,0,0,NONE,NO_CLICK
4430,0,0,NONE,NO_CLICK
4431,0,0,NONE,NO_CLICK
4432,0,0,NONE,NO_CLICK
4433,0,0,NONE,NO_CLICK
4434,0,0,NONE,NO_CLICK
4435,0,0,NONE,NO_CLICK
4436,0,0,NONE,NO_CLICK
4437,0,0,NONE,NO_CLICK
4438,0,0,NONE,NO_CLICK
4439,0,0,NONE,NO_CLICK
4440,0,0,NONE,NO_CLICK
4441,0,0,NONE,NO_CLICK
4442,0,0,NONE,NO_CLICK
4443,0,0,NONE,NO_CLICK
4444,0,0,NONE,NO_CLICK
4445,0,0,NONE,NO_CLICK
4446,0,0,NONE,NO_CLICK
4447,0,0,NONE,NO_CLICK
4448,0,0,NONE,NO_CLICK
4449,0,0,NONE,NO_CLICK
4450,0,0,NONE,NO_CLICK
4451,0,0,NONE,NO_CLICK
4452,0,0,NONE,NO_CLICK
4453,0,0,NONE,NO_CLICK
4454,0,0,NONE,NO_CLICK
4455,0,0,NONE,NO_CLICK
4456,0,0,NONE,NO_CLICK
4457,0,0,NONE,NO_CLICK
4458,0,0,NONE,NO_CLICK
4459,0,0,NONE,NO_CLICK
4460,0,0,NONE,NO_CLICK
4461,0,0,NONE,NO_CLICK
4462,0,0,NONE,NO_CLICK
4463,0,0,NONE,NO_CLICK
4464,0,0,NONE,NO_CLICK
4465,0,0,NONE,NO_CLICK
4466,0,0,NONE,NO_CLICK
4467,0,0,NONE,NO_CLICK
4468,0,0,NONE,NO_CLICK
4469,0,0,NONE,NO_CLICK
4470,0,0,NONE,NO_CLICK
4471,0,0,NONE,NO_CLICK
4472,0,0,NONE,NO_CLICK
4473,0,0,NONE,NO_CLICK
4474,0,0,NONE,NO_CLICK
4475,0,0,NONE,NO_CLICK
4476,0,0,NONE,NO_CLICK
4477,0,0,NONE,NO_CLICK
4478,0,0,NONE,NO_CLICK
4479,0,0,NONE,NO_CLICK
4480,0,0,NONE,NO_CLICK
4481,0,0,NONE,NO_CLICK
4482,1,0,D1,D1_CLICK
4483,1,0,D1,D1_CLICK
4484,1,0,D1,D1_CLICK
4485,1,0,D1,D1_CLICK
4486,1,0,D1,D1_CLICK
4487,1,0,D1,D1_CLICK
4488,1,0,D1,D1_CLICK
4489,1,0,D1,D1_CLICK
4490,1,0,D1,D1_CLICK
4491,1,0,D1,D1_CLICK
4492,1,0,D1,D1_CLICK
4493,1,0,D1,D1_CLICK
4494,1,0,D1,D1_CLICK
4495,1,0,D1,D1_CLICK
4496,1,0,D1,D1_CLICK
4497,1,0,D1,D1_CLICK
4498,1,0,D1,D1_CLICK
4499,1,0,D1,D1_CLICK
4500,1,0,D1,D1_CLICK
4501,1,0,D1,D1_CLICK
4502,1,0,D1,D1_CLICK
4503,1,0,D1,D1_CLICK
4504,1,0,D1,D1_CLICK
4505,1,0,D1,D1_CLICK
4506,1,0,D1,D1_CLICK
4507,1,0,D1,D1_CLICK
4508,1,0,D1,D1_CLICK
4509,1,0,D1,D1_CLICK
4510,1,0,D1,D1_CLICK
4511,1,0,D1,D1_CLICK
4512,1,0,D1,D1_CLICK
4513,1,0,D1,D1_CLICK
4514,1,0,D1,D1_CLICK
4515,1,0,D1,D1_CLICK
4516,1,0,D1,D1_CLICK
4517,1,0,D1,D1_CLICK
4518,1,0,D1,D1_CLICK
4519,1,0,D1,D1_CLICK
4520,0,0,NONE,NO_CLICK
4521,0,0,NONE,NO_CLICK
4522,0,0,NONE,NO_CLICK
4523,0,0,NONE,NO_CLICK
4524,0,0,NONE,NO_CLICK
4525,0,0,NONE,NO_CLICK
4526,0,0,NONE,NO_CLICK
4527,0,0,NONE,NO_CLICK
4528,0,0,NONE,NO_CLICK
4529,0,0,NONE,NO_CLICK
4530,0,0,NONE,NO_CLICK
4531,0,0,NONE,NO_CLICK
4532,0,0,NONE,NO_CLICK
4533,0,0,NONE,NO_CLICK
4534,0,0,NONE,NO_CLICK
4535,0,0,NONE,NO_CLICK
4536,0,0,NONE,NO_CLICK
4537,0,0,NONE,NO_CLICK
4538,0,0,NONE,NO_CLICK
4539,0,0,NONE,NO_CLICK
4540,0,0,NONE,NO_CLICK
4541,0,0,NONE,NO_CLICK
4542,0,0,NONE,NO_CLICK
4543,0,0,NONE,NO_CLICK
4544,0,0,NONE,NO_CLICK
4545,0,0,NONE,NO_CLICK
4546,0,0,NONE,NO_CLICK
4547,0,0,NONE,NO_CLICK
4548,0,0,NONE,NO_CLICK
4549,0,0,NONE,NO_CLICK
4550,0,0,NONE,NO_CLICK
4551,0,0,NONE,NO_CLICK
4552,0,0,NONE,NO_CLICK
4553,0,0,NONE,NO_CLICK
4554,0,0,NONE,NO_CLICK
4555,0,0,NONE,NO_CLICK
4556,0,0,NONE,NO_CLICK
4557,0,0,NONE,NO_CLICK
4558,0,0,NONE,NO_CLICK
4559,0,0,NONE,NO_CLICK
4560,0,0,NONE,NO_CLICK
4561,0,0,NONE,NO_CLICK
4562,0,0,NONE,NO_CLICK
4563,0,0,NONE,NO_CLICK
4564,0,0,NONE,NO_CLICK
4565,0,0,NONE,NO_CLICK
4566,0,0,NONE,NO_CLICK
4567,0,0,NONE,NO_CLICK
4568,0,0,NONE,NO_CLICK
4569,0,0,NONE,NO_CLICK
4570,0,0,NONE,NO_CLICK
4571,0,0,NONE,NO_CLICK
4572,0,0,NONE,NO_CLICK
4573,0,0,NONE,NO_CLICK
4574,0,0,NONE,NO_CLICK
4575,0,0,NONE,NO_CLICK
4576,0,0,NONE,NO_CLICK
4577,0,0,NONE,NO_CLICK
4578,0,0,NONE,NO_CLICK
4579,0,0,NONE,NO_CLICK
4580,0,0,NONE,NO_CLICK
4581,0,0,NONE,NO_CLICK
4582,0,0,NONE,NO_CLICK
4583,0,0,NONE,NO_CLICK
4584,0,0,NONE,NO_CLICK
4585,0,0,NONE,NO_CLICK
4586,0,0,NONE,NO_CLICK
4587,0,0,NONE,NO_CLICK
4588,0,0,NONE,NO_CLICK
4589,0,0,NONE,NO_CLICK
4590,0,0,NONE,NO_CLICK
4591,0,0,NONE,NO_CLICK
4592,0,0,NONE,NO_CLICK
4593,0,0,NONE,NO_CLICK
4594,0,0,NONE,NO_CLICK
4595,0,0,NONE,NO_CLICK
4596,0,0,NONE,NO_CLICK
4597,0,0,NONE,NO_CLICK
4598,0,0,NONE,NO_CLICK
4599,0,0,NONE,NO_CLICK
4600,0,0,NONE,NO_CLICK
4601,0,0,NONE,NO_CLICK
4602,0,0,NONE,NO_CLICK
4603,0,0,NONE,NO_CLICK
4604,0,0,NONE,NO_CLICK
4605,0,0,NONE,NO_CLICK
4606,0,0,NONE,NO_CLICK
4607,0,0,NONE,NO_CLICK
4608,0,0,NONE,NO_CLICK
4609,0,0,NONE,NO_CLICK
4610,0,0,NONE,NO_CLICK
4611,0,0,NONE,NO_CLICK
4612,0,0,NONE,NO_CLICK
4613,0,0,NONE,NO_CLICK
4614,0,0,NONE,NO_CLICK
4615,0,0,NONE,NO_CLICK
4616,0,0,NONE,NO_CLICK
4617,0,0,NONE,NO_CLICK
4618,0,0,NONE,NO_CLICK
4619,0,0,NONE,NO_CLICK
4620,0,0,NONE,NO_CLICK
4621,0,0,NONE,NO_CLICK
4622,0,0,NONE,NO_CLICK
4623,0,0,NONE,NO_CLICK
4624,0,0,NONE,NO_CLICK
4625,0,0,NONE,NO_CLICK
4626,0,0,NONE,NO_CLICK
4627,0,0,NONE,NO_CLICK
4628,0,0,NONE,NO_CLICK
4629,0,0,NONE,NO_CLICK
4630,0,0,NONE,NO_CLICK
4631,0,0,NONE,NO_CLICK
4632,0,0,NONE,NO_CLICK
4633,0,0,NONE,NO_CLICK
4634,0,0,NONE,NO_CLICK
4635,0,0,NONE,NO_CLICK
4636,0,0,NONE,NO_CLICK
4637,0,0,NONE,NO_CLICK
4638,0,0,NONE,NO_CLICK
4639,0,0,NONE,NO_CLICK
4640,0,0,NONE,NO_CLICK
4641,0,0,NONE,NO_CLICK
4642,0,0,NONE,NO_CLICK
4643,0,0,NONE,NO_CLICK
4644,0,0,NONE,NO_CLICK
4645,0,0,NONE,NO_CLICK
4646,0,0,NONE,NO_CLICK
4647,0,0,NONE,NO_CLICK
4648,0,0,NONE,NO_CLICK
4649,0,0,NONE,NO_CLICK
4650,0,0,NONE,NO_CLICK
4651,0,0,NONE,NO_CLICK
4652,0,0,NONE,NO_CLICK
4653,0,0,NONE,NO_CLICK
4654,0,0,NONE,NO_CLICK
4655,0,0,NONE,NO_CLICK
4656,0,0,NONE,NO_CLICK
4657,0,0,NONE,NO_CLICK
4658,0,0,NONE,NO_CLICK
4659,0,0,NONE,NO_CLICK
4660,0,0,NONE,NO_CLICK
4661,0,0,NONE,NO_CLICK
4662,0,0,NONE,NO_CLICK
4663,0,0,NONE,NO_CLICK
4664,0,0,NONE,NO_CLICK
4665,0,0,NONE,NO_CLICK
4666,0,0,NONE,NO_CLICK
4667,0,0,NONE,NO_CLICK
4668,0,0,NONE,NO_CLICK
4669,0,0,NONE,NO_CLICK
4670,0,0,NONE,NO_CLICK
4671,0,0,NONE,NO_CLICK
4672,0,0,NONE,NO_CLICK
4673,0,0,NONE,NO_CLICK
4674,0,1,D2,D2_CLICK
4675,0,1,D2,D2_CLICK
4676,0,1,D2,D2_CLICK
4677,0,1,D2,D2_CLICK
4678,0,1,D2,D2_CLICK
4679,0,1,D2,D2_CLICK
4680,0,1,D2,D2_CLICK
4681,0,1,D2,D2_CLICK
4682,0,1,D2,D2_CLICK
4683,0,1,D2,D2_CLICK
4684,0,1,D2,D2_CLICK
4685,0,1,D2,D2_CLICK
4686,0,1,D2,D2_CLICK
4687,0,1,D2,D2_CLICK
4688,0,1,D2,D2_CLICK
4689,0,1,D2,D2_CLICK
4690,0,1,D2,D2_CLICK
4691,0,1,D2,D2_CLICK
4692,0,1,D2,D2_CLICK
4693,0,1,D2,D2_CLICK
4694,0,1,D2,D2_CLICK
4695,0,1,D2,D2_CLICK
4696,0,1,D2,D2_CLICK
4697,0,1,D2,D2_CLICK
4698,0,1,D2,D2_CLICK
4699,0,1,D2,D2_CLICK
4700,0,1,D2,D2_CLICK
4701,0,1,D2,D2_CLICK
4702,0,1,D2,D2_CLICK
4703,0,1,D2,D2_CLICK
4704,0,1,D2,D2_CLICK
4705,0,1,D2,D2_CLICK
4706,0,1,D2,D2_CLICK
4707,0,1,D2,D2_CLICK
4708,0,1,D2,D2_CLICK
4709,0,1,D2,D2_CLICK
4710,0,1,D2,D2_CLICK
4711,0,1,D2,D2_CLICK
4712,0,0,NONE,NO_CLICK
4713,0,0,NONE,NO_CLICK
4714,0,0,NONE,NO_CLICK
4715,0,0,NONE,NO_CLICK
4716,0,0,NONE,NO_CLICK
4717,0,0,NONE,NO_CLICK
4718,0,0,NONE,NO_CLICK
4719,0,0,NONE,NO_CLICK
4720,0,0,NONE,NO_CLICK
4721,0,0,NONE,NO_CLICK
4722,0,0,NONE,NO_CLICK
4723,0,0,NONE,NO_CLICK
4724,0,0,NONE,NO_CLICK
4725,0,0,NONE,NO_CLICK
4726,0,0,NONE,NO_CLICK
4727,0,0,NONE,NO_CLICK
4728,0,0,NONE,NO_CLICK
4729,0,0,NONE,NO_CLICK
4730,0,0,NONE,NO_CLICK
4731,0,0,NONE,NO_CLICK
4732,0,0,NONE,NO_CLICK
4733,0,0,NONE,NO_CLICK
4734,0,0,NONE,NO_CLICK
4735,0,0,NONE,NO_CLICK
4736,0,0,NONE,NO_CLICK
4737,0,0,NONE,NO_CLICK
4738,0,0,NONE,NO_CLICK
4739,0,0,NONE,NO_CLICK
4740,0,0,NONE,NO_CLICK
4741,0,0,NONE,NO_CLICK
4742,0,0,NONE,NO_CLICK
4743,0,0,NONE,NO_CLICK
4744,0,0,NONE,NO_CLICK
4745,0,0,NONE,NO_CLICK
4746,0,0,NONE,NO_CLICK
4747,0,0,NONE,NO_CLICK
4748,0,0,NONE,NO_CLICK
4749,0,0,NONE,NO_CLICK
4750,0,0,NONE,NO_CLICK
4751,0,0,NONE,NO_CLICK
4752,0,0,NONE,NO_CLICK
4753,0,0,NONE,NO_CLICK
4754,0,0,NONE,NO_CLICK
4755,0,0,NONE,NO_CLICK
4756,0,0,NONE,NO_CLICK
4757,0,0,NONE,NO_CLICK
4758,0,0,NONE,NO_CLICK
4759,0,0,NONE,NO_CLICK
4760,0,0,NONE,NO_CLICK
4761,0,0,NONE,NO_CLICK
4762,0,0,NONE,NO_CLICK
4763,0,0,NONE,NO_CLICK
4764,0,0,NONE,NO_CLICK
4765,0,0,NONE,NO_CLICK
4766,0,0,NONE,NO_CLICK
4767,0,0,NONE,NO_CLICK
4768,0,0,NONE,NO_CLICK
4769,0,0,NONE,NO_CLICK
4770,0,0,NONE,NO_CLICK
4771,0,0,NONE,NO_CLICK
4772,0,0,NONE,NO_CLICK
4773,0,0,NONE,NO_CLICK
4774,0,0,NONE,NO_CLICK
4775,0,0,NONE,NO_CLICK
4776,0,0,NONE,NO_CLICK
4777,0,0,NONE,NO_CLICK
4778,0,0,NONE,NO_CLICK
4779,0,0,NONE,NO_CLICK
4780,0,0,NONE,NO_CLICK
4781,0,0,NONE,NO_CLICK
4782,0,0,NONE,NO_CLICK
4783,0,0,NONE,NO_CLICK
4784,0,0,NONE,NO_CLICK
4785,0,0,NONE,NO_CLICK
4786,0,0,NONE,NO_CLICK
4787,0,0,NONE,NO_CLICK
4788,0,0,NONE,NO_CLICK
4789,0,0,NONE,NO_CLICK
4790,0,0,NONE,NO_CLICK
4791,0,0,NONE,NO_CLICK
4792,0,0,NONE,NO_CLICK
4793,0,0,NONE,NO_CLICK
4794,0,0,NONE,NO_CLICK
4795,0,0,NONE,NO_CLICK
4796,0,0,NONE,NO_CLICK
4797,0,0,NONE,NO_CLICK
4798,0,0,NONE,NO_CLICK
4799,0,0,NONE,NO_CLICK
4800,0,0,NONE,NO_CLICK
4801,0,0,NONE,NO_CLICK
4802,0,0,NONE,NO_CLICK
4803,0,0,NONE,NO_CLICK
4804,0,0,NONE,NO_CLICK
4805,0,0,NONE,NO_CLICK
4806,0,0,NONE,NO_CLICK
4807,0,0,NONE,NO_CLICK
4808,0,0,NONE,NO_CLICK
4809,0,0,NONE,NO_CLICK
4810,0,0,NONE,NO_CLICK
4811,0,0,NONE,NO_CLICK
4812,0,0,NONE,NO_CLICK
4813,0,0,NONE,NO_CLICK
4814,0,0,NONE,NO_CLICK
4815,0,0,NONE,NO_CLICK
4816,0,0,NONE,NO_CLICK
4817,0,0,NONE,NO_CLICK
4818,0,0,NONE,NO_CLICK
4819,0,0,NONE,NO_CLICK
4820,0,0,NONE,NO_CLICK
4821,0,0,NONE,NO_CLICK
4822,0,0,NONE,NO_CLICK
4823,0,0,NONE,NO_CLICK
4824,0,0,NONE,NO_CLICK
4825,0,0,NONE,NO_CLICK
4826,0,0,NONE,NO_CLICK
4827,0,0,NONE,NO_CLICK
4828,0,0,NONE,NO_CLICK
4829,0,0,NONE,NO_CLICK
4830,0,0,NONE,NO_CLICK
4831,0,0,NONE,NO_CLICK
4832,0,0,NONE,NO_CLICK
4833,0,0,NONE,NO_CLICK
4834,0,0,NONE,NO_CLICK
4835,0,0,NONE,NO_CLICK
4836,0,0,NONE,NO_CLICK
4837,0,0,NONE,NO_CLICK
4838,0,0,NONE,NO_CLICK
4839,0,0,NONE,NO_CLICK
4840,0,0,NONE,NO_CLICK
4841,0,0,NONE,NO_CLICK
4842,0,0,NONE,NO_CLICK
4843,0,0,NONE,NO_CLICK
4844,0,0,NONE,NO_CLICK
4845,0,0,NONE,NO_CLICK
4846,0,0,NONE,NO_CLICK
4847,0,0,NONE,NO_CLICK
4848,0,0,NONE,NO_CLICK
4849,0,0,NONE,NO_CLICK
4850,0,0,NONE,NO_CLICK
4851,0,0,NONE,NO_CLICK
4852,0,0,NONE,NO_CLICK
4853,0,0,NONE,NO_CLICK
4854,0,0,NONE,NO_CLICK
4855,0,0,NONE,NO_CLICK
4856,0,0,NONE,NO_CLICK
4857,0,0,NONE,NO_CLICK
4858,0,0,NONE,NO_CLICK
4859,0,0,NONE,NO_CLICK
4860,0,0,NONE,NO_CLICK
4861,0,0,NONE,NO_CLICK
4862,0,0,NONE,NO_CLICK
4863,0,0,NONE,NO_CLICK
4864,0,0,NONE,NO_CLICK
4865,0,0,NONE,NO_CLICK
4866,0,0,NONE,NO_CLICK
4867,0,0,NONE,NO_CLICK
4868,0,0,NONE,NO_CLICK
4869,0,0,NONE,NO_CLICK
4870,0,0,NONE,NO_CLICK
4871,0,0,NONE,NO_CLICK
4872,0,0,NONE,NO_CLICK
4873,0,0,NONE,NO_CLICK
4874,0,0,NONE,NO_CLICK
4875,0,0,NONE,NO_CLICK
4876,0,0,NONE,NO_CLICK
4877,0,0,NONE,NO_CLICK
4878,0,0,NONE,NO_CLICK
4879,0,0,NONE,NO_CLICK
4880,0,0,NONE,NO_CLICK
4881,0,0,NONE,NO_CLICK
4882,0,0,NONE,NO_CLICK
4883,0,0,NONE,NO_CLICK
4884,0,0,NONE,NO_CLICK
4885,0,0,NONE,NO_CLICK
4886,0,0,NONE,NO_CLICK
4887,0,0,NONE,NO_CLICK
4888,0,0,NONE,NO_CLICK
4889,0,0,NONE,NO_CLICK
4890,0,0,NONE,NO_CLICK
4891,0,0,NONE,NO_CLICK
4892,0,0,NONE,NO_CLICK
4893,0,0,NONE,NO_CLICK
4894,0,0,NONE,NO_CLICK
4895,0,0,NONE,NO_CLICK
4896,0,0,NONE,NO_CLICK
4897,0,0,NONE,NO_CLICK
4898,0,0,NONE,NO_CLICK
4899,0,0,NONE,NO_CLICK
4900,0,0,NONE,NO_CLICK
4901,0,0,NONE,NO_CLICK
4902,0,0,NONE,NO_CLICK
4903,0,0,NONE,NO_CLICK
4904,0,0,NONE,NO_CLICK
4905,0,0,NONE,NO_CLICK
4906,0,0,NONE,NO_CLICK
4907,0,0,NONE,NO_CLICK
4908,0,0,NONE,NO_CLICK
4909,0,0,NONE,NO_CLICK
4910,0,0,NONE,NO_CLICK
4911,0,0,NONE,NO_CLICK
4912,0,0,NONE,NO_CLICK
4913,0,0,NONE,NO_CLICK
4914,0,0,NONE,NO_CLICK
4915,0,0,NONE,NO_CLICK
4916,0,0,NONE,NO_CLICK
4917,0,0,NONE,NO_CLICK
4918,0,0,NONE,NO_CLICK
4919,0,0,NONE,NO_CLICK
4920,0,0,NONE,NO_CLICK
4921,0,0,NONE,NO_CLICK
4922,0,0,NONE,NO_CLICK
4923,0,0,NONE,NO_CLICK
4924,0,0,NONE,NO_CLICK
4925,0,0,NONE,NO_CLICK
4926,0,0,NONE,NO_CLICK
4927,0,0,NONE,NO_CLICK
4928,0,0,NONE,NO_CLICK
4929,0,0,NONE,NO_CLICK
4930,0,0,NONE,NO_CLICK
4931,0,0,NONE,NO_CLICK
4932,0,0,NONE,NO_CLICK
4933,0,0,NONE,NO_CLICK
4934,0,0,NONE,NO_CLICK
4935,0,0,NONE,NO_CLICK
4936,0,0,NONE,NO_CLICK
4937,0,0,NONE,NO_CLICK
4938,0,0,NONE,NO_CLICK
4939,0,0,NONE,NO_CLICK
4940,0,0,NONE,NO_CLICK
4941,0,0,NONE,NO_CLICK
4942,0,0,NONE,NO_CLICK
4943,0,0,NONE,NO_CLICK
4944,0,0,NONE,NO_CLICK
4945,0,0,NONE,NO_CLICK
4946,0,0,NONE,NO_CLICK
4947,0,0,NONE,NO_CLICK
4948,0,0,NONE,NO_CLICK
4949,0,0,NONE,NO_CLICK
4950,0,0,NONE,NO_CLICK
4951,0,0,NONE,NO_CLICK
4952,0,0,NONE,NO_CLICK
4953,0,0,NONE,NO_CLICK
4954,0,0,NONE,NO_CLICK
4955,0,0,NONE,NO_CLICK
4956,0,0,NONE,NO_CLICK
4957,0,0,NONE,NO_CLICK
4958,0,0,NONE,NO_CLICK
4959,0,0,NONE,NO_CLICK
4960,0,0,NONE,NO_CLICK
4961,0,0,NONE,NO_CLICK
4962,0,0,NONE,NO_CLICK
4963,0,0,NONE,NO_CLICK
4964,0,0,NONE,NO_CLICK
4965,0,0,NONE,NO_CLICK
4966,0,0,NONE,NO_CLICK
4967,0,0,NONE,NO_CLICK
4968,0,0,NONE,NO_CLICK
4969,0,0,NONE,NO_CLICK
4970,0,0,NONE,NO_CLICK
4971,0,0,NONE,NO_CLICK
4972,0,0,NONE,NO_CLICK
4973,0,0,NONE,NO_CLICK
4974,0,0,NONE,NO_CLICK
4975,0,0,NONE,NO_CLICK
4976,0,0,NONE,NO_CLICK
4977,0,0,NONE,NO_CLICK
4978,0,0,NONE,NO_CLICK
4979,0,0,NONE,NO_CLICK
4980,0,0,NONE,NO_CLICK
4981,0,0,NONE,NO_CLICK
4982,0,0,NONE,NO_CLICK
4983,0,0,NONE,NO_CLICK
4984,0,0,NONE,NO_CLICK
4985,0,0,NONE,NO_CLICK
4986,0,0,NONE,NO_CLICK
4987,0,0,NONE,NO_CLICK
4988,0,0,NONE,NO_CLICK
4989,0,0,NONE,NO_CLICK
4990,0,0,NONE,NO_CLICK
4991,0,0,NONE,NO_CLICK
4992,0,0,NONE,NO_CLICK
4993,0,0,NONE,NO_CLICK
4994,0,0,NONE,NO_CLICK
4995,0,0,NONE,NO_CLICK
4996,0,0,NONE,NO_CLICK
4997,0,0,NONE,NO_CLICK
4998,0,0,NONE,NO_CLICK
4999,0,0,NONE,NO_CLICK
5000,0,0,NONE,NO_CLICK
5001,0,0,NONE,NO_CLICK
5002,0,0,NONE,NO_CLICK
5003,0,0,NONE,NO_CLICK
5004,0,0,NONE,NO_CLICK
5005,0,0,NONE,NO_CLICK
5006,0,0,NONE,NO_CLICK
5007,0,0,NONE,NO_CLICK
5008,0,0,NONE,NO_CLICK
5009,0,0,NONE,NO_CLICK
5010,0,0,NONE,NO_CLICK
5011,0,0,NONE,NO_CLICK
5012,0,0,NONE,NO_CLICK
5013,0,0,NONE,NO_CLICK
5014,0,0,NONE,NO_CLICK
5015,0,0,NONE,NO_CLICK
5016,0,0,NONE,NO_CLICK
5017,0,0,NONE,NO_CLICK
5018,0,0,NONE,NO_CLICK
5019,0,0,NONE,NO_CLICK
5020,0,0,NONE,NO_CLICK
5021,0,0,NONE,NO_CLICK
5022,0,0,NONE,NO_CLICK
5023,0,0,NONE,NO_CLICK
5024,0,0,NONE,NO_CLICK
5025,0,0,NONE,NO_CLICK
5026,0,0,NONE,NO_CLICK
5027,0,0,NONE,NO_CLICK
5028,0,0,NONE,NO_CLICK
5029,0,0,NONE,NO_CLICK
5030,0,0,NONE,NO_CLICK
5031,0,0,NONE,NO_CLICK
5032,0,0,NONE,NO_CLICK
5033,0,0,NONE,NO_CLICK
5034,0,0,NONE,NO_CLICK
5035,0,0,NONE,NO_CLICK
5036,0,0,NONE,NO_CLICK
5037,0,0,NONE,NO_CLICK
5038,0,0,NONE,NO_CLICK
5039,0,0,NONE,NO_CLICK
5040,0,0,NONE,NO_CLICK
5041,0,0,NONE,NO_CLICK
5042,0,0,NONE,NO_CLICK
5043,0,0,NONE,NO_CLICK
5044,0,0,NONE,NO_CLICK
5045,0,0,NONE,NO_CLICK
5046,0,0,NONE,NO_CLICK
5047,0,0,NONE,NO_CLICK
5048,0,0,NONE,NO_CLICK
5049,0,0,NONE,NO_CLICK
5050,0,0,NONE,NO_CLICK
5051,0,0,NONE,NO_CLICK
5052,0,0,NONE,NO_CLICK
5053,0,0,NONE,NO_CLICK
5054,0,0,NONE,NO_CLICK
5055,0,0,NONE,NO_CLICK
5056,0,0,NONE,NO_CLICK
5057,0,0,NONE,NO_CLICK
5058,1,0,D1,D1_CLICK
5059,1,0,D1,D1_CLICK
5060,1,0,D1,D1_CLICK
5061,1,0,D1,D1_CLICK
5062,1,0,D1,D1_CLICK
5063,1,0,D1,D1_CLICK
5064,1,0,D1,D1_CLICK
5065,1,0,D1,D1_CLICK
5066,1,0,D1,D1_CLICK
5067,1,0,D1,D1_CLICK
5068,1,0,D1,D1_CLICK
5069,1,0,D1,D1_CLICK
5070,1,0,D1,D1_CLICK
5071,1,0,D1,D1_CLICK
5072,1,0,D1,D1_CLICK
5073,1,0,D1,D1_CLICK
5074,1,0,D1,D1_CLICK
5075,1,0,D1,D1_CLICK
5076,1,0,D1,D1_CLICK
5077,1,0,D1,D1_CLICK
5078,1,0,D1,D1_CLICK
5079,1,0,D1,D1_CLICK
5080,1,0,D1,D1_CLICK
5081,1,0,D1,D1_CLICK
5082,1,0,D1,D1_CLICK
5083,1,0,D1,D1_CLICK
5084,1,0,D1,D1_CLICK
5085,1,0,D1,D1_CLICK
5086,1,0,D1,D1_CLICK
5087,1,0,D1,D1_CLICK
5088,1,0,D1,D1_CLICK
5089,1,0,D1,D1_CLICK
5090,1,0,D1,D1_CLICK
5091,1,0,D1,D1_CLICK
5092,1,0,D1,D1_CLICK
5093,1,0,D1,D1_CLICK
5094,1,0,D1,D1_CLICK
5095,1,0,D1,D1_CLICK
5096,0,0,NONE,NO_CLICK
5097,0,0,NONE,NO_CLICK
5098,0,0,NONE,NO_CLICK
5099,0,0,NONE,NO_CLICK
5100,0,0,NONE,NO_CLICK
5101,0,0,NONE,NO_CLICK
5102,0,0,NONE,NO_CLICK
5103,0,0,NONE,NO_CLICK
5104,0,0,NONE,NO_CLICK
5105,0,0,NONE,NO_CLICK
5106,0,0,NONE,NO_CLICK
5107,0,0,NONE,NO_CLICK
5108,0,0,NONE,NO_CLICK
5109,0,0,NONE,NO_CLICK
5110,0,0,NONE,NO_CLICK
5111,0,0,NONE,NO_CLICK
5112,0,0,NONE,NO_CLICK
5113,0,0,NONE,NO_CLICK
5114,0,0,NONE,NO_CLICK
5115,0,0,NONE,NO_CLICK
5116,0,0,NONE,NO_CLICK
5117,0,0,NONE,NO_CLICK
5118,0,0,NONE,NO_CLICK
5119,0,0,NONE,NO_CLICK
5120,0,0,NONE,NO_CLICK
5121,0,0,NONE,NO_CLICK
5122,0,0,NONE,NO_CLICK
5123,0,0,NONE,NO_CLICK
5124,0,0,NONE,NO_CLICK
5125,0,0,NONE,NO_CLICK
5126,0,0,NONE,NO_CLICK
5127,0,0,NONE,NO_CLICK
5128,0,0,NONE,NO_CLICK
5129,0,0,NONE,NO_CLICK
5130,0,0,NONE,NO_CLICK
5131,0,0,NONE,NO_CLICK
5132,0,0,NONE,NO_CLICK
5133,0,0,NONE,NO_CLICK
5134,0,0,NONE,NO_CLICK
5135,0,0,NONE,NO_CLICK
5136,0,0,NONE,NO_CLICK
5137,0,0,NONE,NO_CLICK
5138,0,0,NONE,NO_CLICK
5139,0,0,NONE,NO_CLICK
5140,0,0,NONE,NO_CLICK
5141,0,0,NONE,NO_CLICK
5142,0,0,NONE,NO_CLICK
5143,0,0,NONE,NO_CLICK
5144,0,0,NONE,NO_CLICK
5145,0,0,NONE,NO_CLICK
5146,0,0,NONE,NO_CLICK
5147,0,0,NONE,NO_CLICK
5148,0,0,NONE,NO_CLICK
5149,0,0,NONE,NO_CLICK
5150,0,0,NONE,NO_CLICK
5151,0,0,NONE,NO_CLICK
5152,0,0,NONE,NO_CLICK
5153,0,0,NONE,NO_CLICK
5154,0,0,NONE,NO_CLICK
5155,0,0,NONE,NO_CLICK
5156,0,0,NONE,NO_CLICK
5157,0,0,NONE,NO_CLICK
5158,0,0,NONE,NO_CLICK
5159,0,0,NONE,NO_CLICK
5160,0,0,NONE,NO_CLICK
5161,0,0,NONE,NO_CLICK
5162,0,0,NONE,NO_CLICK
5163,0,0,NONE,NO_CLICK
5164,0,0,NONE,NO_CLICK
5165,0,0,NONE,NO_CLICK
5166,0,0,NONE,NO_CLICK
5167,0,0,NONE,NO_CLICK
5168,0,0,NONE,NO_CLICK
5169,0,0,NONE,NO_CLICK
5170,0,0,NONE,NO_CLICK
5171,0,0,NONE,NO_CLICK
5172,0,0,NONE,NO_CLICK
5173,0,0,NONE,NO_CLICK
5174,0,0,NONE,NO_CLICK
5175,0,0,NONE,NO_CLICK
5176,0,0,NONE,NO_CLICK
5177,0,0,NONE,NO_CLICK
5178,0,0,NONE,NO_CLICK
5179,0,0,NONE,NO_CLICK
5180,0,0,NONE,NO_CLICK
5181,0,0,NONE,NO_CLICK
5182,0,0,NONE,NO_CLICK
5183,0,0,NONE,NO_CLICK
5184,0,0,NONE,NO_CLICK
5185,0,0,NONE,NO_CLICK
5186,0,0,NONE,NO_CLICK
5187,0,0,NONE,NO_CLICK
5188,0,0,NONE,NO_CLICK
5189,0,0,NONE,NO_CLICK
5190,0,0,NONE,NO_CLICK
5191,0,0,NONE,NO_CLICK
5192,0,0,NONE,NO_CLICK
5193,0,0,NONE,NO_CLICK
5194,0,0,NONE,NO_CLICK
5195,0,0,NONE,NO_CLICK
5196,0,0,NONE,NO_CLICK
5197,0,0,NONE,NO_CLICK
5198,0,0,NONE,NO_CLICK
5199,0,0,NONE,NO_CLICK
5200,0,0,NONE,NO_CLICK
5201,0,0,NONE,NO_CLICK
5202,0,0,NONE,NO_CLICK
5203,0,0,NONE,NO_CLICK
5204,0,0,NONE,NO_CLICK
5205,0,0,NONE,NO_CLICK
5206,0,0,NONE,NO_CLICK
5207,0,0,NONE,NO_CLICK
5208,0,0,NONE,NO_CLICK
5209,0,0,NONE,NO_CLICK
5210,0,0,NONE,NO_CLICK
5211,0,0,NONE,NO_CLICK
5212,0,0,NONE,NO_CLICK
5213,0,0,NONE,NO_CLICK
5214,0,0,NONE,NO_CLICK
5215,0,0,NONE,NO_CLICK
5216,0,0,NONE,NO_CLICK
5217,0,0,NONE,NO_CLICK
5218,0,0,NONE,NO_CLICK
5219,0,0,NONE,NO_CLICK
5220,0,0,NONE,NO_CLICK
5221,0,0,NONE,NO_CLICK
5222,0,0,NONE,NO_CLICK
5223,0,0,NONE,NO_CLICK
5224,0,0,NONE,NO_CLICK
5225,0,0,NONE,NO_CLICK
5226,0,0,NONE,NO_CLICK
5227,0,0,NONE,NO_CLICK
5228,0,0,NONE,NO_CLICK
5229,0,0,NONE,NO_CLICK
5230,0,0,NONE,NO_CLICK
5231,0,0,NONE,NO_CLICK
5232,0,0,NONE,NO_CLICK
5233,0,0,NONE,NO_CLICK
5234,0,0,NONE,NO_CLICK
5235,0,0,NONE,NO_CLICK
5236,0,0,NONE,NO_CLICK
5237,0,0,NONE,NO_CLICK
5238,0,0,NONE,NO_CLICK
5239,0,0,NONE,NO_CLICK
5240,0,0,NONE,NO_CLICK
5241,0,0,NONE,NO_CLICK
5242,0,0,NONE,NO_CLICK
5243,0,0,NONE,NO_CLICK
5244,0,0,NONE,NO_CLICK
5245,0,0,NONE,NO_CLICK
5246,0,0,NONE,NO_CLICK
5247,0,0,NONE,NO_CLICK
5248,0,0,NONE,NO_CLICK
5249,0,0,NONE,NO_CLICK
5250,0,0,NONE,NO_CLICK
5251,0,0,NONE,NO_CLICK
5252,0,0,NONE,NO_CLICK
5253,0,0,NONE,NO_CLICK
5254,0,0,NONE,NO_CLICK
5255,0,0,NONE,NO_CLICK
5256,0,0,NONE,NO_CLICK
5257,0,0,NONE,NO_CLICK
5258,0,0,NONE,NO_CLICK
5259,0,0,NONE,NO_CLICK
5260,0,0,NONE,NO_CLICK
5261,0,0,NONE,NO_CLICK
5262,0,0,NONE,NO_CLICK
5263,0,0,NONE,NO_CLICK
5264,0,0,NONE,NO_CLICK
5265,0,0,NONE,NO_CLICK
5266,0,0,NONE,NO_CLICK
5267,0,0,NONE,NO_CLICK
5268,0,0,NONE,NO_CLICK
5269,0,0,NONE,NO_CLICK
5270,0,0,NONE,NO_CLICK
5271,0,0,NONE,NO_CLICK
5272,0,0,NONE,NO_CLICK
5273,0,0,NONE,NO_CLICK
5274,0,0,NONE,NO_CLICK
5275,0,0,NONE,NO_CLICK
5276,0,0,NONE,NO_CLICK
5277,0,0,NONE,NO_CLICK
5278,0,0,NONE,NO_CLICK
5279,0,0,NONE,NO_CLICK
5280,0,0,NONE,NO_CLICK
5281,0,0,NONE,NO_CLICK
5282,0,0,NONE,NO_CLICK
5283,0,0,NONE,NO_CLICK
5284,0,0,NONE,NO_CLICK
5285,0,0,NONE,NO_CLICK
5286,0,0,NONE,NO_CLICK
5287,0,0,NONE,NO_CLICK
5288,0,0,NONE,NO_CLICK
5289,0,0,NONE,NO_CLICK
5290,0,0,NONE,NO_CLICK
5291,0,0,NONE,NO_CLICK
5292,0,0,NONE,NO_CLICK
5293,0,0,NONE,NO_CLICK
5294,0,0,NONE,NO_CLICK
5295,0,0,NONE,NO_CLICK
5296,0,0,NONE,NO_CLICK
5297,0,0,NONE,NO_CLICK
5298,0,0,NONE,NO_CLICK
5299,0,0,NONE,NO_CLICK
5300,0,0,NONE,NO_CLICK
5301,0,0,NONE,NO_CLICK
5302,0,0,NONE,NO_CLICK
5303,0,0,NONE,NO_CLICK
5304,0,0,NONE,NO_CLICK
5305,0,0,NONE,NO_CLICK
5306,0,0,NONE,NO_CLICK
5307,0,0,NONE,NO_CLICK
5308,0,0,NONE,NO_CLICK
5309,0,0,NONE,NO_CLICK
5310,0,0,NONE,NO_CLICK
5311,0,0,NONE,NO_CLICK
5312,0,0,NONE,NO_CLICK
5313,0,0,NONE,NO_CLICK
5314,0,0,NONE,NO_CLICK
5315,0,0,NONE,NO_CLICK
5316,0,0,NONE,NO_CLICK
5317,0,0,NONE,NO_CLICK
5318,0,0,NONE,NO_CLICK
5319,0,0,NONE,NO_CLICK
5320,0,0,NONE,NO_CLICK
5321,0,0,NONE,NO_CLICK
5322,0,0,NONE,NO_CLICK
5323,0,0,NONE,NO_CLICK
5324,0,0,NONE,NO_CLICK
5325,0,0,NONE,NO_CLICK
5326,0,0,NONE,NO_CLICK
5327,0,0,NONE,NO_CLICK
5328,0,0,NONE,NO_CLICK
5329,0,0,NONE,NO_CLICK
5330,0,0,NONE,NO_CLICK
5331,0,0,NONE,NO_CLICK
5332,0,0,NONE,NO_CLICK
5333,0,0,NONE,NO_CLICK
5334,0,0,NONE,NO_CLICK
5335,0,0,NONE,NO_CLICK
5336,0,0,NONE,NO_CLICK
5337,0,0,NONE,NO_CLICK
5338,0,0,NONE,NO_CLICK
5339,0,0,NONE,NO_CLICK
5340,0,0,NONE,NO_CLICK
5341,0,0,NONE,NO_CLICK
5342,0,0,NONE,NO_CLICK
5343,0,0,NONE,NO_CLICK
5344,0,0,NONE,NO_CLICK
5345,0,0,NONE,NO_CLICK
5346,0,0,NONE,NO_CLICK
5347,0,0,NONE,NO_CLICK
5348,0,0,NONE,NO_CLICK
5349,0,0,NONE,NO_CLICK
5350,0,0,NONE,NO_CLICK
5351,0,0,NONE,NO_CLICK
5352,0,0,NONE,NO_CLICK
5353,0,0,NONE,NO_CLICK
5354,0,0,NONE,NO_CLICK
5355,0,0,NONE,NO_CLICK
5356,0,0,NONE,NO_CLICK
5357,0,0,NONE,NO_CLICK
5358,0,0,NONE,NO_CLICK
5359,0,0,NONE,NO_CLICK
5360,0,0,NONE,NO_CLICK
5361,0,0,NONE,NO_CLICK
5362,0,0,NONE,NO_CLICK
5363,0,0,NONE,NO_CLICK
5364,0,0,NONE,NO_CLICK
5365,0,0,NONE,NO_CLICK
5366,0,0,NONE,NO_CLICK
5367,0,0,NONE,NO_CLICK
5368,0,0,NONE,NO_CLICK
5369,0,0,NONE,NO_CLICK
5370,0,0,NONE,NO_CLICK
5371,0,0,NONE,NO_CLICK
5372,0,0,NONE,NO_CLICK
5373,0,0,NONE,NO_CLICK
5374,0,0,NONE,NO_CLICK
5375,0,0,NONE,NO_CLICK
5376,0,0,NONE,NO_CLICK
5377,0,0,NONE,NO_CLICK
5378,0,0,NONE,NO_CLICK
5379,0,0,NONE,NO_CLICK
5380,0,0,NONE,NO_CLICK
5381,0,0,NONE,NO_CLICK
5382,0,0,NONE,NO_CLICK
5383,0,0,NONE,NO_CLICK
5384,0,0,NONE,NO_CLICK
5385,0,0,NONE,NO_CLICK
5386,0,0,NONE,NO_CLICK
5387,0,0,NONE,NO_CLICK
5388,0,0,NONE,NO_CLICK
5389,0,0,NONE,NO_CLICK
5390,0,0,NONE,NO_CLICK
5391,0,0,NONE,NO_CLICK
5392,0,0,NONE,NO_CLICK
5393,0,0,NONE,NO_CLICK
5394,0,0,NONE,NO_CLICK
5395,0,0,NONE,NO_CLICK
5396,0,0,NONE,NO_CLICK
5397,0,0,NONE,NO_CLICK
5398,0,0,NONE,NO_CLICK
5399,0,0,NONE,NO_CLICK
5400,0,0,NONE,NO_CLICK
5401,0,0,NONE,NO_CLICK
5402,0,0,NONE,NO_CLICK
5403,0,0,NONE,NO_CLICK
5404,0,0,NONE,NO_CLICK
5405,0,0,NONE,NO_CLICK
5406,0,0,NONE,NO_CLICK
5407,0,0,NONE,NO_CLICK
5408,0,0,NONE,NO_CLICK
5409,0,0,NONE,NO_CLICK
5410,0,0,NONE,NO_CLICK
5411,0,0,NONE,NO_CLICK
5412,0,0,NONE,NO_CLICK
5413,0,0,NONE,NO_CLICK
5414,0,0,NONE,NO_CLICK
5415,0,0,NONE,NO_CLICK
5416,0,0,NONE,NO_CLICK
5417,0,0,NONE,NO_CLICK
5418,0,0,NONE,NO_CLICK
5419,0,0,NONE,NO_CLICK
5420,0,0,NONE,NO_CLICK
5421,0,0,NONE,NO_CLICK
5422,0,0,NONE,NO_CLICK
5423,0,0,NONE,NO_CLICK
5424,0,0,NONE,NO_CLICK
5425,0,0,NONE,NO_CLICK
5426,0,0,NONE,NO_CLICK
5427,0,0,NONE,NO_CLICK
5428,0,0,NONE,NO_CLICK
5429,0,0,NONE,NO_CLICK
5430,0,0,NONE,NO_CLICK
5431,0,0,NONE,NO_CLICK
5432,0,0,NONE,NO_CLICK
5433,0,0,NONE,NO_CLICK
5434,0,0,NONE,NO_CLICK
5435,0,0,NONE,NO_CLICK
5436,0,0,NONE,NO_CLICK
5437,0,0,NONE,NO_CLICK
5438,0,0,NONE,NO_CLICK
5439,0,0,NONE,NO_CLICK
5440,0,0,NONE,NO_CLICK
5441,0,0,NONE,NO_CLICK
5442,1,0,D1,D1_CLICK
5443,1,0,D1,D1_CLICK
5444,1,0,D1,D1_CLICK
5445,1,0,D1,D1_CLICK
5446,1,0,D1,D1_CLICK
5447,1,0,D1,D1_CLICK
5448,1,0,D1,D1_CLICK
5449,1,0,D1,D1_CLICK
5450,1,0,D1,D1_CLICK
5451,1,0,D1,D1_CLICK
5452,1,0,D1,D1_CLICK
5453,1,0,D1,D1_CLICK
5454,1,0,D1,D1_CLICK
5455,1,0,D1,D1_CLICK
5456,1,0,D1,D1_CLICK
5457,1,0,D1,D1_CLICK
5458,1,0,D1,D1_CLICK
5459,1,0,D1,D1_CLICK
5460,1,0,D1,D1_CLICK
5461,1,0,D1,D1_CLICK
5462,1,0,D1,D1_CLICK
5463,1,0,D1,D1_CLICK
5464,1,0,D1,D1_CLICK
5465,1,0,D1,D1_CLICK
5466,1,0,D1,D1_CLICK
5467,1,0,D1,D1_CLICK
5468,1,0,D1,D1_CLICK
5469,1,0,D1,D1_CLICK
5470,1,0,D1,D1_CLICK
5471,1,0,D1,D1_CLICK
5472,1,0,D1,D1_CLICK
5473,1,0,D1,D1_CLICK
5474,1,0,D1,D1_CLICK
5475,1,0,D1,D1_CLICK
5476,1,0,D1,D1_CLICK
5477,1,0,D1,D1_CLICK
5478,1,0,D1,D1_CLICK
5479,1,0,D1,D1_CLICK
5480,0,0,NONE,NO_CLICK
5481,0,0,NONE,NO_CLICK
5482,0,0,NONE,NO_CLICK
5483,0,0,NONE,NO_CLICK
5484,0,0,NONE,NO_CLICK
5485,0,0,NONE,NO_CLICK
5486,0,0,NONE,NO_CLICK
5487,0,0,NONE,NO_CLICK
5488,0,0,NONE,NO_CLICK
5489,0,0,NONE,NO_CLICK
5490,0,0,NONE,NO_CLICK
5491,0,0,NONE,NO_CLICK
5492,0,0,NONE,NO_CLICK
5493,0,0,NONE,NO_CLICK
5494,0,0,NONE,NO_CLICK
5495,0,0,NONE,NO_CLICK
5496,0,0,NONE,NO_CLICK
5497,0,0,NONE,NO_CLICK
5498,0,0,NONE,NO_CLICK
5499,0,0,NONE,NO_CLICK
5500,0,0,NONE,NO_CLICK
5501,0,0,NONE,NO_CLICK
5502,0,0,NONE,NO_CLICK
5503,0,0,NONE,NO_CLICK
5504,0,0,NONE,NO_CLICK
5505,0,0,NONE,NO_CLICK
5506,0,0,NONE,NO_CLICK
5507,0,0,NONE,NO_CLICK
5508,0,0,NONE,NO_CLICK
5509,0,0,NONE,NO_CLICK
5510,0,0,NONE,NO_CLICK
5511,0,0,NONE,NO_CLICK
5512,0,0,NONE,NO_CLICK
5513,0,0,NONE,NO_CLICK
5514,0,0,NONE,NO_CLICK
5515,0,0,NONE,NO_CLICK
5516,0,0,NONE,NO_CLICK
5517,0,0,NONE,NO_CLICK
5518,0,0,NONE,NO_CLICK
5519,0,0,NONE,NO_CLICK
5520,0,0,NONE,NO_CLICK
5521,0,0,NONE,NO_CLICK
5522,0,0,NONE,NO_CLICK
5523,0,0,NONE,NO_CLICK
5524,0,0,NONE,NO_CLICK
5525,0,0,NONE,NO_CLICK
5526,0,0,NONE,NO_CLICK
5527,0,0,NONE,NO_CLICK
5528,0,0,NONE,NO_CLICK
5529,0,0,NONE,NO_CLICK
5530,0,0,NONE,NO_CLICK
5531,0,0,NONE,NO_CLICK
5532,0,0,NONE,NO_CLICK
5533,0,0,NONE,NO_CLICK
5534,0,0,NONE,NO_CLICK
5535,0,0,NONE,NO_CLICK
5536,0,0,NONE,NO_CLICK
5537,0,0,NONE,NO_CLICK
5538,0,0,NONE,NO_CLICK
5539,0,0,NONE,NO_CLICK
5540,0,0,NONE,NO_CLICK
5541,0,0,NONE,NO_CLICK
5542,0,0,NONE,NO_CLICK
5543,0,0,NONE,NO_CLICK
5544,0,0,NONE,NO_CLICK
5545,0,0,NONE,NO_CLICK
5546,0,0,NONE,NO_CLICK
5547,0,0,NONE,NO_CLICK
5548,0,0,NONE,NO_CLICK
5549,0,0,NONE,NO_CLICK
5550,0,0,NONE,NO_CLICK
5551,0,0,NONE,NO_CLICK
5552,0,0,NONE,NO_CLICK
5553,0,0,NONE,NO_CLICK
5554,0,0,NONE,NO_CLICK
5555,0,0,NONE,NO_CLICK
5556,0,0,NONE,NO_CLICK
5557,0,0,NONE,NO_CLICK
5558,0,0,NONE,NO_CLICK
5559,0,0,NONE,NO_CLICK
5560,0,0,NONE,NO_CLICK
5561,0,0,NONE,NO_CLICK
5562,0,0,NONE,NO_CLICK
5563,0,0,NONE,NO_CLICK
5564,0,0,NONE,NO_CLICK
5565,0,0,NONE,NO_CLICK
5566,0,0,NONE,NO_CLICK
5567,0,0,NONE,NO_CLICK
5568,0,0,NONE,NO_CLICK
5569,0,0,NONE,NO_CLICK
5570,0,0,NONE,NO_CLICK
5571,0,0,NONE,NO_CLICK
5572,0,0,NONE,NO_CLICK
5573,0,0,NONE,NO_CLICK
5574,0,0,NONE,NO_CLICK
5575,0,0,NONE,NO_CLICK
5576,0,0,NONE,NO_CLICK
5577,0,0,NONE,NO_CLICK
5578,0,0,NONE,NO_CLICK
5579,0,0,NONE,NO_CLICK
5580,0,0,NONE,NO_CLICK
5581,0,0,NONE,NO_CLICK
5582,0,0,NONE,NO_CLICK
5583,0,0,NONE,NO_CLICK
5584,0,0,NONE,NO_CLICK
5585,0,0,NONE,NO_CLICK
5586,0,0,NONE,NO_CLICK
5587,0,0,NONE,NO_CLICK
5588,0,0,NONE,NO_CLICK
5589,0,0,NONE,NO_CLICK
5590,0,0,NONE,NO_CLICK
5591,0,0,NONE,NO_CLICK
5592,0,0,NONE,NO_CLICK
5593,0,0,NONE,NO_CLICK
5594,0,0,NONE,NO_CLICK
5595,0,0,NONE,NO_CLICK
5596,0,0,NONE,NO_CLICK
5597,0,0,NONE,NO_CLICK
5598,0,0,NONE,NO_CLICK
5599,0,0,NONE,NO_CLICK
5600,0,0,NONE,NO_CLICK
5601,0,0,NONE,NO_CLICK
5602,0,1,D2,D2_CLICK
5603,0,1,D2,D2_CLICK
5604,0,1,D2,D2_CLICK
5605,0,1,D2,D2_CLICK
5606,0,1,D2,D2_CLICK
5607,0,1,D2,D2_CLICK
5608,0,1,D2,D2_CLICK
5609,0,1,D2,D2_CLICK
5610,0,1,D2,D2_CLICK
5611,0,1,D2,D2_CLICK
5612,0,1,D2,D2_CLICK
5613,0,1,D2,D2_CLICK
5614,0,1,D2,D2_CLICK
5615,0,1,D2,D2_CLICK
5616,0,1,D2,D2_CLICK
5617,0,1,D2,D2_CLICK
5618,0,1,D2,D2_CLICK
5619,0,1,D2,D2_CLICK
5620,0,1,D2,D2_CLICK
5621,0,1,D2,D2_CLICK
5622,0,1,D2,D2_CLICK
5623,0,1,D2,D2_CLICK
5624,0,1,D2,D2_CLICK
5625,0,1,D2,D2_CLICK
5626,0,1,D2,D2_CLICK
5627,0,1,D2,D2_CLICK
5628,0,1,D2,D2_CLICK
5629,0,1,D2,D2_CLICK
5630,0,1,D2,D2_CLICK
5631,0,1,D2,D2_CLICK
5632,0,1,D2,D2_CLICK
5633,0,1,D2,D2_CLICK
5634,0,1,D2,D2_CLICK
5635,0,1,D2,D2_CLICK
5636,0,1,D2,D2_CLICK
5637,0,1,D2,D2_CLICK
5638,0,1,D2,D2_CLICK
5639,0,1,D2,D2_CLICK
5640,0,0,NONE,NO_CLICK
5641,0,0,NONE,NO_CLICK
5642,0,0,NONE,NO_CLICK
5643,0,0,NONE,NO_CLICK
5644,0,0,NONE,NO_CLICK
5645,0,0,NONE,NO_CLICK
5646,0,0,NONE,NO_CLICK
5647,0,0,NONE,NO_CLICK
5648,0,0,NONE,NO_CLICK
5649,0,0,NONE,NO_CLICK
5650,0,0,NONE,NO_CLICK
5651,0,0,NONE,NO_CLICK
5652,0,0,NONE,NO_CLICK
5653,0,0,NONE,NO_CLICK
5654,0,0,NONE,NO_CLICK
5655,0,0,NONE,NO_CLICK
5656,0,0,NONE,NO_CLICK
5657,0,0,NONE,NO_CLICK
5658,0,0,NONE,NO_CLICK
5659,0,0,NONE,NO_CLICK
5660,0,0,NONE,NO_CLICK
5661,0,0,NONE,NO_CLICK
5662,0,0,NONE,NO_CLICK
5663,0,0,NONE,NO_CLICK
5664,0,0,NONE,NO_CLICK
5665,0,0,NONE,NO_CLICK
5666,0,0,NONE,NO_CLICK
5667,0,0,NONE,NO_CLICK
5668,0,0,NONE,NO_CLICK
5669,0,0,NONE,NO_CLICK
5670,0,0,NONE,NO_CLICK
5671,0,0,NONE,NO_CLICK
5672,0,0,NONE,NO_CLICK
5673,0,0,NONE,NO_CLICK
5674,0,0,NONE,NO_CLICK
5675,0,0,NONE,NO_CLICK
5676,0,0,NONE,NO_CLICK
5677,0,0,NONE,NO_CLICK
5678,0,0,NONE,NO_CLICK
5679,0,0,NONE,NO_CLICK
5680,0,0,NONE,NO_CLICK
5681,0,0,NONE,NO_CLICK
5682,0,0,NONE,NO_CLICK
5683,0,0,NONE,NO_CLICK
5684,0,0,NONE,NO_CLICK
5685,0,0,NONE,NO_CLICK
5686,0,0,NONE,NO_CLICK
5687,0,0,NONE,NO_CLICK
5688,0,0,NONE,NO_CLICK
5689,0,0,NONE,NO_CLICK
5690,0,0,NONE,NO_CLICK
5691,0,0,NONE,NO_CLICK
5692,0,0,NONE,NO_CLICK
5693,0,0,NONE,NO_CLICK
5694,0,0,NONE,NO_CLICK
5695,0,0,NONE,NO_CLICK
5696,0,0,NONE,NO_CLICK
5697,0,0,NONE,NO_CLICK
5698,0,0,NONE,NO_CLICK
5699,0,0,NONE,NO_CLICK
5700,0,0,NONE,NO_CLICK
5701,0,0,NONE,NO_CLICK
5702,0,0,NONE,NO_CLICK
5703,0,0,NONE,NO_CLICK
5704,0,0,NONE,NO_CLICK
5705,0,0,NONE,NO_CLICK
5706,0,0,NONE,NO_CLICK
5707,0,0,NONE,NO_CLICK
5708,0,0,NONE,NO_CLICK
5709,0,0,NONE,NO_CLICK
5710,0,0,NONE,NO_CLICK
5711,0,0,NONE,NO_CLICK
5712,0,0,NONE,NO_CLICK
5713,0,0,NONE,NO_CLICK
5714,0,0,NONE,NO_CLICK
5715,0,0,NONE,NO_CLICK
5716,0,0,NONE,NO_CLICK
5717,0,0,NONE,NO_CLICK
5718,0,0,NONE,NO_CLICK
5719,0,0,NONE,NO_CLICK
5720,0,0,NONE,NO_CLICK
5721,0,0,NONE,NO_CLICK
5722,0,0,NONE,NO_CLICK
5723,0,0,NONE,NO_CLICK
5724,0,0,NONE,NO_CLICK
5725,0,0,NONE,NO_CLICK
5726,0,0,NONE,NO_CLICK
5727,0,0,NONE,NO_CLICK
5728,0,0,NONE,NO_CLICK
5729,0,0,NONE,NO_CLICK
5730,0,0,NONE,NO_CLICK
5731,0,0,NONE,NO_CLICK
5732,0,0,NONE,NO_CLICK
5733,0,0,NONE,NO_CLICK
5734,0,0,NONE,NO_CLICK
5735,0,0,NONE,NO_CLICK
5736,0,0,NONE,NO_CLICK
5737,0,0,NONE,NO_CLICK
5738,0,0,NONE,NO_CLICK
5739,0,0,NONE,NO_CLICK
5740,0,0,NONE,NO_CLICK
5741,0,0,NONE,NO_CLICK
5742,0,0,NONE,NO_CLICK
5743,0,0,NONE,NO_CLICK
5744,0,0,NONE,NO_CLICK
5745,0,0,NONE,NO_CLICK
5746,0,0,NONE,NO_CLICK
5747,0,0,NONE,NO_CLICK
5748,0,0,NONE,NO_CLICK
5749,0,0,NONE,NO_CLICK
5750,0,0,NONE,NO_CLICK
5751,0,0,NONE,NO_CLICK
5752,0,0,NONE,NO_CLICK
5753,0,0,NONE,NO_CLICK
5754,0,0,NONE,NO_CLICK
5755,0,0,NONE,NO_CLICK
5756,0,0,NONE,NO_CLICK
5757,0,0,NONE,NO_CLICK
5758,0,0,NONE,NO_CLICK
5759,0,0,NONE,NO_CLICK
5760,0,0,NONE,NO_CLICK
5761,0,0,NONE,NO_CLICK
5762,0,0,NONE,NO_CLICK
5763,0,0,NONE,NO_CLICK
5764,0,0,NONE,NO_CLICK
5765,0,0,NONE,NO_CLICK
5766,0,0,NONE,NO_CLICK
5767,0,0,NONE,NO_CLICK
5768,0,0,NONE,NO_CLICK
5769,0,0,NONE,NO_CLICK
5770,0,0,NONE,NO_CLICK
5771,0,0,NONE,NO_CLICK
5772,0,0,NONE,NO_CLICK
5773,0,0,NONE,NO_CLICK
5774,0,0,NONE,NO_CLICK
5775,0,0,NONE,NO_CLICK
5776,0,0,NONE,NO_CLICK
5777,0,0,NONE,NO_CLICK
5778,0,0,NONE,NO_CLICK
5779,0,0,NONE,NO_CLICK
5780,0,0,NONE,NO_CLICK
5781,0,0,NONE,NO_CLICK
5782,0,0,NONE,NO_CLICK
5783,0,0,NONE,NO_CLICK
5784,0,0,NONE,NO_CLICK
5785,0,0,NONE,NO_CLICK
5786,0,0,NONE,NO_CLICK
5787,0,0,NONE,NO_CLICK
5788,0,0,NONE,NO_CLICK
5789,0,0,NONE,NO_CLICK
5790,0,0,NONE,NO_CLICK
5791,0,0,NONE,NO_CLICK
5792,0,0,NONE,NO_CLICK
5793,0,0,NONE,NO_CLICK
5794,0,0,NONE,NO_CLICK
5795,0,0,NONE,NO_CLICK
5796,0,0,NONE,NO_CLICK
5797,0,0,NONE,NO_CLICK
5798,0,0,NONE,NO_CLICK
5799,0,0,NONE,NO_CLICK
5800,0,0,NONE,NO_CLICK
5801,0,0,NONE,NO_CLICK
5802,0,0,NONE,NO_CLICK
5803,0,0,NONE,NO_CLICK
5804,0,0,NONE,NO_CLICK
5805,0,0,NONE,NO_CLICK
5806,0,0,NONE,NO_CLICK
5807,0,0,NONE,NO_CLICK
5808,0,0,NONE,NO_CLICK
5809,0,0,NONE,NO_CLICK
5810,0,0,NONE,NO_CLICK
5811,0,0,NONE,NO_CLICK
5812,0,0,NONE,NO_CLICK
5813,0,0,NONE,NO_CLICK
5814,0,0,NONE,NO_CLICK
5815,0,0,NONE,NO_CLICK
5816,0,0,NONE,NO_CLICK
5817,0,0,NONE,NO_CLICK
5818,0,0,NONE,NO_CLICK
5819,0,0,NONE,NO_CLICK
5820,0,0,NONE,NO_CLICK
5821,0,0,NONE,NO_CLICK
5822,0,0,NONE,NO_CLICK
5823,0,0,NONE,NO_CLICK
5824,0,0,NONE,NO_CLICK
5825,0,0,NONE,NO_CLICK
5826,0,0,NONE,NO_CLICK
5827,0,0,NONE,NO_CLICK
5828,0,0,NONE,NO_CLICK
5829,0,0,NONE,NO_CLICK
5830,0,0,NONE,NO_CLICK
5831,0,0,NONE,NO_CLICK
5832,0,0,NONE,NO_CLICK
5833,0,0,NONE,NO_CLICK
5834,0,0,NONE,NO_CLICK
5835,0,0,NONE,NO_CLICK
5836,0,0,NONE,NO_CLICK
5837,0,0,NONE,NO_CLICK
5838,0,0,NONE,NO_CLICK
5839,0,0,NONE,NO_CLICK
5840,0,0,NONE,NO_CLICK
5841,0,0,NONE,NO_CLICK
5842,0,0,NONE,NO_CLICK
5843,0,0,NONE,NO_CLICK
5844,0,0,NONE,NO_CLICK
5845,0,0,NONE,NO_CLICK
5846,0,0,NONE,NO_CLICK
5847,0,0,NONE,NO_CLICK
5848,0,0,NONE,NO_CLICK
5849,0,0,NONE,NO_CLICK
5850,0,0,NONE,NO_CLICK
5851,0,0,NONE,NO_CLICK
5852,0,0,NONE,NO_CLICK
5853,0,0,NONE,NO_CLICK
5854,0,0,NONE,NO_CLICK
5855,0,0,NONE,NO_CLICK
5856,0,0,NONE,NO_CLICK
5857,0,0,NONE,NO_CLICK
5858,0,0,NONE,NO_CLICK
5859,0,0,NONE,NO_CLICK
5860,0,0,NONE,NO_CLICK
5861,0,0,NONE,NO_CLICK
5862,0,0,NONE,NO_CLICK
5863,0,0,NONE,NO_CLICK
5864,0,0,NONE,NO_CLICK
5865,0,0,NONE,NO_CLICK
5866,0,0,NONE,NO_CLICK
5867,0,0,NONE,NO_CLICK
5868,0,0,NONE,NO_CLICK
5869,0,0,NONE,NO_CLICK
5870,0,0,NONE,NO_CLICK
5871,0,0,NONE,NO_CLICK
5872,0,0,NONE,NO_CLICK
5873,0,0,NONE,NO_CLICK
5874,0,0,NONE,NO_CLICK
5875,0,0,NONE,NO_CLICK
5876,0,0,NONE,NO_CLICK
5877,0,0,NONE,NO_CLICK
5878,0,0,NONE,NO_CLICK
5879,0,0,NONE,NO_CLICK
5880,0,0,NONE,NO_CLICK
5881,0,0,NONE,NO_CLICK
5882,0,0,NONE,NO_CLICK
5883,0,0,NONE,NO_CLICK
5884,0,0,NONE,NO_CLICK
5885,0,0,NONE,NO_CLICK
5886,0,0,NONE,NO_CLICK
5887,0,0,NONE,NO_CLICK
5888,0,0,NONE,NO_CLICK
5889,0,0,NONE,NO_CLICK
5890,0,0,NONE,NO_CLICK
5891,0,0,NONE,NO_CLICK
5892,0,0,NONE,NO_CLICK
5893,0,0,NONE,NO_CLICK
5894,0,0,NONE,NO_CLICK
5895,0,0,NONE,NO_CLICK
5896,0,0,NONE,NO_CLICK
5897,0,0,NONE,NO_CLICK
5898,0,0,NONE,NO_CLICK
5899,0,0,NONE,NO_CLICK
5900,0,0,NONE,NO_CLICK
5901,0,0,NONE,NO_CLICK
5902,0,0,NONE,NO_CLICK
5903,0,0,NONE,NO_CLICK
5904,0,0,NONE,NO_CLICK
5905,0,0,NONE,NO_CLICK
5906,0,0,NONE,NO_CLICK
5907,0,0,NONE,NO_CLICK
5908,0,0,NONE,NO_CLICK
5909,0,0,NONE,NO_CLICK
5910,0,0,NONE,NO_CLICK
5911,0,0,NONE,NO_CLICK
5912,0,0,NONE,NO_CLICK
5913,0,0,NONE,NO_CLICK
5914,0,0,NONE,NO_CLICK
5915,0,0,NONE,NO_CLICK
5916,0,0,NONE,NO_CLICK
5917,0,0,NONE,NO_CLICK
5918,0,0,NONE,NO_CLICK
5919,0,0,NONE,NO_CLICK
5920,0,0,NONE,NO_CLICK
5921,0,0,NONE,NO_CLICK
5922,0,0,NONE,NO_CLICK
5923,0,0,NONE,NO_CLICK
5924,0,0,NONE,NO_CLICK
5925,0,0,NONE,NO_CLICK
5926,0,0,NONE,NO_CLICK
5927,0,0,NONE,NO_CLICK
5928,0,0,NONE,NO_CLICK
5929,0,0,NONE,NO_CLICK
5930,0,0,NONE,NO_CLICK
5931,0,0,NONE,NO_CLICK
5932,0,0,NONE,NO_CLICK
5933,0,0,NONE,NO_CLICK
5934,0,0,NONE,NO_CLICK
5935,0,0,NONE,NO_CLICK
5936,0,0,NONE,NO_CLICK
5937,0,0,NONE,NO_CLICK
5938,0,0,NONE,NO_CLICK
5939,0,0,NONE,NO_CLICK
5940,0,0,NONE,NO_CLICK
5941,0,0,NONE,NO_CLICK
5942,0,0,NONE,NO_CLICK
5943,0,0,NONE,NO_CLICK
5944,0,0,NONE,NO_CLICK
5945,0,0,NONE,NO_CLICK
5946,0,0,NONE,NO_CLICK
5947,0,0,NONE,NO_CLICK
5948,0,0,NONE,NO_CLICK
5949,0,0,NONE,NO_CLICK
5950,0,0,NONE,NO_CLICK
5951,0,0,NONE,NO_CLICK
5952,0,0,NONE,NO_CLICK
5953,0,0,NONE,NO_CLICK
5954,0,0,NONE,NO_CLICK
5955,0,0,NONE,NO_CLICK
5956,0,0,NONE,NO_CLICK
5957,0,0,NONE,NO_CLICK
5958,0,0,NONE,NO_CLICK
5959,0,0,NONE,NO_CLICK
5960,0,0,NONE,NO_CLICK
5961,0,0,NONE,NO_CLICK
5962,0,0,NONE,NO_CLICK
5963,0,0,NONE,NO_CLICK
5964,0,0,NONE,NO_CLICK
5965,0,0,NONE,NO_CLICK
5966,0,0,NONE,NO_CLICK
5967,0,0,NONE,NO_CLICK
5968,0,0,NONE,NO_CLICK
5969,0,0,NONE,NO_CLICK
5970,0,0,NONE,NO_CLICK
5971,0,0,NONE,NO_CLICK
5972,0,0,NONE,NO_CLICK
5973,0,0,NONE,NO_CLICK
5974,0,0,NONE,NO_CLICK
5975,0,0,NONE,NO_CLICK
5976,0,0,NONE,NO_CLICK
5977,0,0,NONE,NO_CLICK
5978,0,0,NONE,NO_CLICK
5979,0,0,NONE,NO_CLICK
5980,0,0,NONE,NO_CLICK
5981,0,0,NONE,NO_CLICK
5982,0,0,NONE,NO_CLICK
5983,0,0,NONE,NO_CLICK
5984,0,0,NONE,NO_CLICK
5985,0,0,NONE,NO_CLICK
5986,0,0,NONE,NO_CLICK
5987,0,0,NONE,NO_CLICK
5988,0,0,NONE,NO_CLICK
5989,0,0,NONE,NO_CLICK
5990,0,0,NONE,NO_CLICK
5991,0,0,NONE,NO_CLICK
5992,0,0,NONE,NO_CLICK
5993,0,0,NONE,NO_CLICK
5994,0,0,NONE,NO_CLICK
5995,0,0,NONE,NO_CLICK
5996,0,0,NONE,NO_CLICK
5997,0,0,NONE,NO_CLICK
5998,0,0,NONE,NO_CLICK
5999,0,0,NONE,NO_CLICK
6000,0,0,NONE,NO_CLICK
6001,0,0,NONE,NO_CLICK
6002,0,0,NONE,NO_CLICK
6003,0,0,NONE,NO_CLICK
6004,0,0,NONE,NO_CLICK
6005,0,0,NONE,NO_CLICK
6006,0,0,NONE,NO_CLICK
6007,0,0,NONE,NO_CLICK
6008,0,0,NONE,NO_CLICK
6009,0,0,NONE,NO_CLICK
6010,0,0,NONE,NO_CLICK
6011,0,0,NONE,NO_CLICK
6012,0,0,NONE,NO_CLICK
6013,0,0,NONE,NO_CLICK
6014,0,0,NONE,NO_CLICK
6015,0,0,NONE,NO_CLICK
6016,0,0,NONE,NO_CLICK
6017,0,0,NONE,NO_CLICK
6018,0,0,NONE,NO_CLICK
6019,0,0,NONE,NO_CLICK
6020,0,0,NONE,NO_CLICK
6021,0,0,NONE,NO_CLICK
6022,0,0,NONE,NO_CLICK
6023,0,0,NONE,NO_CLICK
6024,0,0,NONE,NO_CLICK
6025,0,0,NONE,NO_CLICK
6026,0,0,NONE,NO_CLICK
6027,0,0,NONE,NO_CLICK
6028,0,0,NONE,NO_CLICK
6029,0,0,NONE,NO_CLICK
6030,0,0,NONE,NO_CLICK
6031,0,0,NONE,NO_CLICK
6032,0,0,NONE,NO_CLICK
6033,0,0,NONE,NO_CLICK
6034,0,0,NONE,NO_CLICK
6035,0,0,NONE,NO_CLICK
6036,0,0,NONE,NO_CLICK
6037,0,0,NONE,NO_CLICK
6038,0,0,NONE,NO_CLICK
6039,0,0,NONE,NO_CLICK
6040,0,0,NONE,NO_CLICK
6041,0,0,NONE,NO_CLICK
6042,0,0,NONE,NO_CLICK
6043,0,0,NONE,NO_CLICK
6044,0,0,NONE,NO_CLICK
6045,0,0,NONE,NO_CLICK
6046,0,0,NONE,NO_CLICK
6047,0,0,NONE,NO_CLICK
6048,0,0,NONE,NO_CLICK
6049,0,0,NONE,NO_CLICK
6050,0,1,D2,D2_CLICK
6051,0,1,D2,D2_CLICK
6052,0,1,D2,D2_CLICK
6053,0,1,D2,D2_CLICK
6054,0,1,D2,D2_CLICK
6055,0,1,D2,D2_CLICK
6056,0,1,D2,D2_CLICK
6057,0,1,D2,D2_CLICK
6058,0,1,D2,D2_CLICK
6059,0,1,D2,D2_CLICK
6060,0,1,D2,D2_CLICK
6061,0,1,D2,D2_CLICK
6062,0,1,D2,D2_CLICK
6063,0,1,D2,D2_CLICK
6064,0,1,D2,D2_CLICK
6065,0,1,D2,D2_CLICK
6066,0,1,D2,D2_CLICK
6067,0,1,D2,D2_CLICK
6068,0,1,D2,D2_CLICK
6069,0,1,D2,D2_CLICK
6070,0,1,D2,D2_CLICK
6071,0,1,D2,D2_CLICK
6072,0,1,D2,D2_CLICK
6073,0,1,D2,D2_CLICK
6074,0,1,D2,D2_CLICK
6075,0,1,D2,D2_CLICK
6076,0,1,D2,D2_CLICK
6077,0,1,D2,D2_CLICK
6078,0,1,D2,D2_CLICK
6079,0,1,D2,D2_CLICK
6080,0,1,D2,D2_CLICK
6081,0,1,D2,D2_CLICK
6082,0,1,D2,D2_CLICK
6083,0,1,D2,D2_CLICK
6084,0,1,D2,D2_CLICK
6085,0,1,D2,D2_CLICK
6086,0,1,D2,D2_CLICK
6087,0,1,D2,D2_CLICK
6088,0,0,NONE,NO_CLICK
6089,0,0,NONE,NO_CLICK
6090,0,0,NONE,NO_CLICK
6091,0,0,NONE,NO_CLICK
6092,0,0,NONE,NO_CLICK
6093,0,0,NONE,NO_CLICK
6094,0,0,NONE,NO_CLICK
6095,0,0,NONE,NO_CLICK
6096,0,0,NONE,NO_CLICK
6097,0,0,NONE,NO_CLICK
6098,0,0,NONE,NO_CLICK
6099,0,0,NONE,NO_CLICK
6100,0,0,NONE,NO_CLICK
6101,0,0,NONE,NO_CLICK
6102,0,0,NONE,NO_CLICK
6103,0,0,NONE,NO_CLICK
6104,0,0,NONE,NO_CLICK
6105,0,0,NONE,NO_CLICK
6106,0,0,NONE,NO_CLICK
6107,0,0,NONE,NO_CLICK
6108,0,0,NONE,NO_CLICK
6109,0,0,NONE,NO_CLICK
6110,0,0,NONE,NO_CLICK
6111,0,0,NONE,NO_CLICK
6112,0,0,NONE,NO_CLICK
6113,0,0,NONE,NO_CLICK
6114,0,0,NONE,NO_CLICK
6115,0,0,NONE,NO_CLICK
6116,0,0,NONE,NO_CLICK
6117,0,0,NONE,NO_CLICK
6118,0,0,NONE,NO_CLICK
6119,0,0,NONE,NO_CLICK
6120,0,0,NONE,NO_CLICK
6121,0,0,NONE,NO_CLICK
6122,0,0,NONE,NO_CLICK
6123,0,0,NONE,NO_CLICK
6124,0,0,NONE,NO_CLICK
6125,0,0,NONE,NO_CLICK
6126,0,0,NONE,NO_CLICK
6127,0,0,NONE,NO_CLICK
6128,0,0,NONE,NO_CLICK
6129,0,0,NONE,NO_CLICK
6130,0,0,NONE,NO_CLICK
6131,0,0,NONE,NO_CLICK
6132,0,0,NONE,NO_CLICK
6133,0,0,NONE,NO_CLICK
6134,0,0,NONE,NO_CLICK
6135,0,0,NONE,NO_CLICK
6136,0,0,NONE,NO_CLICK
6137,0,0,NONE,NO_CLICK
6138,0,0,NONE,NO_CLICK
6139,0,0,NONE,NO_CLICK
6140,0,0,NONE,NO_CLICK
6141,0,0,NONE,NO_CLICK
6142,0,0,NONE,NO_CLICK
6143,0,0,NONE,NO_CLICK
6144,0,0,NONE,NO_CLICK
6145,0,0,NONE,NO_CLICK
6146,0,0,NONE,NO_CLICK
6147,0,0,NONE,NO_CLICK
6148,0,0,NONE,NO_CLICK
6149,0,0,NONE,NO_CLICK
6150,0,0,NONE,NO_CLICK
6151,0,0,NONE,NO_CLICK
6152,0,0,NONE,NO_CLICK
6153,0,0,NONE,NO_CLICK
6154,0,0,NONE,NO_CLICK
6155,0,0,NONE,NO_CLICK
6156,0,0,NONE,NO_CLICK
6157,0,0,NONE,NO_CLICK
6158,0,0,NONE,NO_CLICK
6159,0,0,NONE,NO_CLICK
6160,0,0,NONE,NO_CLICK
6161,0,0,NONE,NO_CLICK
6162,0,0,NONE,NO_CLICK
6163,0,0,NONE,NO_CLICK
6164,0,0,NONE,NO_CLICK
6165,0,0,NONE,NO_CLICK
6166,0,0,NONE,NO_CLICK
6167,0,0,NONE,NO_CLICK
6168,0,0,NONE,NO_CLICK
6169,0,0,NONE,NO_CLICK
6170,0,0,NONE,NO_CLICK
6171,0,0,NONE,NO_CLICK
6172,0,0,NONE,NO_CLICK
6173,0,0,NONE,NO_CLICK
6174,0,0,NONE,NO_CLICK
6175,0,0,NONE,NO_CLICK
6176,0,0,NONE,NO_CLICK
6177,0,0,NONE,NO_CLICK
6178,0,0,NONE,NO_CLICK
6179,0,0,NONE,NO_CLICK
6180,0,0,NONE,NO_CLICK
6181,0,0,NONE,NO_CLICK
6182,0,0,NONE,NO_CLICK
6183,0,0,NONE,NO_CLICK
6184,0,0,NONE,NO_CLICK
6185,0,0,NONE,NO_CLICK
6186,0,0,NONE,NO_CLICK
6187,0,0,NONE,NO_CLICK
6188,0,0,NONE,NO_CLICK
6189,0,0,NONE,NO_CLICK
6190,0,0,NONE,NO_CLICK
6191,0,0,NONE,NO_CLICK
6192,0,0,NONE,NO_CLICK
6193,0,0,NONE,NO_CLICK
6194,0,0,NONE,NO_CLICK
6195,0,0,NONE,NO_CLICK
6196,0,0,NONE,NO_CLICK
6197,0,0,NONE,NO_CLICK
6198,0,0,NONE,NO_CLICK
6199,0,0,NONE,NO_CLICK
6200,0,0,NONE,NO_CLICK
6201,0,0,NONE,NO_CLICK
6202,0,0,NONE,NO_CLICK
6203,0,0,NONE,NO_CLICK
6204,0,0,NONE,NO_CLICK
6205,0,0,NONE,NO_CLICK
6206,0,0,NONE,NO_CLICK
6207,0,0,NONE,NO_CLICK
6208,0,0,NONE,NO_CLICK
6209,0,0,NONE,NO_CLICK
6210,0,0,NONE,NO_CLICK
6211,0,0,NONE,NO_CLICK
6212,0,0,NONE,NO_CLICK
6213,0,0,NONE,NO_CLICK
6214,0,0,NONE,NO_CLICK
6215,0,0,NONE,NO_CLICK
6216,0,0,NONE,NO_CLICK
6217,0,0,NONE,NO_CLICK
6218,0,0,NONE,NO_CLICK
6219,0,0,NONE,NO_CLICK
6220,0,0,NONE,NO_CLICK
6221,0,0,NONE,NO_CLICK
6222,0,0,NONE,NO_CLICK
6223,0,0,NONE,NO_CLICK
6224,0,0,NONE,NO_CLICK
6225,0,0,NONE,NO_CLICK
6226,0,0,NONE,NO_CLICK
6227,0,0,NONE,NO_CLICK
6228,0,0,NONE,NO_CLICK
6229,0,0,NONE,NO_CLICK
6230,0,0,NONE,NO_CLICK
6231,0,0,NONE,NO_CLICK
6232,0,0,NONE,NO_CLICK
6233,0,0,NONE,NO_CLICK
6234,0,0,NONE,NO_CLICK
6235,0,0,NONE,NO_CLICK
6236,0,0,NONE,NO_CLICK
6237,0,0,NONE,NO_CLICK
6238,0,0,NONE,NO_CLICK
6239,0,0,NONE,NO_CLICK
6240,0,0,NONE,NO_CLICK
6241,0,0,NONE,NO_CLICK
6242,0,0,NONE,NO_CLICK
6243,0,0,NONE,NO_CLICK
6244,0,0,NONE,NO_CLICK
6245,0,0,NONE,NO_CLICK
6246,0,0,NONE,NO_CLICK
6247,0,0,NONE,NO_CLICK
6248,0,0,NONE,NO_CLICK
6249,0,0,NONE,NO_CLICK
6250,0,0,NONE,NO_CLICK
6251,0,0,NONE,NO_CLICK
6252,0,0,NONE,NO_CLICK
6253,0,0,NONE,NO_CLICK
6254,0,0,NONE,NO_CLICK
6255,0,0,NONE,NO_CLICK
6256,0,0,NONE,NO_CLICK
6257,0,0,NONE,NO_CLICK
6258,0,0,NONE,NO_CLICK
6259,0,0,NONE,NO_CLICK
6260,0,0,NONE,NO_CLICK
6261,0,0,NONE,NO_CLICK
6262,0,0,NONE,NO_CLICK
6263,0,0,NONE,NO_CLICK
6264,0,0,NONE,NO_CLICK
6265,0,0,NONE,NO_CLICK
6266,0,0,NONE,NO_CLICK
6267,0,0,NONE,NO_CLICK
6268,0,0,NONE,NO_CLICK
6269,0,0,NONE,NO_CLICK
6270,0,0,NONE,NO_CLICK
6271,0,0,NONE,NO_CLICK
6272,0,0,NONE,NO_CLICK
6273,0,0,NONE,NO_CLICK
6274,0,0,NONE,NO_CLICK
6275,0,0,NONE,NO_CLICK
6276,0,0,NONE,NO_CLICK
6277,0,0,NONE,NO_CLICK
6278,0,0,NONE,NO_CLICK
6279,0,0,NONE,NO_CLICK
6280,0,0,NONE,NO_CLICK
6281,0,0,NONE,NO_CLICK
6282,0,0,NONE,NO_CLICK
6283,0,0,NONE,NO_CLICK
6284,0,0,NONE,NO_CLICK
6285,0,0,NONE,NO_CLICK
6286,0,0,NONE,NO_CLICK
6287,0,0,NONE,NO_CLICK
6288,0,0,NONE,NO_CLICK
6289,0,0,NONE,NO_CLICK
6290,0,0,NONE,NO_CLICK
6291,0,0,NONE,NO_CLICK
6292,0,0,NONE,NO_CLICK
6293,0,0,NONE,NO_CLICK
6294,0,0,NONE,NO_CLICK
6295,0,0,NONE,NO_CLICK
6296,0,0,NONE,NO_CLICK
6297,0,0,NONE,NO_CLICK
6298,0,0,NONE,NO_CLICK
6299,0,0,NONE,NO_CLICK
6300,0,0,NONE,NO_CLICK
6301,0,0,NONE,NO_CLICK
6302,0,0,NONE,NO_CLICK
6303,0,0,NONE,NO_CLICK
6304,0,0,NONE,NO_CLICK
6305,0,0,NONE,NO_CLICK
6306,1,0,D1,D1_CLICK
6307,1,0,D1,D1_CLICK
6308,1,0,D1,D1_CLICK
6309,1,0,D1,D1_CLICK
6310,1,0,D1,D1_CLICK
6311,1,0,D1,D1_CLICK
6312,1,0,D1,D1_CLICK
6313,1,0,D1,D1_CLICK
6314,1,0,D1,D1_CLICK
6315,1,0,D1,D1_CLICK
6316,1,0,D1,D1_CLICK
6317,1,0,D1,D1_CLICK
6318,1,0,D1,D1_CLICK
6319,1,0,D1,D1_CLICK
6320,1,0,D1,D1_CLICK
6321,1,0,D1,D1_CLICK
6322,1,0,D1,D1_CLICK
6323,1,0,D1,D1_CLICK
6324,1,0,D1,D1_CLICK
6325,1,0,D1,D1_CLICK
6326,1,0,D1,D1_CLICK
6327,1,0,D1,D1_CLICK
6328,1,0,D1,D1_CLICK
6329,1,0,D1,D1_CLICK
6330,1,0,D1,D1_CLICK
6331,1,0,D1,D1_CLICK
6332,1,0,D1,D1_CLICK
6333,1,0,D1,D1_CLICK
6334,1,0,D1,D1_CLICK
6335,1,0,D1,D1_CLICK
6336,1,0,D1,D1_CLICK
6337,1,0,D1,D1_CLICK
6338,1,0,D1,D1_CLICK
6339,1,0,D1,D1_CLICK
6340,1,0,D1,D1_CLICK
6341,1,0,D1,D1_CLICK
6342,1,0,D1,D1_CLICK
6343,1,0,D1,D1_CLICK
6344,0,0,NONE,NO_CLICK
6345,0,0,NONE,NO_CLICK
6346,0,0,NONE,NO_CLICK
6347,0,0,NONE,NO_CLICK
6348,0,0,NONE,NO_CLICK
6349,0,0,NONE,NO_CLICK
6350,0,0,NONE,NO_CLICK
6351,0,0,NONE,NO_CLICK
6352,0,0,NONE,NO_CLICK
6353,0,0,NONE,NO_CLICK
6354,0,0,NONE,NO_CLICK
6355,0,0,NONE,NO_CLICK
6356,0,0,NONE,NO_CLICK
6357,0,0,NONE,NO_CLICK
6358,0,0,NONE,NO_CLICK
6359,0,0,NONE,NO_CLICK
6360,0,0,NONE,NO_CLICK
6361,0,0,NONE,NO_CLICK
6362,0,0,NONE,NO_CLICK
6363,0,0,NONE,NO_CLICK
6364,0,0,NONE,NO_CLICK
6365,0,0,NONE,NO_CLICK
6366,0,0,NONE,NO_CLICK
6367,0,0,NONE,NO_CLICK
6368,0,0,NONE,NO_CLICK
6369,0,0,NONE,NO_CLICK
6370,0,0,NONE,NO_CLICK
6371,0,0,NONE,NO_CLICK
6372,0,0,NONE,NO_CLICK
6373,0,0,NONE,NO_CLICK
6374,0,0,NONE,NO_CLICK
6375,0,0,NONE,NO_CLICK
6376,0,0,NONE,NO_CLICK
6377,0,0,NONE,NO_CLICK
6378,0,0,NONE,NO_CLICK
6379,0,0,NONE,NO_CLICK
6380,0,0,NONE,NO_CLICK
6381,0,0,NONE,NO_CLICK
6382,0,0,NONE,NO_CLICK
6383,0,0,NONE,NO_CLICK
6384,0,0,NONE,NO_CLICK
6385,0,0,NONE,NO_CLICK
6386,0,0,NONE,NO_CLICK
6387,0,0,NONE,NO_CLICK
6388,0,0,NONE,NO_CLICK
6389,0,0,NONE,NO_CLICK
6390,0,0,NONE,NO_CLICK
6391,0,0,NONE,NO_CLICK
6392,0,0,NONE,NO_CLICK
6393,0,0,NONE,NO_CLICK
6394,0,0,NONE,NO_CLICK
6395,0,0,NONE,NO_CLICK
6396,0,0,NONE,NO_CLICK
6397,0,0,NONE,NO_CLICK
6398,0,0,NONE,NO_CLICK
6399,0,0,NONE,NO_CLICK
6400,0,0,NONE,NO_CLICK
6401,0,0,NONE,NO_CLICK
6402,0,0,NONE,NO_CLICK
6403,0,0,NONE,NO_CLICK
6404,0,0,NONE,NO_CLICK
6405,0,0,NONE,NO_CLICK
6406,0,0,NONE,NO_CLICK
6407,0,0,NONE,NO_CLICK
6408,0,0,NONE,NO_CLICK
6409,0,0,NONE,NO_CLICK
6410,0,0,NONE,NO_CLICK
6411,0,0,NONE,NO_CLICK
6412,0,0,NONE,NO_CLICK
6413,0,0,NONE,NO_CLICK
6414,0,0,NONE,NO_CLICK
6415,0,0,NONE,NO_CLICK
6416,0,0,NONE,NO_CLICK
6417,0,0,NONE,NO_CLICK
6418,0,0,NONE,NO_CLICK
6419,0,0,NONE,NO_CLICK
6420,0,0,NONE,NO_CLICK
6421,0,0,NONE,NO_CLICK
6422,0,0,NONE,NO_CLICK
6423,0,0,NONE,NO_CLICK
6424,0,0,NONE,NO_CLICK
6425,0,0,NONE,NO_CLICK
6426,0,0,NONE,NO_CLICK
6427,0,0,NONE,NO_CLICK
6428,0,0,NONE,NO_CLICK
6429,0,0,NONE,NO_CLICK
6430,0,0,NONE,NO_CLICK
6431,0,0,NONE,NO_CLICK
6432,0,0,NONE,NO_CLICK
6433,0,0,NONE,NO_CLICK
6434,0,1,D2,D2_CLICK
6435,0,1,D2,D2_CLICK
6436,0,1,D2,D2_CLICK
6437,0,1,D2,D2_CLICK
6438,0,1,D2,D2_CLICK
6439,0,1,D2,D2_CLICK
6440,0,1,D2,D2_CLICK
6441,0,1,D2,D2_CLICK
6442,0,1,D2,D2_CLICK
6443,0,1,D2,D2_CLICK
6444,0,1,D2,D2_CLICK
6445,0,1,D2,D2_CLICK
6446,0,1,D2,D2_CLICK
6447,0,1,D2,D2_CLICK
6448,0,1,D2,D2_CLICK
6449,0,1,D2,D2_CLICK
6450,0,1,D2,D2_CLICK
6451,0,1,D2,D2_CLICK
6452,0,1,D2,D2_CLICK
6453,0,1,D2,D2_CLICK
6454,0,1,D2,D2_CLICK
6455,0,1,D2,D2_CLICK
6456,0,1,D2,D2_CLICK
6457,0,1,D2,D2_CLICK
6458,0,1,D2,D2_CLICK
6459,0,1,D2,D2_CLICK
6460,0,1,D2,D2_CLICK
6461,0,1,D2,D2_CLICK
6462,0,1,D2,D2_CLICK
6463,0,1,D2,D2_CLICK
6464,0,1,D2,D2_CLICK
6465,0,1,D2,D2_CLICK
6466,0,1,D2,D2_CLICK
6467,0,1,D2,D2_CLICK
6468,0,1,D2,D2_CLICK
6469,0,1,D2,D2_CLICK
6470,0,1,D2,D2_CLICK
6471,0,1,D2,D2_CLICK
6472,0,0,NONE,NO_CLICK
6473,0,0,NONE,NO_CLICK
6474,0,0,NONE,NO_CLICK
6475,0,0,NONE,NO_CLICK
6476,0,0,NONE,NO_CLICK
6477,0,0,NONE,NO_CLICK
6478,0,0,NONE,NO_CLICK
6479,0,0,NONE,NO_CLICK
6480,0,0,NONE,NO_CLICK
6481,0,0,NONE,NO_CLICK
6482,0,0,NONE,NO_CLICK
6483,0,0,NONE,NO_CLICK
6484,0,0,NONE,NO_CLICK
6485,0,0,NONE,NO_CLICK
6486,0,0,NONE,NO_CLICK
6487,0,0,NONE,NO_CLICK
6488,0,0,NONE,NO_CLICK
6489,0,0,NONE,NO_CLICK
6490,0,0,NONE,NO_CLICK
6491,0,0,NONE,NO_CLICK
6492,0,0,NONE,NO_CLICK
6493,0,0,NONE,NO_CLICK
6494,0,0,NONE,NO_CLICK
6495,0,0,NONE,NO_CLICK
6496,0,0,NONE,NO_CLICK
6497,0,0,NONE,NO_CLICK
6498,0,0,NONE,NO_CLICK
6499,0,0,NONE,NO_CLICK
6500,0,0,NONE,NO_CLICK
6501,0,0,NONE,NO_CLICK
6502,0,0,NONE,NO_CLICK
6503,0,0,NONE,NO_CLICK
6504,0,0,NONE,NO_CLICK
6505,0,0,NONE,NO_CLICK
6506,0,0,NONE,NO_CLICK
6507,0,0,NONE,NO_CLICK
6508,0,0,NONE,NO_CLICK
6509,0,0,NONE,NO_CLICK
6510,0,0,NONE,NO_CLICK
6511,0,0,NONE,NO_CLICK
6512,0,0,NONE,NO_CLICK
6513,0,0,NONE,NO_CLICK
6514,0,0,NONE,NO_CLICK
6515,0,0,NONE,NO_CLICK
6516,0,0,NONE,NO_CLICK
6517,0,0,NONE,NO_CLICK
6518,0,0,NONE,NO_CLICK
6519,0,0,NONE,NO_CLICK
6520,0,0,NONE,NO_CLICK
6521,0,0,NONE,NO_CLICK
6522,0,0,NONE,NO_CLICK
6523,0,0,NONE,NO_CLICK
6524,0,0,NONE,NO_CLICK
6525,0,0,NONE,NO_CLICK
6526,0,0,NONE,NO_CLICK
6527,0,0,NONE,NO_CLICK
6528,0,0,NONE,NO_CLICK
6529,0,0,NONE,NO_CLICK
6530,0,0,NONE,NO_CLICK
6531,0,0,NONE,NO_CLICK
6532,0,0,NONE,NO_CLICK
6533,0,0,NONE,NO_CLICK
6534,0,0,NONE,NO_CLICK
6535,0,0,NONE,NO_CLICK
6536,0,0,NONE,NO_CLICK
6537,0,0,NONE,NO_CLICK
6538,0,0,NONE,NO_CLICK
6539,0,0,NONE,NO_CLICK
6540,0,0,NONE,NO_CLICK
6541,0,0,NONE,NO_CLICK
6542,0,0,NONE,NO_CLICK
6543,0,0,NONE,NO_CLICK
6544,0,0,NONE,NO_CLICK
6545,0,0,NONE,NO_CLICK
6546,0,0,NONE,NO_CLICK
6547,0,0,NONE,NO_CLICK
6548,0,0,NONE,NO_CLICK
6549,0,0,NONE,NO_CLICK
6550,0,0,NONE,NO_CLICK
6551,0,0,NONE,NO_CLICK
6552,0,0,NONE,NO_CLICK
6553,0,0,NONE,NO_CLICK
6554,0,0,NONE,NO_CLICK
6555,0,0,NONE,NO_CLICK
6556,0,0,NONE,NO_CLICK
6557,0,0,NONE,NO_CLICK
6558,0,0,NONE,NO_CLICK
6559,0,0,NONE,NO_CLICK
6560,0,0,NONE,NO_CLICK
6561,0,0,NONE,NO_CLICK
6562,0,0,NONE,NO_CLICK
6563,0,0,NONE,NO_CLICK
6564,0,0,NONE,NO_CLICK
6565,0,0,NONE,NO_CLICK
6566,0,0,NONE,NO_CLICK
6567,0,0,NONE,NO_CLICK
6568,0,0,NONE,NO_CLICK
6569,0,0,NONE,NO_CLICK
6570,0,0,NONE,NO_CLICK
6571,0,0,NONE,NO_CLICK
6572,0,0,NONE,NO_CLICK
6573,0,0,NONE,NO_CLICK
6574,0,0,NONE,NO_CLICK
6575,0,0,NONE,NO_CLICK
6576,0,0,NONE,NO_CLICK
6577,0,0,NONE,NO_CLICK
6578,0,0,NONE,NO_CLICK
6579,0,0,NONE,NO_CLICK
6580,0,0,NONE,NO_CLICK
6581,0,0,NONE,NO_CLICK
6582,0,0,NONE,NO_CLICK
6583,0,0,NONE,NO_CLICK
6584,0,0,NONE,NO_CLICK
6585,0,0,NONE,NO_CLICK
6586,0,0,NONE,NO_CLICK
6587,0,0,NONE,NO_CLICK
6588,0,0,NONE,NO_CLICK
6589,0,0,NONE,NO_CLICK
6590,0,0,NONE,NO_CLICK
6591,0,0,NONE,NO_CLICK
6592,0,0,NONE,NO_CLICK
6593,0,0,NONE,NO_CLICK
6594,0,0,NONE,NO_CLICK
6595,0,0,NONE,NO_CLICK
6596,0,0,NONE,NO_CLICK
6597,0,0,NONE,NO_CLICK
6598,0,0,NONE,NO_CLICK
6599,0,0,NONE,NO_CLICK
6600,0,0,NONE,NO_CLICK
6601,0,0,NONE,NO_CLICK
6602,0,0,NONE,NO_CLICK
6603,0,0,NONE,NO_CLICK
6604,0,0,NONE,NO_CLICK
6605,0,0,NONE,NO_CLICK
6606,0,0,NONE,NO_CLICK
6607,0,0,NONE,NO_CLICK
6608,0,0,NONE,NO_CLICK
6609,0,0,NONE,NO_CLICK
6610,0,0,NONE,NO_CLICK
6611,0,0,NONE,NO_CLICK
6612,0,0,NONE,NO_CLICK
6613,0,0,NONE,NO_CLICK
6614,0,0,NONE,NO_CLICK
6615,0,0,NONE,NO_CLICK
6616,0,0,NONE,NO_CLICK
6617,0,0,NONE,NO_CLICK
6618,0,0,NONE,NO_CLICK
6619,0,0,NONE,NO_CLICK
6620,0,0,NONE,NO_CLICK
6621,0,0,NONE,NO_CLICK
6622,0,0,NONE,NO_CLICK
6623,0,0,NONE,NO_CLICK
6624,0,0,NONE,NO_CLICK
6625,0,0,NONE,NO_CLICK
6626,0,0,NONE,NO_CLICK
6627,0,0,NONE,NO_CLICK
6628,0,0,NONE,NO_CLICK
6629,0,0,NONE,NO_CLICK
6630,0,0,NONE,NO_CLICK
6631,0,0,NONE,NO_CLICK
6632,0,0,NONE,NO_CLICK
6633,0,0,NONE,NO_CLICK
6634,0,0,NONE,NO_CLICK
6635,0,0,NONE,NO_CLICK
6636,0,0,NONE,NO_CLICK
6637,0,0,NONE,NO_CLICK
6638,0,0,NONE,NO_CLICK
6639,0,0,NONE,NO_CLICK
6640,0,0,NONE,NO_CLICK
6641,0,0,NONE,NO_CLICK
6642,0,0,NONE,NO_CLICK
6643,0,0,NONE,NO_CLICK
6644,0,0,NONE,NO_CLICK
6645,0,0,NONE,NO_CLICK
6646,0,0,NONE,NO_CLICK
6647,0,0,NONE,NO_CLICK
6648,0,0,NONE,NO_CLICK
6649,0,0,NONE,NO_CLICK
6650,0,0,NONE,NO_CLICK
6651,0,0,NONE,NO_CLICK
6652,0,0,NONE,NO_CLICK
6653,0,0,NONE,NO_CLICK
6654,0,0,NONE,NO_CLICK
6655,0,0,NONE,NO_CLICK
6656,0,0,NONE,NO_CLICK
6657,0,0,NONE,NO_CLICK
6658,0,0,NONE,NO_CLICK
6659,0,0,NONE,NO_CLICK
6660,0,0,NONE,NO_CLICK
6661,0,0,NONE,NO_CLICK
6662,0,0,NONE,NO_CLICK
6663,0,0,NONE,NO_CLICK
6664,0,0,NONE,NO_CLICK
6665,0,0,NONE,NO_CLICK
6666,0,0,NONE,NO_CLICK
6667,0,0,NONE,NO_CLICK
6668,0,0,NONE,NO_CLICK
6669,0,0,NONE,NO_CLICK
6670,0,0,NONE,NO_CLICK
6671,0,0,NONE,NO_CLICK
6672,0,0,NONE,NO_CLICK
6673,0,0,NONE,NO_CLICK
6674,0,0,NONE,NO_CLICK
6675,0,0,NONE,NO_CLICK
6676,0,0,NONE,NO_CLICK
6677,0,0,NONE,NO_CLICK
6678,0,0,NONE,NO_CLICK
6679,0,0,NONE,NO_CLICK
6680,0,0,NONE,NO_CLICK
6681,0,0,NONE,NO_CLICK
6682,0,0,NONE,NO_CLICK
6683,0,0,NONE,NO_CLICK
6684,0,0,NONE,NO_CLICK
6685,0,0,NONE,NO_CLICK
6686,0,0,NONE,NO_CLICK
6687,0,0,NONE,NO_CLICK
6688,0,0,NONE,NO_CLICK
6689,0,0,NONE,NO_CLICK
6690,1,0,D1,D1_CLICK
6691,1,0,D1,D1_CLICK
6692,1,0,D1,D1_CLICK
6693,1,0,D1,D1_CLICK
6694,1,0,D1,D1_CLICK
6695,1,0,D1,D1_CLICK
6696,1,0,D1,D1_CLICK
6697,1,0,D1,D1_CLICK
6698,1,0,D1,D1_CLICK
6699,1,0,D1,D1_CLICK
6700,1,0,D1,D1_CLICK
6701,1,0,D1,D1_CLICK
6702,1,0,D1,D1_CLICK
6703,1,0,D1,D1_CLICK
6704,1,0,D1,D1_CLICK
6705,1,0,D1,D1_CLICK
6706,1,0,D1,D1_CLICK
6707,1,0,D1,D1_CLICK
6708,1,0,D1,D1_CLICK
6709,1,0,D1,D1_CLICK
6710,1,0,D1,D1_CLICK
6711,1,0,D1,D1_CLICK
6712,1,0,D1,D1_CLICK
6713,1,0,D1,D1_CLICK
6714,1,0,D1,D1_CLICK
6715,1,0,D1,D1_CLICK
6716,1,0,D1,D1_CLICK
6717,1,0,D1,D1_CLICK
6718,1,0,D1,D1_CLICK
6719,1,0,D1,D1_CLICK
6720,1,0,D1,D1_CLICK
6721,1,0,D1,D1_CLICK
6722,1,0,D1,D1_CLICK
6723,1,0,D1,D1_CLICK
6724,1,0,D1,D1_CLICK
6725,1,0,D1,D1_CLICK
6726,1,0,D1,D1_CLICK
6727,1,0,D1,D1_CLICK
6728,0,0,NONE,NO_CLICK
6729,0,0,NONE,NO_CLICK
6730,0,0,NONE,NO_CLICK
6731,0,0,NONE,NO_CLICK
6732,0,0,NONE,NO_CLICK
6733,0,0,NONE,NO_CLICK
6734,0,0,NONE,NO_CLICK
6735,0,0,NONE,NO_CLICK
6736,0,0,NONE,NO_CLICK
6737,0,0,NONE,NO_CLICK
6738,0,0,NONE,NO_CLICK
6739,0,0,NONE,NO_CLICK
6740,0,0,NONE,NO_CLICK
6741,0,0,NONE,NO_CLICK
6742,0,0,NONE,NO_CLICK
6743,0,0,NONE,NO_CLICK
6744,0,0,NONE,NO_CLICK
6745,0,0,NONE,NO_CLICK
6746,0,0,NONE,NO_CLICK
6747,0,0,NONE,NO_CLICK
6748,0,0,NONE,NO_CLICK
6749,0,0,NONE,NO_CLICK
6750,0,0,NONE,NO_CLICK
6751,0,0,NONE,NO_CLICK
6752,0,0,NONE,NO_CLICK
6753,0,0,NONE,NO_CLICK
6754,0,0,NONE,NO_CLICK
6755,0,0,NONE,NO_CLICK
6756,0,0,NONE,NO_CLICK
6757,0,0,NONE,NO_CLICK
6758,0,0,NONE,NO_CLICK
6759,0,0,NONE,NO_CLICK
6760,0,0,NONE,NO_CLICK
6761,0,0,NONE,NO_CLICK
6762,0,0,NONE,NO_CLICK
6763,0,0,NONE,NO_CLICK
6764,0,0,NONE,NO_CLICK
6765,0,0,NONE,NO_CLICK
6766,0,0,NONE,NO_CLICK
6767,0,0,NONE,NO_CLICK
6768,0,0,NONE,NO_CLICK
6769,0,0,NONE,NO_CLICK
6770,0,0,NONE,NO_CLICK
6771,0,0,NONE,NO_CLICK
6772,0,0,NONE,NO_CLICK
6773,0,0,NONE,NO_CLICK
6774,0,0,NONE,NO_CLICK
6775,0,0,NONE,NO_CLICK
6776,0,0,NONE,NO_CLICK
6777,0,0,NONE,NO_CLICK
6778,0,0,NONE,NO_CLICK
6779,0,0,NONE,NO_CLICK
6780,0,0,NONE,NO_CLICK
6781,0,0,NONE,NO_CLICK
6782,0,0,NONE,NO_CLICK
6783,0,0,NONE,NO_CLICK
6784,0,0,NONE,NO_CLICK
6785,0,0,NONE,NO_CLICK
6786,0,0,NONE,NO_CLICK
6787,0,0,NONE,NO_CLICK
6788,0,0,NONE,NO_CLICK
6789,0,0,NONE,NO_CLICK
6790,0,0,NONE,NO_CLICK
6791,0,0,NONE,NO_CLICK
6792,0,0,NONE,NO_CLICK
6793,0,0,NONE,NO_CLICK
6794,0,0,NONE,NO_CLICK
6795,0,0,NONE,NO_CLICK
6796,0,0,NONE,NO_CLICK
6797,0,0,NONE,NO_CLICK
6798,0,0,NONE,NO_CLICK
6799,0,0,NONE,NO_CLICK
6800,0,0,NONE,NO_CLICK
6801,0,0,NONE,NO_CLICK
6802,0,0,NONE,NO_CLICK
6803,0,0,NONE,NO_CLICK
6804,0,0,NONE,NO_CLICK
6805,0,0,NONE,NO_CLICK
6806,0,0,NONE,NO_CLICK
6807,0,0,NONE,NO_CLICK
6808,0,0,NONE,NO_CLICK
6809,0,0,NONE,NO_CLICK
6810,0,0,NONE,NO_CLICK
6811,0,0,NONE,NO_CLICK
6812,0,0,NONE,NO_CLICK
6813,0,0,NONE,NO_CLICK
6814,0,0,NONE,NO_CLICK
6815,0,0,NONE,NO_CLICK
6816,0,0,NONE,NO_CLICK
6817,0,0,NONE,NO_CLICK
6818,0,0,NONE,NO_CLICK
6819,0,0,NONE,NO_CLICK
6820,0,0,NONE,NO_CLICK
6821,0,0,NONE,NO_CLICK
6822,0,0,NONE,NO_CLICK
6823,0,0,NONE,NO_CLICK
6824,0,0,NONE,NO_CLICK
6825,0,0,NONE,NO_CLICK
6826,0,0,NONE,NO_CLICK
6827,0,0,NONE,NO_CLICK
6828,0,0,NONE,NO_CLICK
6829,0,0,NONE,NO_CLICK
6830,0,0,NONE,NO_CLICK
6831,0,0,NONE,NO_CLICK
6832,0,0,NONE,NO_CLICK
6833,0,0,NONE,NO_CLICK
6834,0,0,NONE,NO_CLICK
6835,0,0,NONE,NO_CLICK
6836,0,0,NONE,NO_CLICK
6837,0,0,NONE,NO_CLICK
6838,0,0,NONE,NO_CLICK
6839,0,0,NONE,NO_CLICK
6840,0,0,NONE,NO_CLICK
6841,0,0,NONE,NO_CLICK
6842,0,0,NONE,NO_CLICK
6843,0,0,NONE,NO_CLICK
6844,0,0,NONE,NO_CLICK
6845,0,0,NONE,NO_CLICK
6846,0,0,NONE,NO_CLICK
6847,0,0,NONE,NO_CLICK
6848,0,0,NONE,NO_CLICK
6849,0,0,NONE,NO_CLICK
6850,0,0,NONE,NO_CLICK
6851,0,0,NONE,NO_CLICK
6852,0,0,NONE,NO_CLICK
6853,0,0,NONE,NO_CLICK
6854,0,0,NONE,NO_CLICK
6855,0,0,NONE,NO_CLICK
6856,0,0,NONE,NO_CLICK
6857,0,0,NONE,NO_CLICK
6858,0,0,NONE,NO_CLICK
6859,0,0,NONE,NO_CLICK
6860,0,0,NONE,NO_CLICK
6861,0,0,NONE,NO_CLICK
6862,0,0,NONE,NO_CLICK
6863,0,0,NONE,NO_CLICK
6864,0,0,NONE,NO_CLICK
6865,0,0,NONE,NO_CLICK
6866,0,0,NONE,NO_CLICK
6867,0,0,NONE,NO_CLICK
6868,0,0,NONE,NO_CLICK
6869,0,0,NONE,NO_CLICK
6870,0,0,NONE,NO_CLICK
6871,0,0,NONE,NO_CLICK
6872,0,0,NONE,NO_CLICK
6873,0,0,NONE,NO_CLICK
6874,0,0,NONE,NO_CLICK
6875,0,0,NONE,NO_CLICK
6876,0,0,NONE,NO_CLICK
6877,0,0,NONE,NO_CLICK
6878,0,0,NONE,NO_CLICK
6879,0,0,NONE,NO_CLICK
6880,0,0,NONE,NO_CLICK
6881,0,0,NONE,NO_CLICK
6882,0,1,D2,D2_CLICK
6883,0,1,D2,D2_CLICK
6884,0,1,D2,D2_CLICK
6885,0,1,D2,D2_CLICK
6886,0,1,D2,D2_CLICK
6887,0,1,D2,D2_CLICK
6888,0,1,D2,D2_CLICK
6889,0,1,D2,D2_CLICK
6890,0,1,D2,D2_CLICK
6891,0,1,D2,D2_CLICK
6892,0,1,D2,D2_CLICK
6893,0,1,D2,D2_CLICK
6894,0,1,D2,D2_CLICK
6895,0,1,D2,D2_CLICK
6896,0,1,D2,D2_CLICK
6897,0,1,D2,D2_CLICK
6898,0,1,D2,D2_CLICK
6899,0,1,D2,D2_CLICK
6900,0,1,D2,D2_CLICK
6901,0,1,D2,D2_CLICK
6902,0,1,D2,D2_CLICK
6903,0,1,D2,D2_CLICK
6904,0,1,D2,D2_CLICK
6905,0,1,D2,D2_CLICK
6906,0,1,D2,D2_CLICK
6907,0,1,D2,D2_CLICK
6908,0,1,D2,D2_CLICK
6909,0,1,D2,D2_CLICK
6910,0,1,D2,D2_CLICK
6911,0,1,D2,D2_CLICK
6912,0,1,D2,D2_CLICK
6913,0,1,D2,D2_CLICK
6914,0,1,D2,D2_CLICK
6915,0,1,D2,D2_CLICK
6916,0,1,D2,D2_CLICK
6917,0,1,D2,D2_CLICK
6918,0,1,D2,D2_CLICK
6919,0,1,D2,D2_CLICK
6920,0,0,NONE,NO_CLICK
6921,0,0,NONE,NO_CLICK
6922,0,0,NONE,NO_CLICK
6923,0,0,NONE,NO_CLICK
6924,0,0,NONE,NO_CLICK
6925,0,0,NONE,NO_CLICK
6926,0,0,NONE,NO_CLICK
6927,0,0,NONE,NO_CLICK
6928,0,0,NONE,NO_CLICK
6929,0,0,NONE,NO_CLICK
6930,0,0,NONE,NO_CLICK
6931,0,0,NONE,NO_CLICK
6932,0,0,NONE,NO_CLICK
6933,0,0,NONE,NO_CLICK
6934,0,0,NONE,NO_CLICK
6935,0,0,NONE,NO_CLICK
6936,0,0,NONE,NO_CLICK
6937,0,0,NONE,NO_CLICK
6938,0,0,NONE,NO_CLICK
6939,0,0,NONE,NO_CLICK
6940,0,0,NONE,NO_CLICK
6941,0,0,NONE,NO_CLICK
6942,0,0,NONE,NO_CLICK
6943,0,0,NONE,NO_CLICK
6944,0,0,NONE,NO_CLICK
6945,0,0,NONE,NO_CLICK
6946,0,0,NONE,NO_CLICK
6947,0,0,NONE,NO_CLICK
6948,0,0,NONE,NO_CLICK
6949,0,0,NONE,NO_CLICK
6950,0,0,NONE,NO_CLICK
6951,0,0,NONE,NO_CLICK
6952,0,0,NONE,NO_CLICK
6953,0,0,NONE,NO_CLICK
6954,0,0,NONE,NO_CLICK
6955,0,0,NONE,NO_CLICK
6956,0,0,NONE,NO_CLICK
6957,0,0,NONE,NO_CLICK
6958,0,0,NONE,NO_CLICK
6959,0,0,NONE,NO_CLICK
6960,0,0,NONE,NO_CLICK
6961,0,0,NONE,NO_CLICK
6962,0,0,NONE,NO_CLICK
6963,0,0,NONE,NO_CLICK
6964,0,0,NONE,NO_CLICK
6965,0,0,NONE,NO_CLICK
6966,0,0,NONE,NO_CLICK
6967,0,0,NONE,NO_CLICK
6968,0,0,NONE,NO_CLICK
6969,0,0,NONE,NO_CLICK
6970,0,0,NONE,NO_CLICK
6971,0,0,NONE,NO_CLICK
6972,0,0,NONE,NO_CLICK
6973,0,0,NONE,NO_CLICK
6974,0,0,NONE,NO_CLICK
6975,0,0,NONE,NO_CLICK
6976,0,0,NONE,NO_CLICK
6977,0,0,NONE,NO_CLICK
6978,0,0,NONE,NO_CLICK
6979,0,0,NONE,NO_CLICK
6980,0,0,NONE,NO_CLICK
6981,0,0,NONE,NO_CLICK
6982,0,0,NONE,NO_CLICK
6983,0,0,NONE,NO_CLICK
6984,0,0,NONE,NO_CLICK
6985,0,0,NONE,NO_CLICK
6986,0,0,NONE,NO_CLICK
6987,0,0,NONE,NO_CLICK
6988,0,0,NONE,NO_CLICK
6989,0,0,NONE,NO_CLICK
6990,0,0,NONE,NO_CLICK
6991,0,0,NONE,NO_CLICK
6992,0,0,NONE,NO_CLICK
6993,0,0,NONE,NO_CLICK
6994,0,0,NONE,NO_CLICK
6995,0,0,NONE,NO_CLICK
6996,0,0,NONE,NO_CLICK
6997,0,0,NONE,NO_CLICK
6998,0,0,NONE,NO_CLICK
6999,0,0,NONE,NO_CLICK
7000,0,0,NONE,NO_CLICK
7001,0,0,NONE,NO_CLICK
7002,0,0,NONE,NO_CLICK
7003,0,0,NONE,NO_CLICK
7004,0,0,NONE,NO_CLICK
7005,0,0,NONE,NO_CLICK
7006,0,0,NONE,NO_CLICK
7007,0,0,NONE,NO_CLICK
7008,0,0,NONE,NO_CLICK
7009,0,0,NONE,NO_CLICK
7010,0,0,NONE,NO_CLICK
7011,0,0,NONE,NO_CLICK
7012,0,0,NONE,NO_CLICK
7013,0,0,NONE,NO_CLICK
7014,0,0,NONE,NO_CLICK
7015,0,0,NONE,NO_CLICK
7016,0,0,NONE,NO_CLICK
7017,0,0,NONE,NO_CLICK
7018,0,0,NONE,NO_CLICK
7019,0,0,NONE,NO_CLICK
7020,0,0,NONE,NO_CLICK
7021,0,0,NONE,NO_CLICK
7022,0,0,NONE,NO_CLICK
7023,0,0,NONE,NO_CLICK
7024,0,0,NONE,NO_CLICK
7025,0,0,NONE,NO_CLICK
7026,0,0,NONE,NO_CLICK
7027,0,0,NONE,NO_CLICK
7028,0,0,NONE,NO_CLICK
7029,0,0,NONE,NO_CLICK
7030,0,0,NONE,NO_CLICK
7031,0,0,NONE,NO_CLICK
7032,0,0,NONE,NO_CLICK
7033,0,0,NONE,NO_CLICK
7034,0,0,NONE,NO_CLICK
7035,0,0,NONE,NO_CLICK
7036,0,0,NONE,NO_CLICK
7037,0,0,NONE,NO_CLICK
7038,0,0,NONE,NO_CLICK
7039,0,0,NONE,NO_CLICK
7040,0,0,NONE,NO_CLICK
7041,0,0,NONE,NO_CLICK
7042,0,0,NONE,NO_CLICK
7043,0,0,NONE,NO_CLICK
7044,0,0,NONE,NO_CLICK
7045,0,0,NONE,NO_CLICK
7046,0,0,NONE,NO_CLICK
7047,0,0,NONE,NO_CLICK
7048,0,0,NONE,NO_CLICK
7049,0,0,NONE,NO_CLICK
7050,0,0,NONE,NO_CLICK
7051,0,0,NONE,NO_CLICK
7052,0,0,NONE,NO_CLICK
7053,0,0,NONE,NO_CLICK
7054,0,0,NONE,NO_CLICK
7055,0,0,NONE,NO_CLICK
7056,0,0,NONE,NO_CLICK
7057,0,0,NONE,NO_CLICK
7058,0,0,NONE,NO_CLICK
7059,0,0,NONE,NO_CLICK
7060,0,0,NONE,NO_CLICK
7061,0,0,NONE,NO_CLICK
7062,0,0,NONE,NO_CLICK
7063,0,0,NONE,NO_CLICK
7064,0,0,NONE,NO_CLICK
7065,0,0,NONE,NO_CLICK
7066,0,0,NONE,NO_CLICK
7067,0,0,NONE,NO_CLICK
7068,0,0,NONE,NO_CLICK
7069,0,0,NONE,NO_CLICK
7070,0,0,NONE,NO_CLICK
7071,0,0,NONE,NO_CLICK
7072,0,0,NONE,NO_CLICK
7073,0,0,NONE,NO_CLICK
7074,0,0,NONE,NO_CLICK
7075,0,0,NONE,NO_CLICK
7076,0,0,NONE,NO_CLICK
7077,0,0,NONE,NO_CLICK
7078,0,0,NONE,NO_CLICK
7079,0,0,NONE,NO_CLICK
7080,0,0,NONE,NO_CLICK
7081,0,0,NONE,NO_CLICK
7082,0,0,NONE,NO_CLICK
7083,0,0,NONE,NO_CLICK
7084,0,0,NONE,NO_CLICK
7085,0,0,NONE,NO_CLICK
7086,0,0,NONE,NO_CLICK
7087,0,0,NONE,NO_CLICK
7088,0,0,NONE,NO_CLICK
7089,0,0,NONE,NO_CLICK
7090,0,0,NONE,NO_CLICK
7091,0,0,NONE,NO_CLICK
7092,0,0,NONE,NO_CLICK
7093,0,0,NONE,NO_CLICK
7094,0,0,NONE,NO_CLICK
7095,0,0,NONE,NO_CLICK
7096,0,0,NONE,NO_CLICK
7097,0,0,NONE,NO_CLICK
7098,0,0,NONE,NO_CLICK
7099,0,0,NONE,NO_CLICK
7100,0,0,NONE,NO_CLICK
7101,0,0,NONE,NO_CLICK
7102,0,0,NONE,NO_CLICK
7103,0,0,NONE,NO_CLICK
7104,0,0,NONE,NO_CLICK
7105,0,0,NONE,NO_CLICK
7106,0,0,NONE,NO_CLICK
7107,0,0,NONE,NO_CLICK
7108,0,0,NONE,NO_CLICK
7109,0,0,NONE,NO_CLICK
7110,0,0,NONE,NO_CLICK
7111,0,0,NONE,NO_CLICK
7112,0,0,NONE,NO_CLICK
7113,0,0,NONE,NO_CLICK
7114,0,0,NONE,NO_CLICK
7115,0,0,NONE,NO_CLICK
7116,0,0,NONE,NO_CLICK
7117,0,0,NONE,NO_CLICK
7118,0,0,NONE,NO_CLICK
7119,0,0,NONE,NO_CLICK
7120,0,0,NONE,NO_CLICK
7121,0,0,NONE,NO_CLICK
7122,0,0,NONE,NO_CLICK
7123,0,0,NONE,NO_CLICK
7124,0,0,NONE,NO_CLICK
7125,0,0,NONE,NO_CLICK
7126,0,0,NONE,NO_CLICK
7127,0,0,NONE,NO_CLICK
7128,0,0,NONE,NO_CLICK
7129,0,0,NONE,NO_CLICK
7130,0,0,NONE,NO_CLICK
7131,0,0,NONE,NO_CLICK
7132,0,0,NONE,NO_CLICK
7133,0,0,NONE,NO_CLICK
7134,0,0,NONE,NO_CLICK
7135,0,0,NONE,NO_CLICK
7136,0,0,NONE,NO_CLICK
7137,0,0,NONE,NO_CLICK
7138,0,0,NONE,NO_CLICK
7139,0,0,NONE,NO_CLICK
7140,0,0,NONE,NO_CLICK
7141,0,0,NONE,NO_CLICK
7142,0,0,NONE,NO_CLICK
7143,0,0,NONE,NO_CLICK
7144,0,0,NONE,NO_CLICK
7145,0,0,NONE,NO_CLICK
7146,0,0,NONE,NO_CLICK
7147,0,0,NONE,NO_CLICK
7148,0,0,NONE,NO_CLICK
7149,0,0,NONE,NO_CLICK
7150,0,0,NONE,NO_CLICK
7151,0,0,NONE,NO_CLICK
7152,0,0,NONE,NO_CLICK
7153,0,0,NONE,NO_CLICK
7154,0,0,NONE,NO_CLICK
7155,0,0,NONE,NO_CLICK
7156,0,0,NONE,NO_CLICK
7157,0,0,NONE,NO_CLICK
7158,0,0,NONE,NO_CLICK
7159,0,0,NONE,NO_CLICK
7160,0,0,NONE,NO_CLICK
7161,0,0,NONE,NO_CLICK
7162,0,0,NONE,NO_CLICK
7163,0,0,NONE,NO_CLICK
7164,0,0,NONE,NO_CLICK
7165,0,0,NONE,NO_CLICK
7166,0,0,NONE,NO_CLICK
7167,0,0,NONE,NO_CLICK
7168,0,0,NONE,NO_CLICK
7169,0,0,NONE,NO_CLICK
7170,0,0,NONE,NO_CLICK
7171,0,0,NONE,NO_CLICK
7172,0,0,NONE,NO_CLICK
7173,0,0,NONE,NO_CLICK
7174,0,0,NONE,NO_CLICK
7175,0,0,NONE,NO_CLICK
7176,0,0,NONE,NO_CLICK
7177,0,0,NONE,NO_CLICK
7178,0,0,NONE,NO_CLICK
7179,0,0,NONE,NO_CLICK
7180,0,0,NONE,NO_CLICK
7181,0,0,NONE,NO_CLICK
7182,0,0,NONE,NO_CLICK
7183,0,0,NONE,NO_CLICK
7184,0,0,NONE,NO_CLICK
7185,0,0,NONE,NO_CLICK
7186,0,0,NONE,NO_CLICK
7187,0,0,NONE,NO_CLICK
7188,0,0,NONE,NO_CLICK
7189,0,0,NONE,NO_CLICK
7190,0,0,NONE,NO_CLICK
7191,0,0,NONE,NO_CLICK
7192,0,0,NONE,NO_CLICK
7193,0,0,NONE,NO_CLICK
7194,0,0,NONE,NO_CLICK
7195,0,0,NONE,NO_CLICK
7196,0,0,NONE,NO_CLICK
7197,0,0,NONE,NO_CLICK
7198,0,0,NONE,NO_CLICK
7199,0,0,NONE,NO_CLICK
7200,0,0,NONE,NO_CLICK
7201,0,0,NONE,NO_CLICK
7202,0,1,D2,D2_CLICK
7203,0,1,D2,D2_CLICK
7204,0,1,D2,D2_CLICK
7205,0,1,D2,D2_CLICK
7206,0,1,D2,D2_CLICK
7207,0,1,D2,D2_CLICK
7208,0,1,D2,D2_CLICK
7209,0,1,D2,D2_CLICK
7210,0,1,D2,D2_CLICK
7211,0,1,D2,D2_CLICK
7212,0,1,D2,D2_CLICK
7213,0,1,D2,D2_CLICK
7214,0,1,D2,D2_CLICK
7215,0,1,D2,D2_CLICK
7216,0,1,D2,D2_CLICK
7217,0,1,D2,D2_CLICK
7218,0,1,D2,D2_CLICK
7219,0,1,D2,D2_CLICK
7220,0,1,D2,D2_CLICK
7221,0,1,D2,D2_CLICK
7222,0,1,D2,D2_CLICK
7223,0,1,D2,D2_CLICK
7224,0,1,D2,D2_CLICK
7225,0,1,D2,D2_CLICK
7226,0,1,D2,D2_CLICK
7227,0,1,D2,D2_CLICK
7228,0,1,D2,D2_CLICK
7229,0,1,D2,D2_CLICK
7230,0,1,D2,D2_CLICK
7231,0,1,D2,D2_CLICK
7232,0,1,D2,D2_CLICK
7233,0,1,D2,D2_CLICK
7234,0,1,D2,D2_CLICK
7235,0,1,D2,D2_CLICK
7236,0,1,D2,D2_CLICK
7237,0,1,D2,D2_CLICK
7238,0,1,D2,D2_CLICK
7239,0,1,D2,D2_CLICK
7240,0,0,NONE,NO_CLICK
7241,0,0,NONE,NO_CLICK
7242,0,0,NONE,NO_CLICK
7243,0,0,NONE,NO_CLICK
7244,0,0,NONE,NO_CLICK
7245,0,0,NONE,NO_CLICK
7246,0,0,NONE,NO_CLICK
7247,0,0,NONE,NO_CLICK
7248,0,0,NONE,NO_CLICK
7249,0,0,NONE,NO_CLICK
7250,0,0,NONE,NO_CLICK
7251,0,0,NONE,NO_CLICK
7252,0,0,NONE,NO_CLICK
7253,0,0,NONE,NO_CLICK
7254,0,0,NONE,NO_CLICK
7255,0,0,NONE,NO_CLICK
7256,0,0,NONE,NO_CLICK
7257,0,0,NONE,NO_CLICK
7258,0,0,NONE,NO_CLICK
7259,0,0,NONE,NO_CLICK
7260,0,0,NONE,NO_CLICK
7261,0,0,NONE,NO_CLICK
7262,0,0,NONE,NO_CLICK
7263,0,0,NONE,NO_CLICK
7264,0,0,NONE,NO_CLICK
7265,0,0,NONE,NO_CLICK
7266,0,0,NONE,NO_CLICK
7267,0,0,NONE,NO_CLICK
7268,0,0,NONE,NO_CLICK
7269,0,0,NONE,NO_CLICK
7270,0,0,NONE,NO_CLICK
7271,0,0,NONE,NO_CLICK
7272,0,0,NONE,NO_CLICK
7273,0,0,NONE,NO_CLICK
7274,0,0,NONE,NO_CLICK
7275,0,0,NONE,NO_CLICK
7276,0,0,NONE,NO_CLICK
7277,0,0,NONE,NO_CLICK
7278,0,0,NONE,NO_CLICK
7279,0,0,NONE,NO_CLICK
7280,0,0,NONE,NO_CLICK
7281,0,0,NONE,NO_CLICK
7282,0,0,NONE,NO_CLICK
7283,0,0,NONE,NO_CLICK
7284,0,0,NONE,NO_CLICK
7285,0,0,NONE,NO_CLICK
7286,0,0,NONE,NO_CLICK
7287,0,0,NONE,NO_CLICK
7288,0,0,NONE,NO_CLICK
7289,0,0,NONE,NO_CLICK
7290,0,0,NONE,NO_CLICK
7291,0,0,NONE,NO_CLICK
7292,0,0,NONE,NO_CLICK
7293,0,0,NONE,NO_CLICK
7294,0,0,NONE,NO_CLICK
7295,0,0,NONE,NO_CLICK
7296,0,0,NONE,NO_CLICK
7297,0,0,NONE,NO_CLICK
7298,0,0,NONE,NO_CLICK
7299,0,0,NONE,NO_CLICK
7300,0,0,NONE,NO_CLICK
7301,0,0,NONE,NO_CLICK
7302,0,0,NONE,NO_CLICK
7303,0,0,NONE,NO_CLICK
7304,0,0,NONE,NO_CLICK
7305,0,0,NONE,NO_CLICK
7306,0,0,NONE,NO_CLICK
7307,0,0,NONE,NO_CLICK
7308,0,0,NONE,NO_CLICK
7309,0,0,NONE,NO_CLICK
7310,0,0,NONE,NO_CLICK
7311,0,0,NONE,NO_CLICK
7312,0,0,NONE,NO_CLICK
7313,0,0,NONE,NO_CLICK
7314,0,0,NONE,NO_CLICK
7315,0,0,NONE,NO_CLICK
7316,0,0,NONE,NO_CLICK
7317,0,0,NONE,NO_CLICK
7318,0,0,NONE,NO_CLICK
7319,0,0,NONE,NO_CLICK
7320,0,0,NONE,NO_CLICK
7321,0,0,NONE,NO_CLICK
7322,0,0,NONE,NO_CLICK
7323,0,0,NONE,NO_CLICK
7324,0,0,NONE,NO_CLICK
7325,0,0,NONE,NO_CLICK
7326,0,0,NONE,NO_CLICK
7327,0,0,NONE,NO_CLICK
7328,0,0,NONE,NO_CLICK
7329,0,0,NONE,NO_CLICK
7330,0,0,NONE,NO_CLICK
7331,0,0,NONE,NO_CLICK
7332,0,0,NONE,NO_CLICK
7333,0,0,NONE,NO_CLICK
7334,0,0,NONE,NO_CLICK
7335,0,0,NONE,NO_CLICK
7336,0,0,NONE,NO_CLICK
7337,0,0,NONE,NO_CLICK
7338,0,0,NONE,NO_CLICK
7339,0,0,NONE,NO_CLICK
7340,0,0,NONE,NO_CLICK
7341,0,0,NONE,NO_CLICK
7342,0,0,NONE,NO_CLICK
7343,0,0,NONE,NO_CLICK
7344,0,0,NONE,NO_CLICK
7345,0,0,NONE,NO_CLICK
7346,0,0,NONE,NO_CLICK
7347,0,0,NONE,NO_CLICK
7348,0,0,NONE,NO_CLICK
7349,0,0,NONE,NO_CLICK
7350,0,0,NONE,NO_CLICK
7351,0,0,NONE,NO_CLICK
7352,0,0,NONE,NO_CLICK
7353,0,0,NONE,NO_CLICK
7354,0,0,NONE,NO_CLICK
7355,0,0,NONE,NO_CLICK
7356,0,0,NONE,NO_CLICK
7357,0,0,NONE,NO_CLICK
7358,0,0,NONE,NO_CLICK
7359,0,0,NONE,NO_CLICK
7360,0,0,NONE,NO_CLICK
7361,0,0,NONE,NO_CLICK
7362,0,0,NONE,NO_CLICK
7363,0,0,NONE,NO_CLICK
7364,0,0,NONE,NO_CLICK
7365,0,0,NONE,NO_CLICK
7366,0,0,NONE,NO_CLICK
7367,0,0,NONE,NO_CLICK
7368,0,0,NONE,NO_CLICK
7369,0,0,NONE,NO_CLICK
7370,0,0,NONE,NO_CLICK
7371,0,0,NONE,NO_CLICK
7372,0,0,NONE,NO_CLICK
7373,0,0,NONE,NO_CLICK
7374,0,0,NONE,NO_CLICK
7375,0,0,NONE,NO_CLICK
7376,0,0,NONE,NO_CLICK
7377,0,0,NONE,NO_CLICK
7378,0,0,NONE,NO_CLICK
7379,0,0,NONE,NO_CLICK
7380,0,0,NONE,NO_CLICK
7381,0,0,NONE,NO_CLICK
7382,0,0,NONE,NO_CLICK
7383,0,0,NONE,NO_CLICK
7384,0,0,NONE,NO_CLICK
7385,0,0,NONE,NO_CLICK
7386,0,0,NONE,NO_CLICK
7387,0,0,NONE,NO_CLICK
7388,0,0,NONE,NO_CLICK
7389,0,0,NONE,NO_CLICK
7390,0,0,NONE,NO_CLICK
7391,0,0,NONE,NO_CLICK
7392,0,0,NONE,NO_CLICK
7393,0,0,NONE,NO_CLICK
7394,0,0,NONE,NO_CLICK
7395,0,0,NONE,NO_CLICK
7396,0,0,NONE,NO_CLICK
7397,0,0,NONE,NO_CLICK
7398,0,0,NONE,NO_CLICK
7399,0,0,NONE,NO_CLICK
7400,0,0,NONE,NO_CLICK
7401,0,0,NONE,NO_CLICK
7402,0,0,NONE,NO_CLICK
7403,0,0,NONE,NO_CLICK
7404,0,0,NONE,NO_CLICK
7405,0,0,NONE,NO_CLICK
7406,0,0,NONE,NO_CLICK
7407,0,0,NONE,NO_CLICK
7408,0,0,NONE,NO_CLICK
7409,0,0,NONE,NO_CLICK
7410,0,0,NONE,NO_CLICK
7411,0,0,NONE,NO_CLICK
7412,0,0,NONE,NO_CLICK
7413,0,0,NONE,NO_CLICK
7414,0,0,NONE,NO_CLICK
7415,0,0,NONE,NO_CLICK
7416,0,0,NONE,NO_CLICK
7417,0,0,NONE,NO_CLICK
7418,0,0,NONE,NO_CLICK
7419,0,0,NONE,NO_CLICK
7420,0,0,NONE,NO_CLICK
7421,0,0,NONE,NO_CLICK
7422,0,0,NONE,NO_CLICK
7423,0,0,NONE,NO_CLICK
7424,0,0,NONE,NO_CLICK
7425,0,0,NONE,NO_CLICK
7426,0,0,NONE,NO_CLICK
7427,0,0,NONE,NO_CLICK
7428,0,0,NONE,NO_CLICK
7429,0,0,NONE,NO_CLICK
7430,0,0,NONE,NO_CLICK
7431,0,0,NONE,NO_CLICK
7432,0,0,NONE,NO_CLICK
7433,0,0,NONE,NO_CLICK
7434,0,0,NONE,NO_CLICK
7435,0,0,NONE,NO_CLICK
7436,0,0,NONE,NO_CLICK
7437,0,0,NONE,NO_CLICK
7438,0,0,NONE,NO_CLICK
7439,0,0,NONE,NO_CLICK
7440,0,0,NONE,NO_CLICK
7441,0,0,NONE,NO_CLICK
7442,0,0,NONE,NO_CLICK
7443,0,0,NONE,NO_CLICK
7444,0,0,NONE,NO_CLICK
7445,0,0,NONE,NO_CLICK
7446,0,0,NONE,NO_CLICK
7447,0,0,NONE,NO_CLICK
7448,0,0,NONE,NO_CLICK
7449,0,0,NONE,NO_CLICK
7450,0,0,NONE,NO_CLICK
7451,0,0,NONE,NO_CLICK
7452,0,0,NONE,NO_CLICK
7453,0,0,NONE,NO_CLICK
7454,0,0,NONE,NO_CLICK
7455,0,0,NONE,NO_CLICK
7456,0,0,NONE,NO_CLICK
7457,0,0,NONE,NO_CLICK
7458,1,0,D1,D1_CLICK
7459,1,0,D1,D1_CLICK
7460,1,0,D1,D1_CLICK
7461,1,0,D1,D1_CLICK
7462,1,0,D1,D1_CLICK
7463,1,0,D1,D1_CLICK
7464,1,0,D1,D1_CLICK
7465,1,0,D1,D1_CLICK
7466,1,0,D1,D1_CLICK
7467,1,0,D1,D1_CLICK
7468,1,0,D1,D1_CLICK
7469,1,0,D1,D1_CLICK
7470,1,0,D1,D1_CLICK
7471,1,0,D1,D1_CLICK
7472,1,0,D1,D1_CLICK
7473,1,0,D1,D1_CLICK
7474,1,0,D1,D1_CLICK
7475,1,0,D1,D1_CLICK
7476,1,0,D1,D1_CLICK
7477,1,0,D1,D1_CLICK
7478,1,0,D1,D1_CLICK
7479,1,0,D1,D1_CLICK
7480,1,0,D1,D1_CLICK
7481,1,0,D1,D1_CLICK
7482,1,0,D1,D1_CLICK
7483,1,0,D1,D1_CLICK
7484,1,0,D1,D1_CLICK
7485,1,0,D1,D1_CLICK
7486,1,0,D1,D1_CLICK
7487,1,0,D1,D1_CLICK
7488,1,0,D1,D1_CLICK
7489,1,0,D1,D1_CLICK
7490,1,0,D1,D1_CLICK
7491,1,0,D1,D1_CLICK
7492,1,0,D1,D1_CLICK
7493,1,0,D1,D1_CLICK
7494,1,0,D1,D1_CLICK
7495,1,0,D1,D1_CLICK
7496,0,0,NONE,NO_CLICK
7497,0,0,NONE,NO_CLICK
7498,0,0,NONE,NO_CLICK
7499,0,0,NONE,NO_CLICK
7500,0,0,NONE,NO_CLICK
7501,0,0,NONE,NO_CLICK
7502,0,0,NONE,NO_CLICK
7503,0,0,NONE,NO_CLICK
7504,0,0,NONE,NO_CLICK
7505,0,0,NONE,NO_CLICK
7506,0,0,NONE,NO_CLICK
7507,0,0,NONE,NO_CLICK
7508,0,0,NONE,NO_CLICK
7509,0,0,NONE,NO_CLICK
7510,0,0,NONE,NO_CLICK
7511,0,0,NONE,NO_CLICK
7512,0,0,NONE,NO_CLICK
7513,0,0,NONE,NO_CLICK
7514,0,0,NONE,NO_CLICK
7515,0,0,NONE,NO_CLICK
7516,0,0,NONE,NO_CLICK
7517,0,0,NONE,NO_CLICK
7518,0,0,NONE,NO_CLICK
7519,0,0,NONE,NO_CLICK
7520,0,0,NONE,NO_CLICK
7521,0,0,NONE,NO_CLICK
7522,0,0,NONE,NO_CLICK
7523,0,0,NONE,NO_CLICK
7524,0,0,NONE,NO_CLICK
7525,0,0,NONE,NO_CLICK
7526,0,0,NONE,NO_CLICK
7527,0,0,NONE,NO_CLICK
7528,0,0,NONE,NO_CLICK
7529,0,0,NONE,NO_CLICK
7530,0,0,NONE,NO_CLICK
7531,0,0,NONE,NO_CLICK
7532,0,0,NONE,NO_CLICK
7533,0,0,NONE,NO_CLICK
7534,0,0,NONE,NO_CLICK
7535,0,0,NONE,NO_CLICK
7536,0,0,NONE,NO_CLICK
7537,0,0,NONE,NO_CLICK
7538,0,0,NONE,NO_CLICK
7539,0,0,NONE,NO_CLICK
7540,0,0,NONE,NO_CLICK
7541,0,0,NONE,NO_CLICK
7542,0,0,NONE,NO_CLICK
7543,0,0,NONE,NO_CLICK
7544,0,0,NONE,NO_CLICK
7545,0,0,NONE,NO_CLICK
7546,0,0,NONE,NO_CLICK
7547,0,0,NONE,NO_CLICK
7548,0,0,NONE,NO_CLICK
7549,0,0,NONE,NO_CLICK
7550,0,0,NONE,NO_CLICK
7551,0,0,NONE,NO_CLICK
7552,0,0,NONE,NO_CLICK
7553,0,0,NONE,NO_CLICK
7554,0,0,NONE,NO_CLICK
7555,0,0,NONE,NO_CLICK
7556,0,0,NONE,NO_CLICK
7557,0,0,NONE,NO_CLICK
7558,0,0,NONE,NO_CLICK
7559,0,0,NONE,NO_CLICK
7560,0,0,NONE,NO_CLICK
7561,0,0,NONE,NO_CLICK
7562,0,0,NONE,NO_CLICK
7563,0,0,NONE,NO_CLICK
7564,0,0,NONE,NO_CLICK
7565,0,0,NONE,NO_CLICK
7566,0,0,NONE,NO_CLICK
7567,0,0,NONE,NO_CLICK
7568,0,0,NONE,NO_CLICK
7569,0,0,NONE,NO_CLICK
7570,0,0,NONE,NO_CLICK
7571,0,0,NONE,NO_CLICK
7572,0,0,NONE,NO_CLICK
7573,0,0,NONE,NO_CLICK
7574,0,0,NONE,NO_CLICK
7575,0,0,NONE,NO_CLICK
7576,0,0,NONE,NO_CLICK
7577,0,0,NONE,NO_CLICK
7578,0,0,NONE,NO_CLICK
7579,0,0,NONE,NO_CLICK
7580,0,0,NONE,NO_CLICK
7581,0,0,NONE,NO_CLICK
7582,0,0,NONE,NO_CLICK
7583,0,0,NONE,NO_CLICK
7584,0,0,NONE,NO_CLICK
7585,0,0,NONE,NO_CLICK
7586,0,0,NONE,NO_CLICK
7587,0,0,NONE,NO_CLICK
7588,0,0,NONE,NO_CLICK
7589,0,0,NONE,NO_CLICK
7590,0,0,NONE,NO_CLICK
7591,0,0,NONE,NO_CLICK
7592,0,0,NONE,NO_CLICK
7593,0,0,NONE,NO_CLICK
7594,0,0,NONE,NO_CLICK
7595,0,0,NONE,NO_CLICK
7596,0,0,NONE,NO_CLICK
7597,0,0,NONE,NO_CLICK
7598,0,0,NONE,NO_CLICK
7599,0,0,NONE,NO_CLICK
7600,0,0,NONE,NO_CLICK
7601,0,0,NONE,NO_CLICK
7602,0,0,NONE,NO_CLICK
7603,0,0,NONE,NO_CLICK
7604,0,0,NONE,NO_CLICK
7605,0,0,NONE,NO_CLICK
7606,0,0,NONE,NO_CLICK
7607,0,0,NONE,NO_CLICK
7608,0,0,NONE,NO_CLICK
7609,0,0,NONE,NO_CLICK
7610,0,0,NONE,NO_CLICK
7611,0,0,NONE,NO_CLICK
7612,0,0,NONE,NO_CLICK
7613,0,0,NONE,NO_CLICK
7614,0,0,NONE,NO_CLICK
7615,0,0,NONE,NO_CLICK
7616,0,0,NONE,NO_CLICK
7617,0,0,NONE,NO_CLICK
7618,0,0,NONE,NO_CLICK
7619,0,0,NONE,NO_CLICK
7620,0,0,NONE,NO_CLICK
7621,0,0,NONE,NO_CLICK
7622,0,0,NONE,NO_CLICK
7623,0,0,NONE,NO_CLICK
7624,0,0,NONE,NO_CLICK
7625,0,0,NONE,NO_CLICK
7626,0,0,NONE,NO_CLICK
7627,0,0,NONE,NO_CLICK
7628,0,0,NONE,NO_CLICK
7629,0,0,NONE,NO_CLICK
7630,0,0,NONE,NO_CLICK
7631,0,0,NONE,NO_CLICK
7632,0,0,NONE,NO_CLICK
7633,0,0,NONE,NO_CLICK
7634,0,0,NONE,NO_CLICK
7635,0,0,NONE,NO_CLICK
7636,0,0,NONE,NO_CLICK
7637,0,0,NONE,NO_CLICK
7638,0,0,NONE,NO_CLICK
7639,0,0,NONE,NO_CLICK
7640,0,0,NONE,NO_CLICK
7641,0,0,NONE,NO_CLICK
7642,0,0,NONE,NO_CLICK
7643,0,0,NONE,NO_CLICK
7644,0,0,NONE,NO_CLICK
7645,0,0,NONE,NO_CLICK
7646,0,0,NONE,NO_CLICK
7647,0,0,NONE,NO_CLICK
7648,0,0,NONE,NO_CLICK
7649,0,0,NONE,NO_CLICK
7650,0,1,D2,D2_CLICK
7651,0,1,D2,D2_CLICK
7652,0,1,D2,D2_CLICK
7653,0,1,D2,D2_CLICK
7654,0,1,D2,D2_CLICK
7655,0,1,D2,D2_CLICK
7656,0,1,D2,D2_CLICK
7657,0,1,D2,D2_CLICK
7658,0,1,D2,D2_CLICK
7659,0,1,D2,D2_CLICK
7660,0,1,D2,D2_CLICK
7661,0,1,D2,D2_CLICK
7662,0,1,D2,D2_CLICK
7663,0,1,D2,D2_CLICK
7664,0,1,D2,D2_CLICK
7665,0,1,D2,D2_CLICK
7666,0,1,D2,D2_CLICK
7667,0,1,D2,D2_CLICK
7668,0,1,D2,D2_CLICK
7669,0,1,D2,D2_CLICK
7670,0,1,D2,D2_CLICK
7671,0,1,D2,D2_CLICK
7672,0,1,D2,D2_CLICK
7673,0,1,D2,D2_CLICK
7674,0,1,D2,D2_CLICK
7675,0,1,D2,D2_CLICK
7676,0,1,D2,D2_CLICK
7677,0,1,D2,D2_CLICK
7678,0,1,D2,D2_CLICK
7679,0,1,D2,D2_CLICK
7680,0,1,D2,D2_CLICK
7681,0,1,D2,D2_CLICK
7682,0,1,D2,D2_CLICK
7683,0,1,D2,D2_CLICK
7684,0,1,D2,D2_CLICK
7685,0,1,D2,D2_CLICK
7686,0,1,D2,D2_CLICK
7687,0,1,D2,D2_CLICK
7688,0,0,NONE,NO_CLICK
7689,0,0,NONE,NO_CLICK
7690,0,0,NONE,NO_CLICK
7691,0,0,NONE,NO_CLICK
7692,0,0,NONE,NO_CLICK
7693,0,0,NONE,NO_CLICK
7694,0,0,NONE,NO_CLICK
7695,0,0,NONE,NO_CLICK
7696,0,0,NONE,NO_CLICK
7697,0,0,NONE,NO_CLICK
7698,0,0,NONE,NO_CLICK
7699,0,0,NONE,NO_CLICK
7700,0,0,NONE,NO_CLICK
7701,0,0,NONE,NO_CLICK
7702,0,0,NONE,NO_CLICK
7703,0,0,NONE,NO_CLICK
7704,0,0,NONE,NO_CLICK
7705,0,0,NONE,NO_CLICK
7706,0,0,NONE,NO_CLICK
7707,0,0,NONE,NO_CLICK
7708,0,0,NONE,NO_CLICK
7709,0,0,NONE,NO_CLICK
7710,0,0,NONE,NO_CLICK
7711,0,0,NONE,NO_CLICK
7712,0,0,NONE,NO_CLICK
7713,0,0,NONE,NO_CLICK
7714,0,0,NONE,NO_CLICK
7715,0,0,NONE,NO_CLICK
7716,0,0,NONE,NO_CLICK
7717,0,0,NONE,NO_CLICK
7718,0,0,NONE,NO_CLICK
7719,0,0,NONE,NO_CLICK
7720,0,0,NONE,NO_CLICK
7721,0,0,NONE,NO_CLICK
7722,0,0,NONE,NO_CLICK
7723,0,0,NONE,NO_CLICK
7724,0,0,NONE,NO_CLICK
7725,0,0,NONE,NO_CLICK
7726,0,0,NONE,NO_CLICK
7727,0,0,NONE,NO_CLICK
7728,0,0,NONE,NO_CLICK
7729,0,0,NONE,NO_CLICK
7730,0,0,NONE,NO_CLICK
7731,0,0,NONE,NO_CLICK
7732,0,0,NONE,NO_CLICK
7733,0,0,NONE,NO_CLICK
7734,0,0,NONE,NO_CLICK
7735,0,0,NONE,NO_CLICK
7736,0,0,NONE,NO_CLICK
7737,0,0,NONE,NO_CLICK
7738,0,0,NONE,NO_CLICK
7739,0,0,NONE,NO_CLICK
7740,0,0,NONE,NO_CLICK
7741,0,0,NONE,NO_CLICK
7742,0,0,NONE,NO_CLICK
7743,0,0,NONE,NO_CLICK
7744,0,0,NONE,NO_CLICK
7745,0,0,NONE,NO_CLICK
7746,0,0,NONE,NO_CLICK
7747,0,0,NONE,NO_CLICK
7748,0,0,NONE,NO_CLICK
7749,0,0,NONE,NO_CLICK
7750,0,0,NONE,NO_CLICK
7751,0,0,NONE,NO_CLICK
7752,0,0,NONE,NO_CLICK
7753,0,0,NONE,NO_CLICK
7754,0,0,NONE,NO_CLICK
7755,0,0,NONE,NO_CLICK
7756,0,0,NONE,NO_CLICK
7757,0,0,NONE,NO_CLICK
7758,0,0,NONE,NO_CLICK
7759,0,0,NONE,NO_CLICK
7760,0,0,NONE,NO_CLICK
7761,0,0,NONE,NO_CLICK
7762,0,0,NONE,NO_CLICK
7763,0,0,NONE,NO_CLICK
7764,0,0,NONE,NO_CLICK
7765,0,0,NONE,NO_CLICK
7766,0,0,NONE,NO_CLICK
7767,0,0,NONE,NO_CLICK
7768,0,0,NONE,NO_CLICK
7769,0,0,NONE,NO_CLICK
7770,0,0,NONE,NO_CLICK
7771,0,0,NONE,NO_CLICK
7772,0,0,NONE,NO_CLICK
7773,0,0,NONE,NO_CLICK
7774,0,0,NONE,NO_CLICK
7775,0,0,NONE,NO_CLICK
7776,0,0,NONE,NO_CLICK
7777,0,0,NONE,NO_CLICK
7778,0,0,NONE,NO_CLICK
7779,0,0,NONE,NO_CLICK
7780,0,0,NONE,NO_CLICK
7781,0,0,NONE,NO_CLICK
7782,0,0,NONE,NO_CLICK
7783,0,0,NONE,NO_CLICK
7784,0,0,NONE,NO_CLICK
7785,0,0,NONE,NO_CLICK
7786,0,0,NONE,NO_CLICK
7787,0,0,NONE,NO_CLICK
7788,0,0,NONE,NO_CLICK
7789,0,0,NONE,NO_CLICK
7790,0,0,NONE,NO_CLICK
7791,0,0,NONE,NO_CLICK
7792,0,0,NONE,NO_CLICK
7793,0,0,NONE,NO_CLICK
7794,0,0,NONE,NO_CLICK
7795,0,0,NONE,NO_CLICK
7796,0,0,NONE,NO_CLICK
7797,0,0,NONE,NO_CLICK
7798,0,0,NONE,NO_CLICK
7799,0,0,NONE,NO_CLICK
7800,0,0,NONE,NO_CLICK
7801,0,0,NONE,NO_CLICK
7802,0,0,NONE,NO_CLICK
7803,0,0,NONE,NO_CLICK
7804,0,0,NONE,NO_CLICK
7805,0,0,NONE,NO_CLICK
7806,0,0,NONE,NO_CLICK
7807,0,0,NONE,NO_CLICK
7808,0,0,NONE,NO_CLICK
7809,0,0,NONE,NO_CLICK
7810,0,0,NONE,NO_CLICK
7811,0,0,NONE,NO_CLICK
7812,0,0,NONE,NO_CLICK
7813,0,0,NONE,NO_CLICK
7814,0,0,NONE,NO_CLICK
7815,0,0,NONE,NO_CLICK
7816,0,0,NONE,NO_CLICK
7817,0,0,NONE,NO_CLICK
7818,0,0,NONE,NO_CLICK
7819,0,0,NONE,NO_CLICK
7820,0,0,NONE,NO_CLICK
7821,0,0,NONE,NO_CLICK
7822,0,0,NONE,NO_CLICK
7823,0,0,NONE,NO_CLICK
7824,0,0,NONE,NO_CLICK
7825,0,0,NONE,NO_CLICK
7826,0,0,NONE,NO_CLICK
7827,0,0,NONE,NO_CLICK
7828,0,0,NONE,NO_CLICK
7829,0,0,NONE,NO_CLICK
7830,0,0,NONE,NO_CLICK
7831,0,0,NONE,NO_CLICK
7832,0,0,NONE,NO_CLICK
7833,0,0,NONE,NO_CLICK
7834,0,0,NONE,NO_CLICK
7835,0,0,NONE,NO_CLICK
7836,0,0,NONE,NO_CLICK
7837,0,0,NONE,NO_CLICK
7838,0,0,NONE,NO_CLICK
7839,0,0,NONE,NO_CLICK
7840,0,0,NONE,NO_CLICK
7841,0,0,NONE,NO_CLICK
7842,0,0,NONE,NO_CLICK
7843,0,0,NONE,NO_CLICK
7844,0,0,NONE,NO_CLICK
7845,0,0,NONE,NO_CLICK
7846,0,0,NONE,NO_CLICK
7847,0,0,NONE,NO_CLICK
7848,0,0,NONE,NO_CLICK
7849,0,0,NONE,NO_CLICK
7850,0,0,NONE,NO_CLICK
7851,0,0,NONE,NO_CLICK
7852,0,0,NONE,NO_CLICK
7853,0,0,NONE,NO_CLICK
7854,0,0,NONE,NO_CLICK
7855,0,0,NONE,NO_CLICK
7856,0,0,NONE,NO_CLICK
7857,0,0,NONE,NO_CLICK
7858,0,0,NONE,NO_CLICK
7859,0,0,NONE,NO_CLICK
7860,0,0,NONE,NO_CLICK
7861,0,0,NONE,NO_CLICK
7862,0,0,NONE,NO_CLICK
7863,0,0,NONE,NO_CLICK
7864,0,0,NONE,NO_CLICK
7865,0,0,NONE,NO_CLICK
7866,0,0,NONE,NO_CLICK
7867,0,0,NONE,NO_CLICK
7868,0,0,NONE,NO_CLICK
7869,0,0,NONE,NO_CLICK
7870,0,0,NONE,NO_CLICK
7871,0,0,NONE,NO_CLICK
7872,0,0,NONE,NO_CLICK
7873,0,0,NONE,NO_CLICK
7874,0,0,NONE,NO_CLICK
7875,0,0,NONE,NO_CLICK
7876,0,0,NONE,NO_CLICK
7877,0,0,NONE,NO_CLICK
7878,0,0,NONE,NO_CLICK
7879,0,0,NONE,NO_CLICK
7880,0,0,NONE,NO_CLICK
7881,0,0,NONE,NO_CLICK
7882,0,0,NONE,NO_CLICK
7883,0,0,NONE,NO_CLICK
7884,0,0,NONE,NO_CLICK
7885,0,0,NONE,NO_CLICK
7886,0,0,NONE,NO_CLICK
7887,0,0,NONE,NO_CLICK
7888,0,0,NONE,NO_CLICK
7889,0,0,NONE,NO_CLICK
7890,0,0,NONE,NO_CLICK
7891,0,0,NONE,NO_CLICK
7892,0,0,NONE,NO_CLICK
7893,0,0,NONE,NO_CLICK
7894,0,0,NONE,NO_CLICK
7895,0,0,NONE,NO_CLICK
7896,0,0,NONE,NO_CLICK
7897,0,0,NONE,NO_CLICK
7898,0,0,NONE,NO_CLICK
7899,0,0,NONE,NO_CLICK
7900,0,0,NONE,NO_CLICK
7901,0,0,NONE,NO_CLICK
7902,0,0,NONE,NO_CLICK
7903,0,0,NONE,NO_CLICK
7904,0,0,NONE,NO_CLICK
7905,0,0,NONE,NO_CLICK
7906,0,0,NONE,NO_CLICK
7907,0,0,NONE,NO_CLICK
7908,0,0,NONE,NO_CLICK
7909,0,0,NONE,NO_CLICK
7910,0,0,NONE,NO_CLICK
7911,0,0,NONE,NO_CLICK
7912,0,0,NONE,NO_CLICK
7913,0,0,NONE,NO_CLICK
7914,0,0,NONE,NO_CLICK
7915,0,0,NONE,NO_CLICK
7916,0,0,NONE,NO_CLICK
7917,0,0,NONE,NO_CLICK
7918,0,0,NONE,NO_CLICK
7919,0,0,NONE,NO_CLICK
7920,0,0,NONE,NO_CLICK
7921,0,0,NONE,NO_CLICK
7922,0,0,NONE,NO_CLICK
7923,0,0,NONE,NO_CLICK
7924,0,0,NONE,NO_CLICK
7925,0,0,NONE,NO_CLICK
7926,0,0,NONE,NO_CLICK
7927,0,0,NONE,NO_CLICK
7928,0,0,NONE,NO_CLICK
7929,0,0,NONE,NO_CLICK
7930,0,0,NONE,NO_CLICK
7931,0,0,NONE,NO_CLICK
7932,0,0,NONE,NO_CLICK
7933,0,0,NONE,NO_CLICK
7934,0,0,NONE,NO_CLICK
7935,0,0,NONE,NO_CLICK
7936,0,0,NONE,NO_CLICK
7937,0,0,NONE,NO_CLICK
7938,0,0,NONE,NO_CLICK
7939,0,0,NONE,NO_CLICK
7940,0,0,NONE,NO_CLICK
7941,0,0,NONE,NO_CLICK
7942,0,0,NONE,NO_CLICK
7943,0,0,NONE,NO_CLICK
7944,0,0,NONE,NO_CLICK
7945,0,0,NONE,NO_CLICK
7946,0,0,NONE,NO_CLICK
7947,0,0,NONE,NO_CLICK
7948,0,0,NONE,NO_CLICK
7949,0,0,NONE,NO_CLICK
7950,0,0,NONE,NO_CLICK
7951,0,0,NONE,NO_CLICK
7952,0,0,NONE,NO_CLICK
7953,0,0,NONE,NO_CLICK
7954,0,0,NONE,NO_CLICK
7955,0,0,NONE,NO_CLICK
7956,0,0,NONE,NO_CLICK
7957,0,0,NONE,NO_CLICK
7958,0,0,NONE,NO_CLICK
7959,0,0,NONE,NO_CLICK
7960,0,0,NONE,NO_CLICK
7961,0,0,NONE,NO_CLICK
7962,0,0,NONE,NO_CLICK
7963,0,0,NONE,NO_CLICK
7964,0,0,NONE,NO_CLICK
7965,0,0,NONE,NO_CLICK
7966,0,0,NONE,NO_CLICK
7967,0,0,NONE,NO_CLICK
7968,0,0,NONE,NO_CLICK
7969,0,0,NONE,NO_CLICK
7970,0,0,NONE,NO_CLICK
7971,0,0,NONE,NO_CLICK
7972,0,0,NONE,NO_CLICK
7973,0,0,NONE,NO_CLICK
7974,0,0,NONE,NO_CLICK
7975,0,0,NONE,NO_CLICK
7976,0,0,NONE,NO_CLICK
7977,0,0,NONE,NO_CLICK
7978,0,0,NONE,NO_CLICK
7979,0,0,NONE,NO_CLICK
7980,0,0,NONE,NO_CLICK
7981,0,0,NONE,NO_CLICK
7982,0,0,NONE,NO_CLICK
7983,0,0,NONE,NO_CLICK
7984,0,0,NONE,NO_CLICK
7985,0,0,NONE,NO_CLICK
7986,0,0,NONE,NO_CLICK
7987,0,0,NONE,NO_CLICK
7988,0,0,NONE,NO_CLICK
7989,0,0,NONE,NO_CLICK
7990,0,0,NONE,NO_CLICK
7991,0,0,NONE,NO_CLICK
7992,0,0,NONE,NO_CLICK
7993,0,0,NONE,NO_CLICK
7994,0,0,NONE,NO_CLICK
7995,0,0,NONE,NO_CLICK
7996,0,0,NONE,NO_CLICK
7997,0,0,NONE,NO_CLICK
7998,0,0,NONE,NO_CLICK
7999,0,0,NONE,NO_CLICK
8000,0,0,NONE,NO_CLICK
8001,0,0,NONE,NO_CLICK
8002,0,0,NONE,NO_CLICK
8003,0,0,NONE,NO_CLICK
8004,0,0,NONE,NO_CLICK
8005,0,0,NONE,NO_CLICK
8006,0,0,NONE,NO_CLICK
8007,0,0,NONE,NO_CLICK
8008,0,0,NONE,NO_CLICK
8009,0,0,NONE,NO_CLICK
8010,0,0,NONE,NO_CLICK
8011,0,0,NONE,NO_CLICK
8012,0,0,NONE,NO_CLICK
8013,0,0,NONE,NO_CLICK
8014,0,0,NONE,NO_CLICK
8015,0,0,NONE,NO_CLICK
8016,0,0,NONE,NO_CLICK
8017,0,0,NONE,NO_CLICK
8018,0,0,NONE,NO_CLICK
8019,0,0,NONE,NO_CLICK
8020,0,0,NONE,NO_CLICK
8021,0,0,NONE,NO_CLICK
8022,0,0,NONE,NO_CLICK
8023,0,0,NONE,NO_CLICK
8024,0,0,NONE,NO_CLICK
8025,0,0,NONE,NO_CLICK
8026,0,0,NONE,NO_CLICK
8027,0,0,NONE,NO_CLICK
8028,0,0,NONE,NO_CLICK
8029,0,0,NONE,NO_CLICK
8030,0,0,NONE,NO_CLICK
8031,0,0,NONE,NO_CLICK
8032,0,0,NONE,NO_CLICK
8033,0,0,NONE,NO_CLICK
8034,1,0,D1,D1_CLICK
8035,1,0,D1,D1_CLICK
8036,1,0,D1,D1_CLICK
8037,1,0,D1,D1_CLICK
8038,1,0,D1,D1_CLICK
8039,1,0,D1,D1_CLICK
8040,1,0,D1,D1_CLICK
8041,1,0,D1,D1_CLICK
8042,1,0,D1,D1_CLICK
8043,1,0,D1,D1_CLICK
8044,1,0,D1,D1_CLICK
8045,1,0,D1,D1_CLICK
8046,1,0,D1,D1_CLICK
8047,1,0,D1,D1_CLICK
8048,1,0,D1,D1_CLICK
8049,1,0,D1,D1_CLICK
8050,1,0,D1,D1_CLICK
8051,1,0,D1,D1_CLICK
8052,1,0,D1,D1_CLICK
8053,1,0,D1,D1_CLICK
8054,1,0,D1,D1_CLICK
8055,1,0,D1,D1_CLICK
8056,1,0,D1,D1_CLICK
8057,1,0,D1,D1_CLICK
8058,1,0,D1,D1_CLICK
8059,1,0,D1,D1_CLICK
8060,1,0,D1,D1_CLICK
8061,1,0,D1,D1_CLICK
8062,1,0,D1,D1_CLICK
8063,1,0,D1,D1_CLICK
8064,1,0,D1,D1_CLICK
8065,1,0,D1,D1_CLICK
8066,1,1,BOTH,DOUBLE_CLICK
8067,1,1,BOTH,DOUBLE_CLICK
8068,1,1,BOTH,DOUBLE_CLICK
8069,1,1,BOTH,DOUBLE_CLICK
8070,1,1,BOTH,DOUBLE_CLICK
8071,1,1,BOTH,DOUBLE_CLICK
8072,0,1,D2,D2_CLICK
8073,0,1,D2,D2_CLICK
8074,0,1,D2,D2_CLICK
8075,0,1,D2,D2_CLICK
8076,0,1,D2,D2_CLICK
8077,0,1,D2,D2_CLICK
8078,0,1,D2,D2_CLICK
8079,0,1,D2,D2_CLICK
8080,0,1,D2,D2_CLICK
8081,0,1,D2,D2_CLICK
8082,0,1,D2,D2_CLICK
8083,0,1,D2,D2_CLICK
8084,0,1,D2,D2_CLICK
8085,0,1,D2,D2_CLICK
8086,0,1,D2,D2_CLICK
8087,0,1,D2,D2_CLICK
8088,0,1,D2,D2_CLICK
8089,0,1,D2,D2_CLICK
8090,0,1,D2,D2_CLICK
8091,0,1,D2,D2_CLICK
8092,0,1,D2,D2_CLICK
8093,0,1,D2,D2_CLICK
8094,0,1,D2,D2_CLICK
8095,0,1,D2,D2_CLICK
8096,0,1,D2,D2_CLICK
8097,0,1,D2,D2_CLICK
8098,0,1,D2,D2_CLICK
8099,0,1,D2,D2_CLICK
8100,0,1,D2,D2_CLICK
8101,0,1,D2,D2_CLICK
8102,0,1,D2,D2_CLICK
8103,0,1,D2,D2_CLICK
8104,0,0,NONE,NO_CLICK
8105,0,0,NONE,NO_CLICK
8106,0,0,NONE,NO_CLICK
8107,0,0,NONE,NO_CLICK
8108,0,0,NONE,NO_CLICK
8109,0,0,NONE,NO_CLICK
8110,0,0,NONE,NO_CLICK
8111,0,0,NONE,NO_CLICK
8112,0,0,NONE,NO_CLICK
8113,0,0,NONE,NO_CLICK
8114,0,0,NONE,NO_CLICK
8115,0,0,NONE,NO_CLICK
8116,0,0,NONE,NO_CLICK
8117,0,0,NONE,NO_CLICK
8118,0,0,NONE,NO_CLICK
8119,0,0,NONE,NO_CLICK
8120,0,0,NONE,NO_CLICK
8121,0,0,NONE,NO_CLICK
8122,0,0,NONE,NO_CLICK
8123,0,0,NONE,NO_CLICK
8124,0,0,NONE,NO_CLICK
8125,0,0,NONE,NO_CLICK
8126,0,0,NONE,NO_CLICK
8127,0,0,NONE,NO_CLICK
8128,0,0,NONE,NO_CLICK
8129,0,0,NONE,NO_CLICK
8130,0,0,NONE,NO_CLICK
8131,0,0,NONE,NO_CLICK
8132,0,0,NONE,NO_CLICK
8133,0,0,NONE,NO_CLICK
8134,0,0,NONE,NO_CLICK
8135,0,0,NONE,NO_CLICK
8136,0,0,NONE,NO_CLICK
8137,0,0,NONE,NO_CLICK
8138,0,0,NONE,NO_CLICK
8139,0,0,NONE,NO_CLICK
8140,0,0,NONE,NO_CLICK
8141,0,0,NONE,NO_CLICK
8142,0,0,NONE,NO_CLICK
8143,0,0,NONE,NO_CLICK
8144,0,0,NONE,NO_CLICK
8145,0,0,NONE,NO_CLICK
8146,0,0,NONE,NO_CLICK
8147,0,0,NONE,NO_CLICK
8148,0,0,NONE,NO_CLICK
8149,0,0,NONE,NO_CLICK
8150,0,0,NONE,NO_CLICK
8151,0,0,NONE,NO_CLICK
8152,0,0,NONE,NO_CLICK
8153,0,0,NONE,NO_CLICK
8154,0,0,NONE,NO_CLICK
8155,0,0,NONE,NO_CLICK
8156,0,0,NONE,NO_CLICK
8157,0,0,NONE,NO_CLICK
8158,0,0,NONE,NO_CLICK
8159,0,0,NONE,NO_CLICK
8160,0,0,NONE,NO_CLICK
8161,0,0,NONE,NO_CLICK
8162,0,0,NONE,NO_CLICK
8163,0,0,NONE,NO_CLICK
8164,0,0,NONE,NO_CLICK
8165,0,0,NONE,NO_CLICK
8166,0,0,NONE,NO_CLICK
8167,0,0,NONE,NO_CLICK
8168,0,0,NONE,NO_CLICK
8169,0,0,NONE,NO_CLICK
8170,0,0,NONE,NO_CLICK
8171,0,0,NONE,NO_CLICK
8172,0,0,NONE,NO_CLICK
8173,0,0,NONE,NO_CLICK
8174,0,0,NONE,NO_CLICK
8175,0,0,NONE,NO_CLICK
8176,0,0,NONE,NO_CLICK
8177,0,0,NONE,NO_CLICK
8178,0,0,NONE,NO_CLICK
8179,0,0,NONE,NO_CLICK
8180,0,0,NONE,NO_CLICK
8181,0,0,NONE,NO_CLICK
8182,0,0,NONE,NO_CLICK
8183,0,0,NONE,NO_CLICK
8184,0,0,NONE,NO_CLICK
8185,0,0,NONE,NO_CLICK
8186,0,0,NONE,NO_CLICK
8187,0,0,NONE,NO_CLICK
8188,0,0,NONE,NO_CLICK
8189,0,0,NONE,NO_CLICK
8190,0,0,NONE,NO_CLICK
8191,0,0,NONE,NO_CLICK
8192,0,0,NONE,NO_CLICK
8193,0,0,NONE,NO_CLICK
8194,0,0,NONE,NO_CLICK
8195,0,0,NONE,NO_CLICK
8196,0,0,NONE,NO_CLICK
8197,0,0,NONE,NO_CLICK
8198,0,0,NONE,NO_CLICK
8199,0,0,NONE,NO_CLICK
8200,0,0,NONE,NO_CLICK
8201,0,0,NONE,NO_CLICK
8202,0,0,NONE,NO_CLICK
8203,0,0,NONE,NO_CLICK
8204,0,0,NONE,NO_CLICK
8205,0,0,NONE,NO_CLICK
8206,0,0,NONE,NO_CLICK
8207,0,0,NONE,NO_CLICK
8208,0,0,NONE,NO_CLICK
8209,0,0,NONE,NO_CLICK
8210,0,0,NONE,NO_CLICK
8211,0,0,NONE,NO_CLICK
8212,0,0,NONE,NO_CLICK
8213,0,0,NONE,NO_CLICK
8214,0,0,NONE,NO_CLICK
8215,0,0,NONE,NO_CLICK
8216,0,0,NONE,NO_CLICK
8217,0,0,NONE,NO_CLICK
8218,0,0,NONE,NO_CLICK
8219,0,0,NONE,NO_CLICK
8220,0,0,NONE,NO_CLICK
8221,0,0,NONE,NO_CLICK
8222,0,0,NONE,NO_CLICK
8223,0,0,NONE,NO_CLICK
8224,0,0,NONE,NO_CLICK
8225,0,0,NONE,NO_CLICK
8226,0,0,NONE,NO_CLICK
8227,0,0,NONE,NO_CLICK
8228,0,0,NONE,NO_CLICK
8229,0,0,NONE,NO_CLICK
8230,0,0,NONE,NO_CLICK
8231,0,0,NONE,NO_CLICK
8232,0,0,NONE,NO_CLICK
8233,0,0,NONE,NO_CLICK
8234,0,0,NONE,NO_CLICK
8235,0,0,NONE,NO_CLICK
8236,0,0,NONE,NO_CLICK
8237,0,0,NONE,NO_CLICK
8238,0,0,NONE,NO_CLICK
8239,0,0,NONE,NO_CLICK
8240,0,0,NONE,NO_CLICK
8241,0,0,NONE,NO_CLICK
8242,0,0,NONE,NO_CLICK
8243,0,0,NONE,NO_CLICK
8244,0,0,NONE,NO_CLICK
8245,0,0,NONE,NO_CLICK
8246,0,0,NONE,NO_CLICK
8247,0,0,NONE,NO_CLICK
8248,0,0,NONE,NO_CLICK
8249,0,0,NONE,NO_CLICK
8250,0,0,NONE,NO_CLICK
8251,0,0,NONE,NO_CLICK
8252,0,0,NONE,NO_CLICK
8253,0,0,NONE,NO_CLICK
8254,0,0,NONE,NO_CLICK
8255,0,0,NONE,NO_CLICK
8256,0,0,NONE,NO_CLICK
8257,0,0,NONE,NO_CLICK
8258,0,0,NONE,NO_CLICK
8259,0,0,NONE,NO_CLICK
8260,0,0,NONE,NO_CLICK
8261,0,0,NONE,NO_CLICK
8262,0,0,NONE,NO_CLICK
8263,0,0,NONE,NO_CLICK
8264,0,0,NONE,NO_CLICK
8265,0,0,NONE,NO_CLICK
8266,0,0,NONE,NO_CLICK
8267,0,0,NONE,NO_CLICK
8268,0,0,NONE,NO_CLICK
8269,0,0,NONE,NO_CLICK
8270,0,0,NONE,NO_CLICK
8271,0,0,NONE,NO_CLICK
8272,0,0,NONE,NO_CLICK
8273,0,0,NONE,NO_CLICK
8274,0,0,NONE,NO_CLICK
8275,0,0,NONE,NO_CLICK
8276,0,0,NONE,NO_CLICK
8277,0,0,NONE,NO_CLICK
8278,0,0,NONE,NO_CLICK
8279,0,0,NONE,NO_CLICK
8280,0,0,NONE,NO_CLICK
8281,0,0,NONE,NO_CLICK
8282,0,0,NONE,NO_CLICK
8283,0,0,NONE,NO_CLICK
8284,0,0,NONE,NO_CLICK
8285,0,0,NONE,NO_CLICK
8286,0,0,NONE,NO_CLICK
8287,0,0,NONE,NO_CLICK
8288,0,0,NONE,NO_CLICK
8289,0,0,NONE,NO_CLICK
8290,0,0,NONE,NO_CLICK
8291,0,0,NONE,NO_CLICK
8292,0,0,NONE,NO_CLICK
8293,0,0,NONE,NO_CLICK
8294,0,0,NONE,NO_CLICK
8295,0,0,NONE,NO_CLICK
8296,0,0,NONE,NO_CLICK
8297,0,0,NONE,NO_CLICK
8298,0,0,NONE,NO_CLICK
8299,0,0,NONE,NO_CLICK
8300,0,0,NONE,NO_CLICK
8301,0,0,NONE,NO_CLICK
8302,0,0,NONE,NO_CLICK
8303,0,0,NONE,NO_CLICK
8304,0,0,NONE,NO_CLICK
8305,0,0,NONE,NO_CLICK
8306,0,0,NONE,NO_CLICK
8307,0,0,NONE,NO_CLICK
8308,0,0,NONE,NO_CLICK
8309,0,0,NONE,NO_CLICK
8310,0,0,NONE,NO_CLICK
8311,0,0,NONE,NO_CLICK
8312,0,0,NONE,NO_CLICK
8313,0,0,NONE,NO_CLICK
8314,0,0,NONE,NO_CLICK
8315,0,0,NONE,NO_CLICK
8316,0,0,NONE,NO_CLICK
8317,0,0,NONE,NO_CLICK
8318,0,0,NONE,NO_CLICK
8319,0,0,NONE,NO_CLICK
8320,0,0,NONE,NO_CLICK
8321,0,0,NONE,NO_CLICK
8322,0,0,NONE,NO_CLICK
8323,0,0,NONE,NO_CLICK
8324,0,0,NONE,NO_CLICK
8325,0,0,NONE,NO_CLICK
8326,0,0,NONE,NO_CLICK
8327,0,0,NONE,NO_CLICK
8328,0,0,NONE,NO_CLICK
8329,0,0,NONE,NO_CLICK
8330,0,0,NONE,NO_CLICK
8331,0,0,NONE,NO_CLICK
8332,0,0,NONE,NO_CLICK
8333,0,0,NONE,NO_CLICK
8334,0,0,NONE,NO_CLICK
8335,0,0,NONE,NO_CLICK
8336,0,0,NONE,NO_CLICK
8337,0,0,NONE,NO_CLICK
8338,0,0,NONE,NO_CLICK
8339,0,0,NONE,NO_CLICK
8340,0,0,NONE,NO_CLICK
8341,0,0,NONE,NO_CLICK
8342,0,0,NONE,NO_CLICK
8343,0,0,NONE,NO_CLICK
8344,0,0,NONE,NO_CLICK
8345,0,0,NONE,NO_CLICK
8346,0,0,NONE,NO_CLICK
8347,0,0,NONE,NO_CLICK
8348,0,0,NONE,NO_CLICK
8349,0,0,NONE,NO_CLICK
8350,0,0,NONE,NO_CLICK
8351,0,0,NONE,NO_CLICK
8352,0,0,NONE,NO_CLICK
8353,0,0,NONE,NO_CLICK
8354,1,0,D1,D1_CLICK
8355,1,0,D1,D1_CLICK
8356,1,0,D1,D1_CLICK
8357,1,0,D1,D1_CLICK
8358,1,0,D1,D1_CLICK
8359,1,0,D1,D1_CLICK
8360,1,0,D1,D1_CLICK
8361,1,0,D1,D1_CLICK
8362,1,0,D1,D1_CLICK
8363,1,0,D1,D1_CLICK
8364,1,0,D1,D1_CLICK
8365,1,0,D1,D1_CLICK
8366,1,0,D1,D1_CLICK
8367,1,0,D1,D1_CLICK
8368,1,0,D1,D1_CLICK
8369,1,0,D1,D1_CLICK
8370,1,0,D1,D1_CLICK
8371,1,0,D1,D1_CLICK
8372,1,0,D1,D1_CLICK
8373,1,0,D1,D1_CLICK
8374,1,0,D1,D1_CLICK
8375,1,0,D1,D1_CLICK
8376,1,0,D1,D1_CLICK
8377,1,0,D1,D1_CLICK
8378,1,0,D1,D1_CLICK
8379,1,0,D1,D1_CLICK
8380,1,0,D1,D1_CLICK
8381,1,0,D1,D1_CLICK
8382,1,0,D1,D1_CLICK
8383,1,0,D1,D1_CLICK
8384,1,0,D1,D1_CLICK
8385,1,0,D1,D1_CLICK
8386,1,0,D1,D1_CLICK
8387,1,0,D1,D1_CLICK
8388,1,0,D1,D1_CLICK
8389,1,0,D1,D1_CLICK
8390,1,0,D1,D1_CLICK
8391,1,0,D1,D1_CLICK
8392,0,0,NONE,NO_CLICK
8393,0,0,NONE,NO_CLICK
8394,0,0,NONE,NO_CLICK
8395,0,0,NONE,NO_CLICK
8396,0,0,NONE,NO_CLICK
8397,0,0,NONE,NO_CLICK
8398,0,0,NONE,NO_CLICK
8399,0,0,NONE,NO_CLICK
8400,0,0,NONE,NO_CLICK
8401,0,0,NONE,NO_CLICK
8402,0,0,NONE,NO_CLICK
8403,0,0,NONE,NO_CLICK
8404,0,0,NONE,NO_CLICK
8405,0,0,NONE,NO_CLICK
8406,0,0,NONE,NO_CLICK
8407,0,0,NONE,NO_CLICK
8408,0,0,NONE,NO_CLICK
8409,0,0,NONE,NO_CLICK
8410,0,0,NONE,NO_CLICK
8411,0,0,NONE,NO_CLICK
8412,0,0,NONE,NO_CLICK
8413,0,0,NONE,NO_CLICK
8414,0,0,NONE,NO_CLICK
8415,0,0,NONE,NO_CLICK
8416,0,0,NONE,NO_CLICK
8417,0,0,NONE,NO_CLICK
8418,0,0,NONE,NO_CLICK
8419,0,0,NONE,NO_CLICK
8420,0,0,NONE,NO_CLICK
8421,0,0,NONE,NO_CLICK
8422,0,0,NONE,NO_CLICK
8423,0,0,NONE,NO_CLICK
8424,0,0,NONE,NO_CLICK
8425,0,0,NONE,NO_CLICK
8426,0,0,NONE,NO_CLICK
8427,0,0,NONE,NO_CLICK
8428,0,0,NONE,NO_CLICK
8429,0,0,NONE,NO_CLICK
8430,0,0,NONE,NO_CLICK
8431,0,0,NONE,NO_CLICK
8432,0,0,NONE,NO_CLICK
8433,0,0,NONE,NO_CLICK
8434,0,0,NONE,NO_CLICK
8435,0,0,NONE,NO_CLICK
8436,0,0,NONE,NO_CLICK
8437,0,0,NONE,NO_CLICK
8438,0,0,NONE,NO_CLICK
8439,0,0,NONE,NO_CLICK
8440,0,0,NONE,NO_CLICK
8441,0,0,NONE,NO_CLICK
8442,0,0,NONE,NO_CLICK
8443,0,0,NONE,NO_CLICK
8444,0,0,NONE,NO_CLICK
8445,0,0,NONE,NO_CLICK
8446,0,0,NONE,NO_CLICK
8447,0,0,NONE,NO_CLICK
8448,0,0,NONE,NO_CLICK
8449,0,0,NONE,NO_CLICK
8450,0,0,NONE,NO_CLICK
8451,0,0,NONE,NO_CLICK
8452,0,0,NONE,NO_CLICK
8453,0,0,NONE,NO_CLICK
8454,0,0,NONE,NO_CLICK
8455,0,0,NONE,NO_CLICK
8456,0,0,NONE,NO_CLICK
8457,0,0,NONE,NO_CLICK
8458,0,0,NONE,NO_CLICK
8459,0,0,NONE,NO_CLICK
8460,0,0,NONE,NO_CLICK
8461,0,0,NONE,NO_CLICK
8462,0,0,NONE,NO_CLICK
8463,0,0,NONE,NO_CLICK
8464,0,0,NONE,NO_CLICK
8465,0,0,NONE,NO_CLICK
8466,0,0,NONE,NO_CLICK
8467,0,0,NONE,NO_CLICK
8468,0,0,NONE,NO_CLICK
8469,0,0,NONE,NO_CLICK
8470,0,0,NONE,NO_CLICK
8471,0,0,NONE,NO_CLICK
8472,0,0,NONE,NO_CLICK
8473,0,0,NONE,NO_CLICK
8474,0,0,NONE,NO_CLICK
8475,0,0,NONE,NO_CLICK
8476,0,0,NONE,NO_CLICK
8477,0,0,NONE,NO_CLICK
8478,0,0,NONE,NO_CLICK
8479,0,0,NONE,NO_CLICK
8480,0,0,NONE,NO_CLICK
8481,0,0,NONE,NO_CLICK
8482,0,0,NONE,NO_CLICK
8483,0,0,NONE,NO_CLICK
8484,0,0,NONE,NO_CLICK
8485,0,0,NONE,NO_CLICK
8486,0,0,NONE,NO_CLICK
8487,0,0,NONE,NO_CLICK
8488,0,0,NONE,NO_CLICK
8489,0,0,NONE,NO_CLICK
8490,0,0,NONE,NO_CLICK
8491,0,0,NONE,NO_CLICK
8492,0,0,NONE,NO_CLICK
8493,0,0,NONE,NO_CLICK
8494,0,0,NONE,NO_CLICK
8495,0,0,NONE,NO_CLICK
8496,0,0,NONE,NO_CLICK
8497,0,0,NONE,NO_CLICK
8498,0,0,NONE,NO_CLICK
8499,0,0,NONE,NO_CLICK
8500,0,0,NONE,NO_CLICK
8501,0,0,NONE,NO_CLICK
8502,0,0,NONE,NO_CLICK
8503,0,0,NONE,NO_CLICK
8504,0,0,NONE,NO_CLICK
8505,0,0,NONE,NO_CLICK
8506,0,0,NONE,NO_CLICK
8507,0,0,NONE,NO_CLICK
8508,0,0,NONE,NO_CLICK
8509,0,0,NONE,NO_CLICK
8510,0,0,NONE,NO_CLICK
8511,0,0,NONE,NO_CLICK
8512,0,0,NONE,NO_CLICK
8513,0,0,NONE,NO_CLICK
8514,0,1,D2,D2_CLICK
8515,0,1,D2,D2_CLICK
8516,0,1,D2,D2_CLICK
8517,0,1,D2,D2_CLICK
8518,0,1,D2,D2_CLICK
8519,0,1,D2,D2_CLICK
8520,0,1,D2,D2_CLICK
8521,0,1,D2,D2_CLICK
8522,0,1,D2,D2_CLICK
8523,0,1,D2,D2_CLICK
8524,0,1,D2,D2_CLICK
8525,0,1,D2,D2_CLICK
8526,0,1,D2,D2_CLICK
8527,0,1,D2,D2_CLICK
8528,0,1,D2,D2_CLICK
8529,0,1,D2,D2_CLICK
8530,0,1,D2,D2_CLICK
8531,0,1,D2,D2_CLICK
8532,0,1,D2,D2_CLICK
8533,0,1,D2,D2_CLICK
8534,0,1,D2,D2_CLICK
8535,0,1,D2,D2_CLICK
8536,0,1,D2,D2_CLICK
8537,0,1,D2,D2_CLICK
8538,0,1,D2,D2_CLICK
8539,0,1,D2,D2_CLICK
8540,0,1,D2,D2_CLICK
8541,0,1,D2,D2_CLICK
8542,0,1,D2,D2_CLICK
8543,0,1,D2,D2_CLICK
8544,0,1,D2,D2_CLICK
8545,0,1,D2,D2_CLICK
8546,0,1,D2,D2_CLICK
8547,0,1,D2,D2_CLICK
8548,0,1,D2,D2_CLICK
8549,0,1,D2,D2_CLICK
8550,0,1,D2,D2_CLICK
8551,0,1,D2,D2_CLICK
8552,0,0,NONE,NO_CLICK
8553,0,0,NONE,NO_CLICK
8554,0,0,NONE,NO_CLICK
8555,0,0,NONE,NO_CLICK
8556,0,0,NONE,NO_CLICK
8557,0,0,NONE,NO_CLICK
8558,0,0,NONE,NO_CLICK
8559,0,0,NONE,NO_CLICK
8560,0,0,NONE,NO_CLICK
8561,0,0,NONE,NO_CLICK
8562,0,0,NONE,NO_CLICK
8563,0,0,NONE,NO_CLICK
8564,0,0,NONE,NO_CLICK
8565,0,0,NONE,NO_CLICK
8566,0,0,NONE,NO_CLICK
8567,0,0,NONE,NO_CLICK
8568,0,0,NONE,NO_CLICK
8569,0,0,NONE,NO_CLICK
8570,0,0,NONE,NO_CLICK
8571,0,0,NONE,NO_CLICK
8572,0,0,NONE,NO_CLICK
8573,0,0,NONE,NO_CLICK
8574,0,0,NONE,NO_CLICK
8575,0,0,NONE,NO_CLICK
8576,0,0,NONE,NO_CLICK
8577,0,0,NONE,NO_CLICK
8578,0,0,NONE,NO_CLICK
8579,0,0,NONE,NO_CLICK
8580,0,0,NONE,NO_CLICK
8581,0,0,NONE,NO_CLICK
8582,0,0,NONE,NO_CLICK
8583,0,0,NONE,NO_CLICK
8584,0,0,NONE,NO_CLICK
8585,0,0,NONE,NO_CLICK
8586,0,0,NONE,NO_CLICK
8587,0,0,NONE,NO_CLICK
8588,0,0,NONE,NO_CLICK
8589,0,0,NONE,NO_CLICK
8590,0,0,NONE,NO_CLICK
8591,0,0,NONE,NO_CLICK
8592,0,0,NONE,NO_CLICK
8593,0,0,NONE,NO_CLICK
8594,0,0,NONE,NO_CLICK
8595,0,0,NONE,NO_CLICK
8596,0,0,NONE,NO_CLICK
8597,0,0,NONE,NO_CLICK
8598,0,0,NONE,NO_CLICK
8599,0,0,NONE,NO_CLICK
8600,0,0,NONE,NO_CLICK
8601,0,0,NONE,NO_CLICK
8602,0,0,NONE,NO_CLICK
8603,0,0,NONE,NO_CLICK
8604,0,0,NONE,NO_CLICK
8605,0,0,NONE,NO_CLICK
8606,0,0,NONE,NO_CLICK
8607,0,0,NONE,NO_CLICK
8608,0,0,NONE,NO_CLICK
8609,0,0,NONE,NO_CLICK
8610,0,0,NONE,NO_CLICK
8611,0,0,NONE,NO_CLICK
8612,0,0,NONE,NO_CLICK
8613,0,0,NONE,NO_CLICK
8614,0,0,NONE,NO_CLICK
8615,0,0,NONE,NO_CLICK
8616,0,0,NONE,NO_CLICK
8617,0,0,NONE,NO_CLICK
8618,0,0,NONE,NO_CLICK
8619,0,0,NONE,NO_CLICK
8620,0,0,NONE,NO_CLICK
8621,0,0,NONE,NO_CLICK
8622,0,0,NONE,NO_CLICK
8623,0,0,NONE,NO_CLICK
8624,0,0,NONE,NO_CLICK
8625,0,0,NONE,NO_CLICK
8626,0,0,NONE,NO_CLICK
8627,0,0,NONE,NO_CLICK
8628,0,0,NONE,NO_CLICK
8629,0,0,NONE,NO_CLICK
8630,0,0,NONE,NO_CLICK
8631,0,0,NONE,NO_CLICK
8632,0,0,NONE,NO_CLICK
8633,0,0,NONE,NO_CLICK
8634,0,0,NONE,NO_CLICK
8635,0,0,NONE,NO_CLICK
8636,0,0,NONE,NO_CLICK
8637,0,0,NONE,NO_CLICK
8638,0,0,NONE,NO_CLICK
8639,0,0,NONE,NO_CLICK
8640,0,0,NONE,NO_CLICK
8641,0,0,NONE,NO_CLICK
8642,0,0,NONE,NO_CLICK
8643,0,0,NONE,NO_CLICK
8644,0,0,NONE,NO_CLICK
8645,0,0,NONE,NO_CLICK
8646,0,0,NONE,NO_CLICK
8647,0,0,NONE,NO_CLICK
8648,0,0,NONE,NO_CLICK
8649,0,0,NONE,NO_CLICK
8650,0,0,NONE,NO_CLICK
8651,0,0,NONE,NO_CLICK
8652,0,0,NONE,NO_CLICK
8653,0,0,NONE,NO_CLICK
8654,0,0,NONE,NO_CLICK
8655,0,0,NONE,NO_CLICK
8656,0,0,NONE,NO_CLICK
8657,0,0,NONE,NO_CLICK
8658,0,0,NONE,NO_CLICK
8659,0,0,NONE,NO_CLICK
8660,0,0,NONE,NO_CLICK
8661,0,0,NONE,NO_CLICK
8662,0,0,NONE,NO_CLICK
8663,0,0,NONE,NO_CLICK
8664,0,0,NONE,NO_CLICK
8665,0,0,NONE,NO_CLICK
8666,0,0,NONE,NO_CLICK
8667,0,0,NONE,NO_CLICK
8668,0,0,NONE,NO_CLICK
8669,0,0,NONE,NO_CLICK
8670,0,0,NONE,NO_CLICK
8671,0,0,NONE,NO_CLICK
8672,0,0,NONE,NO_CLICK
8673,0,0,NONE,NO_CLICK
8674,0,0,NONE,NO_CLICK
8675,0,0,NONE,NO_CLICK
8676,0,0,NONE,NO_CLICK
8677,0,0,NONE,NO_CLICK
8678,0,0,NONE,NO_CLICK
8679,0,0,NONE,NO_CLICK
8680,0,0,NONE,NO_CLICK
8681,0,0,NONE,NO_CLICK
8682,0,0,NONE,NO_CLICK
8683,0,0,NONE,NO_CLICK
8684,0,0,NONE,NO_CLICK
8685,0,0,NONE,NO_CLICK
8686,0,0,NONE,NO_CLICK
8687,0,0,NONE,NO_CLICK
8688,0,0,NONE,NO_CLICK
8689,0,0,NONE,NO_CLICK
8690,0,0,NONE,NO_CLICK
8691,0,0,NONE,NO_CLICK
8692,0,0,NONE,NO_CLICK
8693,0,0,NONE,NO_CLICK
8694,0,0,NONE,NO_CLICK
8695,0,0,NONE,NO_CLICK
8696,0,0,NONE,NO_CLICK
8697,0,0,NONE,NO_CLICK
8698,0,0,NONE,NO_CLICK
8699,0,0,NONE,NO_CLICK
8700,0,0,NONE,NO_CLICK
8701,0,0,NONE,NO_CLICK
8702,0,0,NONE,NO_CLICK
8703,0,0,NONE,NO_CLICK
8704,0,0,NONE,NO_CLICK
8705,0,0,NONE,NO_CLICK
8706,1,0,D1,D1_CLICK
8707,1,0,D1,D1_CLICK
8708,1,0,D1,D1_CLICK
8709,1,0,D1,D1_CLICK
8710,1,0,D1,D1_CLICK
8711,1,0,D1,D1_CLICK
8712,1,0,D1,D1_CLICK
8713,1,0,D1,D1_CLICK
8714,1,0,D1,D1_CLICK
8715,1,0,D1,D1_CLICK
8716,1,0,D1,D1_CLICK
8717,1,0,D1,D1_CLICK
8718,1,0,D1,D1_CLICK
8719,1,0,D1,D1_CLICK
8720,1,0,D1,D1_CLICK
8721,1,0,D1,D1_CLICK
8722,1,0,D1,D1_CLICK
8723,1,0,D1,D1_CLICK
8724,1,0,D1,D1_CLICK
8725,1,0,D1,D1_CLICK
8726,1,0,D1,D1_CLICK
8727,1,0,D1,D1_CLICK
8728,1,0,D1,D1_CLICK
8729,1,0,D1,D1_CLICK
8730,1,0,D1,D1_CLICK
8731,1,0,D1,D1_CLICK
8732,1,0,D1,D1_CLICK
8733,1,0,D1,D1_CLICK
8734,1,0,D1,D1_CLICK
8735,1,0,D1,D1_CLICK
8736,1,0,D1,D1_CLICK
8737,1,0,D1,D1_CLICK
8738,1,0,D1,D1_CLICK
8739,1,0,D1,D1_CLICK
8740,1,0,D1,D1_CLICK
8741,1,0,D1,D1_CLICK
8742,1,0,D1,D1_CLICK
8743,1,0,D1,D1_CLICK
8744,0,0,NONE,NO_CLICK
8745,0,0,NONE,NO_CLICK
8746,0,0,NONE,NO_CLICK
8747,0,0,NONE,NO_CLICK
8748,0,0,NONE,NO_CLICK
8749,0,0,NONE,NO_CLICK
8750,0,0,NONE,NO_CLICK
8751,0,0,NONE,NO_CLICK
8752,0,0,NONE,NO_CLICK
8753,0,0,NONE,NO_CLICK
8754,0,0,NONE,NO_CLICK
8755,0,0,NONE,NO_CLICK
8756,0,0,NONE,NO_CLICK
8757,0,0,NONE,NO_CLICK
8758,0,0,NONE,NO_CLICK
8759,0,0,NONE,NO_CLICK
8760,0,0,NONE,NO_CLICK
8761,0,0,NONE,NO_CLICK
8762,0,0,NONE,NO_CLICK
8763,0,0,NONE,NO_CLICK
8764,0,0,NONE,NO_CLICK
8765,0,0,NONE,NO_CLICK
8766,0,0,NONE,NO_CLICK
8767,0,0,NONE,NO_CLICK
8768,0,0,NONE,NO_CLICK
8769,0,0,NONE,NO_CLICK
8770,0,0,NONE,NO_CLICK
8771,0,0,NONE,NO_CLICK
8772,0,0,NONE,NO_CLICK
8773,0,0,NONE,NO_CLICK
8774,0,0,NONE,NO_CLICK
8775,0,0,NONE,NO_CLICK
8776,0,0,NONE,NO_CLICK
8777,0,0,NONE,NO_CLICK
8778,0,0,NONE,NO_CLICK
8779,0,0,NONE,NO_CLICK
8780,0,0,NONE,NO_CLICK
8781,0,0,NONE,NO_CLICK
8782,0,0,NONE,NO_CLICK
8783,0,0,NONE,NO_CLICK
8784,0,0,NONE,NO_CLICK
8785,0,0,NONE,NO_CLICK
8786,0,0,NONE,NO_CLICK
8787,0,0,NONE,NO_CLICK
8788,0,0,NONE,NO_CLICK
8789,0,0,NONE,NO_CLICK
8790,0,0,NONE,NO_CLICK
8791,0,0,NONE,NO_CLICK
8792,0,0,NONE,NO_CLICK
8793,0,0,NONE,NO_CLICK
8794,0,0,NONE,NO_CLICK
8795,0,0,NONE,NO_CLICK
8796,0,0,NONE,NO_CLICK
8797,0,0,NONE,NO_CLICK
8798,0,0,NONE,NO_CLICK
8799,0,0,NONE,NO_CLICK
8800,0,0,NONE,NO_CLICK
8801,0,0,NONE,NO_CLICK
8802,0,0,NONE,NO_CLICK
8803,0,0,NONE,NO_CLICK
8804,0,0,NONE,NO_CLICK
8805,0,0,NONE,NO_CLICK
8806,0,0,NONE,NO_CLICK
8807,0,0,NONE,NO_CLICK
8808,0,0,NONE,NO_CLICK
8809,0,0,NONE,NO_CLICK
8810,0,0,NONE,NO_CLICK
8811,0,0,NONE,NO_CLICK
8812,0,0,NONE,NO_CLICK
8813,0,0,NONE,NO_CLICK
8814,0,0,NONE,NO_CLICK
8815,0,0,NONE,NO_CLICK
8816,0,0,NONE,NO_CLICK
8817,0,0,NONE,NO_CLICK
8818,0,0,NONE,NO_CLICK
8819,0,0,NONE,NO_CLICK
8820,0,0,NONE,NO_CLICK
8821,0,0,NONE,NO_CLICK
8822,0,0,NONE,NO_CLICK
8823,0,0,NONE,NO_CLICK
8824,0,0,NONE,NO_CLICK
8825,0,0,NONE,NO_CLICK
8826,0,0,NONE,NO_CLICK
8827,0,0,NONE,NO_CLICK
8828,0,0,NONE,NO_CLICK
8829,0,0,NONE,NO_CLICK
8830,0,0,NONE,NO_CLICK
8831,0,0,NONE,NO_CLICK
8832,0,0,NONE,NO_CLICK
8833,0,0,NONE,NO_CLICK
8834,0,0,NONE,NO_CLICK
8835,0,0,NONE,NO_CLICK
8836,0,0,NONE,NO_CLICK
8837,0,0,NONE,NO_CLICK
8838,0,0,NONE,NO_CLICK
8839,0,0,NONE,NO_CLICK
8840,0,0,NONE,NO_CLICK
8841,0,0,NONE,NO_CLICK
8842,0,0,NONE,NO_CLICK
8843,0,0,NONE,NO_CLICK
8844,0,0,NONE,NO_CLICK
8845,0,0,NONE,NO_CLICK
8846,0,0,NONE,NO_CLICK
8847,0,0,NONE,NO_CLICK
8848,0,0,NONE,NO_CLICK
8849,0,0,NONE,NO_CLICK
8850,0,0,NONE,NO_CLICK
8851,0,0,NONE,NO_CLICK
8852,0,0,NONE,NO_CLICK
8853,0,0,NONE,NO_CLICK
8854,0,0,NONE,NO_CLICK
8855,0,0,NONE,NO_CLICK
8856,0,0,NONE,NO_CLICK
8857,0,0,NONE,NO_CLICK
8858,0,0,NONE,NO_CLICK
8859,0,0,NONE,NO_CLICK
8860,0,0,NONE,NO_CLICK
8861,0,0,NONE,NO_CLICK
8862,0,0,NONE,NO_CLICK
8863,0,0,NONE,NO_CLICK
8864,0,0,NONE,NO_CLICK
8865,0,0,NONE,NO_CLICK
8866,0,0,NONE,NO_CLICK
8867,0,0,NONE,NO_CLICK
8868,0,0,NONE,NO_CLICK
8869,0,0,NONE,NO_CLICK
8870,0,0,NONE,NO_CLICK
8871,0,0,NONE,NO_CLICK
8872,0,0,NONE,NO_CLICK
8873,0,0,NONE,NO_CLICK
8874,0,0,NONE,NO_CLICK
8875,0,0,NONE,NO_CLICK
8876,0,0,NONE,NO_CLICK
8877,0,0,NONE,NO_CLICK
8878,0,0,NONE,NO_CLICK
8879,0,0,NONE,NO_CLICK
8880,0,0,NONE,NO_CLICK
8881,0,0,NONE,NO_CLICK
8882,0,0,NONE,NO_CLICK
8883,0,0,NONE,NO_CLICK
8884,0,0,NONE,NO_CLICK
8885,0,0,NONE,NO_CLICK
8886,0,0,NONE,NO_CLICK
8887,0,0,NONE,NO_CLICK
8888,0,0,NONE,NO_CLICK
8889,0,0,NONE,NO_CLICK
8890,0,0,NONE,NO_CLICK
8891,0,0,NONE,NO_CLICK
8892,0,0,NONE,NO_CLICK
8893,0,0,NONE,NO_CLICK
8894,0,0,NONE,NO_CLICK
8895,0,0,NONE,NO_CLICK
8896,0,0,NONE,NO_CLICK
8897,0,0,NONE,NO_CLICK
8898,0,0,NONE,NO_CLICK
8899,0,0,NONE,NO_CLICK
8900,0,0,NONE,NO_CLICK
8901,0,0,NONE,NO_CLICK
8902,0,0,NONE,NO_CLICK
8903,0,0,NONE,NO_CLICK
8904,0,0,NONE,NO_CLICK
8905,0,0,NONE,NO_CLICK
8906,0,0,NONE,NO_CLICK
8907,0,0,NONE,NO_CLICK
8908,0,0,NONE,NO_CLICK
8909,0,0,NONE,NO_CLICK
8910,0,0,NONE,NO_CLICK
8911,0,0,NONE,NO_CLICK
8912,0,0,NONE,NO_CLICK
8913,0,0,NONE,NO_CLICK
8914,0,0,NONE,NO_CLICK
8915,0,0,NONE,NO_CLICK
8916,0,0,NONE,NO_CLICK
8917,0,0,NONE,NO_CLICK
8918,0,0,NONE,NO_CLICK
8919,0,0,NONE,NO_CLICK
8920,0,0,NONE,NO_CLICK
8921,0,0,NONE,NO_CLICK
8922,0,0,NONE,NO_CLICK
8923,0,0,NONE,NO_CLICK
8924,0,0,NONE,NO_CLICK
8925,0,0,NONE,NO_CLICK
8926,0,0,NONE,NO_CLICK
8927,0,0,NONE,NO_CLICK
8928,0,0,NONE,NO_CLICK
8929,0,0,NONE,NO_CLICK
8930,0,0,NONE,NO_CLICK
8931,0,0,NONE,NO_CLICK
8932,0,0,NONE,NO_CLICK
8933,0,0,NONE,NO_CLICK
8934,0,0,NONE,NO_CLICK
8935,0,0,NONE,NO_CLICK
8936,0,0,NONE,NO_CLICK
8937,0,0,NONE,NO_CLICK
8938,0,0,NONE,NO_CLICK
8939,0,0,NONE,NO_CLICK
8940,0,0,NONE,NO_CLICK
8941,0,0,NONE,NO_CLICK
8942,0,0,NONE,NO_CLICK
8943,0,0,NONE,NO_CLICK
8944,0,0,NONE,NO_CLICK
8945,0,0,NONE,NO_CLICK
8946,0,0,NONE,NO_CLICK
8947,0,0,NONE,NO_CLICK
8948,0,0,NONE,NO_CLICK
8949,0,0,NONE,NO_CLICK
8950,0,0,NONE,NO_CLICK
8951,0,0,NONE,NO_CLICK
8952,0,0,NONE,NO_CLICK
8953,0,0,NONE,NO_CLICK
8954,0,0,NONE,NO_CLICK
8955,0,0,NONE,NO_CLICK
8956,0,0,NONE,NO_CLICK
8957,0,0,NONE,NO_CLICK
8958,0,0,NONE,NO_CLICK
8959,0,0,NONE,NO_CLICK
8960,0,0,NONE,NO_CLICK
8961,0,0,NONE,NO_CLICK
8962,0,0,NONE,NO_CLICK
8963,0,0,NONE,NO_CLICK
8964,0,0,NONE,NO_CLICK
8965,0,0,NONE,NO_CLICK
8966,0,0,NONE,NO_CLICK
8967,0,0,NONE,NO_CLICK
8968,0,0,NONE,NO_CLICK
8969,0,0,NONE,NO_CLICK
8970,0,0,NONE,NO_CLICK
8971,0,0,NONE,NO_CLICK
8972,0,0,NONE,NO_CLICK
8973,0,0,NONE,NO_CLICK
8974,0,0,NONE,NO_CLICK
8975,0,0,NONE,NO_CLICK
8976,0,0,NONE,NO_CLICK
8977,0,0,NONE,NO_CLICK
8978,0,0,NONE,NO_CLICK
8979,0,0,NONE,NO_CLICK
8980,0,0,NONE,NO_CLICK
8981,0,0,NONE,NO_CLICK
8982,0,0,NONE,NO_CLICK
8983,0,0,NONE,NO_CLICK
8984,0,0,NONE,NO_CLICK
8985,0,0,NONE,NO_CLICK
8986,0,0,NONE,NO_CLICK
8987,0,0,NONE,NO_CLICK
8988,0,0,NONE,NO_CLICK
8989,0,0,NONE,NO_CLICK
8990,0,0,NONE,NO_CLICK
8991,0,0,NONE,NO_CLICK
8992,0,0,NONE,NO_CLICK
8993,0,0,NONE,NO_CLICK
8994,0,0,NONE,NO_CLICK
8995,0,0,NONE,NO_CLICK
8996,0,0,NONE,NO_CLICK
8997,0,0,NONE,NO_CLICK
8998,0,0,NONE,NO_CLICK
8999,0,0,NONE,NO_CLICK
9000,0,0,NONE,NO_CLICK
9001,0,0,NONE,NO_CLICK
9002,0,0,NONE,NO_CLICK
9003,0,0,NONE,NO_CLICK
9004,0,0,NONE,NO_CLICK
9005,0,0,NONE,NO_CLICK
9006,0,0,NONE,NO_CLICK
9007,0,0,NONE,NO_CLICK
9008,0,0,NONE,NO_CLICK
9009,0,0,NONE,NO_CLICK
9010,0,0,NONE,NO_CLICK
9011,0,0,NONE,NO_CLICK
9012,0,0,NONE,NO_CLICK
9013,0,0,NONE,NO_CLICK
9014,0,0,NONE,NO_CLICK
9015,0,0,NONE,NO_CLICK
9016,0,0,NONE,NO_CLICK
9017,0,0,NONE,NO_CLICK
9018,0,0,NONE,NO_CLICK
9019,0,0,NONE,NO_CLICK
9020,0,0,NONE,NO_CLICK
9021,0,0,NONE,NO_CLICK
9022,0,0,NONE,NO_CLICK
9023,0,0,NONE,NO_CLICK
9024,0,0,NONE,NO_CLICK
9025,0,0,NONE,NO_CLICK
9026,1,0,D1,D1_CLICK
9027,1,0,D1,D1_CLICK
9028,1,0,D1,D1_CLICK
9029,1,0,D1,D1_CLICK
9030,1,0,D1,D1_CLICK
9031,1,0,D1,D1_CLICK
9032,1,0,D1,D1_CLICK
9033,1,0,D1,D1_CLICK
9034,1,0,D1,D1_CLICK
9035,1,0,D1,D1_CLICK
9036,1,0,D1,D1_CLICK
9037,1,0,D1,D1_CLICK
9038,1,0,D1,D1_CLICK
9039,1,0,D1,D1_CLICK
9040,1,0,D1,D1_CLICK
9041,1,0,D1,D1_CLICK
9042,1,0,D1,D1_CLICK
9043,1,0,D1,D1_CLICK
9044,1,0,D1,D1_CLICK
9045,1,0,D1,D1_CLICK
9046,1,0,D1,D1_CLICK
9047,1,0,D1,D1_CLICK
9048,1,0,D1,D1_CLICK
9049,1,0,D1,D1_CLICK
9050,1,0,D1,D1_CLICK
9051,1,0,D1,D1_CLICK
9052,1,0,D1,D1_CLICK
9053,1,0,D1,D1_CLICK
9054,1,0,D1,D1_CLICK
9055,1,0,D1,D1_CLICK
9056,1,0,D1,D1_CLICK
9057,1,0,D1,D1_CLICK
9058,1,0,D1,D1_CLICK
9059,1,0,D1,D1_CLICK
9060,1,0,D1,D1_CLICK
9061,1,0,D1,D1_CLICK
9062,1,0,D1,D1_CLICK
9063,1,0,D1,D1_CLICK
9064,0,0,NONE,NO_CLICK
9065,0,0,NONE,NO_CLICK
9066,0,0,NONE,NO_CLICK
9067,0,0,NONE,NO_CLICK
9068,0,0,NONE,NO_CLICK
9069,0,0,NONE,NO_CLICK
9070,0,0,NONE,NO_CLICK
9071,0,0,NONE,NO_CLICK
9072,0,0,NONE,NO_CLICK
9073,0,0,NONE,NO_CLICK
9074,0,0,NONE,NO_CLICK
9075,0,0,NONE,NO_CLICK
9076,0,0,NONE,NO_CLICK
9077,0,0,NONE,NO_CLICK
9078,0,0,NONE,NO_CLICK
9079,0,0,NONE,NO_CLICK
9080,0,0,NONE,NO_CLICK
9081,0,0,NONE,NO_CLICK
9082,0,0,NONE,NO_CLICK
9083,0,0,NONE,NO_CLICK
9084,0,0,NONE,NO_CLICK
9085,0,0,NONE,NO_CLICK
9086,0,0,NONE,NO_CLICK
9087,0,0,NONE,NO_CLICK
9088,0,0,NONE,NO_CLICK
9089,0,0,NONE,NO_CLICK
9090,0,0,NONE,NO_CLICK
9091,0,0,NONE,NO_CLICK
9092,0,0,NONE,NO_CLICK
9093,0,0,NONE,NO_CLICK
9094,0,0,NONE,NO_CLICK
9095,0,0,NONE,NO_CLICK
9096,0,0,NONE,NO_CLICK
9097,0,0,NONE,NO_CLICK
9098,0,0,NONE,NO_CLICK
9099,0,0,NONE,NO_CLICK
9100,0,0,NONE,NO_CLICK
9101,0,0,NONE,NO_CLICK
9102,0,0,NONE,NO_CLICK
9103,0,0,NONE,NO_CLICK
9104,0,0,NONE,NO_CLICK
9105,0,0,NONE,NO_CLICK
9106,0,0,NONE,NO_CLICK
9107,0,0,NONE,NO_CLICK
9108,0,0,NONE,NO_CLICK
9109,0,0,NONE,NO_CLICK
9110,0,0,NONE,NO_CLICK
9111,0,0,NONE,NO_CLICK
9112,0,0,NONE,NO_CLICK
9113,0,0,NONE,NO_CLICK
9114,0,0,NONE,NO_CLICK
9115,0,0,NONE,NO_CLICK
9116,0,0,NONE,NO_CLICK
9117,0,0,NONE,NO_CLICK
9118,0,0,NONE,NO_CLICK
9119,0,0,NONE,NO_CLICK
9120,0,0,NONE,NO_CLICK
9121,0,0,NONE,NO_CLICK
9122,0,0,NONE,NO_CLICK
9123,0,0,NONE,NO_CLICK
9124,0,0,NONE,NO_CLICK
9125,0,0,NONE,NO_CLICK
9126,0,0,NONE,NO_CLICK
9127,0,0,NONE,NO_CLICK
9128,0,0,NONE,NO_CLICK
9129,0,0,NONE,NO_CLICK
9130,0,0,NONE,NO_CLICK
9131,0,0,NONE,NO_CLICK
9132,0,0,NONE,NO_CLICK
9133,0,0,NONE,NO_CLICK
9134,0,0,NONE,NO_CLICK
9135,0,0,NONE,NO_CLICK
9136,0,0,NONE,NO_CLICK
9137,0,0,NONE,NO_CLICK
9138,0,0,NONE,NO_CLICK
9139,0,0,NONE,NO_CLICK
9140,0,0,NONE,NO_CLICK
9141,0,0,NONE,NO_CLICK
9142,0,0,NONE,NO_CLICK
9143,0,0,NONE,NO_CLICK
9144,0,0,NONE,NO_CLICK
9145,0,0,NONE,NO_CLICK
9146,0,0,NONE,NO_CLICK
9147,0,0,NONE,NO_CLICK
9148,0,0,NONE,NO_CLICK
9149,0,0,NONE,NO_CLICK
9150,0,0,NONE,NO_CLICK
9151,0,0,NONE,NO_CLICK
9152,0,0,NONE,NO_CLICK
9153,0,0,NONE,NO_CLICK
9154,0,1,D2,D2_CLICK
9155,0,1,D2,D2_CLICK
9156,0,1,D2,D2_CLICK
9157,0,1,D2,D2_CLICK
9158,0,1,D2,D2_CLICK
9159,0,1,D2,D2_CLICK
9160,0,1,D2,D2_CLICK
9161,0,1,D2,D2_CLICK
9162,0,1,D2,D2_CLICK
9163,0,1,D2,D2_CLICK
9164,0,1,D2,D2_CLICK
9165,0,1,D2,D2_CLICK
9166,0,1,D2,D2_CLICK
9167,0,1,D2,D2_CLICK
9168,0,1,D2,D2_CLICK
9169,0,1,D2,D2_CLICK
9170,0,1,D2,D2_CLICK
9171,0,1,D2,D2_CLICK
9172,0,1,D2,D2_CLICK
9173,0,1,D2,D2_CLICK
9174,0,1,D2,D2_CLICK
9175,0,1,D2,D2_CLICK
9176,0,1,D2,D2_CLICK
9177,0,1,D2,D2_CLICK
9178,0,1,D2,D2_CLICK
9179,0,1,D2,D2_CLICK
9180,0,1,D2,D2_CLICK
9181,0,1,D2,D2_CLICK
9182,0,1,D2,D2_CLICK
9183,0,1,D2,D2_CLICK
9184,0,1,D2,D2_CLICK
9185,0,1,D2,D2_CLICK
9186,0,1,D2,D2_CLICK
9187,0,1,D2,D2_CLICK
9188,0,1,D2,D2_CLICK
9189,0,1,D2,D2_CLICK
9190,0,1,D2,D2_CLICK
9191,0,1,D2,D2_CLICK
9192,0,0,NONE,NO_CLICK
9193,0,0,NONE,NO_CLICK
9194,0,0,NONE,NO_CLICK
9195,0,0,NONE,NO_CLICK
9196,0,0,NONE,NO_CLICK
9197,0,0,NONE,NO_CLICK
9198,0,0,NONE,NO_CLICK
9199,0,0,NONE,NO_CLICK
9200,0,0,NONE,NO_CLICK
9201,0,0,NONE,NO_CLICK
9202,0,0,NONE,NO_CLICK
9203,0,0,NONE,NO_CLICK
9204,0,0,NONE,NO_CLICK
9205,0,0,NONE,NO_CLICK
9206,0,0,NONE,NO_CLICK
9207,0,0,NONE,NO_CLICK
9208,0,0,NONE,NO_CLICK
9209,0,0,NONE,NO_CLICK
9210,0,0,NONE,NO_CLICK
9211,0,0,NONE,NO_CLICK
9212,0,0,NONE,NO_CLICK
9213,0,0,NONE,NO_CLICK
9214,0,0,NONE,NO_CLICK
9215,0,0,NONE,NO_CLICK
9216,0,0,NONE,NO_CLICK
9217,0,0,NONE,NO_CLICK
9218,0,0,NONE,NO_CLICK
9219,0,0,NONE,NO_CLICK
9220,0,0,NONE,NO_CLICK
9221,0,0,NONE,NO_CLICK
9222,0,0,NONE,NO_CLICK
9223,0,0,NONE,NO_CLICK
9224,0,0,NONE,NO_CLICK
9225,0,0,NONE,NO_CLICK
9226,0,0,NONE,NO_CLICK
9227,0,0,NONE,NO_CLICK
9228,0,0,NONE,NO_CLICK
9229,0,0,NONE,NO_CLICK
9230,0,0,NONE,NO_CLICK
9231,0,0,NONE,NO_CLICK
9232,0,0,NONE,NO_CLICK
9233,0,0,NONE,NO_CLICK
9234,0,0,NONE,NO_CLICK
9235,0,0,NONE,NO_CLICK
9236,0,0,NONE,NO_CLICK
9237,0,0,NONE,NO_CLICK
9238,0,0,NONE,NO_CLICK
9239,0,0,NONE,NO_CLICK
9240,0,0,NONE,NO_CLICK
9241,0,0,NONE,NO_CLICK
9242,0,0,NONE,NO_CLICK
9243,0,0,NONE,NO_CLICK
9244,0,0,NONE,NO_CLICK
9245,0,0,NONE,NO_CLICK
9246,0,0,NONE,NO_CLICK
9247,0,0,NONE,NO_CLICK
9248,0,0,NONE,NO_CLICK
9249,0,0,NONE,NO_CLICK
9250,0,0,NONE,NO_CLICK
9251,0,0,NONE,NO_CLICK
9252,0,0,NONE,NO_CLICK
9253,0,0,NONE,NO_CLICK
9254,0,0,NONE,NO_CLICK
9255,0,0,NONE,NO_CLICK
9256,0,0,NONE,NO_CLICK
9257,0,0,NONE,NO_CLICK
9258,0,0,NONE,NO_CLICK
9259,0,0,NONE,NO_CLICK
9260,0,0,NONE,NO_CLICK
9261,0,0,NONE,NO_CLICK
9262,0,0,NONE,NO_CLICK
9263,0,0,NONE,NO_CLICK
9264,0,0,NONE,NO_CLICK
9265,0,0,NONE,NO_CLICK
9266,0,0,NONE,NO_CLICK
9267,0,0,NONE,NO_CLICK
9268,0,0,NONE,NO_CLICK
9269,0,0,NONE,NO_CLICK
9270,0,0,NONE,NO_CLICK
9271,0,0,NONE,NO_CLICK
9272,0,0,NONE,NO_CLICK
9273,0,0,NONE,NO_CLICK
9274,0,0,NONE,NO_CLICK
9275,0,0,NONE,NO_CLICK
9276,0,0,NONE,NO_CLICK
9277,0,0,NONE,NO_CLICK
9278,0,0,NONE,NO_CLICK
9279,0,0,NONE,NO_CLICK
9280,0,0,NONE,NO_CLICK
9281,0,0,NONE,NO_CLICK
9282,0,1,D2,D2_CLICK
9283,0,1,D2,D2_CLICK
9284,0,1,D2,D2_CLICK
9285,0,1,D2,D2_CLICK
9286,0,1,D2,D2_CLICK
9287,0,1,D2,D2_CLICK
9288,0,1,D2,D2_CLICK
9289,0,1,D2,D2_CLICK
9290,0,1,D2,D2_CLICK
9291,0,1,D2,D2_CLICK
9292,0,1,D2,D2_CLICK
9293,0,1,D2,D2_CLICK
9294,0,1,D2,D2_CLICK
9295,0,1,D2,D2_CLICK
9296,0,1,D2,D2_CLICK
9297,0,1,D2,D2_CLICK
9298,0,1,D2,D2_CLICK
9299,0,1,D2,D2_CLICK
9300,0,1,D2,D2_CLICK
9301,0,1,D2,D2_CLICK
9302,0,1,D2,D2_CLICK
9303,0,1,D2,D2_CLICK
9304,0,1,D2,D2_CLICK
9305,0,1,D2,D2_CLICK
9306,0,1,D2,D2_CLICK
9307,0,1,D2,D2_CLICK
9308,0,1,D2,D2_CLICK
9309,0,1,D2,D2_CLICK
9310,0,1,D2,D2_CLICK
9311,0,1,D2,D2_CLICK
9312,0,1,D2,D2_CLICK
9313,0,1,D2,D2_CLICK
9314,0,1,D2,D2_CLICK
9315,0,1,D2,D2_CLICK
9316,0,1,D2,D2_CLICK
9317,0,1,D2,D2_CLICK
9318,0,1,D2,D2_CLICK
9319,0,1,D2,D2_CLICK
9320,0,0,NONE,NO_CLICK
9321,0,0,NONE,NO_CLICK
9322,0,0,NONE,NO_CLICK
9323,0,0,NONE,NO_CLICK
9324,0,0,NONE,NO_CLICK
9325,0,0,NONE,NO_CLICK
9326,0,0,NONE,NO_CLICK
9327,0,0,NONE,NO_CLICK
9328,0,0,NONE,NO_CLICK
9329,0,0,NONE,NO_CLICK
9330,0,0,NONE,NO_CLICK
9331,0,0,NONE,NO_CLICK
9332,0,0,NONE,NO_CLICK
9333,0,0,NONE,NO_CLICK
9334,0,0,NONE,NO_CLICK
9335,0,0,NONE,NO_CLICK
9336,0,0,NONE,NO_CLICK
9337,0,0,NONE,NO_CLICK
9338,0,0,NONE,NO_CLICK
9339,0,0,NONE,NO_CLICK
9340,0,0,NONE,NO_CLICK
9341,0,0,NONE,NO_CLICK
9342,0,0,NONE,NO_CLICK
9343,0,0,NONE,NO_CLICK
9344,0,0,NONE,NO_CLICK
9345,0,0,NONE,NO_CLICK
9346,0,0,NONE,NO_CLICK
9347,0,0,NONE,NO_CLICK
9348,0,0,NONE,NO_CLICK
9349,0,0,NONE,NO_CLICK
9350,0,0,NONE,NO_CLICK
9351,0,0,NONE,NO_CLICK
9352,0,0,NONE,NO_CLICK
9353,0,0,NONE,NO_CLICK
9354,0,0,NONE,NO_CLICK
9355,0,0,NONE,NO_CLICK
9356,0,0,NONE,NO_CLICK
9357,0,0,NONE,NO_CLICK
9358,0,0,NONE,NO_CLICK
9359,0,0,NONE,NO_CLICK
9360,0,0,NONE,NO_CLICK
9361,0,0,NONE,NO_CLICK
9362,0,0,NONE,NO_CLICK
9363,0,0,NONE,NO_CLICK
9364,0,0,NONE,NO_CLICK
9365,0,0,NONE,NO_CLICK
9366,0,0,NONE,NO_CLICK
9367,0,0,NONE,NO_CLICK
9368,0,0,NONE,NO_CLICK
9369,0,0,NONE,NO_CLICK
9370,0,0,NONE,NO_CLICK
9371,0,0,NONE,NO_CLICK
9372,0,0,NONE,NO_CLICK
9373,0,0,NONE,NO_CLICK
9374,0,0,NONE,NO_CLICK
9375,0,0,NONE,NO_CLICK
9376,0,0,NONE,NO_CLICK
9377,0,0,NONE,NO_CLICK
9378,0,0,NONE,NO_CLICK
9379,0,0,NONE,NO_CLICK
9380,0,0,NONE,NO_CLICK
9381,0,0,NONE,NO_CLICK
9382,0,0,NONE,NO_CLICK
9383,0,0,NONE,NO_CLICK
9384,0,0,NONE,NO_CLICK
9385,0,0,NONE,NO_CLICK
9386,0,0,NONE,NO_CLICK
9387,0,0,NONE,NO_CLICK
9388,0,0,NONE,NO_CLICK
9389,0,0,NONE,NO_CLICK
9390,0,0,NONE,NO_CLICK
9391,0,0,NONE,NO_CLICK
9392,0,0,NONE,NO_CLICK
9393,0,0,NONE,NO_CLICK
9394,0,0,NONE,NO_CLICK
9395,0,0,NONE,NO_CLICK
9396,0,0,NONE,NO_CLICK
9397,0,0,NONE,NO_CLICK
9398,0,0,NONE,NO_CLICK
9399,0,0,NONE,NO_CLICK
9400,0,0,NONE,NO_CLICK
9401,0,0,NONE,NO_CLICK
9402,0,0,NONE,NO_CLICK
9403,0,0,NONE,NO_CLICK
9404,0,0,NONE,NO_CLICK
9405,0,0,NONE,NO_CLICK
9406,0,0,NONE,NO_CLICK
9407,0,0,NONE,NO_CLICK
9408,0,0,NONE,NO_CLICK
9409,0,0,NONE,NO_CLICK
9410,1,0,D1,D1_CLICK
9411,1,0,D1,D1_CLICK
9412,1,0,D1,D1_CLICK
9413,1,0,D1,D1_CLICK
9414,1,0,D1,D1_CLICK
9415,1,0,D1,D1_CLICK
9416,1,0,D1,D1_CLICK
9417,1,0,D1,D1_CLICK
9418,1,0,D1,D1_CLICK
9419,1,0,D1,D1_CLICK
9420,1,0,D1,D1_CLICK
9421,1,0,D1,D1_CLICK
9422,1,0,D1,D1_CLICK
9423,1,0,D1,D1_CLICK
9424,1,0,D1,D1_CLICK
9425,1,0,D1,D1_CLICK
9426,1,0,D1,D1_CLICK
9427,1,0,D1,D1_CLICK
9428,1,0,D1,D1_CLICK
9429,1,0,D1,D1_CLICK
9430,1,0,D1,D1_CLICK
9431,1,0,D1,D1_CLICK
9432,1,0,D1,D1_CLICK
9433,1,0,D1,D1_CLICK
9434,1,0,D1,D1_CLICK
9435,1,0,D1,D1_CLICK
9436,1,0,D1,D1_CLICK
9437,1,0,D1,D1_CLICK
9438,1,0,D1,D1_CLICK
9439,1,0,D1,D1_CLICK
9440,1,0,D1,D1_CLICK
9441,1,0,D1,D1_CLICK
9442,1,0,D1,D1_CLICK
9443,1,0,D1,D1_CLICK
9444,1,0,D1,D1_CLICK
9445,1,0,D1,D1_CLICK
9446,1,0,D1,D1_CLICK
9447,1,0,D1,D1_CLICK
9448,0,0,NONE,NO_CLICK
9449,0,0,NONE,NO_CLICK
9450,0,0,NONE,NO_CLICK
9451,0,0,NONE,NO_CLICK
9452,0,0,NONE,NO_CLICK
9453,0,0,NONE,NO_CLICK
9454,0,0,NONE,NO_CLICK
9455,0,0,NONE,NO_CLICK
9456,0,0,NONE,NO_CLICK
9457,0,0,NONE,NO_CLICK
9458,0,0,NONE,NO_CLICK
9459,0,0,NONE,NO_CLICK
9460,0,0,NONE,NO_CLICK
9461,0,0,NONE,NO_CLICK
9462,0,0,NONE,NO_CLICK
9463,0,0,NONE,NO_CLICK
9464,0,0,NONE,NO_CLICK
9465,0,0,NONE,NO_CLICK
9466,0,0,NONE,NO_CLICK
9467,0,0,NONE,NO_CLICK
9468,0,0,NONE,NO_CLICK
9469,0,0,NONE,NO_CLICK
9470,0,0,NONE,NO_CLICK
9471,0,0,NONE,NO_CLICK
9472,0,0,NONE,NO_CLICK
9473,0,0,NONE,NO_CLICK
9474,0,0,NONE,NO_CLICK
9475,0,0,NONE,NO_CLICK
9476,0,0,NONE,NO_CLICK
9477,0,0,NONE,NO_CLICK
9478,0,0,NONE,NO_CLICK
9479,0,0,NONE,NO_CLICK
9480,0,0,NONE,NO_CLICK
9481,0,0,NONE,NO_CLICK
9482,0,0,NONE,NO_CLICK
9483,0,0,NONE,NO_CLICK
9484,0,0,NONE,NO_CLICK
9485,0,0,NONE,NO_CLICK
9486,0,0,NONE,NO_CLICK
9487,0,0,NONE,NO_CLICK
9488,0,0,NONE,NO_CLICK
9489,0,0,NONE,NO_CLICK
9490,0,0,NONE,NO_CLICK
9491,0,0,NONE,NO_CLICK
9492,0,0,NONE,NO_CLICK
9493,0,0,NONE,NO_CLICK
9494,0,0,NONE,NO_CLICK
9495,0,0,NONE,NO_CLICK
9496,0,0,NONE,NO_CLICK
9497,0,0,NONE,NO_CLICK
9498,0,0,NONE,NO_CLICK
9499,0,0,NONE,NO_CLICK
9500,0,0,NONE,NO_CLICK
9501,0,0,NONE,NO_CLICK
9502,0,0,NONE,NO_CLICK
9503,0,0,NONE,NO_CLICK
9504,0,0,NONE,NO_CLICK
9505,0,0,NONE,NO_CLICK
9506,0,0,NONE,NO_CLICK
9507,0,0,NONE,NO_CLICK
9508,0,0,NONE,NO_CLICK
9509,0,0,NONE,NO_CLICK
9510,0,0,NONE,NO_CLICK
9511,0,0,NONE,NO_CLICK
9512,0,0,NONE,NO_CLICK
9513,0,0,NONE,NO_CLICK
9514,0,0,NONE,NO_CLICK
9515,0,0,NONE,NO_CLICK
9516,0,0,NONE,NO_CLICK
9517,0,0,NONE,NO_CLICK
9518,0,0,NONE,NO_CLICK
9519,0,0,NONE,NO_CLICK
9520,0,0,NONE,NO_CLICK
9521,0,0,NONE,NO_CLICK
9522,0,0,NONE,NO_CLICK
9523,0,0,NONE,NO_CLICK
9524,0,0,NONE,NO_CLICK
9525,0,0,NONE,NO_CLICK
9526,0,0,NONE,NO_CLICK
9527,0,0,NONE,NO_CLICK
9528,0,0,NONE,NO_CLICK
9529,0,0,NONE,NO_CLICK
9530,0,0,NONE,NO_CLICK
9531,0,0,NONE,NO_CLICK
9532,0,0,NONE,NO_CLICK
9533,0,0,NONE,NO_CLICK
9534,0,0,NONE,NO_CLICK
9535,0,0,NONE,NO_CLICK
9536,0,0,NONE,NO_CLICK
9537,0,0,NONE,NO_CLICK
9538,0,0,NONE,NO_CLICK
9539,0,0,NONE,NO_CLICK
9540,0,0,NONE,NO_CLICK
9541,0,0,NONE,NO_CLICK
9542,0,0,NONE,NO_CLICK
9543,0,0,NONE,NO_CLICK
9544,0,0,NONE,NO_CLICK
9545,0,0,NONE,NO_CLICK
9546,0,0,NONE,NO_CLICK
9547,0,0,NONE,NO_CLICK
9548,0,0,NONE,NO_CLICK
9549,0,0,NONE,NO_CLICK
9550,0,0,NONE,NO_CLICK
9551,0,0,NONE,NO_CLICK
9552,0,0,NONE,NO_CLICK
9553,0,0,NONE,NO_CLICK
9554,0,0,NONE,NO_CLICK
9555,0,0,NONE,NO_CLICK
9556,0,0,NONE,NO_CLICK
9557,0,0,NONE,NO_CLICK
9558,0,0,NONE,NO_CLICK
9559,0,0,NONE,NO_CLICK
9560,0,0,NONE,NO_CLICK
9561,0,0,NONE,NO_CLICK
9562,0,0,NONE,NO_CLICK
9563,0,0,NONE,NO_CLICK
9564,0,0,NONE,NO_CLICK
9565,0,0,NONE,NO_CLICK
9566,0,0,NONE,NO_CLICK
9567,0,0,NONE,NO_CLICK
9568,0,0,NONE,NO_CLICK
9569,0,0,NONE,NO_CLICK
9570,0,0,NONE,NO_CLICK
9571,0,0,NONE,NO_CLICK
9572,0,0,NONE,NO_CLICK
9573,0,0,NONE,NO_CLICK
9574,0,0,NONE,NO_CLICK
9575,0,0,NONE,NO_CLICK
9576,0,0,NONE,NO_CLICK
9577,0,0,NONE,NO_CLICK
9578,0,0,NONE,NO_CLICK
9579,0,0,NONE,NO_CLICK
9580,0,0,NONE,NO_CLICK
9581,0,0,NONE,NO_CLICK
9582,0,0,NONE,NO_CLICK
9583,0,0,NONE,NO_CLICK
9584,0,0,NONE,NO_CLICK
9585,0,0,NONE,NO_CLICK
9586,0,0,NONE,NO_CLICK
9587,0,0,NONE,NO_CLICK
9588,0,0,NONE,NO_CLICK
9589,0,0,NONE,NO_CLICK
9590,0,0,NONE,NO_CLICK
9591,0,0,NONE,NO_CLICK
9592,0,0,NONE,NO_CLICK
9593,0,0,NONE,NO_CLICK
9594,0,0,NONE,NO_CLICK
9595,0,0,NONE,NO_CLICK
9596,0,0,NONE,NO_CLICK
9597,0,0,NONE,NO_CLICK
9598,0,0,NONE,NO_CLICK
9599,0,0,NONE,NO_CLICK
9600,0,0,NONE,NO_CLICK
9601,0,0,NONE,NO_CLICK
9602,0,0,NONE,NO_CLICK
9603,0,0,NONE,NO_CLICK
9604,0,0,NONE,NO_CLICK
9605,0,0,NONE,NO_CLICK
9606,0,0,NONE,NO_CLICK
9607,0,0,NONE,NO_CLICK
9608,0,0,NONE,NO_CLICK
9609,0,0,NONE,NO_CLICK
9610,0,0,NONE,NO_CLICK
9611,0,0,NONE,NO_CLICK
9612,0,0,NONE,NO_CLICK
9613,0,0,NONE,NO_CLICK
9614,0,0,NONE,NO_CLICK
9615,0,0,NONE,NO_CLICK
9616,0,0,NONE,NO_CLICK
9617,0,0,NONE,NO_CLICK
9618,0,0,NONE,NO_CLICK
9619,0,0,NONE,NO_CLICK
9620,0,0,NONE,NO_CLICK
9621,0,0,NONE,NO_CLICK
9622,0,0,NONE,NO_CLICK
9623,0,0,NONE,NO_CLICK
9624,0,0,NONE,NO_CLICK
9625,0,0,NONE,NO_CLICK
9626,0,0,NONE,NO_CLICK
9627,0,0,NONE,NO_CLICK
9628,0,0,NONE,NO_CLICK
9629,0,0,NONE,NO_CLICK
9630,0,0,NONE,NO_CLICK
9631,0,0,NONE,NO_CLICK
9632,0,0,NONE,NO_CLICK
9633,0,0,NONE,NO_CLICK
9634,0,0,NONE,NO_CLICK
9635,0,0,NONE,NO_CLICK
9636,0,0,NONE,NO_CLICK
9637,0,0,NONE,NO_CLICK
9638,0,0,NONE,NO_CLICK
9639,0,0,NONE,NO_CLICK
9640,0,0,NONE,NO_CLICK
9641,0,0,NONE,NO_CLICK
9642,0,0,NONE,NO_CLICK
9643,0,0,NONE,NO_CLICK
9644,0,0,NONE,NO_CLICK
9645,0,0,NONE,NO_CLICK
9646,0,0,NONE,NO_CLICK
9647,0,0,NONE,NO_CLICK
9648,0,0,NONE,NO_CLICK
9649,0,0,NONE,NO_CLICK
9650,0,0,NONE,NO_CLICK
9651,0,0,NONE,NO_CLICK
9652,0,0,NONE,NO_CLICK
9653,0,0,NONE,NO_CLICK
9654,0,0,NONE,NO_CLICK
9655,0,0,NONE,NO_CLICK
9656,0,0,NONE,NO_CLICK
9657,0,0,NONE,NO_CLICK
9658,0,0,NONE,NO_CLICK
9659,0,0,NONE,NO_CLICK
9660,0,0,NONE,NO_CLICK
9661,0,0,NONE,NO_CLICK
9662,0,0,NONE,NO_CLICK
9663,0,0,NONE,NO_CLICK
9664,0,0,NONE,NO_CLICK
9665,0,0,NONE,NO_CLICK
9666,0,0,NONE,NO_CLICK
9667,0,0,NONE,NO_CLICK
9668,0,0,NONE,NO_CLICK
9669,0,0,NONE,NO_CLICK
9670,0,0,NONE,NO_CLICK
9671,0,0,NONE,NO_CLICK
9672,0,0,NONE,NO_CLICK
9673,0,0,NONE,NO_CLICK
9674,0,0,NONE,NO_CLICK
9675,0,0,NONE,NO_CLICK
9676,0,0,NONE,NO_CLICK
9677,0,0,NONE,NO_CLICK
9678,0,0,NONE,NO_CLICK
9679,0,0,NONE,NO_CLICK
9680,0,0,NONE,NO_CLICK
9681,0,0,NONE,NO_CLICK
9682,0,0,NONE,NO_CLICK
9683,0,0,NONE,NO_CLICK
9684,0,0,NONE,NO_CLICK
9685,0,0,NONE,NO_CLICK
9686,0,0,NONE,NO_CLICK
9687,0,0,NONE,NO_CLICK
9688,0,0,NONE,NO_CLICK
9689,0,0,NONE,NO_CLICK
9690,0,0,NONE,NO_CLICK
9691,0,0,NONE,NO_CLICK
9692,0,0,NONE,NO_CLICK
9693,0,0,NONE,NO_CLICK
9694,0,0,NONE,NO_CLICK
9695,0,0,NONE,NO_CLICK
9696,0,0,NONE,NO_CLICK
9697,0,0,NONE,NO_CLICK
9698,0,0,NONE,NO_CLICK
9699,0,0,NONE,NO_CLICK
9700,0,0,NONE,NO_CLICK
9701,0,0,NONE,NO_CLICK
9702,0,0,NONE,NO_CLICK
9703,0,0,NONE,NO_CLICK
9704,0,0,NONE,NO_CLICK
9705,0,0,NONE,NO_CLICK
9706,0,0,NONE,NO_CLICK
9707,0,0,NONE,NO_CLICK
9708,0,0,NONE,NO_CLICK
9709,0,0,NONE,NO_CLICK
9710,0,0,NONE,NO_CLICK
9711,0,0,NONE,NO_CLICK
9712,0,0,NONE,NO_CLICK
9713,0,0,NONE,NO_CLICK
9714,0,0,NONE,NO_CLICK
9715,0,0,NONE,NO_CLICK
9716,0,0,NONE,NO_CLICK
9717,0,0,NONE,NO_CLICK
9718,0,0,NONE,NO_CLICK
9719,0,0,NONE,NO_CLICK
9720,0,0,NONE,NO_CLICK
9721,0,0,NONE,NO_CLICK
9722,0,0,NONE,NO_CLICK
9723,0,0,NONE,NO_CLICK
9724,0,0,NONE,NO_CLICK
9725,0,0,NONE,NO_CLICK
9726,0,0,NONE,NO_CLICK
9727,0,0,NONE,NO_CLICK
9728,0,0,NONE,NO_CLICK
9729,0,0,NONE,NO_CLICK
9730,1,0,D1,D1_CLICK
9731,1,0,D1,D1_CLICK
9732,1,0,D1,D1_CLICK
9733,1,0,D1,D1_CLICK
9734,1,0,D1,D1_CLICK
9735,1,0,D1,D1_CLICK
9736,1,0,D1,D1_CLICK
9737,1,0,D1,D1_CLICK
9738,1,0,D1,D1_CLICK
9739,1,0,D1,D1_CLICK
9740,1,0,D1,D1_CLICK
9741,1,0,D1,D1_CLICK
9742,1,0,D1,D1_CLICK
9743,1,0,D1,D1_CLICK
9744,1,0,D1,D1_CLICK
9745,1,0,D1,D1_CLICK
9746,1,0,D1,D1_CLICK
9747,1,0,D1,D1_CLICK
9748,1,0,D1,D1_CLICK
9749,1,0,D1,D1_CLICK
9750,1,0,D1,D1_CLICK
9751,1,0,D1,D1_CLICK
9752,1,0,D1,D1_CLICK
9753,1,0,D1,D1_CLICK
9754,1,0,D1,D1_CLICK
9755,1,0,D1,D1_CLICK
9756,1,0,D1,D1_CLICK
9757,1,0,D1,D1_CLICK
9758,1,0,D1,D1_CLICK
9759,1,0,D1,D1_CLICK
9760,1,0,D1,D1_CLICK
9761,1,0,D1,D1_CLICK
9762,1,0,D1,D1_CLICK
9763,1,0,D1,D1_CLICK
9764,1,0,D1,D1_CLICK
9765,1,0,D1,D1_CLICK
9766,1,0,D1,D1_CLICK
9767,1,0,D1,D1_CLICK
9768,0,0,NONE,NO_CLICK
9769,0,0,NONE,NO_CLICK
9770,0,0,NONE,NO_CLICK
9771,0,0,NONE,NO_CLICK
9772,0,0,NONE,NO_CLICK
9773,0,0,NONE,NO_CLICK
9774,0,0,NONE,NO_CLICK
9775,0,0,NONE,NO_CLICK
9776,0,0,NONE,NO_CLICK
9777,0,0,NONE,NO_CLICK
9778,0,0,NONE,NO_CLICK
9779,0,0,NONE,NO_CLICK
9780,0,0,NONE,NO_CLICK
9781,0,0,NONE,NO_CLICK
9782,0,0,NONE,NO_CLICK
9783,0,0,NONE,NO_CLICK
9784,0,0,NONE,NO_CLICK
9785,0,0,NONE,NO_CLICK
9786,0,0,NONE,NO_CLICK
9787,0,0,NONE,NO_CLICK
9788,0,0,NONE,NO_CLICK
9789,0,0,NONE,NO_CLICK
9790,0,0,NONE,NO_CLICK
9791,0,0,NONE,NO_CLICK
9792,0,0,NONE,NO_CLICK
9793,0,0,NONE,NO_CLICK
9794,0,0,NONE,NO_CLICK
9795,0,0,NONE,NO_CLICK
9796,0,0,NONE,NO_CLICK
9797,0,0,NONE,NO_CLICK
9798,0,0,NONE,NO_CLICK
9799,0,0,NONE,NO_CLICK
9800,0,0,NONE,NO_CLICK
9801,0,0,NONE,NO_CLICK
9802,0,0,NONE,NO_CLICK
9803,0,0,NONE,NO_CLICK
9804,0,0,NONE,NO_CLICK
9805,0,0,NONE,NO_CLICK
9806,0,0,NONE,NO_CLICK
9807,0,0,NONE,NO_CLICK
9808,0,0,NONE,NO_CLICK
9809,0,0,NONE,NO_CLICK
9810,0,0,NONE,NO_CLICK
9811,0,0,NONE,NO_CLICK
9812,0,0,NONE,NO_CLICK
9813,0,0,NONE,NO_CLICK
9814,0,0,NONE,NO_CLICK
9815,0,0,NONE,NO_CLICK
9816,0,0,NONE,NO_CLICK
9817,0,0,NONE,NO_CLICK
9818,0,0,NONE,NO_CLICK
9819,0,0,NONE,NO_CLICK
9820,0,0,NONE,NO_CLICK
9821,0,0,NONE,NO_CLICK
9822,0,0,NONE,NO_CLICK
9823,0,0,NONE,NO_CLICK
9824,0,0,NONE,NO_CLICK
9825,0,0,NONE,NO_CLICK
9826,0,0,NONE,NO_CLICK
9827,0,0,NONE,NO_CLICK
9828,0,0,NONE,NO_CLICK
9829,0,0,NONE,NO_CLICK
9830,0,0,NONE,NO_CLICK
9831,0,0,NONE,NO_CLICK
9832,0,0,NONE,NO_CLICK
9833,0,0,NONE,NO_CLICK
9834,0,0,NONE,NO_CLICK
9835,0,0,NONE,NO_CLICK
9836,0,0,NONE,NO_CLICK
9837,0,0,NONE,NO_CLICK
9838,0,0,NONE,NO_CLICK
9839,0,0,NONE,NO_CLICK
9840,0,0,NONE,NO_CLICK
9841,0,0,NONE,NO_CLICK
9842,0,0,NONE,NO_CLICK
9843,0,0,NONE,NO_CLICK
9844,0,0,NONE,NO_CLICK
9845,0,0,NONE,NO_CLICK
9846,0,0,NONE,NO_CLICK
9847,0,0,NONE,NO_CLICK
9848,0,0,NONE,NO_CLICK
9849,0,0,NONE,NO_CLICK
9850,0,0,NONE,NO_CLICK
9851,0,0,NONE,NO_CLICK
9852,0,0,NONE,NO_CLICK
9853,0,0,NONE,NO_CLICK
9854,0,0,NONE,NO_CLICK
9855,0,0,NONE,NO_CLICK
9856,0,0,NONE,NO_CLICK
9857,0,0,NONE,NO_CLICK
9858,0,1,D2,D2_CLICK
9859,0,1,D2,D2_CLICK
9860,0,1,D2,D2_CLICK
9861,0,1,D2,D2_CLICK
9862,0,1,D2,D2_CLICK
9863,0,1,D2,D2_CLICK
9864,0,1,D2,D2_CLICK
9865,0,1,D2,D2_CLICK
9866,0,1,D2,D2_CLICK
9867,0,1,D2,D2_CLICK
9868,0,1,D2,D2_CLICK
9869,0,1,D2,D2_CLICK
9870,0,1,D2,D2_CLICK
9871,0,1,D2,D2_CLICK
9872,0,1,D2,D2_CLICK
9873,0,1,D2,D2_CLICK
9874,0,1,D2,D2_CLICK
9875,0,1,D2,D2_CLICK
9876,0,1,D2,D2_CLICK
9877,0,1,D2,D2_CLICK
9878,0,1,D2,D2_CLICK
9879,0,1,D2,D2_CLICK
9880,0,1,D2,D2_CLICK
9881,0,1,D2,D2_CLICK
9882,0,1,D2,D2_CLICK
9883,0,1,D2,D2_CLICK
9884,0,1,D2,D2_CLICK
9885,0,1,D2,D2_CLICK
9886,0,1,D2,D2_CLICK
9887,0,1,D2,D2_CLICK
9888,0,1,D2,D2_CLICK
9889,0,1,D2,D2_CLICK
9890,0,1,D2,D2_CLICK
9891,0,1,D2,D2_CLICK
9892,0,1,D2,D2_CLICK
9893,0,1,D2,D2_CLICK
9894,0,1,D2,D2_CLICK
9895,0,1,D2,D2_CLICK
9896,0,0,NONE,NO_CLICK
9897,0,0,NONE,NO_CLICK
9898,0,0,NONE,NO_CLICK
9899,0,0,NONE,NO_CLICK
9900,0,0,NONE,NO_CLICK
9901,0,0,NONE,NO_CLICK
9902,0,0,NONE,NO_CLICK
9903,0,0,NONE,NO_CLICK
9904,0,0,NONE,NO_CLICK
9905,0,0,NONE,NO_CLICK
9906,0,0,NONE,NO_CLICK
9907,0,0,NONE,NO_CLICK
9908,0,0,NONE,NO_CLICK
9909,0,0,NONE,NO_CLICK
9910,0,0,NONE,NO_CLICK
9911,0,0,NONE,NO_CLICK
9912,0,0,NONE,NO_CLICK
9913,0,0,NONE,NO_CLICK
9914,0,0,NONE,NO_CLICK
9915,0,0,NONE,NO_CLICK
9916,0,0,NONE,NO_CLICK
9917,0,0,NONE,NO_CLICK
9918,0,0,NONE,NO_CLICK
9919,0,0,NONE,NO_CLICK
9920,0,0,NONE,NO_CLICK
9921,0,0,NONE,NO_CLICK
9922,0,1,D2,D2_CLICK
9923,0,1,D2,D2_CLICK
9924,0,1,D2,D2_CLICK
9925,0,1,D2,D2_CLICK
9926,0,1,D2,D2_CLICK
9927,0,1,D2,D2_CLICK
9928,0,1,D2,D2_CLICK
9929,0,1,D2,D2_CLICK
9930,0,1,D2,D2_CLICK
9931,0,1,D2,D2_CLICK
9932,0,1,D2,D2_CLICK
9933,0,1,D2,D2_CLICK
9934,0,1,D2,D2_CLICK
9935,0,1,D2,D2_CLICK
9936,0,1,D2,D2_CLICK
9937,0,1,D2,D2_CLICK
9938,0,1,D2,D2_CLICK
9939,0,1,D2,D2_CLICK
9940,0,1,D2,D2_CLICK
9941,0,1,D2,D2_CLICK
9942,0,1,D2,D2_CLICK
9943,0,1,D2,D2_CLICK
9944,0,1,D2,D2_CLICK
9945,0,1,D2,D2_CLICK
9946,0,1,D2,D2_CLICK
9947,0,1,D2,D2_CLICK
9948,0,1,D2,D2_CLICK
9949,0,1,D2,D2_CLICK
9950,0,1,D2,D2_CLICK
9951,0,1,D2,D2_CLICK
9952,0,1,D2,D2_CLICK
9953,0,1,D2,D2_CLICK
9954,0,1,D2,D2_CLICK
9955,0,1,D2,D2_CLICK
9956,0,1,D2,D2_CLICK
9957,0,1,D2,D2_CLICK
9958,0,1,D2,D2_CLICK
9959,0,1,D2,D2_CLICK
9960,0,0,NONE,NO_CLICK
9961,0,0,NONE,NO_CLICK
9962,0,0,NONE,NO_CLICK
9963,0,0,NONE,NO_CLICK
9964,0,0,NONE,NO_CLICK
9965,0,0,NONE,NO_CLICK
9966,0,0,NONE,NO_CLICK
9967,0,0,NONE,NO_CLICK
9968,0,0,NONE,NO_CLICK
9969,0,0,NONE,NO_CLICK
9970,0,0,NONE,NO_CLICK
9971,0,0,NONE,NO_CLICK
9972,0,0,NONE,NO_CLICK
9973,0,0,NONE,NO_CLICK
9974,0,0,NONE,NO_CLICK
9975,0,0,NONE,NO_CLICK
9976,0,0,NONE,NO_CLICK
9977,0,0,NONE,NO_CLICK
9978,0,0,NONE,NO_CLICK
9979,0,0,NONE,NO_CLICK
9980,0,0,NONE,NO_CLICK
9981,0,0,NONE,NO_CLICK
9982,0,0,NONE,NO_CLICK
9983,0,0,NONE,NO_CLICK
9984,0,0,NONE,NO_CLICK
9985,0,0,NONE,NO_CLICK
9986,0,0,NONE,NO_CLICK
9987,0,0,NONE,NO_CLICK
9988,0,0,NONE,NO_CLICK
9989,0,0,NONE,NO_CLICK
9990,0,0,NONE,NO_CLICK
9991,0,0,NONE,NO_CLICK
9992,0,0,NONE,NO_CLICK
9993,0,0,NONE,NO_CLICK
9994,0,0,NONE,NO_CLICK
9995,0,0,NONE,NO_CLICK
9996,0,0,NONE,NO_CLICK
9997,0,0,NONE,NO_CLICK
9998,0,0,NONE,NO_CLICK
9999,0,0,NONE,NO_CLICK
10000,0,0,NONE,NO_CLICK
10001,0,0,NONE,NO_CLICK
10002,0,0,NONE,NO_CLICK
10003,0,0,NONE,NO_CLICK
10004,0,0,NONE,NO_CLICK
10005,0,0,NONE,NO_CLICK
10006,0,0,NONE,NO_CLICK
10007,0,0,NONE,NO_CLICK
10008,0,0,NONE,NO_CLICK
10009,0,0,NONE,NO_CLICK
10010,0,0,NONE,NO_CLICK
10011,0,0,NONE,NO_CLICK
10012,0,0,NONE,NO_CLICK
10013,0,0,NONE,NO_CLICK
10014,0,0,NONE,NO_CLICK
10015,0,0,NONE,NO_CLICK
10016,0,0,NONE,NO_CLICK
10017,0,0,NONE,NO_CLICK
10018,0,1,D2,D2_CLICK
10019,0,1,D2,D2_CLICK
10020,0,1,D2,D2_CLICK
10021,0,1,D2,D2_CLICK
10022,0,1,D2,D2_CLICK
10023,0,1,D2,D2_CLICK
10024,0,1,D2,D2_CLICK
10025,0,1,D2,D2_CLICK
10026,0,1,D2,D2_CLICK
10027,0,1,D2,D2_CLICK
10028,0,1,D2,D2_CLICK
10029,0,1,D2,D2_CLICK
10030,0,1,D2,D2_CLICK
10031,0,1,D2,D2_CLICK
10032,0,1,D2,D2_CLICK
10033,0,1,D2,D2_CLICK
10034,0,1,D2,D2_CLICK
10035,0,1,D2,D2_CLICK
10036,0,1,D2,D2_CLICK
10037,0,1,D2,D2_CLICK
10038,0,1,D2,D2_CLICK
10039,0,1,D2,D2_CLICK
10040,0,1,D2,D2_CLICK
10041,0,1,D2,D2_CLICK
10042,0,1,D2,D2_CLICK
10043,0,1,D2,D2_CLICK
10044,0,1,D2,D2_CLICK
10045,0,1,D2,D2_CLICK
10046,0,1,D2,D2_CLICK
10047,0,1,D2,D2_CLICK
10048,0,1,D2,D2_CLICK
10049,0,1,D2,D2_CLICK
10050,0,1,D2,D2_CLICK
10051,0,1,D2,D2_CLICK
10052,0,1,D2,D2_CLICK
10053,0,1,D2,D2_CLICK
10054,0,1,D2,D2_CLICK
10055,0,1,D2,D2_CLICK
10056,0,0,NONE,NO_CLICK
10057,0,0,NONE,NO_CLICK
10058,0,0,NONE,NO_CLICK
10059,0,0,NONE,NO_CLICK
10060,0,0,NONE,NO_CLICK
10061,0,0,NONE,NO_CLICK
10062,0,0,NONE,NO_CLICK
10063,0,0,NONE,NO_CLICK
10064,0,0,NONE,NO_CLICK
10065,0,0,NONE,NO_CLICK
10066,0,0,NONE,NO_CLICK
10067,0,0,NONE,NO_CLICK
10068,0,0,NONE,NO_CLICK
10069,0,0,NONE,NO_CLICK
10070,0,0,NONE,NO_CLICK
10071,0,0,NONE,NO_CLICK
10072,0,0,NONE,NO_CLICK
10073,0,0,NONE,NO_CLICK
10074,0,0,NONE,NO_CLICK
10075,0,0,NONE,NO_CLICK
10076,0,0,NONE,NO_CLICK
10077,0,0,NONE,NO_CLICK
10078,0,0,NONE,NO_CLICK
10079,0,0,NONE,NO_CLICK
10080,0,0,NONE,NO_CLICK
10081,0,0,NONE,NO_CLICK
10082,0,0,NONE,NO_CLICK
10083,0,0,NONE,NO_CLICK
10084,0,0,NONE,NO_CLICK
10085,0,0,NONE,NO_CLICK
10086,0,0,NONE,NO_CLICK
10087,0,0,NONE,NO_CLICK
10088,0,0,NONE,NO_CLICK
10089,0,0,NONE,NO_CLICK
10090,0,0,NONE,NO_CLICK
10091,0,0,NONE,NO_CLICK
10092,0,0,NONE,NO_CLICK
10093,0,0,NONE,NO_CLICK
10094,0,0,NONE,NO_CLICK
10095,0,0,NONE,NO_CLICK
10096,0,0,NONE,NO_CLICK
10097,0,0,NONE,NO_CLICK
10098,0,0,NONE,NO_CLICK
10099,0,0,NONE,NO_CLICK
10100,0,0,NONE,NO_CLICK
10101,0,0,NONE,NO_CLICK
10102,0,0,NONE,NO_CLICK
10103,0,0,NONE,NO_CLICK
10104,0,0,NONE,NO_CLICK
10105,0,0,NONE,NO_CLICK
10106,0,0,NONE,NO_CLICK
10107,0,0,NONE,NO_CLICK
10108,0,0,NONE,NO_CLICK
10109,0,0,NONE,NO_CLICK
10110,0,0,NONE,NO_CLICK
10111,0,0,NONE,NO_CLICK
10112,0,0,NONE,NO_CLICK
10113,0,0,NONE,NO_CLICK
10114,0,0,NONE,NO_CLICK
10115,0,0,NONE,NO_CLICK
10116,0,0,NONE,NO_CLICK
10117,0,0,NONE,NO_CLICK
10118,0,0,NONE,NO_CLICK
10119,0,0,NONE,NO_CLICK
10120,0,0,NONE,NO_CLICK
10121,0,0,NONE,NO_CLICK
10122,0,0,NONE,NO_CLICK
10123,0,0,NONE,NO_CLICK
10124,0,0,NONE,NO_CLICK
10125,0,0,NONE,NO_CLICK
10126,0,0,NONE,NO_CLICK
10127,0,0,NONE,NO_CLICK
10128,0,0,NONE,NO_CLICK
10129,0,0,NONE,NO_CLICK
10130,0,0,NONE,NO_CLICK
10131,0,0,NONE,NO_CLICK
10132,0,0,NONE,NO_CLICK
10133,0,0,NONE,NO_CLICK
10134,0,0,NONE,NO_CLICK
10135,0,0,NONE,NO_CLICK
10136,0,0,NONE,NO_CLICK
10137,0,0,NONE,NO_CLICK
10138,0,0,NONE,NO_CLICK
10139,0,0,NONE,NO_CLICK
10140,0,0,NONE,NO_CLICK
10141,0,0,NONE,NO_CLICK
10142,0,0,NONE,NO_CLICK
10143,0,0,NONE,NO_CLICK
10144,0,0,NONE,NO_CLICK
10145,0,0,NONE,NO_CLICK
10146,0,0,NONE,NO_CLICK
10147,0,0,NONE,NO_CLICK
10148,0,0,NONE,NO_CLICK
10149,0,0,NONE,NO_CLICK
10150,0,0,NONE,NO_CLICK
10151,0,0,NONE,NO_CLICK
10152,0,0,NONE,NO_CLICK
10153,0,0,NONE,NO_CLICK
10154,0,0,NONE,NO_CLICK
10155,0,0,NONE,NO_CLICK
10156,0,0,NONE,NO_CLICK
10157,0,0,NONE,NO_CLICK
10158,0,0,NONE,NO_CLICK
10159,0,0,NONE,NO_CLICK
10160,0,0,NONE,NO_CLICK
10161,0,0,NONE,NO_CLICK
10162,0,0,NONE,NO_CLICK
10163,0,0,NONE,NO_CLICK
10164,0,0,NONE,NO_CLICK
10165,0,0,NONE,NO_CLICK
10166,0,0,NONE,NO_CLICK
10167,0,0,NONE,NO_CLICK
10168,0,0,NONE,NO_CLICK
10169,0,0,NONE,NO_CLICK
10170,0,0,NONE,NO_CLICK
10171,0,0,NONE,NO_CLICK
10172,0,0,NONE,NO_CLICK
10173,0,0,NONE,NO_CLICK
10174,0,0,NONE,NO_CLICK
10175,0,0,NONE,NO_CLICK
10176,0,0,NONE,NO_CLICK
10177,0,0,NONE,NO_CLICK
10178,0,0,NONE,NO_CLICK
10179,0,0,NONE,NO_CLICK
10180,0,0,NONE,NO_CLICK
10181,0,0,NONE,NO_CLICK
10182,0,0,NONE,NO_CLICK
10183,0,0,NONE,NO_CLICK
10184,0,0,NONE,NO_CLICK
10185,0,0,NONE,NO_CLICK
10186,0,0,NONE,NO_CLICK
10187,0,0,NONE,NO_CLICK
10188,0,0,NONE,NO_CLICK
10189,0,0,NONE,NO_CLICK
10190,0,0,NONE,NO_CLICK
10191,0,0,NONE,NO_CLICK
10192,0,0,NONE,NO_CLICK
10193,0,0,NONE,NO_CLICK
10194,0,0,NONE,NO_CLICK
10195,0,0,NONE,NO_CLICK
10196,0,0,NONE,NO_CLICK
10197,0,0,NONE,NO_CLICK
10198,0,0,NONE,NO_CLICK
10199,0,0,NONE,NO_CLICK
10200,0,0,NONE,NO_CLICK
10201,0,0,NONE,NO_CLICK
10202,0,0,NONE,NO_CLICK
10203,0,0,NONE,NO_CLICK
10204,0,0,NONE,NO_CLICK
10205,0,0,NONE,NO_CLICK
10206,0,0,NONE,NO_CLICK
10207,0,0,NONE,NO_CLICK
10208,0,0,NONE,NO_CLICK
10209,0,0,NONE,NO_CLICK
10210,0,0,NONE,NO_CLICK
10211,0,0,NONE,NO_CLICK
10212,0,0,NONE,NO_CLICK
10213,0,0,NONE,NO_CLICK
10214,0,0,NONE,NO_CLICK
10215,0,0,NONE,NO_CLICK
10216,0,0,NONE,NO_CLICK
10217,0,0,NONE,NO_CLICK
10218,0,0,NONE,NO_CLICK
10219,0,0,NONE,NO_CLICK
10220,0,0,NONE,NO_CLICK
10221,0,0,NONE,NO_CLICK
10222,0,0,NONE,NO_CLICK
10223,0,0,NONE,NO_CLICK
10224,0,0,NONE,NO_CLICK
10225,0,0,NONE,NO_CLICK
10226,0,0,NONE,NO_CLICK
10227,0,0,NONE,NO_CLICK
10228,0,0,NONE,NO_CLICK
10229,0,0,NONE,NO_CLICK
10230,0,0,NONE,NO_CLICK
10231,0,0,NONE,NO_CLICK
10232,0,0,NONE,NO_CLICK
10233,0,0,NONE,NO_CLICK
10234,0,0,NONE,NO_CLICK
10235,0,0,NONE,NO_CLICK
10236,0,0,NONE,NO_CLICK
10237,0,0,NONE,NO_CLICK
10238,0,0,NONE,NO_CLICK
10239,0,0,NONE,NO_CLICK
10240,0,0,NONE,NO_CLICK
10241,0,0,NONE,NO_CLICK
10242,0,1,D2,D2_CLICK
10243,0,1,D2,D2_CLICK
10244,0,1,D2,D2_CLICK
10245,0,1,D2,D2_CLICK
10246,0,1,D2,D2_CLICK
10247,0,1,D2,D2_CLICK
10248,0,1,D2,D2_CLICK
10249,0,1,D2,D2_CLICK
10250,0,1,D2,D2_CLICK
10251,0,1,D2,D2_CLICK
10252,0,1,D2,D2_CLICK
10253,0,1,D2,D2_CLICK
10254,0,1,D2,D2_CLICK
10255,0,1,D2,D2_CLICK
10256,0,1,D2,D2_CLICK
10257,0,1,D2,D2_CLICK
10258,0,1,D2,D2_CLICK
10259,0,1,D2,D2_CLICK
10260,0,1,D2,D2_CLICK
10261,0,1,D2,D2_CLICK
10262,0,1,D2,D2_CLICK
10263,0,1,D2,D2_CLICK
10264,0,1,D2,D2_CLICK
10265,0,1,D2,D2_CLICK
10266,0,1,D2,D2_CLICK
10267,0,1,D2,D2_CLICK
10268,0,1,D2,D2_CLICK
10269,0,1,D2,D2_CLICK
10270,0,1,D2,D2_CLICK
10271,0,1,D2,D2_CLICK
10272,0,1,D2,D2_CLICK
10273,0,1,D2,D2_CLICK
10274,1,1,BOTH,DOUBLE_CLICK
10275,1,1,BOTH,DOUBLE_CLICK
10276,1,1,BOTH,DOUBLE_CLICK
10277,1,1,BOTH,DOUBLE_CLICK
10278,1,1,BOTH,DOUBLE_CLICK
10279,1,1,BOTH,DOUBLE_CLICK
10280,1,0,D1,D1_CLICK
10281,1,0,D1,D1_CLICK
10282,1,0,D1,D1_CLICK
10283,1,0,D1,D1_CLICK
10284,1,0,D1,D1_CLICK
10285,1,0,D1,D1_CLICK
10286,1,0,D1,D1_CLICK
10287,1,0,D1,D1_CLICK
10288,1,0,D1,D1_CLICK
10289,1,0,D1,D1_CLICK
10290,1,0,D1,D1_CLICK
10291,1,0,D1,D1_CLICK
10292,1,0,D1,D1_CLICK
10293,1,0,D1,D1_CLICK
10294,1,0,D1,D1_CLICK
10295,1,0,D1,D1_CLICK
10296,1,0,D1,D1_CLICK
10297,1,0,D1,D1_CLICK
10298,1,0,D1,D1_CLICK
10299,1,0,D1,D1_CLICK
10300,1,0,D1,D1_CLICK
10301,1,0,D1,D1_CLICK
10302,1,0,D1,D1_CLICK
10303,1,0,D1,D1_CLICK
10304,1,0,D1,D1_CLICK
10305,1,0,D1,D1_CLICK
10306,1,0,D1,D1_CLICK
10307,1,0,D1,D1_CLICK
10308,1,0,D1,D1_CLICK
10309,1,0,D1,D1_CLICK
10310,1,0,D1,D1_CLICK
10311,1,0,D1,D1_CLICK
10312,0,0,NONE,NO_CLICK
10313,0,0,NONE,NO_CLICK
10314,0,0,NONE,NO_CLICK
10315,0,0,NONE,NO_CLICK
10316,0,0,NONE,NO_CLICK
10317,0,0,NONE,NO_CLICK
10318,0,0,NONE,NO_CLICK
10319,0,0,NONE,NO_CLICK
10320,0,0,NONE,NO_CLICK
10321,0,0,NONE,NO_CLICK
10322,0,0,NONE,NO_CLICK
10323,0,0,NONE,NO_CLICK
10324,0,0,NONE,NO_CLICK
10325,0,0,NONE,NO_CLICK
10326,0,0,NONE,NO_CLICK
10327,0,0,NONE,NO_CLICK
10328,0,0,NONE,NO_CLICK
10329,0,0,NONE,NO_CLICK
10330,0,0,NONE,NO_CLICK
10331,0,0,NONE,NO_CLICK
10332,0,0,NONE,NO_CLICK
10333,0,0,NONE,NO_CLICK
10334,0,0,NONE,NO_CLICK
10335,0,0,NONE,NO_CLICK
10336,0,0,NONE,NO_CLICK
10337,0,0,NONE,NO_CLICK
10338,0,0,NONE,NO_CLICK
10339,0,0,NONE,NO_CLICK
10340,0,0,NONE,NO_CLICK
10341,0,0,NONE,NO_CLICK
10342,0,0,NONE,NO_CLICK
10343,0,0,NONE,NO_CLICK
10344,0,0,NONE,NO_CLICK
10345,0,0,NONE,NO_CLICK
10346,0,0,NONE,NO_CLICK
10347,0,0,NONE,NO_CLICK
10348,0,0,NONE,NO_CLICK
10349,0,0,NONE,NO_CLICK
10350,0,0,NONE,NO_CLICK
10351,0,0,NONE,NO_CLICK
10352,0,0,NONE,NO_CLICK
10353,0,0,NONE,NO_CLICK
10354,0,0,NONE,NO_CLICK
10355,0,0,NONE,NO_CLICK
10356,0,0,NONE,NO_CLICK
10357,0,0,NONE,NO_CLICK
10358,0,0,NONE,NO_CLICK
10359,0,0,NONE,NO_CLICK
10360,0,0,NONE,NO_CLICK
10361,0,0,NONE,NO_CLICK
10362,0,0,NONE,NO_CLICK
10363,0,0,NONE,NO_CLICK
10364,0,0,NONE,NO_CLICK
10365,0,0,NONE,NO_CLICK
10366,0,0,NONE,NO_CLICK
10367,0,0,NONE,NO_CLICK
10368,0,0,NONE,NO_CLICK
10369,0,0,NONE,NO_CLICK
10370,0,0,NONE,NO_CLICK
10371,0,0,NONE,NO_CLICK
10372,0,0,NONE,NO_CLICK
10373,0,0,NONE,NO_CLICK
10374,0,0,NONE,NO_CLICK
10375,0,0,NONE,NO_CLICK
10376,0,0,NONE,NO_CLICK
10377,0,0,NONE,NO_CLICK
10378,0,0,NONE,NO_CLICK
10379,0,0,NONE,NO_CLICK
10380,0,0,NONE,NO_CLICK
10381,0,0,NONE,NO_CLICK
10382,0,0,NONE,NO_CLICK
10383,0,0,NONE,NO_CLICK
10384,0,0,NONE,NO_CLICK
10385,0,0,NONE,NO_CLICK
10386,0,0,NONE,NO_CLICK
10387,0,0,NONE,NO_CLICK
10388,0,0,NONE,NO_CLICK
10389,0,0,NONE,NO_CLICK
10390,0,0,NONE,NO_CLICK
10391,0,0,NONE,NO_CLICK
10392,0,0,NONE,NO_CLICK
10393,0,0,NONE,NO_CLICK
10394,0,0,NONE,NO_CLICK
10395,0,0,NONE,NO_CLICK
10396,0,0,NONE,NO_CLICK
10397,0,0,NONE,NO_CLICK
10398,0,0,NONE,NO_CLICK
10399,0,0,NONE,NO_CLICK
10400,0,0,NONE,NO_CLICK
10401,0,0,NONE,NO_CLICK
10402,0,0,NONE,NO_CLICK
10403,0,0,NONE,NO_CLICK
10404,0,0,NONE,NO_CLICK
10405,0,0,NONE,NO_CLICK
10406,0,0,NONE,NO_CLICK
10407,0,0,NONE,NO_CLICK
10408,0,0,NONE,NO_CLICK
10409,0,0,NONE,NO_CLICK
10410,0,0,NONE,NO_CLICK
10411,0,0,NONE,NO_CLICK
10412,0,0,NONE,NO_CLICK
10413,0,0,NONE,NO_CLICK
10414,0,0,NONE,NO_CLICK
10415,0,0,NONE,NO_CLICK
10416,0,0,NONE,NO_CLICK
10417,0,0,NONE,NO_CLICK
10418,0,0,NONE,NO_CLICK
10419,0,0,NONE,NO_CLICK
10420,0,0,NONE,NO_CLICK
10421,0,0,NONE,NO_CLICK
10422,0,0,NONE,NO_CLICK
10423,0,0,NONE,NO_CLICK
10424,0,0,NONE,NO_CLICK
10425,0,0,NONE,NO_CLICK
10426,0,0,NONE,NO_CLICK
10427,0,0,NONE,NO_CLICK
10428,0,0,NONE,NO_CLICK
10429,0,0,NONE,NO_CLICK
10430,0,0,NONE,NO_CLICK
10431,0,0,NONE,NO_CLICK
10432,0,0,NONE,NO_CLICK
10433,0,0,NONE,NO_CLICK
10434,0,0,NONE,NO_CLICK
10435,0,0,NONE,NO_CLICK
10436,0,0,NONE,NO_CLICK
10437,0,0,NONE,NO_CLICK
10438,0,0,NONE,NO_CLICK
10439,0,0,NONE,NO_CLICK
10440,0,0,NONE,NO_CLICK
10441,0,0,NONE,NO_CLICK
10442,0,0,NONE,NO_CLICK
10443,0,0,NONE,NO_CLICK
10444,0,0,NONE,NO_CLICK
10445,0,0,NONE,NO_CLICK
10446,0,0,NONE,NO_CLICK
10447,0,0,NONE,NO_CLICK
10448,0,0,NONE,NO_CLICK
10449,0,0,NONE,NO_CLICK
10450,0,0,NONE,NO_CLICK
10451,0,0,NONE,NO_CLICK
10452,0,0,NONE,NO_CLICK
10453,0,0,NONE,NO_CLICK
10454,0,0,NONE,NO_CLICK
10455,0,0,NONE,NO_CLICK
10456,0,0,NONE,NO_CLICK
10457,0,0,NONE,NO_CLICK
10458,0,0,NONE,NO_CLICK
10459,0,0,NONE,NO_CLICK
10460,0,0,NONE,NO_CLICK
10461,0,0,NONE,NO_CLICK
10462,0,0,NONE,NO_CLICK
10463,0,0,NONE,NO_CLICK
10464,0,0,NONE,NO_CLICK
10465,0,0,NONE,NO_CLICK
10466,0,0,NONE,NO_CLICK
10467,0,0,NONE,NO_CLICK
10468,0,0,NONE,NO_CLICK
10469,0,0,NONE,NO_CLICK
10470,0,0,NONE,NO_CLICK
10471,0,0,NONE,NO_CLICK
10472,0,0,NONE,NO_CLICK
10473,0,0,NONE,NO_CLICK
10474,0,0,NONE,NO_CLICK
10475,0,0,NONE,NO_CLICK
10476,0,0,NONE,NO_CLICK
10477,0,0,NONE,NO_CLICK
10478,0,0,NONE,NO_CLICK
10479,0,0,NONE,NO_CLICK
10480,0,0,NONE,NO_CLICK
10481,0,0,NONE,NO_CLICK
10482,0,0,NONE,NO_CLICK
10483,0,0,NONE,NO_CLICK
10484,0,0,NONE,NO_CLICK
10485,0,0,NONE,NO_CLICK
10486,0,0,NONE,NO_CLICK
10487,0,0,NONE,NO_CLICK
10488,0,0,NONE,NO_CLICK
10489,0,0,NONE,NO_CLICK
10490,0,0,NONE,NO_CLICK
10491,0,0,NONE,NO_CLICK
10492,0,0,NONE,NO_CLICK
10493,0,0,NONE,NO_CLICK
10494,0,0,NONE,NO_CLICK
10495,0,0,NONE,NO_CLICK
10496,0,0,NONE,NO_CLICK
10497,0,0,NONE,NO_CLICK
10498,0,0,NONE,NO_CLICK
10499,0,0,NONE,NO_CLICK
10500,0,0,NONE,NO_CLICK
10501,0,0,NONE,NO_CLICK
10502,0,0,NONE,NO_CLICK
10503,0,0,NONE,NO_CLICK
10504,0,0,NONE,NO_CLICK
10505,0,0,NONE,NO_CLICK
10506,0,0,NONE,NO_CLICK
10507,0,0,NONE,NO_CLICK
10508,0,0,NONE,NO_CLICK
10509,0,0,NONE,NO_CLICK
10510,0,0,NONE,NO_CLICK
10511,0,0,NONE,NO_CLICK
10512,0,0,NONE,NO_CLICK
10513,0,0,NONE,NO_CLICK
10514,0,0,NONE,NO_CLICK
10515,0,0,NONE,NO_CLICK
10516,0,0,NONE,NO_CLICK
10517,0,0,NONE,NO_CLICK
10518,0,0,NONE,NO_CLICK
10519,0,0,NONE,NO_CLICK
10520,0,0,NONE,NO_CLICK
10521,0,0,NONE,NO_CLICK
10522,0,0,NONE,NO_CLICK
10523,0,0,NONE,NO_CLICK
10524,0,0,NONE,NO_CLICK
10525,0,0,NONE,NO_CLICK
10526,0,0,NONE,NO_CLICK
10527,0,0,NONE,NO_CLICK
10528,0,0,NONE,NO_CLICK
10529,0,0,NONE,NO_CLICK
10530,0,0,NONE,NO_CLICK
10531,0,0,NONE,NO_CLICK
10532,0,0,NONE,NO_CLICK
10533,0,0,NONE,NO_CLICK
10534,0,0,NONE,NO_CLICK
10535,0,0,NONE,NO_CLICK
10536,0,0,NONE,NO_CLICK
10537,0,0,NONE,NO_CLICK
10538,0,0,NONE,NO_CLICK
10539,0,0,NONE,NO_CLICK
10540,0,0,NONE,NO_CLICK
10541,0,0,NONE,NO_CLICK
10542,0,0,NONE,NO_CLICK
10543,0,0,NONE,NO_CLICK
10544,0,0,NONE,NO_CLICK
10545,0,0,NONE,NO_CLICK
10546,0,0,NONE,NO_CLICK
10547,0,0,NONE,NO_CLICK
10548,0,0,NONE,NO_CLICK
10549,0,0,NONE,NO_CLICK
10550,0,0,NONE,NO_CLICK
10551,0,0,NONE,NO_CLICK
10552,0,0,NONE,NO_CLICK
10553,0,0,NONE,NO_CLICK
10554,0,0,NONE,NO_CLICK
10555,0,0,NONE,NO_CLICK
10556,0,0,NONE,NO_CLICK
10557,0,0,NONE,NO_CLICK
10558,0,0,NONE,NO_CLICK
10559,0,0,NONE,NO_CLICK
10560,0,0,NONE,NO_CLICK
10561,0,0,NONE,NO_CLICK
10562,0,0,NONE,NO_CLICK
10563,0,0,NONE,NO_CLICK
10564,0,0,NONE,NO_CLICK
10565,0,0,NONE,NO_CLICK
10566,0,0,NONE,NO_CLICK
10567,0,0,NONE,NO_CLICK
10568,0,0,NONE,NO_CLICK
10569,0,0,NONE,NO_CLICK
10570,0,0,NONE,NO_CLICK
10571,0,0,NONE,NO_CLICK
10572,0,0,NONE,NO_CLICK
10573,0,0,NONE,NO_CLICK
10574,0,0,NONE,NO_CLICK
10575,0,0,NONE,NO_CLICK
10576,0,0,NONE,NO_CLICK
10577,0,0,NONE,NO_CLICK
10578,0,0,NONE,NO_CLICK
10579,0,0,NONE,NO_CLICK
10580,0,0,NONE,NO_CLICK
10581,0,0,NONE,NO_CLICK
10582,0,0,NONE,NO_CLICK
10583,0,0,NONE,NO_CLICK
10584,0,0,NONE,NO_CLICK
10585,0,0,NONE,NO_CLICK
10586,0,0,NONE,NO_CLICK
10587,0,0,NONE,NO_CLICK
10588,0,0,NONE,NO_CLICK
10589,0,0,NONE,NO_CLICK
10590,0,0,NONE,NO_CLICK
10591,0,0,NONE,NO_CLICK
10592,0,0,NONE,NO_CLICK
10593,0,0,NONE,NO_CLICK
10594,0,1,D2,D2_CLICK
10595,0,1,D2,D2_CLICK
10596,0,1,D2,D2_CLICK
10597,0,1,D2,D2_CLICK
10598,0,1,D2,D2_CLICK
10599,0,1,D2,D2_CLICK
10600,0,1,D2,D2_CLICK
10601,0,1,D2,D2_CLICK
10602,0,1,D2,D2_CLICK
10603,0,1,D2,D2_CLICK
10604,0,1,D2,D2_CLICK
10605,0,1,D2,D2_CLICK
10606,0,1,D2,D2_CLICK
10607,0,1,D2,D2_CLICK
10608,0,1,D2,D2_CLICK
10609,0,1,D2,D2_CLICK
10610,0,1,D2,D2_CLICK
10611,0,1,D2,D2_CLICK
10612,0,1,D2,D2_CLICK
10613,0,1,D2,D2_CLICK
10614,0,1,D2,D2_CLICK
10615,0,1,D2,D2_CLICK
10616,0,1,D2,D2_CLICK
10617,0,1,D2,D2_CLICK
10618,0,1,D2,D2_CLICK
10619,0,1,D2,D2_CLICK
10620,0,1,D2,D2_CLICK
10621,0,1,D2,D2_CLICK
10622,0,1,D2,D2_CLICK
10623,0,1,D2,D2_CLICK
10624,0,1,D2,D2_CLICK
10625,0,1,D2,D2_CLICK
10626,0,1,D2,D2_CLICK
10627,0,1,D2,D2_CLICK
10628,0,1,D2,D2_CLICK
10629,0,1,D2,D2_CLICK
10630,0,1,D2,D2_CLICK
10631,0,1,D2,D2_CLICK
10632,0,0,NONE,NO_CLICK
10633,0,0,NONE,NO_CLICK
10634,0,0,NONE,NO_CLICK
10635,0,0,NONE,NO_CLICK
10636,0,0,NONE,NO_CLICK
10637,0,0,NONE,NO_CLICK
10638,0,0,NONE,NO_CLICK
10639,0,0,NONE,NO_CLICK
10640,0,0,NONE,NO_CLICK
10641,0,0,NONE,NO_CLICK
10642,0,0,NONE,NO_CLICK
10643,0,0,NONE,NO_CLICK
10644,0,0,NONE,NO_CLICK
10645,0,0,NONE,NO_CLICK
10646,0,0,NONE,NO_CLICK
10647,0,0,NONE,NO_CLICK
10648,0,0,NONE,NO_CLICK
10649,0,0,NONE,NO_CLICK
10650,0,0,NONE,NO_CLICK
10651,0,0,NONE,NO_CLICK
10652,0,0,NONE,NO_CLICK
10653,0,0,NONE,NO_CLICK
10654,0,0,NONE,NO_CLICK
10655,0,0,NONE,NO_CLICK
10656,0,0,NONE,NO_CLICK
10657,0,0,NONE,NO_CLICK
10658,1,0,D1,D1_CLICK
10659,1,0,D1,D1_CLICK
10660,1,0,D1,D1_CLICK
10661,1,0,D1,D1_CLICK
10662,1,0,D1,D1_CLICK
10663,1,0,D1,D1_CLICK
10664,1,0,D1,D1_CLICK
10665,1,0,D1,D1_CLICK
10666,1,0,D1,D1_CLICK
10667,1,0,D1,D1_CLICK
10668,1,0,D1,D1_CLICK
10669,1,0,D1,D1_CLICK
10670,1,0,D1,D1_CLICK
10671,1,0,D1,D1_CLICK
10672,1,0,D1,D1_CLICK
10673,1,0,D1,D1_CLICK
10674,1,0,D1,D1_CLICK
10675,1,0,D1,D1_CLICK
10676,1,0,D1,D1_CLICK
10677,1,0,D1,D1_CLICK
10678,1,0,D1,D1_CLICK
10679,1,0,D1,D1_CLICK
10680,1,0,D1,D1_CLICK
10681,1,0,D1,D1_CLICK
10682,1,0,D1,D1_CLICK
10683,1,0,D1,D1_CLICK
10684,1,0,D1,D1_CLICK
10685,1,0,D1,D1_CLICK
10686,1,0,D1,D1_CLICK
10687,1,0,D1,D1_CLICK
10688,1,0,D1,D1_CLICK
10689,1,0,D1,D1_CLICK
10690,1,0,D1,D1_CLICK
10691,1,0,D1,D1_CLICK
10692,1,0,D1,D1_CLICK
10693,1,0,D1,D1_CLICK
10694,1,0,D1,D1_CLICK
10695,1,0,D1,D1_CLICK
10696,0,0,NONE,NO_CLICK
10697,0,0,NONE,NO_CLICK
10698,0,0,NONE,NO_CLICK
10699,0,0,NONE,NO_CLICK
10700,0,0,NONE,NO_CLICK
10701,0,0,NONE,NO_CLICK
10702,0,0,NONE,NO_CLICK
10703,0,0,NONE,NO_CLICK
10704,0,0,NONE,NO_CLICK
10705,0,0,NONE,NO_CLICK
10706,0,0,NONE,NO_CLICK
10707,0,0,NONE,NO_CLICK
10708,0,0,NONE,NO_CLICK
10709,0,0,NONE,NO_CLICK
10710,0,0,NONE,NO_CLICK
10711,0,0,NONE,NO_CLICK
10712,0,0,NONE,NO_CLICK
10713,0,0,NONE,NO_CLICK
10714,0,0,NONE,NO_CLICK
10715,0,0,NONE,NO_CLICK
10716,0,0,NONE,NO_CLICK
10717,0,0,NONE,NO_CLICK
10718,0,0,NONE,NO_CLICK
10719,0,0,NONE,NO_CLICK
10720,0,0,NONE,NO_CLICK
10721,0,0,NONE,NO_CLICK
10722,0,0,NONE,NO_CLICK
10723,0,0,NONE,NO_CLICK
10724,0,0,NONE,NO_CLICK
10725,0,0,NONE,NO_CLICK
10726,0,0,NONE,NO_CLICK
10727,0,0,NONE,NO_CLICK
10728,0,0,NONE,NO_CLICK
10729,0,0,NONE,NO_CLICK
10730,0,0,NONE,NO_CLICK
10731,0,0,NONE,NO_CLICK
10732,0,0,NONE,NO_CLICK
10733,0,0,NONE,NO_CLICK
10734,0,0,NONE,NO_CLICK
10735,0,0,NONE,NO_CLICK
10736,0,0,NONE,NO_CLICK
10737,0,0,NONE,NO_CLICK
10738,0,0,NONE,NO_CLICK
10739,0,0,NONE,NO_CLICK
10740,0,0,NONE,NO_CLICK
10741,0,0,NONE,NO_CLICK
10742,0,0,NONE,NO_CLICK
10743,0,0,NONE,NO_CLICK
10744,0,0,NONE,NO_CLICK
10745,0,0,NONE,NO_CLICK
10746,0,0,NONE,NO_CLICK
10747,0,0,NONE,NO_CLICK
10748,0,0,NONE,NO_CLICK
10749,0,0,NONE,NO_CLICK
10750,0,0,NONE,NO_CLICK
10751,0,0,NONE,NO_CLICK
10752,0,0,NONE,NO_CLICK
10753,0,0,NONE,NO_CLICK
10754,0,0,NONE,NO_CLICK
10755,0,0,NONE,NO_CLICK
10756,0,0,NONE,NO_CLICK
10757,0,0,NONE,NO_CLICK
10758,0,0,NONE,NO_CLICK
10759,0,0,NONE,NO_CLICK
10760,0,0,NONE,NO_CLICK
10761,0,0,NONE,NO_CLICK
10762,0,0,NONE,NO_CLICK
10763,0,0,NONE,NO_CLICK
10764,0,0,NONE,NO_CLICK
10765,0,0,NONE,NO_CLICK
10766,0,0,NONE,NO_CLICK
10767,0,0,NONE,NO_CLICK
10768,0,0,NONE,NO_CLICK
10769,0,0,NONE,NO_CLICK
10770,0,0,NONE,NO_CLICK
10771,0,0,NONE,NO_CLICK
10772,0,0,NONE,NO_CLICK
10773,0,0,NONE,NO_CLICK
10774,0,0,NONE,NO_CLICK
10775,0,0,NONE,NO_CLICK
10776,0,0,NONE,NO_CLICK
10777,0,0,NONE,NO_CLICK
10778,0,0,NONE,NO_CLICK
10779,0,0,NONE,NO_CLICK
10780,0,0,NONE,NO_CLICK
10781,0,0,NONE,NO_CLICK
10782,0,0,NONE,NO_CLICK
10783,0,0,NONE,NO_CLICK
10784,0,0,NONE,NO_CLICK
10785,0,0,NONE,NO_CLICK
10786,0,0,NONE,NO_CLICK
10787,0,0,NONE,NO_CLICK
10788,0,0,NONE,NO_CLICK
10789,0,0,NONE,NO_CLICK
10790,0,0,NONE,NO_CLICK
10791,0,0,NONE,NO_CLICK
10792,0,0,NONE,NO_CLICK
10793,0,0,NONE,NO_CLICK
10794,0,0,NONE,NO_CLICK
10795,0,0,NONE,NO_CLICK
10796,0,0,NONE,NO_CLICK
10797,0,0,NONE,NO_CLICK
10798,0,0,NONE,NO_CLICK
10799,0,0,NONE,NO_CLICK
10800,0,0,NONE,NO_CLICK
10801,0,0,NONE,NO_CLICK
10802,0,0,NONE,NO_CLICK
10803,0,0,NONE,NO_CLICK
10804,0,0,NONE,NO_CLICK
10805,0,0,NONE,NO_CLICK
10806,0,0,NONE,NO_CLICK
10807,0,0,NONE,NO_CLICK
10808,0,0,NONE,NO_CLICK
10809,0,0,NONE,NO_CLICK
10810,0,0,NONE,NO_CLICK
10811,0,0,NONE,NO_CLICK
10812,0,0,NONE,NO_CLICK
10813,0,0,NONE,NO_CLICK
10814,0,0,NONE,NO_CLICK
10815,0,0,NONE,NO_CLICK
10816,0,0,NONE,NO_CLICK
10817,0,0,NONE,NO_CLICK
10818,0,0,NONE,NO_CLICK
10819,0,0,NONE,NO_CLICK
10820,0,0,NONE,NO_CLICK
10821,0,0,NONE,NO_CLICK
10822,0,0,NONE,NO_CLICK
10823,0,0,NONE,NO_CLICK
10824,0,0,NONE,NO_CLICK
10825,0,0,NONE,NO_CLICK
10826,0,0,NONE,NO_CLICK
10827,0,0,NONE,NO_CLICK
10828,0,0,NONE,NO_CLICK
10829,0,0,NONE,NO_CLICK
10830,0,0,NONE,NO_CLICK
10831,0,0,NONE,NO_CLICK
10832,0,0,NONE,NO_CLICK
10833,0,0,NONE,NO_CLICK
10834,0,0,NONE,NO_CLICK
10835,0,0,NONE,NO_CLICK
10836,0,0,NONE,NO_CLICK
10837,0,0,NONE,NO_CLICK
10838,0,0,NONE,NO_CLICK
10839,0,0,NONE,NO_CLICK
10840,0,0,NONE,NO_CLICK
10841,0,0,NONE,NO_CLICK
10842,0,0,NONE,NO_CLICK
10843,0,0,NONE,NO_CLICK
10844,0,0,NONE,NO_CLICK
10845,0,0,NONE,NO_CLICK
10846,0,0,NONE,NO_CLICK
10847,0,0,NONE,NO_CLICK
10848,0,0,NONE,NO_CLICK
10849,0,0,NONE,NO_CLICK
10850,0,0,NONE,NO_CLICK
10851,0,0,NONE,NO_CLICK
10852,0,0,NONE,NO_CLICK
10853,0,0,NONE,NO_CLICK
10854,0,0,NONE,NO_CLICK
10855,0,0,NONE,NO_CLICK
10856,0,0,NONE,NO_CLICK
10857,0,0,NONE,NO_CLICK
10858,0,0,NONE,NO_CLICK
10859,0,0,NONE,NO_CLICK
10860,0,0,NONE,NO_CLICK
10861,0,0,NONE,NO_CLICK
10862,0,0,NONE,NO_CLICK
10863,0,0,NONE,NO_CLICK
10864,0,0,NONE,NO_CLICK
10865,0,0,NONE,NO_CLICK
10866,0,0,NONE,NO_CLICK
10867,0,0,NONE,NO_CLICK
10868,0,0,NONE,NO_CLICK
10869,0,0,NONE,NO_CLICK
10870,0,0,NONE,NO_CLICK
10871,0,0,NONE,NO_CLICK
10872,0,0,NONE,NO_CLICK
10873,0,0,NONE,NO_CLICK
10874,0,0,NONE,NO_CLICK
10875,0,0,NONE,NO_CLICK
10876,0,0,NONE,NO_CLICK
10877,0,0,NONE,NO_CLICK
10878,0,0,NONE,NO_CLICK
10879,0,0,NONE,NO_CLICK
10880,0,0,NONE,NO_CLICK
10881,0,0,NONE,NO_CLICK
10882,0,0,NONE,NO_CLICK
10883,0,0,NONE,NO_CLICK
10884,0,0,NONE,NO_CLICK
10885,0,0,NONE,NO_CLICK
10886,0,0,NONE,NO_CLICK
10887,0,0,NONE,NO_CLICK
10888,0,0,NONE,NO_CLICK
10889,0,0,NONE,NO_CLICK
10890,0,0,NONE,NO_CLICK
10891,0,0,NONE,NO_CLICK
10892,0,0,NONE,NO_CLICK
10893,0,0,NONE,NO_CLICK
10894,0,0,NONE,NO_CLICK
10895,0,0,NONE,NO_CLICK
10896,0,0,NONE,NO_CLICK
10897,0,0,NONE,NO_CLICK
10898,0,0,NONE,NO_CLICK
10899,0,0,NONE,NO_CLICK
10900,0,0,NONE,NO_CLICK
10901,0,0,NONE,NO_CLICK
10902,0,0,NONE,NO_CLICK
10903,0,0,NONE,NO_CLICK
10904,0,0,NONE,NO_CLICK
10905,0,0,NONE,NO_CLICK
10906,0,0,NONE,NO_CLICK
10907,0,0,NONE,NO_CLICK
10908,0,0,NONE,NO_CLICK
10909,0,0,NONE,NO_CLICK
10910,0,0,NONE,NO_CLICK
10911,0,0,NONE,NO_CLICK
10912,0,0,NONE,NO_CLICK
10913,0,0,NONE,NO_CLICK
10914,0,0,NONE,NO_CLICK
10915,0,0,NONE,NO_CLICK
10916,0,0,NONE,NO_CLICK
10917,0,0,NONE,NO_CLICK
10918,0,0,NONE,NO_CLICK
10919,0,0,NONE,NO_CLICK
10920,0,0,NONE,NO_CLICK
10921,0,0,NONE,NO_CLICK
10922,0,0,NONE,NO_CLICK
10923,0,0,NONE,NO_CLICK
10924,0,0,NONE,NO_CLICK
10925,0,0,NONE,NO_CLICK
10926,0,0,NONE,NO_CLICK
10927,0,0,NONE,NO_CLICK
10928,0,0,NONE,NO_CLICK
10929,0,0,NONE,NO_CLICK
10930,0,0,NONE,NO_CLICK
10931,0,0,NONE,NO_CLICK
10932,0,0,NONE,NO_CLICK
10933,0,0,NONE,NO_CLICK
10934,0,0,NONE,NO_CLICK
10935,0,0,NONE,NO_CLICK
10936,0,0,NONE,NO_CLICK
10937,0,0,NONE,NO_CLICK
10938,0,0,NONE,NO_CLICK
10939,0,0,NONE,NO_CLICK
10940,0,0,NONE,NO_CLICK
10941,0,0,NONE,NO_CLICK
10942,0,0,NONE,NO_CLICK
10943,0,0,NONE,NO_CLICK
10944,0,0,NONE,NO_CLICK
10945,0,0,NONE,NO_CLICK
10946,0,0,NONE,NO_CLICK
10947,0,0,NONE,NO_CLICK
10948,0,0,NONE,NO_CLICK
10949,0,0,NONE,NO_CLICK
10950,0,0,NONE,NO_CLICK
10951,0,0,NONE,NO_CLICK
10952,0,0,NONE,NO_CLICK
10953,0,0,NONE,NO_CLICK
10954,0,0,NONE,NO_CLICK
10955,0,0,NONE,NO_CLICK
10956,0,0,NONE,NO_CLICK
10957,0,0,NONE,NO_CLICK
10958,0,0,NONE,NO_CLICK
10959,0,0,NONE,NO_CLICK
10960,0,0,NONE,NO_CLICK
10961,0,0,NONE,NO_CLICK
10962,0,0,NONE,NO_CLICK
10963,0,0,NONE,NO_CLICK
10964,0,0,NONE,NO_CLICK
10965,0,0,NONE,NO_CLICK
10966,0,0,NONE,NO_CLICK
10967,0,0,NONE,NO_CLICK
10968,0,0,NONE,NO_CLICK
10969,0,0,NONE,NO_CLICK
10970,0,0,NONE,NO_CLICK
10971,0,0,NONE,NO_CLICK
10972,0,0,NONE,NO_CLICK
10973,0,0,NONE,NO_CLICK
10974,0,0,NONE,NO_CLICK
10975,0,0,NONE,NO_CLICK
10976,0,0,NONE,NO_CLICK
10977,0,0,NONE,NO_CLICK
10978,0,0,NONE,NO_CLICK
10979,0,0,NONE,NO_CLICK
10980,0,0,NONE,NO_CLICK
10981,0,0,NONE,NO_CLICK
10982,0,0,NONE,NO_CLICK
10983,0,0,NONE,NO_CLICK
10984,0,0,NONE,NO_CLICK
10985,0,0,NONE,NO_CLICK
10986,0,0,NONE,NO_CLICK
10987,0,0,NONE,NO_CLICK
10988,0,0,NONE,NO_CLICK
10989,0,0,NONE,NO_CLICK
10990,0,0,NONE,NO_CLICK
10991,0,0,NONE,NO_CLICK
10992,0,0,NONE,NO_CLICK
10993,0,0,NONE,NO_CLICK
10994,0,0,NONE,NO_CLICK
10995,0,0,NONE,NO_CLICK
10996,0,0,NONE,NO_CLICK
10997,0,0,NONE,NO_CLICK
10998,0,0,NONE,NO_CLICK
10999,0,0,NONE,NO_CLICK
11000,0,0,NONE,NO_CLICK
11001,0,0,NONE,NO_CLICK
11002,0,0,NONE,NO_CLICK
11003,0,0,NONE,NO_CLICK
11004,0,0,NONE,NO_CLICK
11005,0,0,NONE,NO_CLICK
11006,0,0,NONE,NO_CLICK
11007,0,0,NONE,NO_CLICK
11008,0,0,NONE,NO_CLICK
11009,0,0,NONE,NO_CLICK
11010,0,0,NONE,NO_CLICK
11011,0,0,NONE,NO_CLICK
11012,0,0,NONE,NO_CLICK
11013,0,0,NONE,NO_CLICK
11014,0,0,NONE,NO_CLICK
11015,0,0,NONE,NO_CLICK
11016,0,0,NONE,NO_CLICK
11017,0,0,NONE,NO_CLICK
11018,0,0,NONE,NO_CLICK
11019,0,0,NONE,NO_CLICK
11020,0,0,NONE,NO_CLICK
11021,0,0,NONE,NO_CLICK
11022,0,0,NONE,NO_CLICK
11023,0,0,NONE,NO_CLICK
11024,0,0,NONE,NO_CLICK
11025,0,0,NONE,NO_CLICK
11026,0,0,NONE,NO_CLICK
11027,0,0,NONE,NO_CLICK
11028,0,0,NONE,NO_CLICK
11029,0,0,NONE,NO_CLICK
11030,0,0,NONE,NO_CLICK
11031,0,0,NONE,NO_CLICK
11032,0,0,NONE,NO_CLICK
11033,0,0,NONE,NO_CLICK
11034,0,0,NONE,NO_CLICK
11035,0,0,NONE,NO_CLICK
11036,0,0,NONE,NO_CLICK
11037,0,0,NONE,NO_CLICK
11038,0,0,NONE,NO_CLICK
11039,0,0,NONE,NO_CLICK
11040,0,0,NONE,NO_CLICK
11041,0,0,NONE,NO_CLICK
11042,1,0,D1,D1_CLICK
11043,1,0,D1,D1_CLICK
11044,1,0,D1,D1_CLICK
11045,1,0,D1,D1_CLICK
11046,1,0,D1,D1_CLICK
11047,1,0,D1,D1_CLICK
11048,1,0,D1,D1_CLICK
11049,1,0,D1,D1_CLICK
11050,1,0,D1,D1_CLICK
11051,1,0,D1,D1_CLICK
11052,1,0,D1,D1_CLICK
11053,1,0,D1,D1_CLICK
11054,1,0,D1,D1_CLICK
11055,1,0,D1,D1_CLICK
11056,1,0,D1,D1_CLICK
11057,1,0,D1,D1_CLICK
11058,1,0,D1,D1_CLICK
11059,1,0,D1,D1_CLICK
11060,1,0,D1,D1_CLICK
11061,1,0,D1,D1_CLICK
11062,1,0,D1,D1_CLICK
11063,1,0,D1,D1_CLICK
11064,1,0,D1,D1_CLICK
11065,1,0,D1,D1_CLICK
11066,1,0,D1,D1_CLICK
11067,1,0,D1,D1_CLICK
11068,1,0,D1,D1_CLICK
11069,1,0,D1,D1_CLICK
11070,1,0,D1,D1_CLICK
11071,1,0,D1,D1_CLICK
11072,1,0,D1,D1_CLICK
11073,1,0,D1,D1_CLICK
11074,1,1,BOTH,DOUBLE_CLICK
11075,1,1,BOTH,DOUBLE_CLICK
11076,1,1,BOTH,DOUBLE_CLICK
11077,1,1,BOTH,DOUBLE_CLICK
11078,1,1,BOTH,DOUBLE_CLICK
11079,1,1,BOTH,DOUBLE_CLICK
11080,0,1,D2,D2_CLICK
11081,0,1,D2,D2_CLICK
11082,0,1,D2,D2_CLICK
11083,0,1,D2,D2_CLICK
11084,0,1,D2,D2_CLICK
11085,0,1,D2,D2_CLICK
11086,0,1,D2,D2_CLICK
11087,0,1,D2,D2_CLICK
11088,0,1,D2,D2_CLICK
11089,0,1,D2,D2_CLICK
11090,0,1,D2,D2_CLICK
11091,0,1,D2,D2_CLICK
11092,0,1,D2,D2_CLICK
11093,0,1,D2,D2_CLICK
11094,0,1,D2,D2_CLICK
11095,0,1,D2,D2_CLICK
11096,0,1,D2,D2_CLICK
11097,0,1,D2,D2_CLICK
11098,0,1,D2,D2_CLICK
11099,0,1,D2,D2_CLICK
11100,0,1,D2,D2_CLICK
11101,0,1,D2,D2_CLICK
11102,0,1,D2,D2_CLICK
11103,0,1,D2,D2_CLICK
11104,0,1,D2,D2_CLICK
11105,0,1,D2,D2_CLICK
11106,0,1,D2,D2_CLICK
11107,0,1,D2,D2_CLICK
11108,0,1,D2,D2_CLICK
11109,0,1,D2,D2_CLICK
11110,0,1,D2,D2_CLICK
11111,0,1,D2,D2_CLICK
11112,0,0,NONE,NO_CLICK
11113,0,0,NONE,NO_CLICK
11114,0,0,NONE,NO_CLICK
11115,0,0,NONE,NO_CLICK
11116,0,0,NONE,NO_CLICK
11117,0,0,NONE,NO_CLICK
11118,0,0,NONE,NO_CLICK
11119,0,0,NONE,NO_CLICK
11120,0,0,NONE,NO_CLICK
11121,0,0,NONE,NO_CLICK
11122,0,0,NONE,NO_CLICK
11123,0,0,NONE,NO_CLICK
11124,0,0,NONE,NO_CLICK
11125,0,0,NONE,NO_CLICK
11126,0,0,NONE,NO_CLICK
11127,0,0,NONE,NO_CLICK
11128,0,0,NONE,NO_CLICK
11129,0,0,NONE,NO_CLICK
11130,0,0,NONE,NO_CLICK
11131,0,0,NONE,NO_CLICK
11132,0,0,NONE,NO_CLICK
11133,0,0,NONE,NO_CLICK
11134,0,0,NONE,NO_CLICK
11135,0,0,NONE,NO_CLICK
11136,0,0,NONE,NO_CLICK
11137,0,0,NONE,NO_CLICK
11138,0,0,NONE,NO_CLICK
11139,0,0,NONE,NO_CLICK
11140,0,0,NONE,NO_CLICK
11141,0,0,NONE,NO_CLICK
11142,0,0,NONE,NO_CLICK
11143,0,0,NONE,NO_CLICK
11144,0,0,NONE,NO_CLICK
11145,0,0,NONE,NO_CLICK
11146,0,0,NONE,NO_CLICK
11147,0,0,NONE,NO_CLICK
11148,0,0,NONE,NO_CLICK
11149,0,0,NONE,NO_CLICK
11150,0,0,NONE,NO_CLICK
11151,0,0,NONE,NO_CLICK
11152,0,0,NONE,NO_CLICK
11153,0,0,NONE,NO_CLICK
11154,0,0,NONE,NO_CLICK
11155,0,0,NONE,NO_CLICK
11156,0,0,NONE,NO_CLICK
11157,0,0,NONE,NO_CLICK
11158,0,0,NONE,NO_CLICK
11159,0,0,NONE,NO_CLICK
11160,0,0,NONE,NO_CLICK
11161,0,0,NONE,NO_CLICK
11162,0,0,NONE,NO_CLICK
11163,0,0,NONE,NO_CLICK
11164,0,0,NONE,NO_CLICK
11165,0,0,NONE,NO_CLICK
11166,0,0,NONE,NO_CLICK
11167,0,0,NONE,NO_CLICK
11168,0,0,NONE,NO_CLICK
11169,0,0,NONE,NO_CLICK
11170,0,0,NONE,NO_CLICK
11171,0,0,NONE,NO_CLICK
11172,0,0,NONE,NO_CLICK
11173,0,0,NONE,NO_CLICK
11174,0,0,NONE,NO_CLICK
11175,0,0,NONE,NO_CLICK
11176,0,0,NONE,NO_CLICK
11177,0,0,NONE,NO_CLICK
11178,0,0,NONE,NO_CLICK
11179,0,0,NONE,NO_CLICK
11180,0,0,NONE,NO_CLICK
11181,0,0,NONE,NO_CLICK
11182,0,0,NONE,NO_CLICK
11183,0,0,NONE,NO_CLICK
11184,0,0,NONE,NO_CLICK
11185,0,0,NONE,NO_CLICK
11186,0,0,NONE,NO_CLICK
11187,0,0,NONE,NO_CLICK
11188,0,0,NONE,NO_CLICK
11189,0,0,NONE,NO_CLICK
11190,0,0,NONE,NO_CLICK
11191,0,0,NONE,NO_CLICK
11192,0,0,NONE,NO_CLICK
11193,0,0,NONE,NO_CLICK
11194,0,0,NONE,NO_CLICK
11195,0,0,NONE,NO_CLICK
11196,0,0,NONE,NO_CLICK
11197,0,0,NONE,NO_CLICK
11198,0,0,NONE,NO_CLICK
11199,0,0,NONE,NO_CLICK
11200,0,0,NONE,NO_CLICK
11201,0,0,NONE,NO_CLICK
11202,0,0,NONE,NO_CLICK
11203,0,0,NONE,NO_CLICK
11204,0,0,NONE,NO_CLICK
11205,0,0,NONE,NO_CLICK
11206,0,0,NONE,NO_CLICK
11207,0,0,NONE,NO_CLICK
11208,0,0,NONE,NO_CLICK
11209,0,0,NONE,NO_CLICK
11210,0,0,NONE,NO_CLICK
11211,0,0,NONE,NO_CLICK
11212,0,0,NONE,NO_CLICK
11213,0,0,NONE,NO_CLICK
11214,0,0,NONE,NO_CLICK
11215,0,0,NONE,NO_CLICK
11216,0,0,NONE,NO_CLICK
11217,0,0,NONE,NO_CLICK
11218,0,0,NONE,NO_CLICK
11219,0,0,NONE,NO_CLICK
11220,0,0,NONE,NO_CLICK
11221,0,0,NONE,NO_CLICK
11222,0,0,NONE,NO_CLICK
11223,0,0,NONE,NO_CLICK
11224,0,0,NONE,NO_CLICK
11225,0,0,NONE,NO_CLICK
11226,0,0,NONE,NO_CLICK
11227,0,0,NONE,NO_CLICK
11228,0,0,NONE,NO_CLICK
11229,0,0,NONE,NO_CLICK
11230,0,0,NONE,NO_CLICK
11231,0,0,NONE,NO_CLICK
11232,0,0,NONE,NO_CLICK
11233,0,0,NONE,NO_CLICK
11234,0,0,NONE,NO_CLICK
11235,0,0,NONE,NO_CLICK
11236,0,0,NONE,NO_CLICK
11237,0,0,NONE,NO_CLICK
11238,0,0,NONE,NO_CLICK
11239,0,0,NONE,NO_CLICK
11240,0,0,NONE,NO_CLICK
11241,0,0,NONE,NO_CLICK
11242,0,0,NONE,NO_CLICK
11243,0,0,NONE,NO_CLICK
11244,0,0,NONE,NO_CLICK
11245,0,0,NONE,NO_CLICK
11246,0,0,NONE,NO_CLICK
11247,0,0,NONE,NO_CLICK
11248,0,0,NONE,NO_CLICK
11249,0,0,NONE,NO_CLICK
11250,0,0,NONE,NO_CLICK
11251,0,0,NONE,NO_CLICK
11252,0,0,NONE,NO_CLICK
11253,0,0,NONE,NO_CLICK
11254,0,0,NONE,NO_CLICK
11255,0,0,NONE,NO_CLICK
11256,0,0,NONE,NO_CLICK
11257,0,0,NONE,NO_CLICK
11258,0,0,NONE,NO_CLICK
11259,0,0,NONE,NO_CLICK
11260,0,0,NONE,NO_CLICK
11261,0,0,NONE,NO_CLICK
11262,0,0,NONE,NO_CLICK
11263,0,0,NONE,NO_CLICK
11264,0,0,NONE,NO_CLICK
11265,0,0,NONE,NO_CLICK
11266,0,0,NONE,NO_CLICK
11267,0,0,NONE,NO_CLICK
11268,0,0,NONE,NO_CLICK
11269,0,0,NONE,NO_CLICK
11270,0,0,NONE,NO_CLICK
11271,0,0,NONE,NO_CLICK
11272,0,0,NONE,NO_CLICK
11273,0,0,NONE,NO_CLICK
11274,0,0,NONE,NO_CLICK
11275,0,0,NONE,NO_CLICK
11276,0,0,NONE,NO_CLICK
11277,0,0,NONE,NO_CLICK
11278,0,0,NONE,NO_CLICK
11279,0,0,NONE,NO_CLICK
11280,0,0,NONE,NO_CLICK
11281,0,0,NONE,NO_CLICK
11282,0,0,NONE,NO_CLICK
11283,0,0,NONE,NO_CLICK
11284,0,0,NONE,NO_CLICK
11285,0,0,NONE,NO_CLICK
11286,0,0,NONE,NO_CLICK
11287,0,0,NONE,NO_CLICK
11288,0,0,NONE,NO_CLICK
11289,0,0,NONE,NO_CLICK
11290,0,0,NONE,NO_CLICK
11291,0,0,NONE,NO_CLICK
11292,0,0,NONE,NO_CLICK
11293,0,0,NONE,NO_CLICK
11294,0,0,NONE,NO_CLICK
11295,0,0,NONE,NO_CLICK
11296,0,0,NONE,NO_CLICK
11297,0,0,NONE,NO_CLICK
11298,0,0,NONE,NO_CLICK
11299,0,0,NONE,NO_CLICK
11300,0,0,NONE,NO_CLICK
11301,0,0,NONE,NO_CLICK
11302,0,0,NONE,NO_CLICK
11303,0,0,NONE,NO_CLICK
11304,0,0,NONE,NO_CLICK
11305,0,0,NONE,NO_CLICK
11306,0,0,NONE,NO_CLICK
11307,0,0,NONE,NO_CLICK
11308,0,0,NONE,NO_CLICK
11309,0,0,NONE,NO_CLICK
11310,0,0,NONE,NO_CLICK
11311,0,0,NONE,NO_CLICK
11312,0,0,NONE,NO_CLICK
11313,0,0,NONE,NO_CLICK
11314,0,0,NONE,NO_CLICK
11315,0,0,NONE,NO_CLICK
11316,0,0,NONE,NO_CLICK
11317,0,0,NONE,NO_CLICK
11318,0,0,NONE,NO_CLICK
11319,0,0,NONE,NO_CLICK
11320,0,0,NONE,NO_CLICK
11321,0,0,NONE,NO_CLICK
11322,0,0,NONE,NO_CLICK
11323,0,0,NONE,NO_CLICK
11324,0,0,NONE,NO_CLICK
11325,0,0,NONE,NO_CLICK
11326,0,0,NONE,NO_CLICK
11327,0,0,NONE,NO_CLICK
11328,0,0,NONE,NO_CLICK
11329,0,0,NONE,NO_CLICK
11330,0,1,D2,D2_CLICK
11331,0,1,D2,D2_CLICK
11332,0,1,D2,D2_CLICK
11333,0,1,D2,D2_CLICK
11334,0,1,D2,D2_CLICK
11335,0,1,D2,D2_CLICK
11336,0,1,D2,D2_CLICK
11337,0,1,D2,D2_CLICK
11338,0,1,D2,D2_CLICK
11339,0,1,D2,D2_CLICK
11340,0,1,D2,D2_CLICK
11341,0,1,D2,D2_CLICK
11342,0,1,D2,D2_CLICK
11343,0,1,D2,D2_CLICK
11344,0,1,D2,D2_CLICK
11345,0,1,D2,D2_CLICK
11346,0,1,D2,D2_CLICK
11347,0,1,D2,D2_CLICK
11348,0,1,D2,D2_CLICK
11349,0,1,D2,D2_CLICK
11350,0,1,D2,D2_CLICK
11351,0,1,D2,D2_CLICK
11352,0,1,D2,D2_CLICK
11353,0,1,D2,D2_CLICK
11354,0,1,D2,D2_CLICK
11355,0,1,D2,D2_CLICK
11356,0,1,D2,D2_CLICK
11357,0,1,D2,D2_CLICK
11358,0,1,D2,D2_CLICK
11359,0,1,D2,D2_CLICK
11360,0,1,D2,D2_CLICK
11361,0,1,D2,D2_CLICK
11362,0,1,D2,D2_CLICK
11363,0,1,D2,D2_CLICK
11364,0,1,D2,D2_CLICK
11365,0,1,D2,D2_CLICK
11366,0,1,D2,D2_CLICK
11367,0,1,D2,D2_CLICK
11368,0,0,NONE,NO_CLICK
11369,0,0,NONE,NO_CLICK
11370,0,0,NONE,NO_CLICK
11371,0,0,NONE,NO_CLICK
11372,0,0,NONE,NO_CLICK
11373,0,0,NONE,NO_CLICK
11374,0,0,NONE,NO_CLICK
11375,0,0,NONE,NO_CLICK
11376,0,0,NONE,NO_CLICK
11377,0,0,NONE,NO_CLICK
11378,0,0,NONE,NO_CLICK
11379,0,0,NONE,NO_CLICK
11380,0,0,NONE,NO_CLICK
11381,0,0,NONE,NO_CLICK
11382,0,0,NONE,NO_CLICK
11383,0,0,NONE,NO_CLICK
11384,0,0,NONE,NO_CLICK
11385,0,0,NONE,NO_CLICK
11386,0,0,NONE,NO_CLICK
11387,0,0,NONE,NO_CLICK
11388,0,0,NONE,NO_CLICK
11389,0,0,NONE,NO_CLICK
11390,0,0,NONE,NO_CLICK
11391,0,0,NONE,NO_CLICK
11392,0,0,NONE,NO_CLICK
11393,0,0,NONE,NO_CLICK
11394,0,0,NONE,NO_CLICK
11395,0,0,NONE,NO_CLICK
11396,0,0,NONE,NO_CLICK
11397,0,0,NONE,NO_CLICK
11398,0,0,NONE,NO_CLICK
11399,0,0,NONE,NO_CLICK
11400,0,0,NONE,NO_CLICK
11401,0,0,NONE,NO_CLICK
11402,0,0,NONE,NO_CLICK
11403,0,0,NONE,NO_CLICK
11404,0,0,NONE,NO_CLICK
11405,0,0,NONE,NO_CLICK
11406,0,0,NONE,NO_CLICK
11407,0,0,NONE,NO_CLICK
11408,0,0,NONE,NO_CLICK
11409,0,0,NONE,NO_CLICK
11410,0,0,NONE,NO_CLICK
11411,0,0,NONE,NO_CLICK
11412,0,0,NONE,NO_CLICK
11413,0,0,NONE,NO_CLICK
11414,0,0,NONE,NO_CLICK
11415,0,0,NONE,NO_CLICK
11416,0,0,NONE,NO_CLICK
11417,0,0,NONE,NO_CLICK
11418,0,0,NONE,NO_CLICK
11419,0,0,NONE,NO_CLICK
11420,0,0,NONE,NO_CLICK
11421,0,0,NONE,NO_CLICK
11422,0,0,NONE,NO_CLICK
11423,0,0,NONE,NO_CLICK
11424,0,0,NONE,NO_CLICK
11425,0,0,NONE,NO_CLICK
11426,1,0,D1,D1_CLICK
11427,1,0,D1,D1_CLICK
11428,1,0,D1,D1_CLICK
11429,1,0,D1,D1_CLICK
11430,1,0,D1,D1_CLICK
11431,1,0,D1,D1_CLICK
11432,1,0,D1,D1_CLICK
11433,1,0,D1,D1_CLICK
11434,1,0,D1,D1_CLICK
11435,1,0,D1,D1_CLICK
11436,1,0,D1,D1_CLICK
11437,1,0,D1,D1_CLICK
11438,1,0,D1,D1_CLICK
11439,1,0,D1,D1_CLICK
11440,1,0,D1,D1_CLICK
11441,1,0,D1,D1_CLICK
11442,1,0,D1,D1_CLICK
11443,1,0,D1,D1_CLICK
11444,1,0,D1,D1_CLICK
11445,1,0,D1,D1_CLICK
11446,1,0,D1,D1_CLICK
11447,1,0,D1,D1_CLICK
11448,1,0,D1,D1_CLICK
11449,1,0,D1,D1_CLICK
11450,1,0,D1,D1_CLICK
11451,1,0,D1,D1_CLICK
11452,1,0,D1,D1_CLICK
11453,1,0,D1,D1_CLICK
11454,1,0,D1,D1_CLICK
11455,1,0,D1,D1_CLICK
11456,1,0,D1,D1_CLICK
11457,1,0,D1,D1_CLICK
11458,1,0,D1,D1_CLICK
11459,1,0,D1,D1_CLICK
11460,1,0,D1,D1_CLICK
11461,1,0,D1,D1_CLICK
11462,1,0,D1,D1_CLICK
11463,1,0,D1,D1_CLICK
11464,0,0,NONE,NO_CLICK
11465,0,0,NONE,NO_CLICK
11466,0,0,NONE,NO_CLICK
11467,0,0,NONE,NO_CLICK
11468,0,0,NONE,NO_CLICK
11469,0,0,NONE,NO_CLICK
11470,0,0,NONE,NO_CLICK
11471,0,0,NONE,NO_CLICK
11472,0,0,NONE,NO_CLICK
11473,0,0,NONE,NO_CLICK
11474,0,0,NONE,NO_CLICK
11475,0,0,NONE,NO_CLICK
11476,0,0,NONE,NO_CLICK
11477,0,0,NONE,NO_CLICK
11478,0,0,NONE,NO_CLICK
11479,0,0,NONE,NO_CLICK
11480,0,0,NONE,NO_CLICK
11481,0,0,NONE,NO_CLICK
11482,0,0,NONE,NO_CLICK
11483,0,0,NONE,NO_CLICK
11484,0,0,NONE,NO_CLICK
11485,0,0,NONE,NO_CLICK
11486,0,0,NONE,NO_CLICK
11487,0,0,NONE,NO_CLICK
11488,0,0,NONE,NO_CLICK
11489,0,0,NONE,NO_CLICK
11490,0,0,NONE,NO_CLICK
11491,0,0,NONE,NO_CLICK
11492,0,0,NONE,NO_CLICK
11493,0,0,NONE,NO_CLICK
11494,0,0,NONE,NO_CLICK
11495,0,0,NONE,NO_CLICK
11496,0,0,NONE,NO_CLICK
11497,0,0,NONE,NO_CLICK
11498,0,0,NONE,NO_CLICK
11499,0,0,NONE,NO_CLICK
11500,0,0,NONE,NO_CLICK
11501,0,0,NONE,NO_CLICK
11502,0,0,NONE,NO_CLICK
11503,0,0,NONE,NO_CLICK
11504,0,0,NONE,NO_CLICK
11505,0,0,NONE,NO_CLICK
11506,0,0,NONE,NO_CLICK
11507,0,0,NONE,NO_CLICK
11508,0,0,NONE,NO_CLICK
11509,0,0,NONE,NO_CLICK
11510,0,0,NONE,NO_CLICK
11511,0,0,NONE,NO_CLICK
11512,0,0,NONE,NO_CLICK
11513,0,0,NONE,NO_CLICK
11514,0,0,NONE,NO_CLICK
11515,0,0,NONE,NO_CLICK
11516,0,0,NONE,NO_CLICK
11517,0,0,NONE,NO_CLICK
11518,0,0,NONE,NO_CLICK
11519,0,0,NONE,NO_CLICK
11520,0,0,NONE,NO_CLICK
11521,0,0,NONE,NO_CLICK
11522,0,0,NONE,NO_CLICK
11523,0,0,NONE,NO_CLICK
11524,0,0,NONE,NO_CLICK
11525,0,0,NONE,NO_CLICK
11526,0,0,NONE,NO_CLICK
11527,0,0,NONE,NO_CLICK
11528,0,0,NONE,NO_CLICK
11529,0,0,NONE,NO_CLICK
11530,0,0,NONE,NO_CLICK
11531,0,0,NONE,NO_CLICK
11532,0,0,NONE,NO_CLICK
11533,0,0,NONE,NO_CLICK
11534,0,0,NONE,NO_CLICK
11535,0,0,NONE,NO_CLICK
11536,0,0,NONE,NO_CLICK
11537,0,0,NONE,NO_CLICK
11538,0,0,NONE,NO_CLICK
11539,0,0,NONE,NO_CLICK
11540,0,0,NONE,NO_CLICK
11541,0,0,NONE,NO_CLICK
11542,0,0,NONE,NO_CLICK
11543,0,0,NONE,NO_CLICK
11544,0,0,NONE,NO_CLICK
11545,0,0,NONE,NO_CLICK
11546,0,0,NONE,NO_CLICK
11547,0,0,NONE,NO_CLICK
11548,0,0,NONE,NO_CLICK
11549,0,0,NONE,NO_CLICK
11550,0,0,NONE,NO_CLICK
11551,0,0,NONE,NO_CLICK
11552,0,0,NONE,NO_CLICK
11553,0,0,NONE,NO_CLICK
11554,0,0,NONE,NO_CLICK
11555,0,0,NONE,NO_CLICK
11556,0,0,NONE,NO_CLICK
11557,0,0,NONE,NO_CLICK
11558,0,0,NONE,NO_CLICK
11559,0,0,NONE,NO_CLICK
11560,0,0,NONE,NO_CLICK
11561,0,0,NONE,NO_CLICK
11562,0,0,NONE,NO_CLICK
11563,0,0,NONE,NO_CLICK
11564,0,0,NONE,NO_CLICK
11565,0,0,NONE,NO_CLICK
11566,0,0,NONE,NO_CLICK
11567,0,0,NONE,NO_CLICK
11568,0,0,NONE,NO_CLICK
11569,0,0,NONE,NO_CLICK
11570,0,0,NONE,NO_CLICK
11571,0,0,NONE,NO_CLICK
11572,0,0,NONE,NO_CLICK
11573,0,0,NONE,NO_CLICK
11574,0,0,NONE,NO_CLICK
11575,0,0,NONE,NO_CLICK
11576,0,0,NONE,NO_CLICK
11577,0,0,NONE,NO_CLICK
11578,0,0,NONE,NO_CLICK
11579,0,0,NONE,NO_CLICK
11580,0,0,NONE,NO_CLICK
11581,0,0,NONE,NO_CLICK
11582,0,0,NONE,NO_CLICK
11583,0,0,NONE,NO_CLICK
11584,0,0,NONE,NO_CLICK
11585,0,0,NONE,NO_CLICK
11586,0,0,NONE,NO_CLICK
11587,0,0,NONE,NO_CLICK
11588,0,0,NONE,NO_CLICK
11589,0,0,NONE,NO_CLICK
11590,0,0,NONE,NO_CLICK
11591,0,0,NONE,NO_CLICK
11592,0,0,NONE,NO_CLICK
11593,0,0,NONE,NO_CLICK
11594,0,0,NONE,NO_CLICK
11595,0,0,NONE,NO_CLICK
11596,0,0,NONE,NO_CLICK
11597,0,0,NONE,NO_CLICK
11598,0,0,NONE,NO_CLICK
11599,0,0,NONE,NO_CLICK
11600,0,0,NONE,NO_CLICK
11601,0,0,NONE,NO_CLICK
11602,0,0,NONE,NO_CLICK
11603,0,0,NONE,NO_CLICK
11604,0,0,NONE,NO_CLICK
11605,0,0,NONE,NO_CLICK
11606,0,0,NONE,NO_CLICK
11607,0,0,NONE,NO_CLICK
11608,0,0,NONE,NO_CLICK
11609,0,0,NONE,NO_CLICK
11610,0,0,NONE,NO_CLICK
11611,0,0,NONE,NO_CLICK
11612,0,0,NONE,NO_CLICK
11613,0,0,NONE,NO_CLICK
11614,0,0,NONE,NO_CLICK
11615,0,0,NONE,NO_CLICK
11616,0,0,NONE,NO_CLICK
11617,0,0,NONE,NO_CLICK
11618,0,0,NONE,NO_CLICK
11619,0,0,NONE,NO_CLICK
11620,0,0,NONE,NO_CLICK
11621,0,0,NONE,NO_CLICK
11622,0,0,NONE,NO_CLICK
11623,0,0,NONE,NO_CLICK
11624,0,0,NONE,NO_CLICK
11625,0,0,NONE,NO_CLICK
11626,0,0,NONE,NO_CLICK
11627,0,0,NONE,NO_CLICK
11628,0,0,NONE,NO_CLICK
11629,0,0,NONE,NO_CLICK
11630,0,0,NONE,NO_CLICK
11631,0,0,NONE,NO_CLICK
11632,0,0,NONE,NO_CLICK
11633,0,0,NONE,NO_CLICK
11634,0,0,NONE,NO_CLICK
11635,0,0,NONE,NO_CLICK
11636,0,0,NONE,NO_CLICK
11637,0,0,NONE,NO_CLICK
11638,0,0,NONE,NO_CLICK
11639,0,0,NONE,NO_CLICK
11640,0,0,NONE,NO_CLICK
11641,0,0,NONE,NO_CLICK
11642,0,0,NONE,NO_CLICK
11643,0,0,NONE,NO_CLICK
11644,0,0,NONE,NO_CLICK
11645,0,0,NONE,NO_CLICK
11646,0,0,NONE,NO_CLICK
11647,0,0,NONE,NO_CLICK
11648,0,0,NONE,NO_CLICK
11649,0,0,NONE,NO_CLICK
11650,0,0,NONE,NO_CLICK
11651,0,0,NONE,NO_CLICK
11652,0,0,NONE,NO_CLICK
11653,0,0,NONE,NO_CLICK
11654,0,0,NONE,NO_CLICK
11655,0,0,NONE,NO_CLICK
11656,0,0,NONE,NO_CLICK
11657,0,0,NONE,NO_CLICK
11658,0,0,NONE,NO_CLICK
11659,0,0,NONE,NO_CLICK
11660,0,0,NONE,NO_CLICK
11661,0,0,NONE,NO_CLICK
11662,0,0,NONE,NO_CLICK
11663,0,0,NONE,NO_CLICK
11664,0,0,NONE,NO_CLICK
11665,0,0,NONE,NO_CLICK
11666,0,0,NONE,NO_CLICK
11667,0,0,NONE,NO_CLICK
11668,0,0,NONE,NO_CLICK
11669,0,0,NONE,NO_CLICK
11670,0,0,NONE,NO_CLICK
11671,0,0,NONE,NO_CLICK
11672,0,0,NONE,NO_CLICK
11673,0,0,NONE,NO_CLICK
11674,0,0,NONE,NO_CLICK
11675,0,0,NONE,NO_CLICK
11676,0,0,NONE,NO_CLICK
11677,0,0,NONE,NO_CLICK
11678,0,0,NONE,NO_CLICK
11679,0,0,NONE,NO_CLICK
11680,0,0,NONE,NO_CLICK
11681,0,0,NONE,NO_CLICK
11682,0,1,D2,D2_CLICK
11683,0,1,D2,D2_CLICK
11684,0,1,D2,D2_CLICK
11685,0,1,D2,D2_CLICK
11686,0,1,D2,D2_CLICK
11687,0,1,D2,D2_CLICK
11688,0,1,D2,D2_CLICK
11689,0,1,D2,D2_CLICK
11690,0,1,D2,D2_CLICK
11691,0,1,D2,D2_CLICK
11692,0,1,D2,D2_CLICK
11693,0,1,D2,D2_CLICK
11694,0,1,D2,D2_CLICK
11695,0,1,D2,D2_CLICK
11696,0,1,D2,D2_CLICK
11697,0,1,D2,D2_CLICK
11698,0,1,D2,D2_CLICK
11699,0,1,D2,D2_CLICK
11700,0,1,D2,D2_CLICK
11701,0,1,D2,D2_CLICK
11702,0,1,D2,D2_CLICK
11703,0,1,D2,D2_CLICK
11704,0,1,D2,D2_CLICK
11705,0,1,D2,D2_CLICK
11706,0,1,D2,D2_CLICK
11707,0,1,D2,D2_CLICK
11708,0,1,D2,D2_CLICK
11709,0,1,D2,D2_CLICK
11710,0,1,D2,D2_CLICK
11711,0,1,D2,D2_CLICK
11712,0,1,D2,D2_CLICK
11713,0,1,D2,D2_CLICK
11714,0,1,D2,D2_CLICK
11715,0,1,D2,D2_CLICK
11716,0,1,D2,D2_CLICK
11717,0,1,D2,D2_CLICK
11718,0,1,D2,D2_CLICK
11719,0,1,D2,D2_CLICK
11720,0,0,NONE,NO_CLICK
11721,0,0,NONE,NO_CLICK
11722,0,0,NONE,NO_CLICK
11723,0,0,NONE,NO_CLICK
11724,0,0,NONE,NO_CLICK
11725,0,0,NONE,NO_CLICK
11726,0,0,NONE,NO_CLICK
11727,0,0,NONE,NO_CLICK
11728,0,0,NONE,NO_CLICK
11729,0,0,NONE,NO_CLICK
11730,0,0,NONE,NO_CLICK
11731,0,0,NONE,NO_CLICK
11732,0,0,NONE,NO_CLICK
11733,0,0,NONE,NO_CLICK
11734,0,0,NONE,NO_CLICK
11735,0,0,NONE,NO_CLICK
11736,0,0,NONE,NO_CLICK
11737,0,0,NONE,NO_CLICK
11738,0,0,NONE,NO_CLICK
11739,0,0,NONE,NO_CLICK
11740,0,0,NONE,NO_CLICK
11741,0,0,NONE,NO_CLICK
11742,0,0,NONE,NO_CLICK
11743,0,0,NONE,NO_CLICK
11744,0,0,NONE,NO_CLICK
11745,0,0,NONE,NO_CLICK
11746,1,0,D1,D1_CLICK
11747,1,0,D1,D1_CLICK
11748,1,0,D1,D1_CLICK
11749,1,0,D1,D1_CLICK
11750,1,0,D1,D1_CLICK
11751,1,0,D1,D1_CLICK
11752,1,0,D1,D1_CLICK
11753,1,0,D1,D1_CLICK
11754,1,0,D1,D1_CLICK
11755,1,0,D1,D1_CLICK
11756,1,0,D1,D1_CLICK
11757,1,0,D1,D1_CLICK
11758,1,0,D1,D1_CLICK
11759,1,0,D1,D1_CLICK
11760,1,0,D1,D1_CLICK
11761,1,0,D1,D1_CLICK
11762,1,0,D1,D1_CLICK
11763,1,0,D1,D1_CLICK
11764,1,0,D1,D1_CLICK
11765,1,0,D1,D1_CLICK
11766,1,0,D1,D1_CLICK
11767,1,0,D1,D1_CLICK
11768,1,0,D1,D1_CLICK
11769,1,0,D1,D1_CLICK
11770,1,0,D1,D1_CLICK
11771,1,0,D1,D1_CLICK
11772,1,0,D1,D1_CLICK
11773,1,0,D1,D1_CLICK
11774,1,0,D1,D1_CLICK
11775,1,0,D1,D1_CLICK
11776,1,0,D1,D1_CLICK
11777,1,0,D1,D1_CLICK
11778,1,0,D1,D1_CLICK
11779,1,0,D1,D1_CLICK
11780,1,0,D1,D1_CLICK
11781,1,0,D1,D1_CLICK
11782,1,0,D1,D1_CLICK
11783,1,0,D1,D1_CLICK
11784,0,0,NONE,NO_CLICK
11785,0,0,NONE,NO_CLICK
11786,0,0,NONE,NO_CLICK
11787,0,0,NONE,NO_CLICK
11788,0,0,NONE,NO_CLICK
11789,0,0,NONE,NO_CLICK
11790,0,0,NONE,NO_CLICK
11791,0,0,NONE,NO_CLICK
11792,0,0,NONE,NO_CLICK
11793,0,0,NONE,NO_CLICK
11794,0,0,NONE,NO_CLICK
11795,0,0,NONE,NO_CLICK
11796,0,0,NONE,NO_CLICK
11797,0,0,NONE,NO_CLICK
11798,0,0,NONE,NO_CLICK
11799,0,0,NONE,NO_CLICK
11800,0,0,NONE,NO_CLICK
11801,0,0,NONE,NO_CLICK
11802,0,0,NONE,NO_CLICK
11803,0,0,NONE,NO_CLICK
11804,0,0,NONE,NO_CLICK
11805,0,0,NONE,NO_CLICK
11806,0,0,NONE,NO_CLICK
11807,0,0,NONE,NO_CLICK
11808,0,0,NONE,NO_CLICK
11809,0,0,NONE,NO_CLICK
11810,0,0,NONE,NO_CLICK
11811,0,0,NONE,NO_CLICK
11812,0,0,NONE,NO_CLICK
11813,0,0,NONE,NO_CLICK
11814,0,0,NONE,NO_CLICK
11815,0,0,NONE,NO_CLICK
11816,0,0,NONE,NO_CLICK
11817,0,0,NONE,NO_CLICK
11818,0,0,NONE,NO_CLICK
11819,0,0,NONE,NO_CLICK
11820,0,0,NONE,NO_CLICK
11821,0,0,NONE,NO_CLICK
11822,0,0,NONE,NO_CLICK
11823,0,0,NONE,NO_CLICK
11824,0,0,NONE,NO_CLICK
11825,0,0,NONE,NO_CLICK
11826,0,0,NONE,NO_CLICK
11827,0,0,NONE,NO_CLICK
11828,0,0,NONE,NO_CLICK
11829,0,0,NONE,NO_CLICK
11830,0,0,NONE,NO_CLICK
11831,0,0,NONE,NO_CLICK
11832,0,0,NONE,NO_CLICK
11833,0,0,NONE,NO_CLICK
11834,0,0,NONE,NO_CLICK
11835,0,0,NONE,NO_CLICK
11836,0,0,NONE,NO_CLICK
11837,0,0,NONE,NO_CLICK
11838,0,0,NONE,NO_CLICK
11839,0,0,NONE,NO_CLICK
11840,0,0,NONE,NO_CLICK
11841,0,0,NONE,NO_CLICK
11842,0,0,NONE,NO_CLICK
11843,0,0,NONE,NO_CLICK
11844,0,0,NONE,NO_CLICK
11845,0,0,NONE,NO_CLICK
11846,0,0,NONE,NO_CLICK
11847,0,0,NONE,NO_CLICK
11848,0,0,NONE,NO_CLICK
11849,0,0,NONE,NO_CLICK
11850,0,0,NONE,NO_CLICK
11851,0,0,NONE,NO_CLICK
11852,0,0,NONE,NO_CLICK
11853,0,0,NONE,NO_CLICK
11854,0,0,NONE,NO_CLICK
11855,0,0,NONE,NO_CLICK
11856,0,0,NONE,NO_CLICK
11857,0,0,NONE,NO_CLICK
11858,0,0,NONE,NO_CLICK
11859,0,0,NONE,NO_CLICK
11860,0,0,NONE,NO_CLICK
11861,0,0,NONE,NO_CLICK
11862,0,0,NONE,NO_CLICK
11863,0,0,NONE,NO_CLICK
11864,0,0,NONE,NO_CLICK
11865,0,0,NONE,NO_CLICK
11866,0,0,NONE,NO_CLICK
11867,0,0,NONE,NO_CLICK
11868,0,0,NONE,NO_CLICK
11869,0,0,NONE,NO_CLICK
11870,0,0,NONE,NO_CLICK
11871,0,0,NONE,NO_CLICK
11872,0,0,NONE,NO_CLICK
11873,0,0,NONE,NO_CLICK
11874,0,0,NONE,NO_CLICK
11875,0,0,NONE,NO_CLICK
11876,0,0,NONE,NO_CLICK
11877,0,0,NONE,NO_CLICK
11878,0,0,NONE,NO_CLICK
11879,0,0,NONE,NO_CLICK
11880,0,0,NONE,NO_CLICK
11881,0,0,NONE,NO_CLICK
11882,0,0,NONE,NO_CLICK
11883,0,0,NONE,NO_CLICK
11884,0,0,NONE,NO_CLICK
11885,0,0,NONE,NO_CLICK
11886,0,0,NONE,NO_CLICK
11887,0,0,NONE,NO_CLICK
11888,0,0,NONE,NO_CLICK
11889,0,0,NONE,NO_CLICK
11890,0,0,NONE,NO_CLICK
11891,0,0,NONE,NO_CLICK
11892,0,0,NONE,NO_CLICK
11893,0,0,NONE,NO_CLICK
11894,0,0,NONE,NO_CLICK
11895,0,0,NONE,NO_CLICK
11896,0,0,NONE,NO_CLICK
11897,0,0,NONE,NO_CLICK
11898,0,0,NONE,NO_CLICK
11899,0,0,NONE,NO_CLICK
11900,0,0,NONE,NO_CLICK
11901,0,0,NONE,NO_CLICK
11902,0,0,NONE,NO_CLICK
11903,0,0,NONE,NO_CLICK
11904,0,0,NONE,NO_CLICK
11905,0,0,NONE,NO_CLICK
11906,0,1,D2,D2_CLICK
11907,0,1,D2,D2_CLICK
11908,0,1,D2,D2_CLICK
11909,0,1,D2,D2_CLICK
11910,0,1,D2,D2_CLICK
11911,0,1,D2,D2_CLICK
11912,0,1,D2,D2_CLICK
11913,0,1,D2,D2_CLICK
11914,0,1,D2,D2_CLICK
11915,0,1,D2,D2_CLICK
11916,0,1,D2,D2_CLICK
11917,0,1,D2,D2_CLICK
11918,0,1,D2,D2_CLICK
11919,0,1,D2,D2_CLICK
11920,0,1,D2,D2_CLICK
11921,0,1,D2,D2_CLICK
11922,0,1,D2,D2_CLICK
11923,0,1,D2,D2_CLICK
11924,0,1,D2,D2_CLICK
11925,0,1,D2,D2_CLICK
11926,0,1,D2,D2_CLICK
11927,0,1,D2,D2_CLICK
11928,0,1,D2,D2_CLICK
11929,0,1,D2,D2_CLICK
11930,0,1,D2,D2_CLICK
11931,0,1,D2,D2_CLICK
11932,0,1,D2,D2_CLICK
11933,0,1,D2,D2_CLICK
11934,0,1,D2,D2_CLICK
11935,0,1,D2,D2_CLICK
11936,0,1,D2,D2_CLICK
11937,0,1,D2,D2_CLICK
11938,0,1,D2,D2_CLICK
11939,0,1,D2,D2_CLICK
11940,0,1,D2,D2_CLICK
11941,0,1,D2,D2_CLICK
11942,0,1,D2,D2_CLICK
11943,0,1,D2,D2_CLICK
11944,0,0,NONE,NO_CLICK
11945,0,0,NONE,NO_CLICK
11946,0,0,NONE,NO_CLICK
11947,0,0,NONE,NO_CLICK
11948,0,0,NONE,NO_CLICK
11949,0,0,NONE,NO_CLICK
11950,0,0,NONE,NO_CLICK
11951,0,0,NONE,NO_CLICK
11952,0,0,NONE,NO_CLICK
11953,0,0,NONE,NO_CLICK
11954,0,0,NONE,NO_CLICK
11955,0,0,NONE,NO_CLICK
11956,0,0,NONE,NO_CLICK
11957,0,0,NONE,NO_CLICK
11958,0,0,NONE,NO_CLICK
11959,0,0,NONE,NO_CLICK
11960,0,0,NONE,NO_CLICK
11961,0,0,NONE,NO_CLICK
11962,0,0,NONE,NO_CLICK
11963,0,0,NONE,NO_CLICK
11964,0,0,NONE,NO_CLICK
11965,0,0,NONE,NO_CLICK
11966,0,0,NONE,NO_CLICK
11967,0,0,NONE,NO_CLICK
11968,0,0,NONE,NO_CLICK
11969,0,0,NONE,NO_CLICK
11970,0,0,NONE,NO_CLICK
11971,0,0,NONE,NO_CLICK
11972,0,0,NONE,NO_CLICK
11973,0,0,NONE,NO_CLICK
11974,0,0,NONE,NO_CLICK
11975,0,0,NONE,NO_CLICK
11976,0,0,NONE,NO_CLICK
11977,0,0,NONE,NO_CLICK
11978,0,0,NONE,NO_CLICK
11979,0,0,NONE,NO_CLICK
11980,0,0,NONE,NO_CLICK
11981,0,0,NONE,NO_CLICK
11982,0,0,NONE,NO_CLICK
11983,0,0,NONE,NO_CLICK
11984,0,0,NONE,NO_CLICK
11985,0,0,NONE,NO_CLICK
11986,0,0,NONE,NO_CLICK
11987,0,0,NONE,NO_CLICK
11988,0,0,NONE,NO_CLICK
11989,0,0,NONE,NO_CLICK
11990,0,0,NONE,NO_CLICK
11991,0,0,NONE,NO_CLICK
11992,0,0,NONE,NO_CLICK
11993,0,0,NONE,NO_CLICK
11994,0,0,NONE,NO_CLICK
11995,0,0,NONE,NO_CLICK
11996,0,0,NONE,NO_CLICK
11997,0,0,NONE,NO_CLICK
11998,0,0,NONE,NO_CLICK
11999,0,0,NONE,NO_CLICK
12000,0,0,NONE,NO_CLICK
12001,0,0,NONE,NO_CLICK
12002,0,1,D2,D2_CLICK
12003,0,1,D2,D2_CLICK
12004,0,1,D2,D2_CLICK
12005,0,1,D2,D2_CLICK
12006,0,1,D2,D2_CLICK
12007,0,1,D2,D2_CLICK
12008,0,1,D2,D2_CLICK
12009,0,1,D2,D2_CLICK
12010,0,1,D2,D2_CLICK
12011,0,1,D2,D2_CLICK
12012,0,1,D2,D2_CLICK
12013,0,1,D2,D2_CLICK
12014,0,1,D2,D2_CLICK
12015,0,1,D2,D2_CLICK
12016,0,1,D2,D2_CLICK
12017,0,1,D2,D2_CLICK
12018,0,1,D2,D2_CLICK
12019,0,1,D2,D2_CLICK
12020,0,1,D2,D2_CLICK
12021,0,1,D2,D2_CLICK
12022,0,1,D2,D2_CLICK
12023,0,1,D2,D2_CLICK
12024,0,1,D2,D2_CLICK
12025,0,1,D2,D2_CLICK
12026,0,1,D2,D2_CLICK
12027,0,1,D2,D2_CLICK
12028,0,1,D2,D2_CLICK
12029,0,1,D2,D2_CLICK
12030,0,1,D2,D2_CLICK
12031,0,1,D2,D2_CLICK
12032,0,1,D2,D2_CLICK
12033,0,1,D2,D2_CLICK
12034,0,1,D2,D2_CLICK
12035,0,1,D2,D2_CLICK
12036,0,1,D2,D2_CLICK
12037,0,1,D2,D2_CLICK
12038,0,1,D2,D2_CLICK
12039,0,1,D2,D2_CLICK
12040,0,0,NONE,NO_CLICK
12041,0,0,NONE,NO_CLICK
12042,0,0,NONE,NO_CLICK
12043,0,0,NONE,NO_CLICK
12044,0,0,NONE,NO_CLICK
12045,0,0,NONE,NO_CLICK
12046,0,0,NONE,NO_CLICK
12047,0,0,NONE,NO_CLICK
12048,0,0,NONE,NO_CLICK
12049,0,0,NONE,NO_CLICK
12050,0,0,NONE,NO_CLICK
12051,0,0,NONE,NO_CLICK
12052,0,0,NONE,NO_CLICK
12053,0,0,NONE,NO_CLICK
12054,0,0,NONE,NO_CLICK
12055,0,0,NONE,NO_CLICK
12056,0,0,NONE,NO_CLICK
12057,0,0,NONE,NO_CLICK
12058,0,0,NONE,NO_CLICK
12059,0,0,NONE,NO_CLICK
12060,0,0,NONE,NO_CLICK
12061,0,0,NONE,NO_CLICK
12062,0,0,NONE,NO_CLICK
12063,0,0,NONE,NO_CLICK
12064,0,0,NONE,NO_CLICK
12065,0,0,NONE,NO_CLICK
12066,0,0,NONE,NO_CLICK
12067,0,0,NONE,NO_CLICK
12068,0,0,NONE,NO_CLICK
12069,0,0,NONE,NO_CLICK
12070,0,0,NONE,NO_CLICK
12071,0,0,NONE,NO_CLICK
12072,0,0,NONE,NO_CLICK
12073,0,0,NONE,NO_CLICK
12074,0,0,NONE,NO_CLICK
12075,0,0,NONE,NO_CLICK
12076,0,0,NONE,NO_CLICK
12077,0,0,NONE,NO_CLICK
12078,0,0,NONE,NO_CLICK
12079,0,0,NONE,NO_CLICK
12080,0,0,NONE,NO_CLICK
12081,0,0,NONE,NO_CLICK
12082,0,0,NONE,NO_CLICK
12083,0,0,NONE,NO_CLICK
12084,0,0,NONE,NO_CLICK
12085,0,0,NONE,NO_CLICK
12086,0,0,NONE,NO_CLICK
12087,0,0,NONE,NO_CLICK
12088,0,0,NONE,NO_CLICK
12089,0,0,NONE,NO_CLICK
12090,0,0,NONE,NO_CLICK
12091,0,0,NONE,NO_CLICK
12092,0,0,NONE,NO_CLICK
12093,0,0,NONE,NO_CLICK
12094,0,0,NONE,NO_CLICK
12095,0,0,NONE,NO_CLICK
12096,0,0,NONE,NO_CLICK
12097,0,0,NONE,NO_CLICK
12098,0,0,NONE,NO_CLICK
12099,0,0,NONE,NO_CLICK
12100,0,0,NONE,NO_CLICK
12101,0,0,NONE,NO_CLICK
12102,0,0,NONE,NO_CLICK
12103,0,0,NONE,NO_CLICK
12104,0,0,NONE,NO_CLICK
12105,0,0,NONE,NO_CLICK
12106,0,0,NONE,NO_CLICK
12107,0,0,NONE,NO_CLICK
12108,0,0,NONE,NO_CLICK
12109,0,0,NONE,NO_CLICK
12110,0,0,NONE,NO_CLICK
12111,0,0,NONE,NO_CLICK
12112,0,0,NONE,NO_CLICK
12113,0,0,NONE,NO_CLICK
12114,0,0,NONE,NO_CLICK
12115,0,0,NONE,NO_CLICK
12116,0,0,NONE,NO_CLICK
12117,0,0,NONE,NO_CLICK
12118,0,0,NONE,NO_CLICK
12119,0,0,NONE,NO_CLICK
12120,0,0,NONE,NO_CLICK
12121,0,0,NONE,NO_CLICK
12122,0,0,NONE,NO_CLICK
12123,0,0,NONE,NO_CLICK
12124,0,0,NONE,NO_CLICK
12125,0,0,NONE,NO_CLICK
12126,0,0,NONE,NO_CLICK
12127,0,0,NONE,NO_CLICK
12128,0,0,NONE,NO_CLICK
12129,0,0,NONE,NO_CLICK
12130,0,0,NONE,NO_CLICK
12131,0,0,NONE,NO_CLICK
12132,0,0,NONE,NO_CLICK
12133,0,0,NONE,NO_CLICK
12134,0,0,NONE,NO_CLICK
12135,0,0,NONE,NO_CLICK
12136,0,0,NONE,NO_CLICK
12137,0,0,NONE,NO_CLICK
12138,0,0,NONE,NO_CLICK
12139,0,0,NONE,NO_CLICK
12140,0,0,NONE,NO_CLICK
12141,0,0,NONE,NO_CLICK
12142,0,0,NONE,NO_CLICK
12143,0,0,NONE,NO_CLICK
12144,0,0,NONE,NO_CLICK
12145,0,0,NONE,NO_CLICK
12146,0,0,NONE,NO_CLICK
12147,0,0,NONE,NO_CLICK
12148,0,0,NONE,NO_CLICK
12149,0,0,NONE,NO_CLICK
12150,0,0,NONE,NO_CLICK
12151,0,0,NONE,NO_CLICK
12152,0,0,NONE,NO_CLICK
12153,0,0,NONE,NO_CLICK
12154,0,0,NONE,NO_CLICK
12155,0,0,NONE,NO_CLICK
12156,0,0,NONE,NO_CLICK
12157,0,0,NONE,NO_CLICK
12158,0,0,NONE,NO_CLICK
12159,0,0,NONE,NO_CLICK
12160,0,0,NONE,NO_CLICK
12161,0,0,NONE,NO_CLICK
12162,0,0,NONE,NO_CLICK
12163,0,0,NONE,NO_CLICK
12164,0,0,NONE,NO_CLICK
12165,0,0,NONE,NO_CLICK
12166,0,0,NONE,NO_CLICK
12167,0,0,NONE,NO_CLICK
12168,0,0,NONE,NO_CLICK
12169,0,0,NONE,NO_CLICK
12170,0,0,NONE,NO_CLICK
12171,0,0,NONE,NO_CLICK
12172,0,0,NONE,NO_CLICK
12173,0,0,NONE,NO_CLICK
12174,0,0,NONE,NO_CLICK
12175,0,0,NONE,NO_CLICK
12176,0,0,NONE,NO_CLICK
12177,0,0,NONE,NO_CLICK
12178,0,0,NONE,NO_CLICK
12179,0,0,NONE,NO_CLICK
12180,0,0,NONE,NO_CLICK
12181,0,0,NONE,NO_CLICK
12182,0,0,NONE,NO_CLICK
12183,0,0,NONE,NO_CLICK
12184,0,0,NONE,NO_CLICK
12185,0,0,NONE,NO_CLICK
12186,0,0,NONE,NO_CLICK
12187,0,0,NONE,NO_CLICK
12188,0,0,NONE,NO_CLICK
12189,0,0,NONE,NO_CLICK
12190,0,0,NONE,NO_CLICK
12191,0,0,NONE,NO_CLICK
12192,0,0,NONE,NO_CLICK
12193,0,0,NONE,NO_CLICK
12194,1,0,D1,D1_CLICK
12195,1,0,D1,D1_CLICK
12196,1,0,D1,D1_CLICK
12197,1,0,D1,D1_CLICK
12198,1,0,D1,D1_CLICK
12199,1,0,D1,D1_CLICK
12200,1,0,D1,D1_CLICK
12201,1,0,D1,D1_CLICK
12202,1,0,D1,D1_CLICK
12203,1,0,D1,D1_CLICK
12204,1,0,D1,D1_CLICK
12205,1,0,D1,D1_CLICK
12206,1,0,D1,D1_CLICK
12207,1,0,D1,D1_CLICK
12208,1,0,D1,D1_CLICK
12209,1,0,D1,D1_CLICK
12210,1,0,D1,D1_CLICK
12211,1,0,D1,D1_CLICK
12212,1,0,D1,D1_CLICK
12213,1,0,D1,D1_CLICK
12214,1,0,D1,D1_CLICK
12215,1,0,D1,D1_CLICK
12216,1,0,D1,D1_CLICK
12217,1,0,D1,D1_CLICK
12218,1,0,D1,D1_CLICK
12219,1,0,D1,D1_CLICK
12220,1,0,D1,D1_CLICK
12221,1,0,D1,D1_CLICK
12222,1,0,D1,D1_CLICK
12223,1,0,D1,D1_CLICK
12224,1,0,D1,D1_CLICK
12225,1,0,D1,D1_CLICK
12226,1,0,D1,D1_CLICK
12227,1,0,D1,D1_CLICK
12228,1,0,D1,D1_CLICK
12229,1,0,D1,D1_CLICK
12230,1,0,D1,D1_CLICK
12231,1,0,D1,D1_CLICK
12232,0,0,NONE,NO_CLICK
12233,0,0,NONE,NO_CLICK
12234,0,0,NONE,NO_CLICK
12235,0,0,NONE,NO_CLICK
12236,0,0,NONE,NO_CLICK
12237,0,0,NONE,NO_CLICK
12238,0,0,NONE,NO_CLICK
12239,0,0,NONE,NO_CLICK
12240,0,0,NONE,NO_CLICK
12241,0,0,NONE,NO_CLICK
12242,0,0,NONE,NO_CLICK
12243,0,0,NONE,NO_CLICK
12244,0,0,NONE,NO_CLICK
12245,0,0,NONE,NO_CLICK
12246,0,0,NONE,NO_CLICK
12247,0,0,NONE,NO_CLICK
12248,0,0,NONE,NO_CLICK
12249,0,0,NONE,NO_CLICK
12250,0,0,NONE,NO_CLICK
12251,0,0,NONE,NO_CLICK
12252,0,0,NONE,NO_CLICK
12253,0,0,NONE,NO_CLICK
12254,0,0,NONE,NO_CLICK
12255,0,0,NONE,NO_CLICK
12256,0,0,NONE,NO_CLICK
12257,0,0,NONE,NO_CLICK
12258,0,0,NONE,NO_CLICK
12259,0,0,NONE,NO_CLICK
12260,0,0,NONE,NO_CLICK
12261,0,0,NONE,NO_CLICK
12262,0,0,NONE,NO_CLICK
12263,0,0,NONE,NO_CLICK
12264,0,0,NONE,NO_CLICK
12265,0,0,NONE,NO_CLICK
12266,0,0,NONE,NO_CLICK
12267,0,0,NONE,NO_CLICK
12268,0,0,NONE,NO_CLICK
12269,0,0,NONE,NO_CLICK
12270,0,0,NONE,NO_CLICK
12271,0,0,NONE,NO_CLICK
12272,0,0,NONE,NO_CLICK
12273,0,0,NONE,NO_CLICK
12274,0,0,NONE,NO_CLICK
12275,0,0,NONE,NO_CLICK
12276,0,0,NONE,NO_CLICK
12277,0,0,NONE,NO_CLICK
12278,0,0,NONE,NO_CLICK
12279,0,0,NONE,NO_CLICK
12280,0,0,NONE,NO_CLICK
12281,0,0,NONE,NO_CLICK
12282,0,0,NONE,NO_CLICK
12283,0,0,NONE,NO_CLICK
12284,0,0,NONE,NO_CLICK
12285,0,0,NONE,NO_CLICK
12286,0,0,NONE,NO_CLICK
12287,0,0,NONE,NO_CLICK
12288,0,0,NONE,NO_CLICK
12289,0,0,NONE,NO_CLICK
12290,0,0,NONE,NO_CLICK
12291,0,0,NONE,NO_CLICK
12292,0,0,NONE,NO_CLICK
12293,0,0,NONE,NO_CLICK
12294,0,0,NONE,NO_CLICK
12295,0,0,NONE,NO_CLICK
12296,0,0,NONE,NO_CLICK
12297,0,0,NONE,NO_CLICK
12298,0,0,NONE,NO_CLICK
12299,0,0,NONE,NO_CLICK
12300,0,0,NONE,NO_CLICK
12301,0,0,NONE,NO_CLICK
12302,0,0,NONE,NO_CLICK
12303,0,0,NONE,NO_CLICK
12304,0,0,NONE,NO_CLICK
12305,0,0,NONE,NO_CLICK
12306,0,0,NONE,NO_CLICK
12307,0,0,NONE,NO_CLICK
12308,0,0,NONE,NO_CLICK
12309,0,0,NONE,NO_CLICK
12310,0,0,NONE,NO_CLICK
12311,0,0,NONE,NO_CLICK
12312,0,0,NONE,NO_CLICK
12313,0,0,NONE,NO_CLICK
12314,0,0,NONE,NO_CLICK
12315,0,0,NONE,NO_CLICK
12316,0,0,NONE,NO_CLICK
12317,0,0,NONE,NO_CLICK
12318,0,0,NONE,NO_CLICK
12319,0,0,NONE,NO_CLICK
12320,0,0,NONE,NO_CLICK
12321,0,0,NONE,NO_CLICK
12322,0,0,NONE,NO_CLICK
12323,0,0,NONE,NO_CLICK
12324,0,0,NONE,NO_CLICK
12325,0,0,NONE,NO_CLICK
12326,0,0,NONE,NO_CLICK
12327,0,0,NONE,NO_CLICK
12328,0,0,NONE,NO_CLICK
12329,0,0,NONE,NO_CLICK
12330,0,0,NONE,NO_CLICK
12331,0,0,NONE,NO_CLICK
12332,0,0,NONE,NO_CLICK
12333,0,0,NONE,NO_CLICK
12334,0,0,NONE,NO_CLICK
12335,0,0,NONE,NO_CLICK
12336,0,0,NONE,NO_CLICK
12337,0,0,NONE,NO_CLICK
12338,0,0,NONE,NO_CLICK
12339,0,0,NONE,NO_CLICK
12340,0,0,NONE,NO_CLICK
12341,0,0,NONE,NO_CLICK
12342,0,0,NONE,NO_CLICK
12343,0,0,NONE,NO_CLICK
12344,0,0,NONE,NO_CLICK
12345,0,0,NONE,NO_CLICK
12346,0,0,NONE,NO_CLICK
12347,0,0,NONE,NO_CLICK
12348,0,0,NONE,NO_CLICK
12349,0,0,NONE,NO_CLICK
12350,0,0,NONE,NO_CLICK
12351,0,0,NONE,NO_CLICK
12352,0,0,NONE,NO_CLICK
12353,0,0,NONE,NO_CLICK
12354,0,0,NONE,NO_CLICK
12355,0,0,NONE,NO_CLICK
12356,0,0,NONE,NO_CLICK
12357,0,0,NONE,NO_CLICK
12358,0,0,NONE,NO_CLICK
12359,0,0,NONE,NO_CLICK
12360,0,0,NONE,NO_CLICK
12361,0,0,NONE,NO_CLICK
12362,0,0,NONE,NO_CLICK
12363,0,0,NONE,NO_CLICK
12364,0,0,NONE,NO_CLICK
12365,0,0,NONE,NO_CLICK
12366,0,0,NONE,NO_CLICK
12367,0,0,NONE,NO_CLICK
12368,0,0,NONE,NO_CLICK
12369,0,0,NONE,NO_CLICK
12370,0,0,NONE,NO_CLICK
12371,0,0,NONE,NO_CLICK
12372,0,0,NONE,NO_CLICK
12373,0,0,NONE,NO_CLICK
12374,0,0,NONE,NO_CLICK
12375,0,0,NONE,NO_CLICK
12376,0,0,NONE,NO_CLICK
12377,0,0,NONE,NO_CLICK
12378,0,0,NONE,NO_CLICK
12379,0,0,NONE,NO_CLICK
12380,0,0,NONE,NO_CLICK
12381,0,0,NONE,NO_CLICK
12382,0,0,NONE,NO_CLICK
12383,0,0,NONE,NO_CLICK
12384,0,0,NONE,NO_CLICK
12385,0,0,NONE,NO_CLICK
12386,0,0,NONE,NO_CLICK
12387,0,0,NONE,NO_CLICK
12388,0,0,NONE,NO_CLICK
12389,0,0,NONE,NO_CLICK
12390,0,0,NONE,NO_CLICK
12391,0,0,NONE,NO_CLICK
12392,0,0,NONE,NO_CLICK
12393,0,0,NONE,NO_CLICK
12394,0,0,NONE,NO_CLICK
12395,0,0,NONE,NO_CLICK
12396,0,0,NONE,NO_CLICK
12397,0,0,NONE,NO_CLICK
12398,0,0,NONE,NO_CLICK
12399,0,0,NONE,NO_CLICK
12400,0,0,NONE,NO_CLICK
12401,0,0,NONE,NO_CLICK
12402,0,0,NONE,NO_CLICK
12403,0,0,NONE,NO_CLICK
12404,0,0,NONE,NO_CLICK
12405,0,0,NONE,NO_CLICK
12406,0,0,NONE,NO_CLICK
12407,0,0,NONE,NO_CLICK
12408,0,0,NONE,NO_CLICK
12409,0,0,NONE,NO_CLICK
12410,0,0,NONE,NO_CLICK
12411,0,0,NONE,NO_CLICK
12412,0,0,NONE,NO_CLICK
12413,0,0,NONE,NO_CLICK
12414,0,0,NONE,NO_CLICK
12415,0,0,NONE,NO_CLICK
12416,0,0,NONE,NO_CLICK
12417,0,0,NONE,NO_CLICK
12418,0,0,NONE,NO_CLICK
12419,0,0,NONE,NO_CLICK
12420,0,0,NONE,NO_CLICK
12421,0,0,NONE,NO_CLICK
12422,0,0,NONE,NO_CLICK
12423,0,0,NONE,NO_CLICK
12424,0,0,NONE,NO_CLICK
12425,0,0,NONE,NO_CLICK
12426,0,0,NONE,NO_CLICK
12427,0,0,NONE,NO_CLICK
12428,0,0,NONE,NO_CLICK
12429,0,0,NONE,NO_CLICK
12430,0,0,NONE,NO_CLICK
12431,0,0,NONE,NO_CLICK
12432,0,0,NONE,NO_CLICK
12433,0,0,NONE,NO_CLICK
12434,0,0,NONE,NO_CLICK
12435,0,0,NONE,NO_CLICK
12436,0,0,NONE,NO_CLICK
12437,0,0,NONE,NO_CLICK
12438,0,0,NONE,NO_CLICK
12439,0,0,NONE,NO_CLICK
12440,0,0,NONE,NO_CLICK
12441,0,0,NONE,NO_CLICK
12442,0,0,NONE,NO_CLICK
12443,0,0,NONE,NO_CLICK
12444,0,0,NONE,NO_CLICK
12445,0,0,NONE,NO_CLICK
12446,0,0,NONE,NO_CLICK
12447,0,0,NONE,NO_CLICK
12448,0,0,NONE,NO_CLICK
12449,0,0,NONE,NO_CLICK
12450,0,0,NONE,NO_CLICK
12451,0,0,NONE,NO_CLICK
12452,0,0,NONE,NO_CLICK
12453,0,0,NONE,NO_CLICK
12454,0,0,NONE,NO_CLICK
12455,0,0,NONE,NO_CLICK
12456,0,0,NONE,NO_CLICK
12457,0,0,NONE,NO_CLICK
12458,0,0,NONE,NO_CLICK
12459,0,0,NONE,NO_CLICK
12460,0,0,NONE,NO_CLICK
12461,0,0,NONE,NO_CLICK
12462,0,0,NONE,NO_CLICK
12463,0,0,NONE,NO_CLICK
12464,0,0,NONE,NO_CLICK
12465,0,0,NONE,NO_CLICK
12466,0,0,NONE,NO_CLICK
12467,0,0,NONE,NO_CLICK
12468,0,0,NONE,NO_CLICK
12469,0,0,NONE,NO_CLICK
12470,0,0,NONE,NO_CLICK
12471,0,0,NONE,NO_CLICK
12472,0,0,NONE,NO_CLICK
12473,0,0,NONE,NO_CLICK
12474,0,0,NONE,NO_CLICK
12475,0,0,NONE,NO_CLICK
12476,0,0,NONE,NO_CLICK
12477,0,0,NONE,NO_CLICK
12478,0,0,NONE,NO_CLICK
12479,0,0,NONE,NO_CLICK
12480,0,0,NONE,NO_CLICK
12481,0,0,NONE,NO_CLICK
12482,0,1,D2,D2_CLICK
12483,0,1,D2,D2_CLICK
12484,0,1,D2,D2_CLICK
12485,0,1,D2,D2_CLICK
12486,0,1,D2,D2_CLICK
12487,0,1,D2,D2_CLICK
12488,0,1,D2,D2_CLICK
12489,0,1,D2,D2_CLICK
12490,0,1,D2,D2_CLICK
12491,0,1,D2,D2_CLICK
12492,0,1,D2,D2_CLICK
12493,0,1,D2,D2_CLICK
12494,0,1,D2,D2_CLICK
12495,0,1,D2,D2_CLICK
12496,0,1,D2,D2_CLICK
12497,0,1,D2,D2_CLICK
12498,0,1,D2,D2_CLICK
12499,0,1,D2,D2_CLICK
12500,0,1,D2,D2_CLICK
12501,0,1,D2,D2_CLICK
12502,0,1,D2,D2_CLICK
12503,0,1,D2,D2_CLICK
12504,0,1,D2,D2_CLICK
12505,0,1,D2,D2_CLICK
12506,0,1,D2,D2_CLICK
12507,0,1,D2,D2_CLICK
12508,0,1,D2,D2_CLICK
12509,0,1,D2,D2_CLICK
12510,0,1,D2,D2_CLICK
12511,0,1,D2,D2_CLICK
12512,0,1,D2,D2_CLICK
12513,0,1,D2,D2_CLICK
12514,0,1,D2,D2_CLICK
12515,0,1,D2,D2_CLICK
12516,0,1,D2,D2_CLICK
12517,0,1,D2,D2_CLICK
12518,0,1,D2,D2_CLICK
12519,0,1,D2,D2_CLICK
12520,0,0,NONE,NO_CLICK
12521,0,0,NONE,NO_CLICK
12522,0,0,NONE,NO_CLICK
12523,0,0,NONE,NO_CLICK
12524,0,0,NONE,NO_CLICK
12525,0,0,NONE,NO_CLICK
12526,0,0,NONE,NO_CLICK
12527,0,0,NONE,NO_CLICK
12528,0,0,NONE,NO_CLICK
12529,0,0,NONE,NO_CLICK
12530,0,0,NONE,NO_CLICK
12531,0,0,NONE,NO_CLICK
12532,0,0,NONE,NO_CLICK
12533,0,0,NONE,NO_CLICK
12534,0,0,NONE,NO_CLICK
12535,0,0,NONE,NO_CLICK
12536,0,0,NONE,NO_CLICK
12537,0,0,NONE,NO_CLICK
12538,0,0,NONE,NO_CLICK
12539,0,0,NONE,NO_CLICK
12540,0,0,NONE,NO_CLICK
12541,0,0,NONE,NO_CLICK
12542,0,0,NONE,NO_CLICK
12543,0,0,NONE,NO_CLICK
12544,0,0,NONE,NO_CLICK
12545,0,0,NONE,NO_CLICK
12546,0,0,NONE,NO_CLICK
12547,0,0,NONE,NO_CLICK
12548,0,0,NONE,NO_CLICK
12549,0,0,NONE,NO_CLICK
12550,0,0,NONE,NO_CLICK
12551,0,0,NONE,NO_CLICK
12552,0,0,NONE,NO_CLICK
12553,0,0,NONE,NO_CLICK
12554,0,0,NONE,NO_CLICK
12555,0,0,NONE,NO_CLICK
12556,0,0,NONE,NO_CLICK
12557,0,0,NONE,NO_CLICK
12558,0,0,NONE,NO_CLICK
12559,0,0,NONE,NO_CLICK
12560,0,0,NONE,NO_CLICK
12561,0,0,NONE,NO_CLICK
12562,0,0,NONE,NO_CLICK
12563,0,0,NONE,NO_CLICK
12564,0,0,NONE,NO_CLICK
12565,0,0,NONE,NO_CLICK
12566,0,0,NONE,NO_CLICK
12567,0,0,NONE,NO_CLICK
12568,0,0,NONE,NO_CLICK
12569,0,0,NONE,NO_CLICK
12570,0,0,NONE,NO_CLICK
12571,0,0,NONE,NO_CLICK
12572,0,0,NONE,NO_CLICK
12573,0,0,NONE,NO_CLICK
12574,0,0,NONE,NO_CLICK
12575,0,0,NONE,NO_CLICK
12576,0,0,NONE,NO_CLICK
12577,0,0,NONE,NO_CLICK
12578,1,0,D1,D1_CLICK
12579,1,0,D1,D1_CLICK
12580,1,0,D1,D1_CLICK
12581,1,0,D1,D1_CLICK
12582,1,0,D1,D1_CLICK
12583,1,0,D1,D1_CLICK
12584,1,0,D1,D1_CLICK
12585,1,0,D1,D1_CLICK
12586,1,0,D1,D1_CLICK
12587,1,0,D1,D1_CLICK
12588,1,0,D1,D1_CLICK
12589,1,0,D1,D1_CLICK
12590,1,0,D1,D1_CLICK
12591,1,0,D1,D1_CLICK
12592,1,0,D1,D1_CLICK
12593,1,0,D1,D1_CLICK
12594,1,0,D1,D1_CLICK
12595,1,0,D1,D1_CLICK
12596,1,0,D1,D1_CLICK
12597,1,0,D1,D1_CLICK
12598,1,0,D1,D1_CLICK
12599,1,0,D1,D1_CLICK
12600,1,0,D1,D1_CLICK
12601,1,0,D1,D1_CLICK
12602,1,0,D1,D1_CLICK
12603,1,0,D1,D1_CLICK
12604,1,0,D1,D1_CLICK
12605,1,0,D1,D1_CLICK
12606,1,0,D1,D1_CLICK
12607,1,0,D1,D1_CLICK
12608,1,0,D1,D1_CLICK
12609,1,0,D1,D1_CLICK
12610,1,0,D1,D1_CLICK
12611,1,0,D1,D1_CLICK
12612,1,0,D1,D1_CLICK
12613,1,0,D1,D1_CLICK
12614,1,0,D1,D1_CLICK
12615,1,0,D1,D1_CLICK
12616,0,0,NONE,NO_CLICK
12617,0,0,NONE,NO_CLICK
12618,0,0,NONE,NO_CLICK
12619,0,0,NONE,NO_CLICK
12620,0,0,NONE,NO_CLICK
12621,0,0,NONE,NO_CLICK
12622,0,0,NONE,NO_CLICK
12623,0,0,NONE,NO_CLICK
12624,0,0,NONE,NO_CLICK
12625,0,0,NONE,NO_CLICK
12626,0,0,NONE,NO_CLICK
12627,0,0,NONE,NO_CLICK
12628,0,0,NONE,NO_CLICK
12629,0,0,NONE,NO_CLICK
12630,0,0,NONE,NO_CLICK
12631,0,0,NONE,NO_CLICK
12632,0,0,NONE,NO_CLICK
12633,0,0,NONE,NO_CLICK
12634,0,0,NONE,NO_CLICK
12635,0,0,NONE,NO_CLICK
12636,0,0,NONE,NO_CLICK
12637,0,0,NONE,NO_CLICK
12638,0,0,NONE,NO_CLICK
12639,0,0,NONE,NO_CLICK
12640,0,0,NONE,NO_CLICK
12641,0,0,NONE,NO_CLICK
12642,0,0,NONE,NO_CLICK
12643,0,0,NONE,NO_CLICK
12644,0,0,NONE,NO_CLICK
12645,0,0,NONE,NO_CLICK
12646,0,0,NONE,NO_CLICK
12647,0,0,NONE,NO_CLICK
12648,0,0,NONE,NO_CLICK
12649,0,0,NONE,NO_CLICK
12650,0,0,NONE,NO_CLICK
12651,0,0,NONE,NO_CLICK
12652,0,0,NONE,NO_CLICK
12653,0,0,NONE,NO_CLICK
12654,0,0,NONE,NO_CLICK
12655,0,0,NONE,NO_CLICK
12656,0,0,NONE,NO_CLICK
12657,0,0,NONE,NO_CLICK
12658,0,0,NONE,NO_CLICK
12659,0,0,NONE,NO_CLICK
12660,0,0,NONE,NO_CLICK
12661,0,0,NONE,NO_CLICK
12662,0,0,NONE,NO_CLICK
12663,0,0,NONE,NO_CLICK
12664,0,0,NONE,NO_CLICK
12665,0,0,NONE,NO_CLICK
12666,0,0,NONE,NO_CLICK
12667,0,0,NONE,NO_CLICK
12668,0,0,NONE,NO_CLICK
12669,0,0,NONE,NO_CLICK
12670,0,0,NONE,NO_CLICK
12671,0,0,NONE,NO_CLICK
12672,0,0,NONE,NO_CLICK
12673,0,0,NONE,NO_CLICK
12674,0,0,NONE,NO_CLICK
12675,0,0,NONE,NO_CLICK
12676,0,0,NONE,NO_CLICK
12677,0,0,NONE,NO_CLICK
12678,0,0,NONE,NO_CLICK
12679,0,0,NONE,NO_CLICK
12680,0,0,NONE,NO_CLICK
12681,0,0,NONE,NO_CLICK
12682,0,0,NONE,NO_CLICK
12683,0,0,NONE,NO_CLICK
12684,0,0,NONE,NO_CLICK
12685,0,0,NONE,NO_CLICK
12686,0,0,NONE,NO_CLICK
12687,0,0,NONE,NO_CLICK
12688,0,0,NONE,NO_CLICK
12689,0,0,NONE,NO_CLICK
12690,0,0,NONE,NO_CLICK
12691,0,0,NONE,NO_CLICK
12692,0,0,NONE,NO_CLICK
12693,0,0,NONE,NO_CLICK
12694,0,0,NONE,NO_CLICK
12695,0,0,NONE,NO_CLICK
12696,0,0,NONE,NO_CLICK
12697,0,0,NONE,NO_CLICK
12698,0,0,NONE,NO_CLICK
12699,0,0,NONE,NO_CLICK
12700,0,0,NONE,NO_CLICK
12701,0,0,NONE,NO_CLICK
12702,0,0,NONE,NO_CLICK
12703,0,0,NONE,NO_CLICK
12704,0,0,NONE,NO_CLICK
12705,0,0,NONE,NO_CLICK
12706,0,0,NONE,NO_CLICK
12707,0,0,NONE,NO_CLICK
12708,0,0,NONE,NO_CLICK
12709,0,0,NONE,NO_CLICK
12710,0,0,NONE,NO_CLICK
12711,0,0,NONE,NO_CLICK
12712,0,0,NONE,NO_CLICK
12713,0,0,NONE,NO_CLICK
12714,0,0,NONE,NO_CLICK
12715,0,0,NONE,NO_CLICK
12716,0,0,NONE,NO_CLICK
12717,0,0,NONE,NO_CLICK
12718,0,0,NONE,NO_CLICK
12719,0,0,NONE,NO_CLICK
12720,0,0,NONE,NO_CLICK
12721,0,0,NONE,NO_CLICK
12722,0,0,NONE,NO_CLICK
12723,0,0,NONE,NO_CLICK
12724,0,0,NONE,NO_CLICK
12725,0,0,NONE,NO_CLICK
12726,0,0,NONE,NO_CLICK
12727,0,0,NONE,NO_CLICK
12728,0,0,NONE,NO_CLICK
12729,0,0,NONE,NO_CLICK
12730,0,0,NONE,NO_CLICK
12731,0,0,NONE,NO_CLICK
12732,0,0,NONE,NO_CLICK
12733,0,0,NONE,NO_CLICK
12734,0,0,NONE,NO_CLICK
12735,0,0,NONE,NO_CLICK
12736,0,0,NONE,NO_CLICK
12737,0,0,NONE,NO_CLICK
12738,0,0,NONE,NO_CLICK
12739,0,0,NONE,NO_CLICK
12740,0,0,NONE,NO_CLICK
12741,0,0,NONE,NO_CLICK
12742,0,0,NONE,NO_CLICK
12743,0,0,NONE,NO_CLICK
12744,0,0,NONE,NO_CLICK
12745,0,0,NONE,NO_CLICK
12746,0,0,NONE,NO_CLICK
12747,0,0,NONE,NO_CLICK
12748,0,0,NONE,NO_CLICK
12749,0,0,NONE,NO_CLICK
12750,0,0,NONE,NO_CLICK
12751,0,0,NONE,NO_CLICK
12752,0,0,NONE,NO_CLICK
12753,0,0,NONE,NO_CLICK
12754,0,0,NONE,NO_CLICK
12755,0,0,NONE,NO_CLICK
12756,0,0,NONE,NO_CLICK
12757,0,0,NONE,NO_CLICK
12758,0,0,NONE,NO_CLICK
12759,0,0,NONE,NO_CLICK
12760,0,0,NONE,NO_CLICK
12761,0,0,NONE,NO_CLICK
12762,0,0,NONE,NO_CLICK
12763,0,0,NONE,NO_CLICK
12764,0,0,NONE,NO_CLICK
12765,0,0,NONE,NO_CLICK
12766,0,0,NONE,NO_CLICK
12767,0,0,NONE,NO_CLICK
12768,0,0,NONE,NO_CLICK
12769,0,0,NONE,NO_CLICK
12770,0,0,NONE,NO_CLICK
12771,0,0,NONE,NO_CLICK
12772,0,0,NONE,NO_CLICK
12773,0,0,NONE,NO_CLICK
12774,0,0,NONE,NO_CLICK
12775,0,0,NONE,NO_CLICK
12776,0,0,NONE,NO_CLICK
12777,0,0,NONE,NO_CLICK
12778,0,0,NONE,NO_CLICK
12779,0,0,NONE,NO_CLICK
12780,0,0,NONE,NO_CLICK
12781,0,0,NONE,NO_CLICK
12782,0,0,NONE,NO_CLICK
12783,0,0,NONE,NO_CLICK
12784,0,0,NONE,NO_CLICK
12785,0,0,NONE,NO_CLICK
12786,0,0,NONE,NO_CLICK
12787,0,0,NONE,NO_CLICK
12788,0,0,NONE,NO_CLICK
12789,0,0,NONE,NO_CLICK
12790,0,0,NONE,NO_CLICK
12791,0,0,NONE,NO_CLICK
12792,0,0,NONE,NO_CLICK
12793,0,0,NONE,NO_CLICK
12794,0,0,NONE,NO_CLICK
12795,0,0,NONE,NO_CLICK
12796,0,0,NONE,NO_CLICK
12797,0,0,NONE,NO_CLICK
12798,0,0,NONE,NO_CLICK
12799,0,0,NONE,NO_CLICK
12800,0,0,NONE,NO_CLICK
12801,0,0,NONE,NO_CLICK
12802,0,0,NONE,NO_CLICK
12803,0,0,NONE,NO_CLICK
12804,0,0,NONE,NO_CLICK
12805,0,0,NONE,NO_CLICK
12806,0,0,NONE,NO_CLICK
12807,0,0,NONE,NO_CLICK
12808,0,0,NONE,NO_CLICK
12809,0,0,NONE,NO_CLICK
12810,0,0,NONE,NO_CLICK
12811,0,0,NONE,NO_CLICK
12812,0,0,NONE,NO_CLICK
12813,0,0,NONE,NO_CLICK
12814,0,0,NONE,NO_CLICK
12815,0,0,NONE,NO_CLICK
12816,0,0,NONE,NO_CLICK
12817,0,0,NONE,NO_CLICK
12818,0,0,NONE,NO_CLICK
12819,0,0,NONE,NO_CLICK
12820,0,0,NONE,NO_CLICK
12821,0,0,NONE,NO_CLICK
12822,0,0,NONE,NO_CLICK
12823,0,0,NONE,NO_CLICK
12824,0,0,NONE,NO_CLICK
12825,0,0,NONE,NO_CLICK
12826,0,0,NONE,NO_CLICK
12827,0,0,NONE,NO_CLICK
12828,0,0,NONE,NO_CLICK
12829,0,0,NONE,NO_CLICK
12830,0,0,NONE,NO_CLICK
12831,0,0,NONE,NO_CLICK
12832,0,0,NONE,NO_CLICK
12833,0,0,NONE,NO_CLICK
12834,0,0,NONE,NO_CLICK
12835,0,0,NONE,NO_CLICK
12836,0,0,NONE,NO_CLICK
12837,0,0,NONE,NO_CLICK
12838,0,0,NONE,NO_CLICK
12839,0,0,NONE,NO_CLICK
12840,0,0,NONE,NO_CLICK
12841,0,0,NONE,NO_CLICK
12842,0,0,NONE,NO_CLICK
12843,0,0,NONE,NO_CLICK
12844,0,0,NONE,NO_CLICK
12845,0,0,NONE,NO_CLICK
12846,0,0,NONE,NO_CLICK
12847,0,0,NONE,NO_CLICK
12848,0,0,NONE,NO_CLICK
12849,0,0,NONE,NO_CLICK
12850,0,0,NONE,NO_CLICK
12851,0,0,NONE,NO_CLICK
12852,0,0,NONE,NO_CLICK
12853,0,0,NONE,NO_CLICK
12854,0,0,NONE,NO_CLICK
12855,0,0,NONE,NO_CLICK
12856,0,0,NONE,NO_CLICK
12857,0,0,NONE,NO_CLICK
12858,0,0,NONE,NO_CLICK
12859,0,0,NONE,NO_CLICK
12860,0,0,NONE,NO_CLICK
12861,0,0,NONE,NO_CLICK
12862,0,0,NONE,NO_CLICK
12863,0,0,NONE,NO_CLICK
12864,0,0,NONE,NO_CLICK
12865,0,0,NONE,NO_CLICK
12866,0,1,D2,D2_CLICK
12867,0,1,D2,D2_CLICK
12868,0,1,D2,D2_CLICK
12869,0,1,D2,D2_CLICK
12870,0,1,D2,D2_CLICK
12871,0,1,D2,D2_CLICK
12872,0,1,D2,D2_CLICK
12873,0,1,D2,D2_CLICK
12874,0,1,D2,D2_CLICK
12875,0,1,D2,D2_CLICK
12876,0,1,D2,D2_CLICK
12877,0,1,D2,D2_CLICK
12878,0,1,D2,D2_CLICK
12879,0,1,D2,D2_CLICK
12880,0,1,D2,D2_CLICK
12881,0,1,D2,D2_CLICK
12882,0,1,D2,D2_CLICK
12883,0,1,D2,D2_CLICK
12884,0,1,D2,D2_CLICK
12885,0,1,D2,D2_CLICK
12886,0,1,D2,D2_CLICK
12887,0,1,D2,D2_CLICK
12888,0,1,D2,D2_CLICK
12889,0,1,D2,D2_CLICK
12890,0,1,D2,D2_CLICK
12891,0,1,D2,D2_CLICK
12892,0,1,D2,D2_CLICK
12893,0,1,D2,D2_CLICK
12894,0,1,D2,D2_CLICK
12895,0,1,D2,D2_CLICK
12896,0,1,D2,D2_CLICK
12897,0,1,D2,D2_CLICK
12898,1,1,BOTH,DOUBLE_CLICK
12899,1,1,BOTH,DOUBLE_CLICK
12900,1,1,BOTH,DOUBLE_CLICK
12901,1,1,BOTH,DOUBLE_CLICK
12902,1,1,BOTH,DOUBLE_CLICK
12903,1,1,BOTH,DOUBLE_CLICK
12904,1,0,D1,D1_CLICK
12905,1,0,D1,D1_CLICK
12906,1,0,D1,D1_CLICK
12907,1,0,D1,D1_CLICK
12908,1,0,D1,D1_CLICK
12909,1,0,D1,D1_CLICK
12910,1,0,D1,D1_CLICK
12911,1,0,D1,D1_CLICK
12912,1,0,D1,D1_CLICK
12913,1,0,D1,D1_CLICK
12914,1,0,D1,D1_CLICK
12915,1,0,D1,D1_CLICK
12916,1,0,D1,D1_CLICK
12917,1,0,D1,D1_CLICK
12918,1,0,D1,D1_CLICK
12919,1,0,D1,D1_CLICK
12920,1,0,D1,D1_CLICK
12921,1,0,D1,D1_CLICK
12922,1,0,D1,D1_CLICK
12923,1,0,D1,D1_CLICK
12924,1,0,D1,D1_CLICK
12925,1,0,D1,D1_CLICK
12926,1,0,D1,D1_CLICK
12927,1,0,D1,D1_CLICK
12928,1,0,D1,D1_CLICK
12929,1,0,D1,D1_CLICK
12930,1,0,D1,D1_CLICK
12931,1,0,D1,D1_CLICK
12932,1,0,D1,D1_CLICK
12933,1,0,D1,D1_CLICK
12934,1,0,D1,D1_CLICK
12935,1,0,D1,D1_CLICK
12936,0,0,NONE,NO_CLICK
12937,0,0,NONE,NO_CLICK
12938,0,0,NONE,NO_CLICK
12939,0,0,NONE,NO_CLICK
12940,0,0,NONE,NO_CLICK
12941,0,0,NONE,NO_CLICK
12942,0,0,NONE,NO_CLICK
12943,0,0,NONE,NO_CLICK
12944,0,0,NONE,NO_CLICK
12945,0,0,NONE,NO_CLICK
12946,0,0,NONE,NO_CLICK
12947,0,0,NONE,NO_CLICK
12948,0,0,NONE,NO_CLICK
12949,0,0,NONE,NO_CLICK
12950,0,0,NONE,NO_CLICK
12951,0,0,NONE,NO_CLICK
12952,0,0,NONE,NO_CLICK
12953,0,0,NONE,NO_CLICK
12954,0,0,NONE,NO_CLICK
12955,0,0,NONE,NO_CLICK
12956,0,0,NONE,NO_CLICK
12957,0,0,NONE,NO_CLICK
12958,0,0,NONE,NO_CLICK
12959,0,0,NONE,NO_CLICK
12960,0,0,NONE,NO_CLICK
12961,0,0,NONE,NO_CLICK
12962,0,0,NONE,NO_CLICK
12963,0,0,NONE,NO_CLICK
12964,0,0,NONE,NO_CLICK
12965,0,0,NONE,NO_CLICK
12966,0,0,NONE,NO_CLICK
12967,0,0,NONE,NO_CLICK
12968,0,0,NONE,NO_CLICK
12969,0,0,NONE,NO_CLICK
12970,0,0,NONE,NO_CLICK
12971,0,0,NONE,NO_CLICK
12972,0,0,NONE,NO_CLICK
12973,0,0,NONE,NO_CLICK
12974,0,0,NONE,NO_CLICK
12975,0,0,NONE,NO_CLICK
12976,0,0,NONE,NO_CLICK
12977,0,0,NONE,NO_CLICK
12978,0,0,NONE,NO_CLICK
12979,0,0,NONE,NO_CLICK
12980,0,0,NONE,NO_CLICK
12981,0,0,NONE,NO_CLICK
12982,0,0,NONE,NO_CLICK
12983,0,0,NONE,NO_CLICK
12984,0,0,NONE,NO_CLICK
12985,0,0,NONE,NO_CLICK
12986,0,0,NONE,NO_CLICK
12987,0,0,NONE,NO_CLICK
12988,0,0,NONE,NO_CLICK
12989,0,0,NONE,NO_CLICK
12990,0,0,NONE,NO_CLICK
12991,0,0,NONE,NO_CLICK
12992,0,0,NONE,NO_CLICK
12993,0,0,NONE,NO_CLICK
12994,0,0,NONE,NO_CLICK
12995,0,0,NONE,NO_CLICK
12996,0,0,NONE,NO_CLICK
12997,0,0,NONE,NO_CLICK
12998,0,0,NONE,NO_CLICK
12999,0,0,NONE,NO_CLICK
13000,0,0,NONE,NO_CLICK
13001,0,0,NONE,NO_CLICK
13002,0,0,NONE,NO_CLICK
13003,0,0,NONE,NO_CLICK
13004,0,0,NONE,NO_CLICK
13005,0,0,NONE,NO_CLICK
13006,0,0,NONE,NO_CLICK
13007,0,0,NONE,NO_CLICK
13008,0,0,NONE,NO_CLICK
13009,0,0,NONE,NO_CLICK
13010,0,0,NONE,NO_CLICK
13011,0,0,NONE,NO_CLICK
13012,0,0,NONE,NO_CLICK
13013,0,0,NONE,NO_CLICK
13014,0,0,NONE,NO_CLICK
13015,0,0,NONE,NO_CLICK
13016,0,0,NONE,NO_CLICK
13017,0,0,NONE,NO_CLICK
13018,0,0,NONE,NO_CLICK
13019,0,0,NONE,NO_CLICK
13020,0,0,NONE,NO_CLICK
13021,0,0,NONE,NO_CLICK
13022,0,0,NONE,NO_CLICK
13023,0,0,NONE,NO_CLICK
13024,0,0,NONE,NO_CLICK
13025,0,0,NONE,NO_CLICK
13026,0,0,NONE,NO_CLICK
13027,0,0,NONE,NO_CLICK
13028,0,0,NONE,NO_CLICK
13029,0,0,NONE,NO_CLICK
13030,0,0,NONE,NO_CLICK
13031,0,0,NONE,NO_CLICK
13032,0,0,NONE,NO_CLICK
13033,0,0,NONE,NO_CLICK
13034,0,0,NONE,NO_CLICK
13035,0,0,NONE,NO_CLICK
13036,0,0,NONE,NO_CLICK
13037,0,0,NONE,NO_CLICK
13038,0,0,NONE,NO_CLICK
13039,0,0,NONE,NO_CLICK
13040,0,0,NONE,NO_CLICK
13041,0,0,NONE,NO_CLICK
13042,0,0,NONE,NO_CLICK
13043,0,0,NONE,NO_CLICK
13044,0,0,NONE,NO_CLICK
13045,0,0,NONE,NO_CLICK
13046,0,0,NONE,NO_CLICK
13047,0,0,NONE,NO_CLICK
13048,0,0,NONE,NO_CLICK
13049,0,0,NONE,NO_CLICK
13050,0,0,NONE,NO_CLICK
13051,0,0,NONE,NO_CLICK
13052,0,0,NONE,NO_CLICK
13053,0,0,NONE,NO_CLICK
13054,0,0,NONE,NO_CLICK
13055,0,0,NONE,NO_CLICK
13056,0,0,NONE,NO_CLICK
13057,0,0,NONE,NO_CLICK
13058,0,0,NONE,NO_CLICK
13059,0,0,NONE,NO_CLICK
13060,0,0,NONE,NO_CLICK
13061,0,0,NONE,NO_CLICK
13062,0,0,NONE,NO_CLICK
13063,0,0,NONE,NO_CLICK
13064,0,0,NONE,NO_CLICK
13065,0,0,NONE,NO_CLICK
13066,0,0,NONE,NO_CLICK
13067,0,0,NONE,NO_CLICK
13068,0,0,NONE,NO_CLICK
13069,0,0,NONE,NO_CLICK
13070,0,0,NONE,NO_CLICK
13071,0,0,NONE,NO_CLICK
13072,0,0,NONE,NO_CLICK
13073,0,0,NONE,NO_CLICK
13074,0,0,NONE,NO_CLICK
13075,0,0,NONE,NO_CLICK
13076,0,0,NONE,NO_CLICK
13077,0,0,NONE,NO_CLICK
13078,0,0,NONE,NO_CLICK
13079,0,0,NONE,NO_CLICK
13080,0,0,NONE,NO_CLICK
13081,0,0,NONE,NO_CLICK
13082,0,0,NONE,NO_CLICK
13083,0,0,NONE,NO_CLICK
13084,0,0,NONE,NO_CLICK
13085,0,0,NONE,NO_CLICK
13086,0,0,NONE,NO_CLICK
13087,0,0,NONE,NO_CLICK
13088,0,0,NONE,NO_CLICK
13089,0,0,NONE,NO_CLICK
13090,0,0,NONE,NO_CLICK
13091,0,0,NONE,NO_CLICK
13092,0,0,NONE,NO_CLICK
13093,0,0,NONE,NO_CLICK
13094,0,0,NONE,NO_CLICK
13095,0,0,NONE,NO_CLICK
13096,0,0,NONE,NO_CLICK
13097,0,0,NONE,NO_CLICK
13098,0,0,NONE,NO_CLICK
13099,0,0,NONE,NO_CLICK
13100,0,0,NONE,NO_CLICK
13101,0,0,NONE,NO_CLICK
13102,0,0,NONE,NO_CLICK
13103,0,0,NONE,NO_CLICK
13104,0,0,NONE,NO_CLICK
13105,0,0,NONE,NO_CLICK
13106,0,0,NONE,NO_CLICK
13107,0,0,NONE,NO_CLICK
13108,0,0,NONE,NO_CLICK
13109,0,0,NONE,NO_CLICK
13110,0,0,NONE,NO_CLICK
13111,0,0,NONE,NO_CLICK
13112,0,0,NONE,NO_CLICK
13113,0,0,NONE,NO_CLICK
13114,0,0,NONE,NO_CLICK
13115,0,0,NONE,NO_CLICK
13116,0,0,NONE,NO_CLICK
13117,0,0,NONE,NO_CLICK
13118,0,0,NONE,NO_CLICK
13119,0,0,NONE,NO_CLICK
13120,0,0,NONE,NO_CLICK
13121,0,0,NONE,NO_CLICK
13122,0,0,NONE,NO_CLICK
13123,0,0,NONE,NO_CLICK
13124,0,0,NONE,NO_CLICK
13125,0,0,NONE,NO_CLICK
13126,0,0,NONE,NO_CLICK
13127,0,0,NONE,NO_CLICK
13128,0,0,NONE,NO_CLICK
13129,0,0,NONE,NO_CLICK
13130,0,0,NONE,NO_CLICK
13131,0,0,NONE,NO_CLICK
13132,0,0,NONE,NO_CLICK
13133,0,0,NONE,NO_CLICK
13134,0,0,NONE,NO_CLICK
13135,0,0,NONE,NO_CLICK
13136,0,0,NONE,NO_CLICK
13137,0,0,NONE,NO_CLICK
13138,0,0,NONE,NO_CLICK
13139,0,0,NONE,NO_CLICK
13140,0,0,NONE,NO_CLICK
13141,0,0,NONE,NO_CLICK
13142,0,0,NONE,NO_CLICK
13143,0,0,NONE,NO_CLICK
13144,0,0,NONE,NO_CLICK
13145,0,0,NONE,NO_CLICK
13146,0,0,NONE,NO_CLICK
13147,0,0,NONE,NO_CLICK
13148,0,0,NONE,NO_CLICK
13149,0,0,NONE,NO_CLICK
13150,0,0,NONE,NO_CLICK
13151,0,0,NONE,NO_CLICK
13152,0,0,NONE,NO_CLICK
13153,0,0,NONE,NO_CLICK
13154,1,0,D1,D1_CLICK
13155,1,0,D1,D1_CLICK
13156,1,0,D1,D1_CLICK
13157,1,0,D1,D1_CLICK
13158,1,0,D1,D1_CLICK
13159,1,0,D1,D1_CLICK
13160,1,0,D1,D1_CLICK
13161,1,0,D1,D1_CLICK
13162,1,0,D1,D1_CLICK
13163,1,0,D1,D1_CLICK
13164,1,0,D1,D1_CLICK
13165,1,0,D1,D1_CLICK
13166,1,0,D1,D1_CLICK
13167,1,0,D1,D1_CLICK
13168,1,0,D1,D1_CLICK
13169,1,0,D1,D1_CLICK
13170,1,0,D1,D1_CLICK
13171,1,0,D1,D1_CLICK
13172,1,0,D1,D1_CLICK
13173,1,0,D1,D1_CLICK
13174,1,0,D1,D1_CLICK
13175,1,0,D1,D1_CLICK
13176,1,0,D1,D1_CLICK
13177,1,0,D1,D1_CLICK
13178,1,0,D1,D1_CLICK
13179,1,0,D1,D1_CLICK
13180,1,0,D1,D1_CLICK
13181,1,0,D1,D1_CLICK
13182,1,0,D1,D1_CLICK
13183,1,0,D1,D1_CLICK
13184,1,0,D1,D1_CLICK
13185,1,0,D1,D1_CLICK
13186,1,0,D1,D1_CLICK
13187,1,0,D1,D1_CLICK
13188,1,0,D1,D1_CLICK
13189,1,0,D1,D1_CLICK
13190,1,0,D1,D1_CLICK
13191,1,0,D1,D1_CLICK
13192,0,0,NONE,NO_CLICK
13193,0,0,NONE,NO_CLICK
13194,0,0,NONE,NO_CLICK
13195,0,0,NONE,NO_CLICK
13196,0,0,NONE,NO_CLICK
13197,0,0,NONE,NO_CLICK
13198,0,0,NONE,NO_CLICK
13199,0,0,NONE,NO_CLICK
13200,0,0,NONE,NO_CLICK
13201,0,0,NONE,NO_CLICK
13202,0,0,NONE,NO_CLICK
13203,0,0,NONE,NO_CLICK
13204,0,0,NONE,NO_CLICK
13205,0,0,NONE,NO_CLICK
13206,0,0,NONE,NO_CLICK
13207,0,0,NONE,NO_CLICK
13208,0,0,NONE,NO_CLICK
13209,0,0,NONE,NO_CLICK
13210,0,0,NONE,NO_CLICK
13211,0,0,NONE,NO_CLICK
13212,0,0,NONE,NO_CLICK
13213,0,0,NONE,NO_CLICK
13214,0,0,NONE,NO_CLICK
13215,0,0,NONE,NO_CLICK
13216,0,0,NONE,NO_CLICK
13217,0,0,NONE,NO_CLICK
13218,0,0,NONE,NO_CLICK
13219,0,0,NONE,NO_CLICK
13220,0,0,NONE,NO_CLICK
13221,0,0,NONE,NO_CLICK
13222,0,0,NONE,NO_CLICK
13223,0,0,NONE,NO_CLICK
13224,0,0,NONE,NO_CLICK
13225,0,0,NONE,NO_CLICK
13226,0,0,NONE,NO_CLICK
13227,0,0,NONE,NO_CLICK
13228,0,0,NONE,NO_CLICK
13229,0,0,NONE,NO_CLICK
13230,0,0,NONE,NO_CLICK
13231,0,0,NONE,NO_CLICK
13232,0,0,NONE,NO_CLICK
13233,0,0,NONE,NO_CLICK
13234,0,0,NONE,NO_CLICK
13235,0,0,NONE,NO_CLICK
13236,0,0,NONE,NO_CLICK
13237,0,0,NONE,NO_CLICK
13238,0,0,NONE,NO_CLICK
13239,0,0,NONE,NO_CLICK
13240,0,0,NONE,NO_CLICK
13241,0,0,NONE,NO_CLICK
13242,0,0,NONE,NO_CLICK
13243,0,0,NONE,NO_CLICK
13244,0,0,NONE,NO_CLICK
13245,0,0,NONE,NO_CLICK
13246,0,0,NONE,NO_CLICK
13247,0,0,NONE,NO_CLICK
13248,0,0,NONE,NO_CLICK
13249,0,0,NONE,NO_CLICK
13250,1,0,D1,D1_CLICK
13251,1,0,D1,D1_CLICK
13252,1,0,D1,D1_CLICK
13253,1,0,D1,D1_CLICK
13254,1,0,D1,D1_CLICK
13255,1,0,D1,D1_CLICK
13256,1,0,D1,D1_CLICK
13257,1,0,D1,D1_CLICK
13258,1,0,D1,D1_CLICK
13259,1,0,D1,D1_CLICK
13260,1,0,D1,D1_CLICK
13261,1,0,D1,D1_CLICK
13262,1,0,D1,D1_CLICK
13263,1,0,D1,D1_CLICK
13264,1,0,D1,D1_CLICK
13265,1,0,D1,D1_CLICK
13266,1,0,D1,D1_CLICK
13267,1,0,D1,D1_CLICK
13268,1,0,D1,D1_CLICK
13269,1,0,D1,D1_CLICK
13270,1,0,D1,D1_CLICK
13271,1,0,D1,D1_CLICK
13272,1,0,D1,D1_CLICK
13273,1,0,D1,D1_CLICK
13274,1,0,D1,D1_CLICK
13275,1,0,D1,D1_CLICK
13276,1,0,D1,D1_CLICK
13277,1,0,D1,D1_CLICK
13278,1,0,D1,D1_CLICK
13279,1,0,D1,D1_CLICK
13280,1,0,D1,D1_CLICK
13281,1,0,D1,D1_CLICK
13282,1,0,D1,D1_CLICK
13283,1,0,D1,D1_CLICK
13284,1,0,D1,D1_CLICK
13285,1,0,D1,D1_CLICK
13286,1,0,D1,D1_CLICK
13287,1,0,D1,D1_CLICK
13288,0,0,NONE,NO_CLICK
13289,0,0,NONE,NO_CLICK
13290,0,0,NONE,NO_CLICK
13291,0,0,NONE,NO_CLICK
13292,0,0,NONE,NO_CLICK
13293,0,0,NONE,NO_CLICK
13294,0,0,NONE,NO_CLICK
13295,0,0,NONE,NO_CLICK
13296,0,0,NONE,NO_CLICK
13297,0,0,NONE,NO_CLICK
13298,0,0,NONE,NO_CLICK
13299,0,0,NONE,NO_CLICK
13300,0,0,NONE,NO_CLICK
13301,0,0,NONE,NO_CLICK
13302,0,0,NONE,NO_CLICK
13303,0,0,NONE,NO_CLICK
13304,0,0,NONE,NO_CLICK
13305,0,0,NONE,NO_CLICK
13306,0,0,NONE,NO_CLICK
13307,0,0,NONE,NO_CLICK
13308,0,0,NONE,NO_CLICK
13309,0,0,NONE,NO_CLICK
13310,0,0,NONE,NO_CLICK
13311,0,0,NONE,NO_CLICK
13312,0,0,NONE,NO_CLICK
13313,0,0,NONE,NO_CLICK
13314,0,1,D2,D2_CLICK
13315,0,1,D2,D2_CLICK
13316,0,1,D2,D2_CLICK
13317,0,1,D2,D2_CLICK
13318,0,1,D2,D2_CLICK
13319,0,1,D2,D2_CLICK
13320,0,1,D2,D2_CLICK
13321,0,1,D2,D2_CLICK
13322,0,1,D2,D2_CLICK
13323,0,1,D2,D2_CLICK
13324,0,1,D2,D2_CLICK
13325,0,1,D2,D2_CLICK
13326,0,1,D2,D2_CLICK
13327,0,1,D2,D2_CLICK
13328,0,1,D2,D2_CLICK
13329,0,1,D2,D2_CLICK
13330,0,1,D2,D2_CLICK
13331,0,1,D2,D2_CLICK
13332,0,1,D2,D2_CLICK
13333,0,1,D2,D2_CLICK
13334,0,1,D2,D2_CLICK
13335,0,1,D2,D2_CLICK
13336,0,1,D2,D2_CLICK
13337,0,1,D2,D2_CLICK
13338,0,1,D2,D2_CLICK
13339,0,1,D2,D2_CLICK
13340,0,1,D2,D2_CLICK
13341,0,1,D2,D2_CLICK
13342,0,1,D2,D2_CLICK
13343,0,1,D2,D2_CLICK
13344,0,1,D2,D2_CLICK
13345,0,1,D2,D2_CLICK
13346,0,1,D2,D2_CLICK
13347,0,1,D2,D2_CLICK
13348,0,1,D2,D2_CLICK
13349,0,1,D2,D2_CLICK
13350,0,1,D2,D2_CLICK
13351,0,1,D2,D2_CLICK
13352,0,0,NONE,NO_CLICK
13353,0,0,NONE,NO_CLICK
13354,0,0,NONE,NO_CLICK
13355,0,0,NONE,NO_CLICK
13356,0,0,NONE,NO_CLICK
13357,0,0,NONE,NO_CLICK
13358,0,0,NONE,NO_CLICK
13359,0,0,NONE,NO_CLICK
13360,0,0,NONE,NO_CLICK
13361,0,0,NONE,NO_CLICK
13362,0,0,NONE,NO_CLICK
13363,0,0,NONE,NO_CLICK
13364,0,0,NONE,NO_CLICK
13365,0,0,NONE,NO_CLICK
13366,0,0,NONE,NO_CLICK
13367,0,0,NONE,NO_CLICK
13368,0,0,NONE,NO_CLICK
13369,0,0,NONE,NO_CLICK
13370,0,0,NONE,NO_CLICK
13371,0,0,NONE,NO_CLICK
13372,0,0,NONE,NO_CLICK
13373,0,0,NONE,NO_CLICK
13374,0,0,NONE,NO_CLICK
13375,0,0,NONE,NO_CLICK
13376,0,0,NONE,NO_CLICK
13377,0,0,NONE,NO_CLICK
13378,0,0,NONE,NO_CLICK
13379,0,0,NONE,NO_CLICK
13380,0,0,NONE,NO_CLICK
13381,0,0,NONE,NO_CLICK
13382,0,0,NONE,NO_CLICK
13383,0,0,NONE,NO_CLICK
13384,0,0,NONE,NO_CLICK
13385,0,0,NONE,NO_CLICK
13386,0,0,NONE,NO_CLICK
13387,0,0,NONE,NO_CLICK
13388,0,0,NONE,NO_CLICK
13389,0,0,NONE,NO_CLICK
13390,0,0,NONE,NO_CLICK
13391,0,0,NONE,NO_CLICK
13392,0,0,NONE,NO_CLICK
13393,0,0,NONE,NO_CLICK
13394,0,0,NONE,NO_CLICK
13395,0,0,NONE,NO_CLICK
13396,0,0,NONE,NO_CLICK
13397,0,0,NONE,NO_CLICK
13398,0,0,NONE,NO_CLICK
13399,0,0,NONE,NO_CLICK
13400,0,0,NONE,NO_CLICK
13401,0,0,NONE,NO_CLICK
13402,0,0,NONE,NO_CLICK
13403,0,0,NONE,NO_CLICK
13404,0,0,NONE,NO_CLICK
13405,0,0,NONE,NO_CLICK
13406,0,0,NONE,NO_CLICK
13407,0,0,NONE,NO_CLICK
13408,0,0,NONE,NO_CLICK
13409,0,0,NONE,NO_CLICK
13410,0,0,NONE,NO_CLICK
13411,0,0,NONE,NO_CLICK
13412,0,0,NONE,NO_CLICK
13413,0,0,NONE,NO_CLICK
13414,0,0,NONE,NO_CLICK
13415,0,0,NONE,NO_CLICK
13416,0,0,NONE,NO_CLICK
13417,0,0,NONE,NO_CLICK
13418,0,0,NONE,NO_CLICK
13419,0,0,NONE,NO_CLICK
13420,0,0,NONE,NO_CLICK
13421,0,0,NONE,NO_CLICK
13422,0,0,NONE,NO_CLICK
13423,0,0,NONE,NO_CLICK
13424,0,0,NONE,NO_CLICK
13425,0,0,NONE,NO_CLICK
13426,0,0,NONE,NO_CLICK
13427,0,0,NONE,NO_CLICK
13428,0,0,NONE,NO_CLICK
13429,0,0,NONE,NO_CLICK
13430,0,0,NONE,NO_CLICK
13431,0,0,NONE,NO_CLICK
13432,0,0,NONE,NO_CLICK
13433,0,0,NONE,NO_CLICK
13434,0,0,NONE,NO_CLICK
13435,0,0,NONE,NO_CLICK
13436,0,0,NONE,NO_CLICK
13437,0,0,NONE,NO_CLICK
13438,0,0,NONE,NO_CLICK
13439,0,0,NONE,NO_CLICK
13440,0,0,NONE,NO_CLICK
13441,0,0,NONE,NO_CLICK
13442,0,0,NONE,NO_CLICK
13443,0,0,NONE,NO_CLICK
13444,0,0,NONE,NO_CLICK
13445,0,0,NONE,NO_CLICK
13446,0,0,NONE,NO_CLICK
13447,0,0,NONE,NO_CLICK
13448,0,0,NONE,NO_CLICK
13449,0,0,NONE,NO_CLICK
13450,0,0,NONE,NO_CLICK
13451,0,0,NONE,NO_CLICK
13452,0,0,NONE,NO_CLICK
13453,0,0,NONE,NO_CLICK
13454,0,0,NONE,NO_CLICK
13455,0,0,NONE,NO_CLICK
13456,0,0,NONE,NO_CLICK
13457,0,0,NONE,NO_CLICK
13458,0,0,NONE,NO_CLICK
13459,0,0,NONE,NO_CLICK
13460,0,0,NONE,NO_CLICK
13461,0,0,NONE,NO_CLICK
13462,0,0,NONE,NO_CLICK
13463,0,0,NONE,NO_CLICK
13464,0,0,NONE,NO_CLICK
13465,0,0,NONE,NO_CLICK
13466,0,0,NONE,NO_CLICK
13467,0,0,NONE,NO_CLICK
13468,0,0,NONE,NO_CLICK
13469,0,0,NONE,NO_CLICK
13470,0,0,NONE,NO_CLICK
13471,0,0,NONE,NO_CLICK
13472,0,0,NONE,NO_CLICK
13473,0,0,NONE,NO_CLICK
13474,0,0,NONE,NO_CLICK
13475,0,0,NONE,NO_CLICK
13476,0,0,NONE,NO_CLICK
13477,0,0,NONE,NO_CLICK
13478,0,0,NONE,NO_CLICK
13479,0,0,NONE,NO_CLICK
13480,0,0,NONE,NO_CLICK
13481,0,0,NONE,NO_CLICK
13482,0,0,NONE,NO_CLICK
13483,0,0,NONE,NO_CLICK
13484,0,0,NONE,NO_CLICK
13485,0,0,NONE,NO_CLICK
13486,0,0,NONE,NO_CLICK
13487,0,0,NONE,NO_CLICK
13488,0,0,NONE,NO_CLICK
13489,0,0,NONE,NO_CLICK
13490,0,0,NONE,NO_CLICK
13491,0,0,NONE,NO_CLICK
13492,0,0,NONE,NO_CLICK
13493,0,0,NONE,NO_CLICK
13494,0,0,NONE,NO_CLICK
13495,0,0,NONE,NO_CLICK
13496,0,0,NONE,NO_CLICK
13497,0,0,NONE,NO_CLICK
13498,0,0,NONE,NO_CLICK
13499,0,0,NONE,NO_CLICK
13500,0,0,NONE,NO_CLICK
13501,0,0,NONE,NO_CLICK
13502,0,0,NONE,NO_CLICK
13503,0,0,NONE,NO_CLICK
13504,0,0,NONE,NO_CLICK
13505,0,0,NONE,NO_CLICK
13506,0,0,NONE,NO_CLICK
13507,0,0,NONE,NO_CLICK
13508,0,0,NONE,NO_CLICK
13509,0,0,NONE,NO_CLICK
13510,0,0,NONE,NO_CLICK
13511,0,0,NONE,NO_CLICK
13512,0,0,NONE,NO_CLICK
13513,0,0,NONE,NO_CLICK
13514,0,0,NONE,NO_CLICK
13515,0,0,NONE,NO_CLICK
13516,0,0,NONE,NO_CLICK
13517,0,0,NONE,NO_CLICK
13518,0,0,NONE,NO_CLICK
13519,0,0,NONE,NO_CLICK
13520,0,0,NONE,NO_CLICK
13521,0,0,NONE,NO_CLICK
13522,0,0,NONE,NO_CLICK
13523,0,0,NONE,NO_CLICK
13524,0,0,NONE,NO_CLICK
13525,0,0,NONE,NO_CLICK
13526,0,0,NONE,NO_CLICK
13527,0,0,NONE,NO_CLICK
13528,0,0,NONE,NO_CLICK
13529,0,0,NONE,NO_CLICK
13530,0,0,NONE,NO_CLICK
13531,0,0,NONE,NO_CLICK
13532,0,0,NONE,NO_CLICK
13533,0,0,NONE,NO_CLICK
13534,0,0,NONE,NO_CLICK
13535,0,0,NONE,NO_CLICK
13536,0,0,NONE,NO_CLICK
13537,0,0,NONE,NO_CLICK
13538,0,0,NONE,NO_CLICK
13539,0,0,NONE,NO_CLICK
13540,0,0,NONE,NO_CLICK
13541,0,0,NONE,NO_CLICK
13542,0,0,NONE,NO_CLICK
13543,0,0,NONE,NO_CLICK
13544,0,0,NONE,NO_CLICK
13545,0,0,NONE,NO_CLICK
13546,0,0,NONE,NO_CLICK
13547,0,0,NONE,NO_CLICK
13548,0,0,NONE,NO_CLICK
13549,0,0,NONE,NO_CLICK
13550,0,0,NONE,NO_CLICK
13551,0,0,NONE,NO_CLICK
13552,0,0,NONE,NO_CLICK
13553,0,0,NONE,NO_CLICK
13554,0,0,NONE,NO_CLICK
13555,0,0,NONE,NO_CLICK
13556,0,0,NONE,NO_CLICK
13557,0,0,NONE,NO_CLICK
13558,0,0,NONE,NO_CLICK
13559,0,0,NONE,NO_CLICK
13560,0,0,NONE,NO_CLICK
13561,0,0,NONE,NO_CLICK
13562,0,0,NONE,NO_CLICK
13563,0,0,NONE,NO_CLICK
13564,0,0,NONE,NO_CLICK
13565,0,0,NONE,NO_CLICK
13566,0,0,NONE,NO_CLICK
13567,0,0,NONE,NO_CLICK
13568,0,0,NONE,NO_CLICK
13569,0,0,NONE,NO_CLICK
13570,1,0,D1,D1_CLICK
13571,1,0,D1,D1_CLICK
13572,1,0,D1,D1_CLICK
13573,1,0,D1,D1_CLICK
13574,1,0,D1,D1_CLICK
13575,1,0,D1,D1_CLICK
13576,1,0,D1,D1_CLICK
13577,1,0,D1,D1_CLICK
13578,1,0,D1,D1_CLICK
13579,1,0,D1,D1_CLICK
13580,1,0,D1,D1_CLICK
13581,1,0,D1,D1_CLICK
13582,1,0,D1,D1_CLICK
13583,1,0,D1,D1_CLICK
13584,1,0,D1,D1_CLICK
13585,1,0,D1,D1_CLICK
13586,1,0,D1,D1_CLICK
13587,1,0,D1,D1_CLICK
13588,1,0,D1,D1_CLICK
13589,1,0,D1,D1_CLICK
13590,1,0,D1,D1_CLICK
13591,1,0,D1,D1_CLICK
13592,1,0,D1,D1_CLICK
13593,1,0,D1,D1_CLICK
13594,1,0,D1,D1_CLICK
13595,1,0,D1,D1_CLICK
13596,1,0,D1,D1_CLICK
13597,1,0,D1,D1_CLICK
13598,1,0,D1,D1_CLICK
13599,1,0,D1,D1_CLICK
13600,1,0,D1,D1_CLICK
13601,1,0,D1,D1_CLICK
13602,1,1,BOTH,DOUBLE_CLICK
13603,1,1,BOTH,DOUBLE_CLICK
13604,1,1,BOTH,DOUBLE_CLICK
13605,1,1,BOTH,DOUBLE_CLICK
13606,1,1,BOTH,DOUBLE_CLICK
13607,1,1,BOTH,DOUBLE_CLICK
13608,0,1,D2,D2_CLICK
13609,0,1,D2,D2_CLICK
13610,0,1,D2,D2_CLICK
13611,0,1,D2,D2_CLICK
13612,0,1,D2,D2_CLICK
13613,0,1,D2,D2_CLICK
13614,0,1,D2,D2_CLICK
13615,0,1,D2,D2_CLICK
13616,0,1,D2,D2_CLICK
13617,0,1,D2,D2_CLICK
13618,0,1,D2,D2_CLICK
13619,0,1,D2,D2_CLICK
13620,0,1,D2,D2_CLICK
13621,0,1,D2,D2_CLICK
13622,0,1,D2,D2_CLICK
13623,0,1,D2,D2_CLICK
13624,0,1,D2,D2_CLICK
13625,0,1,D2,D2_CLICK
13626,0,1,D2,D2_CLICK
13627,0,1,D2,D2_CLICK
13628,0,1,D2,D2_CLICK
13629,0,1,D2,D2_CLICK
13630,0,1,D2,D2_CLICK
13631,0,1,D2,D2_CLICK
13632,0,1,D2,D2_CLICK
13633,0,1,D2,D2_CLICK
13634,0,1,D2,D2_CLICK
13635,0,1,D2,D2_CLICK
13636,0,1,D2,D2_CLICK
13637,0,1,D2,D2_CLICK
13638,0,1,D2,D2_CLICK
13639,0,1,D2,D2_CLICK
13640,0,0,NONE,NO_CLICK
13641,0,0,NONE,NO_CLICK
13642,0,0,NONE,NO_CLICK
13643,0,0,NONE,NO_CLICK
13644,0,0,NONE,NO_CLICK
13645,0,0,NONE,NO_CLICK
13646,0,0,NONE,NO_CLICK
13647,0,0,NONE,NO_CLICK
13648,0,0,NONE,NO_CLICK
13649,0,0,NONE,NO_CLICK
13650,0,0,NONE,NO_CLICK
13651,0,0,NONE,NO_CLICK
13652,0,0,NONE,NO_CLICK
13653,0,0,NONE,NO_CLICK
13654,0,0,NONE,NO_CLICK
13655,0,0,NONE,NO_CLICK
13656,0,0,NONE,NO_CLICK
13657,0,0,NONE,NO_CLICK
13658,0,0,NONE,NO_CLICK
13659,0,0,NONE,NO_CLICK
13660,0,0,NONE,NO_CLICK
13661,0,0,NONE,NO_CLICK
13662,0,0,NONE,NO_CLICK
13663,0,0,NONE,NO_CLICK
13664,0,0,NONE,NO_CLICK
13665,0,0,NONE,NO_CLICK
13666,0,1,D2,D2_CLICK
13667,0,1,D2,D2_CLICK
13668,0,1,D2,D2_CLICK
13669,0,1,D2,D2_CLICK
13670,0,1,D2,D2_CLICK
13671,0,1,D2,D2_CLICK
13672,0,1,D2,D2_CLICK
13673,0,1,D2,D2_CLICK
13674,0,1,D2,D2_CLICK
13675,0,1,D2,D2_CLICK
13676,0,1,D2,D2_CLICK
13677,0,1,D2,D2_CLICK
13678,0,1,D2,D2_CLICK
13679,0,1,D2,D2_CLICK
13680,0,1,D2,D2_CLICK
13681,0,1,D2,D2_CLICK
13682,0,1,D2,D2_CLICK
13683,0,1,D2,D2_CLICK
13684,0,1,D2,D2_CLICK
13685,0,1,D2,D2_CLICK
13686,0,1,D2,D2_CLICK
13687,0,1,D2,D2_CLICK
13688,0,1,D2,D2_CLICK
13689,0,1,D2,D2_CLICK
13690,0,1,D2,D2_CLICK
13691,0,1,D2,D2_CLICK
13692,0,1,D2,D2_CLICK
13693,0,1,D2,D2_CLICK
13694,0,1,D2,D2_CLICK
13695,0,1,D2,D2_CLICK
13696,0,1,D2,D2_CLICK
13697,0,1,D2,D2_CLICK
13698,0,1,D2,D2_CLICK
13699,0,1,D2,D2_CLICK
13700,0,1,D2,D2_CLICK
13701,0,1,D2,D2_CLICK
13702,0,1,D2,D2_CLICK
13703,0,1,D2,D2_CLICK
13704,0,0,NONE,NO_CLICK
13705,0,0,NONE,NO_CLICK
13706,0,0,NONE,NO_CLICK
13707,0,0,NONE,NO_CLICK
13708,0,0,NONE,NO_CLICK
13709,0,0,NONE,NO_CLICK
13710,0,0,NONE,NO_CLICK
13711,0,0,NONE,NO_CLICK
13712,0,0,NONE,NO_CLICK
13713,0,0,NONE,NO_CLICK
13714,0,0,NONE,NO_CLICK
13715,0,0,NONE,NO_CLICK
13716,0,0,NONE,NO_CLICK
13717,0,0,NONE,NO_CLICK
13718,0,0,NONE,NO_CLICK
13719,0,0,NONE,NO_CLICK
13720,0,0,NONE,NO_CLICK
13721,0,0,NONE,NO_CLICK
13722,0,0,NONE,NO_CLICK
13723,0,0,NONE,NO_CLICK
13724,0,0,NONE,NO_CLICK
13725,0,0,NONE,NO_CLICK
13726,0,0,NONE,NO_CLICK
13727,0,0,NONE,NO_CLICK
13728,0,0,NONE,NO_CLICK
13729,0,0,NONE,NO_CLICK
13730,0,0,NONE,NO_CLICK
13731,0,0,NONE,NO_CLICK
13732,0,0,NONE,NO_CLICK
13733,0,0,NONE,NO_CLICK
13734,0,0,NONE,NO_CLICK
13735,0,0,NONE,NO_CLICK
13736,0,0,NONE,NO_CLICK
13737,0,0,NONE,NO_CLICK
13738,0,0,NONE,NO_CLICK
13739,0,0,NONE,NO_CLICK
13740,0,0,NONE,NO_CLICK
13741,0,0,NONE,NO_CLICK
13742,0,0,NONE,NO_CLICK
13743,0,0,NONE,NO_CLICK
13744,0,0,NONE,NO_CLICK
13745,0,0,NONE,NO_CLICK
13746,0,0,NONE,NO_CLICK
13747,0,0,NONE,NO_CLICK
13748,0,0,NONE,NO_CLICK
13749,0,0,NONE,NO_CLICK
13750,0,0,NONE,NO_CLICK
13751,0,0,NONE,NO_CLICK
13752,0,0,NONE,NO_CLICK
13753,0,0,NONE,NO_CLICK
13754,0,0,NONE,NO_CLICK
13755,0,0,NONE,NO_CLICK
13756,0,0,NONE,NO_CLICK
13757,0,0,NONE,NO_CLICK
13758,0,0,NONE,NO_CLICK
13759,0,0,NONE,NO_CLICK
13760,0,0,NONE,NO_CLICK
13761,0,0,NONE,NO_CLICK
13762,0,0,NONE,NO_CLICK
13763,0,0,NONE,NO_CLICK
13764,0,0,NONE,NO_CLICK
13765,0,0,NONE,NO_CLICK
13766,0,0,NONE,NO_CLICK
13767,0,0,NONE,NO_CLICK
13768,0,0,NONE,NO_CLICK
13769,0,0,NONE,NO_CLICK
13770,0,0,NONE,NO_CLICK
13771,0,0,NONE,NO_CLICK
13772,0,0,NONE,NO_CLICK
13773,0,0,NONE,NO_CLICK
13774,0,0,NONE,NO_CLICK
13775,0,0,NONE,NO_CLICK
13776,0,0,NONE,NO_CLICK
13777,0,0,NONE,NO_CLICK
13778,0,0,NONE,NO_CLICK
13779,0,0,NONE,NO_CLICK
13780,0,0,NONE,NO_CLICK
13781,0,0,NONE,NO_CLICK
13782,0,0,NONE,NO_CLICK
13783,0,0,NONE,NO_CLICK
13784,0,0,NONE,NO_CLICK
13785,0,0,NONE,NO_CLICK
13786,0,0,NONE,NO_CLICK
13787,0,0,NONE,NO_CLICK
13788,0,0,NONE,NO_CLICK
13789,0,0,NONE,NO_CLICK
13790,0,0,NONE,NO_CLICK
13791,0,0,NONE,NO_CLICK
13792,0,0,NONE,NO_CLICK
13793,0,0,NONE,NO_CLICK
13794,0,0,NONE,NO_CLICK
13795,0,0,NONE,NO_CLICK
13796,0,0,NONE,NO_CLICK
13797,0,0,NONE,NO_CLICK
13798,0,0,NONE,NO_CLICK
13799,0,0,NONE,NO_CLICK
13800,0,0,NONE,NO_CLICK
13801,0,0,NONE,NO_CLICK
13802,0,0,NONE,NO_CLICK
13803,0,0,NONE,NO_CLICK
13804,0,0,NONE,NO_CLICK
13805,0,0,NONE,NO_CLICK
13806,0,0,NONE,NO_CLICK
13807,0,0,NONE,NO_CLICK
13808,0,0,NONE,NO_CLICK
13809,0,0,NONE,NO_CLICK
13810,0,0,NONE,NO_CLICK
13811,0,0,NONE,NO_CLICK
13812,0,0,NONE,NO_CLICK
13813,0,0,NONE,NO_CLICK
13814,0,0,NONE,NO_CLICK
13815,0,0,NONE,NO_CLICK
13816,0,0,NONE,NO_CLICK
13817,0,0,NONE,NO_CLICK
13818,0,0,NONE,NO_CLICK
13819,0,0,NONE,NO_CLICK
13820,0,0,NONE,NO_CLICK
13821,0,0,NONE,NO_CLICK
13822,0,0,NONE,NO_CLICK
13823,0,0,NONE,NO_CLICK
13824,0,0,NONE,NO_CLICK
13825,0,0,NONE,NO_CLICK
13826,0,0,NONE,NO_CLICK
13827,0,0,NONE,NO_CLICK
13828,0,0,NONE,NO_CLICK
13829,0,0,NONE,NO_CLICK
13830,0,0,NONE,NO_CLICK
13831,0,0,NONE,NO_CLICK
13832,0,0,NONE,NO_CLICK
13833,0,0,NONE,NO_CLICK
13834,0,0,NONE,NO_CLICK
13835,0,0,NONE,NO_CLICK
13836,0,0,NONE,NO_CLICK
13837,0,0,NONE,NO_CLICK
13838,0,0,NONE,NO_CLICK
13839,0,0,NONE,NO_CLICK
13840,0,0,NONE,NO_CLICK
13841,0,0,NONE,NO_CLICK
13842,0,0,NONE,NO_CLICK
13843,0,0,NONE,NO_CLICK
13844,0,0,NONE,NO_CLICK
13845,0,0,NONE,NO_CLICK
13846,0,0,NONE,NO_CLICK
13847,0,0,NONE,NO_CLICK
13848,0,0,NONE,NO_CLICK
13849,0,0,NONE,NO_CLICK
13850,0,0,NONE,NO_CLICK
13851,0,0,NONE,NO_CLICK
13852,0,0,NONE,NO_CLICK
13853,0,0,NONE,NO_CLICK
13854,0,0,NONE,NO_CLICK
13855,0,0,NONE,NO_CLICK
13856,0,0,NONE,NO_CLICK
13857,0,0,NONE,NO_CLICK
13858,0,0,NONE,NO_CLICK
13859,0,0,NONE,NO_CLICK
13860,0,0,NONE,NO_CLICK
13861,0,0,NONE,NO_CLICK
13862,0,0,NONE,NO_CLICK
13863,0,0,NONE,NO_CLICK
13864,0,0,NONE,NO_CLICK
13865,0,0,NONE,NO_CLICK
13866,0,0,NONE,NO_CLICK
13867,0,0,NONE,NO_CLICK
13868,0,0,NONE,NO_CLICK
13869,0,0,NONE,NO_CLICK
13870,0,0,NONE,NO_CLICK
13871,0,0,NONE,NO_CLICK
13872,0,0,NONE,NO_CLICK
13873,0,0,NONE,NO_CLICK
13874,0,0,NONE,NO_CLICK
13875,0,0,NONE,NO_CLICK
13876,0,0,NONE,NO_CLICK
13877,0,0,NONE,NO_CLICK
13878,0,0,NONE,NO_CLICK
13879,0,0,NONE,NO_CLICK
13880,0,0,NONE,NO_CLICK
13881,0,0,NONE,NO_CLICK
13882,0,0,NONE,NO_CLICK
13883,0,0,NONE,NO_CLICK
13884,0,0,NONE,NO_CLICK
13885,0,0,NONE,NO_CLICK
13886,0,0,NONE,NO_CLICK
13887,0,0,NONE,NO_CLICK
13888,0,0,NONE,NO_CLICK
13889,0,0,NONE,NO_CLICK
13890,0,0,NONE,NO_CLICK
13891,0,0,NONE,NO_CLICK
13892,0,0,NONE,NO_CLICK
13893,0,0,NONE,NO_CLICK
13894,0,0,NONE,NO_CLICK
13895,0,0,NONE,NO_CLICK
13896,0,0,NONE,NO_CLICK
13897,0,0,NONE,NO_CLICK
13898,0,0,NONE,NO_CLICK
13899,0,0,NONE,NO_CLICK
13900,0,0,NONE,NO_CLICK
13901,0,0,NONE,NO_CLICK
13902,0,0,NONE,NO_CLICK
13903,0,0,NONE,NO_CLICK
13904,0,0,NONE,NO_CLICK
13905,0,0,NONE,NO_CLICK
13906,0,0,NONE,NO_CLICK
13907,0,0,NONE,NO_CLICK
13908,0,0,NONE,NO_CLICK
13909,0,0,NONE,NO_CLICK
13910,0,0,NONE,NO_CLICK
13911,0,0,NONE,NO_CLICK
13912,0,0,NONE,NO_CLICK
13913,0,0,NONE,NO_CLICK
13914,0,0,NONE,NO_CLICK
13915,0,0,NONE,NO_CLICK
13916,0,0,NONE,NO_CLICK
13917,0,0,NONE,NO_CLICK
13918,0,0,NONE,NO_CLICK
13919,0,0,NONE,NO_CLICK
13920,0,0,NONE,NO_CLICK
13921,0,0,NONE,NO_CLICK
13922,1,0,D1,D1_CLICK
13923,1,0,D1,D1_CLICK
13924,1,0,D1,D1_CLICK
13925,1,0,D1,D1_CLICK
13926,1,0,D1,D1_CLICK
13927,1,0,D1,D1_CLICK
13928,1,0,D1,D1_CLICK
13929,1,0,D1,D1_CLICK
13930,1,0,D1,D1_CLICK
13931,1,0,D1,D1_CLICK
13932,1,0,D1,D1_CLICK
13933,1,0,D1,D1_CLICK
13934,1,0,D1,D1_CLICK
13935,1,0,D1,D1_CLICK
13936,1,0,D1,D1_CLICK
13937,1,0,D1,D1_CLICK
13938,1,0,D1,D1_CLICK
13939,1,0,D1,D1_CLICK
13940,1,0,D1,D1_CLICK
13941,1,0,D1,D1_CLICK
13942,1,0,D1,D1_CLICK
13943,1,0,D1,D1_CLICK
13944,1,0,D1,D1_CLICK
13945,1,0,D1,D1_CLICK
13946,1,0,D1,D1_CLICK
13947,1,0,D1,D1_CLICK
13948,1,0,D1,D1_CLICK
13949,1,0,D1,D1_CLICK
13950,1,0,D1,D1_CLICK
13951,1,0,D1,D1_CLICK
13952,1,0,D1,D1_CLICK
13953,1,0,D1,D1_CLICK
13954,1,0,D1,D1_CLICK
13955,1,0,D1,D1_CLICK
13956,1,0,D1,D1_CLICK
13957,1,0,D1,D1_CLICK
13958,1,0,D1,D1_CLICK
13959,1,0,D1,D1_CLICK
13960,0,0,NONE,NO_CLICK
13961,0,0,NONE,NO_CLICK
13962,0,0,NONE,NO_CLICK
13963,0,0,NONE,NO_CLICK
13964,0,0,NONE,NO_CLICK
13965,0,0,NONE,NO_CLICK
13966,0,0,NONE,NO_CLICK
13967,0,0,NONE,NO_CLICK
13968,0,0,NONE,NO_CLICK
13969,0,0,NONE,NO_CLICK
13970,0,0,NONE,NO_CLICK
13971,0,0,NONE,NO_CLICK
13972,0,0,NONE,NO_CLICK
13973,0,0,NONE,NO_CLICK
13974,0,0,NONE,NO_CLICK
13975,0,0,NONE,NO_CLICK
13976,0,0,NONE,NO_CLICK
13977,0,0,NONE,NO_CLICK
13978,0,0,NONE,NO_CLICK
13979,0,0,NONE,NO_CLICK
13980,0,0,NONE,NO_CLICK
13981,0,0,NONE,NO_CLICK
13982,0,0,NONE,NO_CLICK
13983,0,0,NONE,NO_CLICK
13984,0,0,NONE,NO_CLICK
13985,0,0,NONE,NO_CLICK
13986,0,0,NONE,NO_CLICK
13987,0,0,NONE,NO_CLICK
13988,0,0,NONE,NO_CLICK
13989,0,0,NONE,NO_CLICK
13990,0,0,NONE,NO_CLICK
13991,0,0,NONE,NO_CLICK
13992,0,0,NONE,NO_CLICK
13993,0,0,NONE,NO_CLICK
13994,0,0,NONE,NO_CLICK
13995,0,0,NONE,NO_CLICK
13996,0,0,NONE,NO_CLICK
13997,0,0,NONE,NO_CLICK
13998,0,0,NONE,NO_CLICK
13999,0,0,NONE,NO_CLICK
14000,0,0,NONE,NO_CLICK
14001,0,0,NONE,NO_CLICK
14002,0,0,NONE,NO_CLICK
14003,0,0,NONE,NO_CLICK
14004,0,0,NONE,NO_CLICK
14005,0,0,NONE,NO_CLICK
14006,0,0,NONE,NO_CLICK
14007,0,0,NONE,NO_CLICK
14008,0,0,NONE,NO_CLICK
14009,0,0,NONE,NO_CLICK
14010,0,0,NONE,NO_CLICK
14011,0,0,NONE,NO_CLICK
14012,0,0,NONE,NO_CLICK
14013,0,0,NONE,NO_CLICK
14014,0,0,NONE,NO_CLICK
14015,0,0,NONE,NO_CLICK
14016,0,0,NONE,NO_CLICK
14017,0,0,NONE,NO_CLICK
14018,0,0,NONE,NO_CLICK
14019,0,0,NONE,NO_CLICK
14020,0,0,NONE,NO_CLICK
14021,0,0,NONE,NO_CLICK
14022,0,0,NONE,NO_CLICK
14023,0,0,NONE,NO_CLICK
14024,0,0,NONE,NO_CLICK
14025,0,0,NONE,NO_CLICK
14026,0,0,NONE,NO_CLICK
14027,0,0,NONE,NO_CLICK
14028,0,0,NONE,NO_CLICK
14029,0,0,NONE,NO_CLICK
14030,0,0,NONE,NO_CLICK
14031,0,0,NONE,NO_CLICK
14032,0,0,NONE,NO_CLICK
14033,0,0,NONE,NO_CLICK
14034,0,0,NONE,NO_CLICK
14035,0,0,NONE,NO_CLICK
14036,0,0,NONE,NO_CLICK
14037,0,0,NONE,NO_CLICK
14038,0,0,NONE,NO_CLICK
14039,0,0,NONE,NO_CLICK
14040,0,0,NONE,NO_CLICK
14041,0,0,NONE,NO_CLICK
14042,0,0,NONE,NO_CLICK
14043,0,0,NONE,NO_CLICK
14044,0,0,NONE,NO_CLICK
14045,0,0,NONE,NO_CLICK
14046,0,0,NONE,NO_CLICK
14047,0,0,NONE,NO_CLICK
14048,0,0,NONE,NO_CLICK
14049,0,0,NONE,NO_CLICK
14050,0,0,NONE,NO_CLICK
14051,0,0,NONE,NO_CLICK
14052,0,0,NONE,NO_CLICK
14053,0,0,NONE,NO_CLICK
14054,0,0,NONE,NO_CLICK
14055,0,0,NONE,NO_CLICK
14056,0,0,NONE,NO_CLICK
14057,0,0,NONE,NO_CLICK
14058,0,0,NONE,NO_CLICK
14059,0,0,NONE,NO_CLICK
14060,0,0,NONE,NO_CLICK
14061,0,0,NONE,NO_CLICK
14062,0,0,NONE,NO_CLICK
14063,0,0,NONE,NO_CLICK
14064,0,0,NONE,NO_CLICK
14065,0,0,NONE,NO_CLICK
14066,0,0,NONE,NO_CLICK
14067,0,0,NONE,NO_CLICK
14068,0,0,NONE,NO_CLICK
14069,0,0,NONE,NO_CLICK
14070,0,0,NONE,NO_CLICK
14071,0,0,NONE,NO_CLICK
14072,0,0,NONE,NO_CLICK
14073,0,0,NONE,NO_CLICK
14074,0,0,NONE,NO_CLICK
14075,0,0,NONE,NO_CLICK
14076,0,0,NONE,NO_CLICK
14077,0,0,NONE,NO_CLICK
14078,0,0,NONE,NO_CLICK
14079,0,0,NONE,NO_CLICK
14080,0,0,NONE,NO_CLICK
14081,0,0,NONE,NO_CLICK
14082,0,1,D2,D2_CLICK
14083,0,1,D2,D2_CLICK
14084,0,1,D2,D2_CLICK
14085,0,1,D2,D2_CLICK
14086,0,1,D2,D2_CLICK
14087,0,1,D2,D2_CLICK
14088,0,1,D2,D2_CLICK
14089,0,1,D2,D2_CLICK
14090,0,1,D2,D2_CLICK
14091,0,1,D2,D2_CLICK
14092,0,1,D2,D2_CLICK
14093,0,1,D2,D2_CLICK
14094,0,1,D2,D2_CLICK
14095,0,1,D2,D2_CLICK
14096,0,1,D2,D2_CLICK
14097,0,1,D2,D2_CLICK
14098,0,1,D2,D2_CLICK
14099,0,1,D2,D2_CLICK
14100,0,1,D2,D2_CLICK
14101,0,1,D2,D2_CLICK
14102,0,1,D2,D2_CLICK
14103,0,1,D2,D2_CLICK
14104,0,1,D2,D2_CLICK
14105,0,1,D2,D2_CLICK
14106,0,1,D2,D2_CLICK
14107,0,1,D2,D2_CLICK
14108,0,1,D2,D2_CLICK
14109,0,1,D2,D2_CLICK
14110,0,1,D2,D2_CLICK
14111,0,1,D2,D2_CLICK
14112,0,1,D2,D2_CLICK
14113,0,1,D2,D2_CLICK
14114,0,1,D2,D2_CLICK
14115,0,1,D2,D2_CLICK
14116,0,1,D2,D2_CLICK
14117,0,1,D2,D2_CLICK
14118,0,1,D2,D2_CLICK
14119,0,1,D2,D2_CLICK
14120,0,0,NONE,NO_CLICK
14121,0,0,NONE,NO_CLICK
14122,0,0,NONE,NO_CLICK
14123,0,0,NONE,NO_CLICK
14124,0,0,NONE,NO_CLICK
14125,0,0,NONE,NO_CLICK
14126,0,0,NONE,NO_CLICK
14127,0,0,NONE,NO_CLICK
14128,0,0,NONE,NO_CLICK
14129,0,0,NONE,NO_CLICK
14130,0,0,NONE,NO_CLICK
14131,0,0,NONE,NO_CLICK
14132,0,0,NONE,NO_CLICK
14133,0,0,NONE,NO_CLICK
14134,0,0,NONE,NO_CLICK
14135,0,0,NONE,NO_CLICK
14136,0,0,NONE,NO_CLICK
14137,0,0,NONE,NO_CLICK
14138,0,0,NONE,NO_CLICK
14139,0,0,NONE,NO_CLICK
14140,0,0,NONE,NO_CLICK
14141,0,0,NONE,NO_CLICK
14142,0,0,NONE,NO_CLICK
14143,0,0,NONE,NO_CLICK
14144,0,0,NONE,NO_CLICK
14145,0,0,NONE,NO_CLICK
14146,0,0,NONE,NO_CLICK
14147,0,0,NONE,NO_CLICK
14148,0,0,NONE,NO_CLICK
14149,0,0,NONE,NO_CLICK
14150,0,0,NONE,NO_CLICK
14151,0,0,NONE,NO_CLICK
14152,0,0,NONE,NO_CLICK
14153,0,0,NONE,NO_CLICK
14154,0,0,NONE,NO_CLICK
14155,0,0,NONE,NO_CLICK
14156,0,0,NONE,NO_CLICK
14157,0,0,NONE,NO_CLICK
14158,0,0,NONE,NO_CLICK
14159,0,0,NONE,NO_CLICK
14160,0,0,NONE,NO_CLICK
14161,0,0,NONE,NO_CLICK
14162,0,0,NONE,NO_CLICK
14163,0,0,NONE,NO_CLICK
14164,0,0,NONE,NO_CLICK
14165,0,0,NONE,NO_CLICK
14166,0,0,NONE,NO_CLICK
14167,0,0,NONE,NO_CLICK
14168,0,0,NONE,NO_CLICK
14169,0,0,NONE,NO_CLICK
14170,0,0,NONE,NO_CLICK
14171,0,0,NONE,NO_CLICK
14172,0,0,NONE,NO_CLICK
14173,0,0,NONE,NO_CLICK
14174,0,0,NONE,NO_CLICK
14175,0,0,NONE,NO_CLICK
14176,0,0,NONE,NO_CLICK
14177,0,0,NONE,NO_CLICK
14178,0,0,NONE,NO_CLICK
14179,0,0,NONE,NO_CLICK
14180,0,0,NONE,NO_CLICK
14181,0,0,NONE,NO_CLICK
14182,0,0,NONE,NO_CLICK
14183,0,0,NONE,NO_CLICK
14184,0,0,NONE,NO_CLICK
14185,0,0,NONE,NO_CLICK
14186,0,0,NONE,NO_CLICK
14187,0,0,NONE,NO_CLICK
14188,0,0,NONE,NO_CLICK
14189,0,0,NONE,NO_CLICK
14190,0,0,NONE,NO_CLICK
14191,0,0,NONE,NO_CLICK
14192,0,0,NONE,NO_CLICK
14193,0,0,NONE,NO_CLICK
14194,0,0,NONE,NO_CLICK
14195,0,0,NONE,NO_CLICK
14196,0,0,NONE,NO_CLICK
14197,0,0,NONE,NO_CLICK
14198,0,0,NONE,NO_CLICK
14199,0,0,NONE,NO_CLICK
14200,0,0,NONE,NO_CLICK
14201,0,0,NONE,NO_CLICK
14202,0,0,NONE,NO_CLICK
14203,0,0,NONE,NO_CLICK
14204,0,0,NONE,NO_CLICK
14205,0,0,NONE,NO_CLICK
14206,0,0,NONE,NO_CLICK
14207,0,0,NONE,NO_CLICK
14208,0,0,NONE,NO_CLICK
14209,0,0,NONE,NO_CLICK
14210,0,0,NONE,NO_CLICK
14211,0,0,NONE,NO_CLICK
14212,0,0,NONE,NO_CLICK
14213,0,0,NONE,NO_CLICK
14214,0,0,NONE,NO_CLICK
14215,0,0,NONE,NO_CLICK
14216,0,0,NONE,NO_CLICK
14217,0,0,NONE,NO_CLICK
14218,0,0,NONE,NO_CLICK
14219,0,0,NONE,NO_CLICK
14220,0,0,NONE,NO_CLICK
14221,0,0,NONE,NO_CLICK
14222,0,0,NONE,NO_CLICK
14223,0,0,NONE,NO_CLICK
14224,0,0,NONE,NO_CLICK
14225,0,0,NONE,NO_CLICK
14226,0,0,NONE,NO_CLICK
14227,0,0,NONE,NO_CLICK
14228,0,0,NONE,NO_CLICK
14229,0,0,NONE,NO_CLICK
14230,0,0,NONE,NO_CLICK
14231,0,0,NONE,NO_CLICK
14232,0,0,NONE,NO_CLICK
14233,0,0,NONE,NO_CLICK
14234,0,0,NONE,NO_CLICK
14235,0,0,NONE,NO_CLICK
14236,0,0,NONE,NO_CLICK
14237,0,0,NONE,NO_CLICK
14238,0,0,NONE,NO_CLICK
14239,0,0,NONE,NO_CLICK
14240,0,0,NONE,NO_CLICK
14241,0,0,NONE,NO_CLICK
14242,0,0,NONE,NO_CLICK
14243,0,0,NONE,NO_CLICK
14244,0,0,NONE,NO_CLICK
14245,0,0,NONE,NO_CLICK
14246,0,0,NONE,NO_CLICK
14247,0,0,NONE,NO_CLICK
14248,0,0,NONE,NO_CLICK
14249,0,0,NONE,NO_CLICK
14250,0,0,NONE,NO_CLICK
14251,0,0,NONE,NO_CLICK
14252,0,0,NONE,NO_CLICK
14253,0,0,NONE,NO_CLICK
14254,0,0,NONE,NO_CLICK
14255,0,0,NONE,NO_CLICK
14256,0,0,NONE,NO_CLICK
14257,0,0,NONE,NO_CLICK
14258,0,0,NONE,NO_CLICK
14259,0,0,NONE,NO_CLICK
14260,0,0,NONE,NO_CLICK
14261,0,0,NONE,NO_CLICK
14262,0,0,NONE,NO_CLICK
14263,0,0,NONE,NO_CLICK
14264,0,0,NONE,NO_CLICK
14265,0,0,NONE,NO_CLICK
14266,0,0,NONE,NO_CLICK
14267,0,0,NONE,NO_CLICK
14268,0,0,NONE,NO_CLICK
14269,0,0,NONE,NO_CLICK
14270,0,0,NONE,NO_CLICK
14271,0,0,NONE,NO_CLICK
14272,0,0,NONE,NO_CLICK
14273,0,0,NONE,NO_CLICK
14274,0,0,NONE,NO_CLICK
14275,0,0,NONE,NO_CLICK
14276,0,0,NONE,NO_CLICK
14277,0,0,NONE,NO_CLICK
14278,0,0,NONE,NO_CLICK
14279,0,0,NONE,NO_CLICK
14280,0,0,NONE,NO_CLICK
14281,0,0,NONE,NO_CLICK
14282,0,0,NONE,NO_CLICK
14283,0,0,NONE,NO_CLICK
14284,0,0,NONE,NO_CLICK
14285,0,0,NONE,NO_CLICK
14286,0,0,NONE,NO_CLICK
14287,0,0,NONE,NO_CLICK
14288,0,0,NONE,NO_CLICK
14289,0,0,NONE,NO_CLICK
14290,0,0,NONE,NO_CLICK
14291,0,0,NONE,NO_CLICK
14292,0,0,NONE,NO_CLICK
14293,0,0,NONE,NO_CLICK
14294,0,0,NONE,NO_CLICK
14295,0,0,NONE,NO_CLICK
14296,0,0,NONE,NO_CLICK
14297,0,0,NONE,NO_CLICK
14298,0,0,NONE,NO_CLICK
14299,0,0,NONE,NO_CLICK
14300,0,0,NONE,NO_CLICK
14301,0,0,NONE,NO_CLICK
14302,0,0,NONE,NO_CLICK
14303,0,0,NONE,NO_CLICK
14304,0,0,NONE,NO_CLICK
14305,0,0,NONE,NO_CLICK
14306,0,0,NONE,NO_CLICK
14307,0,0,NONE,NO_CLICK
14308,0,0,NONE,NO_CLICK
14309,0,0,NONE,NO_CLICK
14310,0,0,NONE,NO_CLICK
14311,0,0,NONE,NO_CLICK
14312,0,0,NONE,NO_CLICK
14313,0,0,NONE,NO_CLICK
14314,0,0,NONE,NO_CLICK
14315,0,0,NONE,NO_CLICK
14316,0,0,NONE,NO_CLICK
14317,0,0,NONE,NO_CLICK
14318,0,0,NONE,NO_CLICK
14319,0,0,NONE,NO_CLICK
14320,0,0,NONE,NO_CLICK
14321,0,0,NONE,NO_CLICK
14322,0,0,NONE,NO_CLICK
14323,0,0,NONE,NO_CLICK
14324,0,0,NONE,NO_CLICK
14325,0,0,NONE,NO_CLICK
14326,0,0,NONE,NO_CLICK
14327,0,0,NONE,NO_CLICK
14328,0,0,NONE,NO_CLICK
14329,0,0,NONE,NO_CLICK
14330,0,0,NONE,NO_CLICK
14331,0,0,NONE,NO_CLICK
14332,0,0,NONE,NO_CLICK
14333,0,0,NONE,NO_CLICK
14334,0,0,NONE,NO_CLICK
14335,0,0,NONE,NO_CLICK
14336,0,0,NONE,NO_CLICK
14337,0,0,NONE,NO_CLICK
14338,1,0,D1,D1_CLICK
14339,1,0,D1,D1_CLICK
14340,1,0,D1,D1_CLICK
14341,1,0,D1,D1_CLICK
14342,1,0,D1,D1_CLICK
14343,1,0,D1,D1_CLICK
14344,1,0,D1,D1_CLICK
14345,1,0,D1,D1_CLICK
14346,1,0,D1,D1_CLICK
14347,1,0,D1,D1_CLICK
14348,1,0,D1,D1_CLICK
14349,1,0,D1,D1_CLICK
14350,1,0,D1,D1_CLICK
14351,1,0,D1,D1_CLICK
14352,1,0,D1,D1_CLICK
14353,1,0,D1,D1_CLICK
14354,1,0,D1,D1_CLICK
14355,1,0,D1,D1_CLICK
14356,1,0,D1,D1_CLICK
14357,1,0,D1,D1_CLICK
14358,1,0,D1,D1_CLICK
14359,1,0,D1,D1_CLICK
14360,1,0,D1,D1_CLICK
14361,1,0,D1,D1_CLICK
14362,1,0,D1,D1_CLICK
14363,1,0,D1,D1_CLICK
14364,1,0,D1,D1_CLICK
14365,1,0,D1,D1_CLICK
14366,1,0,D1,D1_CLICK
14367,1,0,D1,D1_CLICK
14368,1,0,D1,D1_CLICK
14369,1,0,D1,D1_CLICK
14370,1,0,D1,D1_CLICK
14371,1,0,D1,D1_CLICK
14372,1,0,D1,D1_CLICK
14373,1,0,D1,D1_CLICK
14374,1,0,D1,D1_CLICK
14375,1,0,D1,D1_CLICK
14376,0,0,NONE,NO_CLICK
14377,0,0,NONE,NO_CLICK
14378,0,0,NONE,NO_CLICK
14379,0,0,NONE,NO_CLICK
14380,0,0,NONE,NO_CLICK
14381,0,0,NONE,NO_CLICK
14382,0,0,NONE,NO_CLICK
14383,0,0,NONE,NO_CLICK
14384,0,0,NONE,NO_CLICK
14385,0,0,NONE,NO_CLICK
14386,0,0,NONE,NO_CLICK
14387,0,0,NONE,NO_CLICK
14388,0,0,NONE,NO_CLICK
14389,0,0,NONE,NO_CLICK
14390,0,0,NONE,NO_CLICK
14391,0,0,NONE,NO_CLICK
14392,0,0,NONE,NO_CLICK
14393,0,0,NONE,NO_CLICK
14394,0,0,NONE,NO_CLICK
14395,0,0,NONE,NO_CLICK
14396,0,0,NONE,NO_CLICK
14397,0,0,NONE,NO_CLICK
14398,0,0,NONE,NO_CLICK
14399,0,0,NONE,NO_CLICK
14400,0,0,NONE,NO_CLICK
14401,0,0,NONE,NO_CLICK
14402,0,1,D2,D2_CLICK
14403,0,1,D2,D2_CLICK
14404,0,1,D2,D2_CLICK
14405,0,1,D2,D2_CLICK
14406,0,1,D2,D2_CLICK
14407,0,1,D2,D2_CLICK
14408,0,1,D2,D2_CLICK
14409,0,1,D2,D2_CLICK
14410,0,1,D2,D2_CLICK
14411,0,1,D2,D2_CLICK
14412,0,1,D2,D2_CLICK
14413,0,1,D2,D2_CLICK
14414,0,1,D2,D2_CLICK
14415,0,1,D2,D2_CLICK
14416,0,1,D2,D2_CLICK
14417,0,1,D2,D2_CLICK
14418,0,1,D2,D2_CLICK
14419,0,1,D2,D2_CLICK
14420,0,1,D2,D2_CLICK
14421,0,1,D2,D2_CLICK
14422,0,1,D2,D2_CLICK
14423,0,1,D2,D2_CLICK
14424,0,1,D2,D2_CLICK
14425,0,1,D2,D2_CLICK
14426,0,1,D2,D2_CLICK
14427,0,1,D2,D2_CLICK
14428,0,1,D2,D2_CLICK
14429,0,1,D2,D2_CLICK
14430,0,1,D2,D2_CLICK
14431,0,1,D2,D2_CLICK
14432,0,1,D2,D2_CLICK
14433,0,1,D2,D2_CLICK
14434,0,1,D2,D2_CLICK
14435,0,1,D2,D2_CLICK
14436,0,1,D2,D2_CLICK
14437,0,1,D2,D2_CLICK
14438,0,1,D2,D2_CLICK
14439,0,1,D2,D2_CLICK
14440,0,0,NONE,NO_CLICK
14441,0,0,NONE,NO_CLICK
14442,0,0,NONE,NO_CLICK
14443,0,0,NONE,NO_CLICK
14444,0,0,NONE,NO_CLICK
14445,0,0,NONE,NO_CLICK
14446,0,0,NONE,NO_CLICK
14447,0,0,NONE,NO_CLICK
14448,0,0,NONE,NO_CLICK
14449,0,0,NONE,NO_CLICK
14450,0,0,NONE,NO_CLICK
14451,0,0,NONE,NO_CLICK
14452,0,0,NONE,NO_CLICK
14453,0,0,NONE,NO_CLICK
14454,0,0,NONE,NO_CLICK
14455,0,0,NONE,NO_CLICK
14456,0,0,NONE,NO_CLICK
14457,0,0,NONE,NO_CLICK
14458,0,0,NONE,NO_CLICK
14459,0,0,NONE,NO_CLICK
14460,0,0,NONE,NO_CLICK
14461,0,0,NONE,NO_CLICK
14462,0,0,NONE,NO_CLICK
14463,0,0,NONE,NO_CLICK
14464,0,0,NONE,NO_CLICK
14465,0,0,NONE,NO_CLICK
14466,0,0,NONE,NO_CLICK
14467,0,0,NONE,NO_CLICK
14468,0,0,NONE,NO_CLICK
14469,0,0,NONE,NO_CLICK
14470,0,0,NONE,NO_CLICK
14471,0,0,NONE,NO_CLICK
14472,0,0,NONE,NO_CLICK
14473,0,0,NONE,NO_CLICK
14474,0,0,NONE,NO_CLICK
14475,0,0,NONE,NO_CLICK
14476,0,0,NONE,NO_CLICK
14477,0,0,NONE,NO_CLICK
14478,0,0,NONE,NO_CLICK
14479,0,0,NONE,NO_CLICK
14480,0,0,NONE,NO_CLICK
14481,0,0,NONE,NO_CLICK
14482,0,0,NONE,NO_CLICK
14483,0,0,NONE,NO_CLICK
14484,0,0,NONE,NO_CLICK
14485,0,0,NONE,NO_CLICK
14486,0,0,NONE,NO_CLICK
14487,0,0,NONE,NO_CLICK
14488,0,0,NONE,NO_CLICK
14489,0,0,NONE,NO_CLICK
14490,0,0,NONE,NO_CLICK
14491,0,0,NONE,NO_CLICK
14492,0,0,NONE,NO_CLICK
14493,0,0,NONE,NO_CLICK
14494,0,0,NONE,NO_CLICK
14495,0,0,NONE,NO_CLICK
14496,0,0,NONE,NO_CLICK
14497,0,0,NONE,NO_CLICK
14498,0,0,NONE,NO_CLICK
14499,0,0,NONE,NO_CLICK
14500,0,0,NONE,NO_CLICK
14501,0,0,NONE,NO_CLICK
14502,0,0,NONE,NO_CLICK
14503,0,0,NONE,NO_CLICK
14504,0,0,NONE,NO_CLICK
14505,0,0,NONE,NO_CLICK
14506,0,0,NONE,NO_CLICK
14507,0,0,NONE,NO_CLICK
14508,0,0,NONE,NO_CLICK
14509,0,0,NONE,NO_CLICK
14510,0,0,NONE,NO_CLICK
14511,0,0,NONE,NO_CLICK
14512,0,0,NONE,NO_CLICK
14513,0,0,NONE,NO_CLICK
14514,0,0,NONE,NO_CLICK
14515,0,0,NONE,NO_CLICK
14516,0,0,NONE,NO_CLICK
14517,0,0,NONE,NO_CLICK
14518,0,0,NONE,NO_CLICK
14519,0,0,NONE,NO_CLICK
14520,0,0,NONE,NO_CLICK
14521,0,0,NONE,NO_CLICK
14522,0,0,NONE,NO_CLICK
14523,0,0,NONE,NO_CLICK
14524,0,0,NONE,NO_CLICK
14525,0,0,NONE,NO_CLICK
14526,0,0,NONE,NO_CLICK
14527,0,0,NONE,NO_CLICK
14528,0,0,NONE,NO_CLICK
14529,0,0,NONE,NO_CLICK
14530,0,0,NONE,NO_CLICK
14531,0,0,NONE,NO_CLICK
14532,0,0,NONE,NO_CLICK
14533,0,0,NONE,NO_CLICK
14534,0,0,NONE,NO_CLICK
14535,0,0,NONE,NO_CLICK
14536,0,0,NONE,NO_CLICK
14537,0,0,NONE,NO_CLICK
14538,0,0,NONE,NO_CLICK
14539,0,0,NONE,NO_CLICK
14540,0,0,NONE,NO_CLICK
14541,0,0,NONE,NO_CLICK
14542,0,0,NONE,NO_CLICK
14543,0,0,NONE,NO_CLICK
14544,0,0,NONE,NO_CLICK
14545,0,0,NONE,NO_CLICK
14546,0,0,NONE,NO_CLICK
14547,0,0,NONE,NO_CLICK
14548,0,0,NONE,NO_CLICK
14549,0,0,NONE,NO_CLICK
14550,0,0,NONE,NO_CLICK
14551,0,0,NONE,NO_CLICK
14552,0,0,NONE,NO_CLICK
14553,0,0,NONE,NO_CLICK
14554,0,0,NONE,NO_CLICK
14555,0,0,NONE,NO_CLICK
14556,0,0,NONE,NO_CLICK
14557,0,0,NONE,NO_CLICK
14558,0,0,NONE,NO_CLICK
14559,0,0,NONE,NO_CLICK
14560,0,0,NONE,NO_CLICK
14561,0,0,NONE,NO_CLICK
14562,0,0,NONE,NO_CLICK
14563,0,0,NONE,NO_CLICK
14564,0,0,NONE,NO_CLICK
14565,0,0,NONE,NO_CLICK
14566,0,0,NONE,NO_CLICK
14567,0,0,NONE,NO_CLICK
14568,0,0,NONE,NO_CLICK
14569,0,0,NONE,NO_CLICK
14570,0,0,NONE,NO_CLICK
14571,0,0,NONE,NO_CLICK
14572,0,0,NONE,NO_CLICK
14573,0,0,NONE,NO_CLICK
14574,0,0,NONE,NO_CLICK
14575,0,0,NONE,NO_CLICK
14576,0,0,NONE,NO_CLICK
14577,0,0,NONE,NO_CLICK
14578,0,0,NONE,NO_CLICK
14579,0,0,NONE,NO_CLICK
14580,0,0,NONE,NO_CLICK
14581,0,0,NONE,NO_CLICK
14582,0,0,NONE,NO_CLICK
14583,0,0,NONE,NO_CLICK
14584,0,0,NONE,NO_CLICK
14585,0,0,NONE,NO_CLICK
14586,0,0,NONE,NO_CLICK
14587,0,0,NONE,NO_CLICK
14588,0,0,NONE,NO_CLICK
14589,0,0,NONE,NO_CLICK
14590,0,0,NONE,NO_CLICK
14591,0,0,NONE,NO_CLICK
14592,0,0,NONE,NO_CLICK
14593,0,0,NONE,NO_CLICK
14594,0,0,NONE,NO_CLICK
14595,0,0,NONE,NO_CLICK
14596,0,0,NONE,NO_CLICK
14597,0,0,NONE,NO_CLICK
14598,0,0,NONE,NO_CLICK
14599,0,0,NONE,NO_CLICK
14600,0,0,NONE,NO_CLICK
14601,0,0,NONE,NO_CLICK
14602,0,0,NONE,NO_CLICK
14603,0,0,NONE,NO_CLICK
14604,0,0,NONE,NO_CLICK
14605,0,0,NONE,NO_CLICK
14606,0,0,NONE,NO_CLICK
14607,0,0,NONE,NO_CLICK
14608,0,0,NONE,NO_CLICK
14609,0,0,NONE,NO_CLICK
14610,0,0,NONE,NO_CLICK
14611,0,0,NONE,NO_CLICK
14612,0,0,NONE,NO_CLICK
14613,0,0,NONE,NO_CLICK
14614,0,0,NONE,NO_CLICK
14615,0,0,NONE,NO_CLICK
14616,0,0,NONE,NO_CLICK
14617,0,0,NONE,NO_CLICK
14618,0,0,NONE,NO_CLICK
14619,0,0,NONE,NO_CLICK
14620,0,0,NONE,NO_CLICK
14621,0,0,NONE,NO_CLICK
14622,0,0,NONE,NO_CLICK
14623,0,0,NONE,NO_CLICK
14624,0,0,NONE,NO_CLICK
14625,0,0,NONE,NO_CLICK
14626,0,0,NONE,NO_CLICK
14627,0,0,NONE,NO_CLICK
14628,0,0,NONE,NO_CLICK
14629,0,0,NONE,NO_CLICK
14630,0,0,NONE,NO_CLICK
14631,0,0,NONE,NO_CLICK
14632,0,0,NONE,NO_CLICK
14633,0,0,NONE,NO_CLICK
14634,0,0,NONE,NO_CLICK
14635,0,0,NONE,NO_CLICK
14636,0,0,NONE,NO_CLICK
14637,0,0,NONE,NO_CLICK
14638,0,0,NONE,NO_CLICK
14639,0,0,NONE,NO_CLICK
14640,0,0,NONE,NO_CLICK
14641,0,0,NONE,NO_CLICK
14642,0,0,NONE,NO_CLICK
14643,0,0,NONE,NO_CLICK
14644,0,0,NONE,NO_CLICK
14645,0,0,NONE,NO_CLICK
14646,0,0,NONE,NO_CLICK
14647,0,0,NONE,NO_CLICK
14648,0,0,NONE,NO_CLICK
14649,0,0,NONE,NO_CLICK
14650,0,0,NONE,NO_CLICK
14651,0,0,NONE,NO_CLICK
14652,0,0,NONE,NO_CLICK
14653,0,0,NONE,NO_CLICK
14654,0,0,NONE,NO_CLICK
14655,0,0,NONE,NO_CLICK
14656,0,0,NONE,NO_CLICK
14657,0,0,NONE,NO_CLICK
14658,1,0,D1,D1_CLICK
14659,1,0,D1,D1_CLICK
14660,1,0,D1,D1_CLICK
14661,1,0,D1,D1_CLICK
14662,1,0,D1,D1_CLICK
14663,1,0,D1,D1_CLICK
14664,1,0,D1,D1_CLICK
14665,1,0,D1,D1_CLICK
14666,1,0,D1,D1_CLICK
14667,1,0,D1,D1_CLICK
14668,1,0,D1,D1_CLICK
14669,1,0,D1,D1_CLICK
14670,1,0,D1,D1_CLICK
14671,1,0,D1,D1_CLICK
14672,1,0,D1,D1_CLICK
14673,1,0,D1,D1_CLICK
14674,1,0,D1,D1_CLICK
14675,1,0,D1,D1_CLICK
14676,1,0,D1,D1_CLICK
14677,1,0,D1,D1_CLICK
14678,1,0,D1,D1_CLICK
14679,1,0,D1,D1_CLICK
14680,1,0,D1,D1_CLICK
14681,1,0,D1,D1_CLICK
14682,1,0,D1,D1_CLICK
14683,1,0,D1,D1_CLICK
14684,1,0,D1,D1_CLICK
14685,1,0,D1,D1_CLICK
14686,1,0,D1,D1_CLICK
14687,1,0,D1,D1_CLICK
14688,1,0,D1,D1_CLICK
14689,1,0,D1,D1_CLICK
14690,1,0,D1,D1_CLICK
14691,1,0,D1,D1_CLICK
14692,1,0,D1,D1_CLICK
14693,1,0,D1,D1_CLICK
14694,1,0,D1,D1_CLICK
14695,1,0,D1,D1_CLICK
14696,0,0,NONE,NO_CLICK
14697,0,0,NONE,NO_CLICK
14698,0,0,NONE,NO_CLICK
14699,0,0,NONE,NO_CLICK
14700,0,0,NONE,NO_CLICK
14701,0,0,NONE,NO_CLICK
14702,0,0,NONE,NO_CLICK
14703,0,0,NONE,NO_CLICK
14704,0,0,NONE,NO_CLICK
14705,0,0,NONE,NO_CLICK
14706,0,0,NONE,NO_CLICK
14707,0,0,NONE,NO_CLICK
14708,0,0,NONE,NO_CLICK
14709,0,0,NONE,NO_CLICK
14710,0,0,NONE,NO_CLICK
14711,0,0,NONE,NO_CLICK
14712,0,0,NONE,NO_CLICK
14713,0,0,NONE,NO_CLICK
14714,0,0,NONE,NO_CLICK
14715,0,0,NONE,NO_CLICK
14716,0,0,NONE,NO_CLICK
14717,0,0,NONE,NO_CLICK
14718,0,0,NONE,NO_CLICK
14719,0,0,NONE,NO_CLICK
14720,0,0,NONE,NO_CLICK
14721,0,0,NONE,NO_CLICK
14722,0,0,NONE,NO_CLICK
14723,0,0,NONE,NO_CLICK
14724,0,0,NONE,NO_CLICK
14725,0,0,NONE,NO_CLICK
14726,0,0,NONE,NO_CLICK
14727,0,0,NONE,NO_CLICK
14728,0,0,NONE,NO_CLICK
14729,0,0,NONE,NO_CLICK
14730,0,0,NONE,NO_CLICK
14731,0,0,NONE,NO_CLICK
14732,0,0,NONE,NO_CLICK
14733,0,0,NONE,NO_CLICK
14734,0,0,NONE,NO_CLICK
14735,0,0,NONE,NO_CLICK
14736,0,0,NONE,NO_CLICK
14737,0,0,NONE,NO_CLICK
14738,0,0,NONE,NO_CLICK
14739,0,0,NONE,NO_CLICK
14740,0,0,NONE,NO_CLICK
14741,0,0,NONE,NO_CLICK
14742,0,0,NONE,NO_CLICK
14743,0,0,NONE,NO_CLICK
14744,0,0,NONE,NO_CLICK
14745,0,0,NONE,NO_CLICK
14746,0,0,NONE,NO_CLICK
14747,0,0,NONE,NO_CLICK
14748,0,0,NONE,NO_CLICK
14749,0,0,NONE,NO_CLICK
14750,0,0,NONE,NO_CLICK
14751,0,0,NONE,NO_CLICK
14752,0,0,NONE,NO_CLICK
14753,0,0,NONE,NO_CLICK
14754,0,1,D2,D2_CLICK
14755,0,1,D2,D2_CLICK
14756,0,1,D2,D2_CLICK
14757,0,1,D2,D2_CLICK
14758,0,1,D2,D2_CLICK
14759,0,1,D2,D2_CLICK
14760,0,1,D2,D2_CLICK
14761,0,1,D2,D2_CLICK
14762,0,1,D2,D2_CLICK
14763,0,1,D2,D2_CLICK
14764,0,1,D2,D2_CLICK
14765,0,1,D2,D2_CLICK
14766,0,1,D2,D2_CLICK
14767,0,1,D2,D2_CLICK
14768,0,1,D2,D2_CLICK
14769,0,1,D2,D2_CLICK
14770,0,1,D2,D2_CLICK
14771,0,1,D2,D2_CLICK
14772,0,1,D2,D2_CLICK
14773,0,1,D2,D2_CLICK
14774,0,1,D2,D2_CLICK
14775,0,1,D2,D2_CLICK
14776,0,1,D2,D2_CLICK
14777,0,1,D2,D2_CLICK
14778,0,1,D2,D2_CLICK
14779,0,1,D2,D2_CLICK
14780,0,1,D2,D2_CLICK
14781,0,1,D2,D2_CLICK
14782,0,1,D2,D2_CLICK
14783,0,1,D2,D2_CLICK
14784,0,1,D2,D2_CLICK
14785,0,1,D2,D2_CLICK
14786,0,1,D2,D2_CLICK
14787,0,1,D2,D2_CLICK
14788,0,1,D2,D2_CLICK
14789,0,1,D2,D2_CLICK
14790,0,1,D2,D2_CLICK
14791,0,1,D2,D2_CLICK
14792,0,0,NONE,NO_CLICK
14793,0,0,NONE,NO_CLICK
14794,0,0,NONE,NO_CLICK
14795,0,0,NONE,NO_CLICK
14796,0,0,NONE,NO_CLICK
14797,0,0,NONE,NO_CLICK
14798,0,0,NONE,NO_CLICK
14799,0,0,NONE,NO_CLICK
14800,0,0,NONE,NO_CLICK
14801,0,0,NONE,NO_CLICK
14802,0,0,NONE,NO_CLICK
14803,0,0,NONE,NO_CLICK
14804,0,0,NONE,NO_CLICK
14805,0,0,NONE,NO_CLICK
14806,0,0,NONE,NO_CLICK
14807,0,0,NONE,NO_CLICK
14808,0,0,NONE,NO_CLICK
14809,0,0,NONE,NO_CLICK
14810,0,0,NONE,NO_CLICK
14811,0,0,NONE,NO_CLICK
14812,0,0,NONE,NO_CLICK
14813,0,0,NONE,NO_CLICK
14814,0,0,NONE,NO_CLICK
14815,0,0,NONE,NO_CLICK
14816,0,0,NONE,NO_CLICK
14817,0,0,NONE,NO_CLICK
14818,0,0,NONE,NO_CLICK
14819,0,0,NONE,NO_CLICK
14820,0,0,NONE,NO_CLICK
14821,0,0,NONE,NO_CLICK
14822,0,0,NONE,NO_CLICK
14823,0,0,NONE,NO_CLICK
14824,0,0,NONE,NO_CLICK
14825,0,0,NONE,NO_CLICK
14826,0,0,NONE,NO_CLICK
14827,0,0,NONE,NO_CLICK
14828,0,0,NONE,NO_CLICK
14829,0,0,NONE,NO_CLICK
14830,0,0,NONE,NO_CLICK
14831,0,0,NONE,NO_CLICK
14832,0,0,NONE,NO_CLICK
14833,0,0,NONE,NO_CLICK
14834,0,0,NONE,NO_CLICK
14835,0,0,NONE,NO_CLICK
14836,0,0,NONE,NO_CLICK
14837,0,0,NONE,NO_CLICK
14838,0,0,NONE,NO_CLICK
14839,0,0,NONE,NO_CLICK
14840,0,0,NONE,NO_CLICK
14841,0,0,NONE,NO_CLICK
14842,0,0,NONE,NO_CLICK
14843,0,0,NONE,NO_CLICK
14844,0,0,NONE,NO_CLICK
14845,0,0,NONE,NO_CLICK
14846,0,0,NONE,NO_CLICK
14847,0,0,NONE,NO_CLICK
14848,0,0,NONE,NO_CLICK
14849,0,0,NONE,NO_CLICK
14850,0,0,NONE,NO_CLICK
14851,0,0,NONE,NO_CLICK
14852,0,0,NONE,NO_CLICK
14853,0,0,NONE,NO_CLICK
14854,0,0,NONE,NO_CLICK
14855,0,0,NONE,NO_CLICK
14856,0,0,NONE,NO_CLICK
14857,0,0,NONE,NO_CLICK
14858,0,0,NONE,NO_CLICK
14859,0,0,NONE,NO_CLICK
14860,0,0,NONE,NO_CLICK
14861,0,0,NONE,NO_CLICK
14862,0,0,NONE,NO_CLICK
14863,0,0,NONE,NO_CLICK
14864,0,0,NONE,NO_CLICK
14865,0,0,NONE,NO_CLICK
14866,0,0,NONE,NO_CLICK
14867,0,0,NONE,NO_CLICK
14868,0,0,NONE,NO_CLICK
14869,0,0,NONE,NO_CLICK
14870,0,0,NONE,NO_CLICK
14871,0,0,NONE,NO_CLICK
14872,0,0,NONE,NO_CLICK
14873,0,0,NONE,NO_CLICK
14874,0,0,NONE,NO_CLICK
14875,0,0,NONE,NO_CLICK
14876,0,0,NONE,NO_CLICK
14877,0,0,NONE,NO_CLICK
14878,0,0,NONE,NO_CLICK
14879,0,0,NONE,NO_CLICK
14880,0,0,NONE,NO_CLICK
14881,0,0,NONE,NO_CLICK
14882,0,0,NONE,NO_CLICK
14883,0,0,NONE,NO_CLICK
14884,0,0,NONE,NO_CLICK
14885,0,0,NONE,NO_CLICK
14886,0,0,NONE,NO_CLICK
14887,0,0,NONE,NO_CLICK
14888,0,0,NONE,NO_CLICK
14889,0,0,NONE,NO_CLICK
14890,0,0,NONE,NO_CLICK
14891,0,0,NONE,NO_CLICK
14892,0,0,NONE,NO_CLICK
14893,0,0,NONE,NO_CLICK
14894,0,0,NONE,NO_CLICK
14895,0,0,NONE,NO_CLICK
14896,0,0,NONE,NO_CLICK
14897,0,0,NONE,NO_CLICK
14898,0,0,NONE,NO_CLICK
14899,0,0,NONE,NO_CLICK
14900,0,0,NONE,NO_CLICK
14901,0,0,NONE,NO_CLICK
14902,0,0,NONE,NO_CLICK
14903,0,0,NONE,NO_CLICK
14904,0,0,NONE,NO_CLICK
14905,0,0,NONE,NO_CLICK
14906,0,0,NONE,NO_CLICK
14907,0,0,NONE,NO_CLICK
14908,0,0,NONE,NO_CLICK
14909,0,0,NONE,NO_CLICK
14910,0,0,NONE,NO_CLICK
14911,0,0,NONE,NO_CLICK
14912,0,0,NONE,NO_CLICK
14913,0,0,NONE,NO_CLICK
14914,0,0,NONE,NO_CLICK
14915,0,0,NONE,NO_CLICK
14916,0,0,NONE,NO_CLICK
14917,0,0,NONE,NO_CLICK
14918,0,0,NONE,NO_CLICK
14919,0,0,NONE,NO_CLICK
14920,0,0,NONE,NO_CLICK
14921,0,0,NONE,NO_CLICK
14922,0,0,NONE,NO_CLICK
14923,0,0,NONE,NO_CLICK
14924,0,0,NONE,NO_CLICK
14925,0,0,NONE,NO_CLICK
14926,0,0,NONE,NO_CLICK
14927,0,0,NONE,NO_CLICK
14928,0,0,NONE,NO_CLICK
14929,0,0,NONE,NO_CLICK
14930,0,0,NONE,NO_CLICK
14931,0,0,NONE,NO_CLICK
14932,0,0,NONE,NO_CLICK
14933,0,0,NONE,NO_CLICK
14934,0,0,NONE,NO_CLICK
14935,0,0,NONE,NO_CLICK
14936,0,0,NONE,NO_CLICK
14937,0,0,NONE,NO_CLICK
14938,0,0,NONE,NO_CLICK
14939,0,0,NONE,NO_CLICK
14940,0,0,NONE,NO_CLICK
14941,0,0,NONE,NO_CLICK
14942,0,0,NONE,NO_CLICK
14943,0,0,NONE,NO_CLICK
14944,0,0,NONE,NO_CLICK
14945,0,0,NONE,NO_CLICK
14946,0,0,NONE,NO_CLICK
14947,0,0,NONE,NO_CLICK
14948,0,0,NONE,NO_CLICK
14949,0,0,NONE,NO_CLICK
14950,0,0,NONE,NO_CLICK
14951,0,0,NONE,NO_CLICK
14952,0,0,NONE,NO_CLICK
14953,0,0,NONE,NO_CLICK
14954,0,0,NONE,NO_CLICK
14955,0,0,NONE,NO_CLICK
14956,0,0,NONE,NO_CLICK
14957,0,0,NONE,NO_CLICK
14958,0,0,NONE,NO_CLICK
14959,0,0,NONE,NO_CLICK
14960,0,0,NONE,NO_CLICK
14961,0,0,NONE,NO_CLICK
14962,0,0,NONE,NO_CLICK
14963,0,0,NONE,NO_CLICK
14964,0,0,NONE,NO_CLICK
14965,0,0,NONE,NO_CLICK
14966,0,0,NONE,NO_CLICK
14967,0,0,NONE,NO_CLICK
14968,0,0,NONE,NO_CLICK
14969,0,0,NONE,NO_CLICK
14970,0,0,NONE,NO_CLICK
14971,0,0,NONE,NO_CLICK
14972,0,0,NONE,NO_CLICK
14973,0,0,NONE,NO_CLICK
14974,0,0,NONE,NO_CLICK
14975,0,0,NONE,NO_CLICK
14976,0,0,NONE,NO_CLICK
14977,0,0,NONE,NO_CLICK
14978,0,0,NONE,NO_CLICK
14979,0,0,NONE,NO_CLICK
14980,0,0,NONE,NO_CLICK
14981,0,0,NONE,NO_CLICK
14982,0,0,NONE,NO_CLICK
14983,0,0,NONE,NO_CLICK
14984,0,0,NONE,NO_CLICK
14985,0,0,NONE,NO_CLICK
14986,0,0,NONE,NO_CLICK
14987,0,0,NONE,NO_CLICK
14988,0,0,NONE,NO_CLICK
14989,0,0,NONE,NO_CLICK
14990,0,0,NONE,NO_CLICK
14991,0,0,NONE,NO_CLICK
14992,0,0,NONE,NO_CLICK
14993,0,0,NONE,NO_CLICK
14994,0,0,NONE,NO_CLICK
14995,0,0,NONE,NO_CLICK
14996,0,0,NONE,NO_CLICK
14997,0,0,NONE,NO_CLICK
14998,0,0,NONE,NO_CLICK
14999,0,0,NONE,NO_CLICK
15000,0,0,NONE,NO_CLICK
15001,0,0,NONE,NO_CLICK
15002,0,0,NONE,NO_CLICK
15003,0,0,NONE,NO_CLICK
15004,0,0,NONE,NO_CLICK
15005,0,0,NONE,NO_CLICK
15006,0,0,NONE,NO_CLICK
15007,0,0,NONE,NO_CLICK
15008,0,0,NONE,NO_CLICK
15009,0,0,NONE,NO_CLICK
15010,0,0,NONE,NO_CLICK
15011,0,0,NONE,NO_CLICK
15012,0,0,NONE,NO_CLICK
15013,0,0,NONE,NO_CLICK
15014,0,0,NONE,NO_CLICK
15015,0,0,NONE,NO_CLICK
15016,0,0,NONE,NO_CLICK
15017,0,0,NONE,NO_CLICK
15018,0,0,NONE,NO_CLICK
15019,0,0,NONE,NO_CLICK
15020,0,0,NONE,NO_CLICK
15021,0,0,NONE,NO_CLICK
15022,0,0,NONE,NO_CLICK
15023,0,0,NONE,NO_CLICK
15024,0,0,NONE,NO_CLICK
15025,0,0,NONE,NO_CLICK
15026,0,0,NONE,NO_CLICK
15027,0,0,NONE,NO_CLICK
15028,0,0,NONE,NO_CLICK
15029,0,0,NONE,NO_CLICK
15030,0,0,NONE,NO_CLICK
15031,0,0,NONE,NO_CLICK
15032,0,0,NONE,NO_CLICK
15033,0,0,NONE,NO_CLICK
15034,0,0,NONE,NO_CLICK
15035,0,0,NONE,NO_CLICK
15036,0,0,NONE,NO_CLICK
15037,0,0,NONE,NO_CLICK
15038,0,0,NONE,NO_CLICK
15039,0,0,NONE,NO_CLICK
15040,0,0,NONE,NO_CLICK
15041,0,0,NONE,NO_CLICK
15042,0,0,NONE,NO_CLICK
15043,0,0,NONE,NO_CLICK
15044,0,0,NONE,NO_CLICK
15045,0,0,NONE,NO_CLICK
15046,0,0,NONE,NO_CLICK
15047,0,0,NONE,NO_CLICK
15048,0,0,NONE,NO_CLICK
15049,0,0,NONE,NO_CLICK
15050,0,0,NONE,NO_CLICK
15051,0,0,NONE,NO_CLICK
15052,0,0,NONE,NO_CLICK
15053,0,0,NONE,NO_CLICK
15054,0,0,NONE,NO_CLICK
15055,0,0,NONE,NO_CLICK
15056,0,0,NONE,NO_CLICK
15057,0,0,NONE,NO_CLICK
15058,0,0,NONE,NO_CLICK
15059,0,0,NONE,NO_CLICK
15060,0,0,NONE,NO_CLICK
15061,0,0,NONE,NO_CLICK
15062,0,0,NONE,NO_CLICK
15063,0,0,NONE,NO_CLICK
15064,0,0,NONE,NO_CLICK
15065,0,0,NONE,NO_CLICK
15066,0,0,NONE,NO_CLICK
15067,0,0,NONE,NO_CLICK
15068,0,0,NONE,NO_CLICK
15069,0,0,NONE,NO_CLICK
15070,0,0,NONE,NO_CLICK
15071,0,0,NONE,NO_CLICK
15072,0,0,NONE,NO_CLICK
15073,0,0,NONE,NO_CLICK
15074,0,0,NONE,NO_CLICK
15075,0,0,NONE,NO_CLICK
15076,0,0,NONE,NO_CLICK
15077,0,0,NONE,NO_CLICK
15078,0,0,NONE,NO_CLICK
15079,0,0,NONE,NO_CLICK
15080,0,0,NONE,NO_CLICK
15081,0,0,NONE,NO_CLICK
15082,0,0,NONE,NO_CLICK
15083,0,0,NONE,NO_CLICK
15084,0,0,NONE,NO_CLICK
15085,0,0,NONE,NO_CLICK
15086,0,0,NONE,NO_CLICK
15087,0,0,NONE,NO_CLICK
15088,0,0,NONE,NO_CLICK
15089,0,0,NONE,NO_CLICK
15090,0,0,NONE,NO_CLICK
15091,0,0,NONE,NO_CLICK
15092,0,0,NONE,NO_CLICK
15093,0,0,NONE,NO_CLICK
15094,0,0,NONE,NO_CLICK
15095,0,0,NONE,NO_CLICK
15096,0,0,NONE,NO_CLICK
15097,0,0,NONE,NO_CLICK
15098,0,0,NONE,NO_CLICK
15099,0,0,NONE,NO_CLICK
15100,0,0,NONE,NO_CLICK
15101,0,0,NONE,NO_CLICK
15102,0,0,NONE,NO_CLICK
15103,0,0,NONE,NO_CLICK
15104,0,0,NONE,NO_CLICK
15105,0,0,NONE,NO_CLICK
15106,1,0,D1,D1_CLICK
15107,1,0,D1,D1_CLICK
15108,1,0,D1,D1_CLICK
15109,1,0,D1,D1_CLICK
15110,1,0,D1,D1_CLICK
15111,1,0,D1,D1_CLICK
15112,1,0,D1,D1_CLICK
15113,1,0,D1,D1_CLICK
15114,1,0,D1,D1_CLICK
15115,1,0,D1,D1_CLICK
15116,1,0,D1,D1_CLICK
15117,1,0,D1,D1_CLICK
15118,1,0,D1,D1_CLICK
15119,1,0,D1,D1_CLICK
15120,1,0,D1,D1_CLICK
15121,1,0,D1,D1_CLICK
15122,1,0,D1,D1_CLICK
15123,1,0,D1,D1_CLICK
15124,1,0,D1,D1_CLICK
15125,1,0,D1,D1_CLICK
15126,1,0,D1,D1_CLICK
15127,1,0,D1,D1_CLICK
15128,1,0,D1,D1_CLICK
15129,1,0,D1,D1_CLICK
15130,1,0,D1,D1_CLICK
15131,1,0,D1,D1_CLICK
15132,1,0,D1,D1_CLICK
15133,1,0,D1,D1_CLICK
15134,1,0,D1,D1_CLICK
15135,1,0,D1,D1_CLICK
15136,1,0,D1,D1_CLICK
15137,1,0,D1,D1_CLICK
15138,1,1,BOTH,DOUBLE_CLICK
15139,1,1,BOTH,DOUBLE_CLICK
15140,1,1,BOTH,DOUBLE_CLICK
15141,1,1,BOTH,DOUBLE_CLICK
15142,1,1,BOTH,DOUBLE_CLICK
15143,1,1,BOTH,DOUBLE_CLICK
15144,0,1,D2,D2_CLICK
15145,0,1,D2,D2_CLICK
15146,0,1,D2,D2_CLICK
15147,0,1,D2,D2_CLICK
15148,0,1,D2,D2_CLICK
15149,0,1,D2,D2_CLICK
15150,0,1,D2,D2_CLICK
15151,0,1,D2,D2_CLICK
15152,0,1,D2,D2_CLICK
15153,0,1,D2,D2_CLICK
15154,0,1,D2,D2_CLICK
15155,0,1,D2,D2_CLICK
15156,0,1,D2,D2_CLICK
15157,0,1,D2,D2_CLICK
15158,0,1,D2,D2_CLICK
15159,0,1,D2,D2_CLICK
15160,0,1,D2,D2_CLICK
15161,0,1,D2,D2_CLICK
15162,0,1,D2,D2_CLICK
15163,0,1,D2,D2_CLICK
15164,0,1,D2,D2_CLICK
15165,0,1,D2,D2_CLICK
15166,0,1,D2,D2_CLICK
15167,0,1,D2,D2_CLICK
15168,0,1,D2,D2_CLICK
15169,0,1,D2,D2_CLICK
15170,0,1,D2,D2_CLICK
15171,0,1,D2,D2_CLICK
15172,0,1,D2,D2_CLICK
15173,0,1,D2,D2_CLICK
15174,0,1,D2,D2_CLICK
15175,0,1,D2,D2_CLICK
15176,0,0,NONE,NO_CLICK
15177,0,0,NONE,NO_CLICK
15178,0,0,NONE,NO_CLICK
15179,0,0,NONE,NO_CLICK
15180,0,0,NONE,NO_CLICK
15181,0,0,NONE,NO_CLICK
15182,0,0,NONE,NO_CLICK
15183,0,0,NONE,NO_CLICK
15184,0,0,NONE,NO_CLICK
15185,0,0,NONE,NO_CLICK
15186,0,0,NONE,NO_CLICK
15187,0,0,NONE,NO_CLICK
15188,0,0,NONE,NO_CLICK
15189,0,0,NONE,NO_CLICK
15190,0,0,NONE,NO_CLICK
15191,0,0,NONE,NO_CLICK
15192,0,0,NONE,NO_CLICK
15193,0,0,NONE,NO_CLICK
15194,0,0,NONE,NO_CLICK
15195,0,0,NONE,NO_CLICK
15196,0,0,NONE,NO_CLICK
15197,0,0,NONE,NO_CLICK
15198,0,0,NONE,NO_CLICK
15199,0,0,NONE,NO_CLICK
15200,0,0,NONE,NO_CLICK
15201,0,0,NONE,NO_CLICK
15202,0,0,NONE,NO_CLICK
15203,0,0,NONE,NO_CLICK
15204,0,0,NONE,NO_CLICK
15205,0,0,NONE,NO_CLICK
15206,0,0,NONE,NO_CLICK
15207,0,0,NONE,NO_CLICK
15208,0,0,NONE,NO_CLICK
15209,0,0,NONE,NO_CLICK
15210,0,0,NONE,NO_CLICK
15211,0,0,NONE,NO_CLICK
15212,0,0,NONE,NO_CLICK
15213,0,0,NONE,NO_CLICK
15214,0,0,NONE,NO_CLICK
15215,0,0,NONE,NO_CLICK
15216,0,0,NONE,NO_CLICK
15217,0,0,NONE,NO_CLICK
15218,0,0,NONE,NO_CLICK
15219,0,0,NONE,NO_CLICK
15220,0,0,NONE,NO_CLICK
15221,0,0,NONE,NO_CLICK
15222,0,0,NONE,NO_CLICK
15223,0,0,NONE,NO_CLICK
15224,0,0,NONE,NO_CLICK
15225,0,0,NONE,NO_CLICK
15226,0,0,NONE,NO_CLICK
15227,0,0,NONE,NO_CLICK
15228,0,0,NONE,NO_CLICK
15229,0,0,NONE,NO_CLICK
15230,0,0,NONE,NO_CLICK
15231,0,0,NONE,NO_CLICK
15232,0,0,NONE,NO_CLICK
15233,0,0,NONE,NO_CLICK
15234,0,0,NONE,NO_CLICK
15235,0,0,NONE,NO_CLICK
15236,0,0,NONE,NO_CLICK
15237,0,0,NONE,NO_CLICK
15238,0,0,NONE,NO_CLICK
15239,0,0,NONE,NO_CLICK
15240,0,0,NONE,NO_CLICK
15241,0,0,NONE,NO_CLICK
15242,0,0,NONE,NO_CLICK
15243,0,0,NONE,NO_CLICK
15244,0,0,NONE,NO_CLICK
15245,0,0,NONE,NO_CLICK
15246,0,0,NONE,NO_CLICK
15247,0,0,NONE,NO_CLICK
15248,0,0,NONE,NO_CLICK
15249,0,0,NONE,NO_CLICK
15250,0,0,NONE,NO_CLICK
15251,0,0,NONE,NO_CLICK
15252,0,0,NONE,NO_CLICK
15253,0,0,NONE,NO_CLICK
15254,0,0,NONE,NO_CLICK
15255,0,0,NONE,NO_CLICK
15256,0,0,NONE,NO_CLICK
15257,0,0,NONE,NO_CLICK
15258,0,0,NONE,NO_CLICK
15259,0,0,NONE,NO_CLICK
15260,0,0,NONE,NO_CLICK
15261,0,0,NONE,NO_CLICK
15262,0,0,NONE,NO_CLICK
15263,0,0,NONE,NO_CLICK
15264,0,0,NONE,NO_CLICK
15265,0,0,NONE,NO_CLICK
15266,0,0,NONE,NO_CLICK
15267,0,0,NONE,NO_CLICK
15268,0,0,NONE,NO_CLICK
15269,0,0,NONE,NO_CLICK
15270,0,0,NONE,NO_CLICK
15271,0,0,NONE,NO_CLICK
15272,0,0,NONE,NO_CLICK
15273,0,0,NONE,NO_CLICK
15274,0,0,NONE,NO_CLICK
15275,0,0,NONE,NO_CLICK
15276,0,0,NONE,NO_CLICK
15277,0,0,NONE,NO_CLICK
15278,0,0,NONE,NO_CLICK
15279,0,0,NONE,NO_CLICK
15280,0,0,NONE,NO_CLICK
15281,0,0,NONE,NO_CLICK
15282,0,0,NONE,NO_CLICK
15283,0,0,NONE,NO_CLICK
15284,0,0,NONE,NO_CLICK
15285,0,0,NONE,NO_CLICK
15286,0,0,NONE,NO_CLICK
15287,0,0,NONE,NO_CLICK
15288,0,0,NONE,NO_CLICK
15289,0,0,NONE,NO_CLICK
15290,0,0,NONE,NO_CLICK
15291,0,0,NONE,NO_CLICK
15292,0,0,NONE,NO_CLICK
15293,0,0,NONE,NO_CLICK
15294,0,0,NONE,NO_CLICK
15295,0,0,NONE,NO_CLICK
15296,0,0,NONE,NO_CLICK
15297,0,0,NONE,NO_CLICK
15298,0,0,NONE,NO_CLICK
15299,0,0,NONE,NO_CLICK
15300,0,0,NONE,NO_CLICK
15301,0,0,NONE,NO_CLICK
15302,0,0,NONE,NO_CLICK
15303,0,0,NONE,NO_CLICK
15304,0,0,NONE,NO_CLICK
15305,0,0,NONE,NO_CLICK
15306,0,0,NONE,NO_CLICK
15307,0,0,NONE,NO_CLICK
15308,0,0,NONE,NO_CLICK
15309,0,0,NONE,NO_CLICK
15310,0,0,NONE,NO_CLICK
15311,0,0,NONE,NO_CLICK
15312,0,0,NONE,NO_CLICK
15313,0,0,NONE,NO_CLICK
15314,0,0,NONE,NO_CLICK
15315,0,0,NONE,NO_CLICK
15316,0,0,NONE,NO_CLICK
15317,0,0,NONE,NO_CLICK
15318,0,0,NONE,NO_CLICK
15319,0,0,NONE,NO_CLICK
15320,0,0,NONE,NO_CLICK
15321,0,0,NONE,NO_CLICK
15322,0,0,NONE,NO_CLICK
15323,0,0,NONE,NO_CLICK
15324,0,0,NONE,NO_CLICK
15325,0,0,NONE,NO_CLICK
15326,0,0,NONE,NO_CLICK
15327,0,0,NONE,NO_CLICK
15328,0,0,NONE,NO_CLICK
15329,0,0,NONE,NO_CLICK
15330,0,0,NONE,NO_CLICK
15331,0,0,NONE,NO_CLICK
15332,0,0,NONE,NO_CLICK
15333,0,0,NONE,NO_CLICK
15334,0,0,NONE,NO_CLICK
15335,0,0,NONE,NO_CLICK
15336,0,0,NONE,NO_CLICK
15337,0,0,NONE,NO_CLICK
15338,0,0,NONE,NO_CLICK
15339,0,0,NONE,NO_CLICK
15340,0,0,NONE,NO_CLICK
15341,0,0,NONE,NO_CLICK
15342,0,0,NONE,NO_CLICK
15343,0,0,NONE,NO_CLICK
15344,0,0,NONE,NO_CLICK
15345,0,0,NONE,NO_CLICK
15346,0,0,NONE,NO_CLICK
15347,0,0,NONE,NO_CLICK
15348,0,0,NONE,NO_CLICK
15349,0,0,NONE,NO_CLICK
15350,0,0,NONE,NO_CLICK
15351,0,0,NONE,NO_CLICK
15352,0,0,NONE,NO_CLICK
15353,0,0,NONE,NO_CLICK
15354,0,0,NONE,NO_CLICK
15355,0,0,NONE,NO_CLICK
15356,0,0,NONE,NO_CLICK
15357,0,0,NONE,NO_CLICK
15358,0,0,NONE,NO_CLICK
15359,0,0,NONE,NO_CLICK
15360,0,0,NONE,NO_CLICK
15361,0,0,NONE,NO_CLICK
15362,0,0,NONE,NO_CLICK
15363,0,0,NONE,NO_CLICK
15364,0,0,NONE,NO_CLICK
15365,0,0,NONE,NO_CLICK
15366,0,0,NONE,NO_CLICK
15367,0,0,NONE,NO_CLICK
15368,0,0,NONE,NO_CLICK
15369,0,0,NONE,NO_CLICK
15370,0,0,NONE,NO_CLICK
15371,0,0,NONE,NO_CLICK
15372,0,0,NONE,NO_CLICK
15373,0,0,NONE,NO_CLICK
15374,0,0,NONE,NO_CLICK
15375,0,0,NONE,NO_CLICK
15376,0,0,NONE,NO_CLICK
15377,0,0,NONE,NO_CLICK
15378,0,0,NONE,NO_CLICK
15379,0,0,NONE,NO_CLICK
15380,0,0,NONE,NO_CLICK
15381,0,0,NONE,NO_CLICK
15382,0,0,NONE,NO_CLICK
15383,0,0,NONE,NO_CLICK
15384,0,0,NONE,NO_CLICK
15385,0,0,NONE,NO_CLICK
15386,0,0,NONE,NO_CLICK
15387,0,0,NONE,NO_CLICK
15388,0,0,NONE,NO_CLICK
15389,0,0,NONE,NO_CLICK
15390,0,0,NONE,NO_CLICK
15391,0,0,NONE,NO_CLICK
15392,0,0,NONE,NO_CLICK
15393,0,0,NONE,NO_CLICK
15394,0,0,NONE,NO_CLICK
15395,0,0,NONE,NO_CLICK
15396,0,0,NONE,NO_CLICK
15397,0,0,NONE,NO_CLICK
15398,0,0,NONE,NO_CLICK
15399,0,0,NONE,NO_CLICK
15400,0,0,NONE,NO_CLICK
15401,0,0,NONE,NO_CLICK
15402,0,0,NONE,NO_CLICK
15403,0,0,NONE,NO_CLICK
15404,0,0,NONE,NO_CLICK
15405,0,0,NONE,NO_CLICK
15406,0,0,NONE,NO_CLICK
15407,0,0,NONE,NO_CLICK
15408,0,0,NONE,NO_CLICK
15409,0,0,NONE,NO_CLICK
15410,0,0,NONE,NO_CLICK
15411,0,0,NONE,NO_CLICK
15412,0,0,NONE,NO_CLICK
15413,0,0,NONE,NO_CLICK
15414,0,0,NONE,NO_CLICK
15415,0,0,NONE,NO_CLICK
15416,0,0,NONE,NO_CLICK
15417,0,0,NONE,NO_CLICK
15418,0,0,NONE,NO_CLICK
15419,0,0,NONE,NO_CLICK
15420,0,0,NONE,NO_CLICK
15421,0,0,NONE,NO_CLICK
15422,0,0,NONE,NO_CLICK
15423,0,0,NONE,NO_CLICK
15424,0,0,NONE,NO_CLICK
15425,0,0,NONE,NO_CLICK
15426,0,0,NONE,NO_CLICK
15427,0,0,NONE,NO_CLICK
15428,0,0,NONE,NO_CLICK
15429,0,0,NONE,NO_CLICK
15430,0,0,NONE,NO_CLICK
15431,0,0,NONE,NO_CLICK
15432,0,0,NONE,NO_CLICK
15433,0,0,NONE,NO_CLICK
15434,0,0,NONE,NO_CLICK
15435,0,0,NONE,NO_CLICK
15436,0,0,NONE,NO_CLICK
15437,0,0,NONE,NO_CLICK
15438,0,0,NONE,NO_CLICK
15439,0,0,NONE,NO_CLICK
15440,0,0,NONE,NO_CLICK
15441,0,0,NONE,NO_CLICK
15442,0,0,NONE,NO_CLICK
15443,0,0,NONE,NO_CLICK
15444,0,0,NONE,NO_CLICK
15445,0,0,NONE,NO_CLICK
15446,0,0,NONE,NO_CLICK
15447,0,0,NONE,NO_CLICK
15448,0,0,NONE,NO_CLICK
15449,0,0,NONE,NO_CLICK
15450,0,0,NONE,NO_CLICK
15451,0,0,NONE,NO_CLICK
15452,0,0,NONE,NO_CLICK
15453,0,0,NONE,NO_CLICK
15454,0,0,NONE,NO_CLICK
15455,0,0,NONE,NO_CLICK
15456,0,0,NONE,NO_CLICK
15457,0,0,NONE,NO_CLICK
15458,0,0,NONE,NO_CLICK
15459,0,0,NONE,NO_CLICK
15460,0,0,NONE,NO_CLICK
15461,0,0,NONE,NO_CLICK
15462,0,0,NONE,NO_CLICK
15463,0,0,NONE,NO_CLICK
15464,0,0,NONE,NO_CLICK
15465,0,0,NONE,NO_CLICK
15466,0,0,NONE,NO_CLICK
15467,0,0,NONE,NO_CLICK
15468,0,0,NONE,NO_CLICK
15469,0,0,NONE,NO_CLICK
15470,0,0,NONE,NO_CLICK
15471,0,0,NONE,NO_CLICK
15472,0,0,NONE,NO_CLICK
15473,0,0,NONE,NO_CLICK
15474,0,0,NONE,NO_CLICK
15475,0,0,NONE,NO_CLICK
15476,0,0,NONE,NO_CLICK
15477,0,0,NONE,NO_CLICK
15478,0,0,NONE,NO_CLICK
15479,0,0,NONE,NO_CLICK
15480,0,0,NONE,NO_CLICK
15481,0,0,NONE,NO_CLICK
15482,0,0,NONE,NO_CLICK
15483,0,0,NONE,NO_CLICK
15484,0,0,NONE,NO_CLICK
15485,0,0,NONE,NO_CLICK
15486,0,0,NONE,NO_CLICK
15487,0,0,NONE,NO_CLICK
15488,0,0,NONE,NO_CLICK
15489,0,0,NONE,NO_CLICK
15490,0,1,D2,D2_CLICK
15491,0,1,D2,D2_CLICK
15492,0,1,D2,D2_CLICK
15493,0,1,D2,D2_CLICK
15494,0,1,D2,D2_CLICK
15495,0,1,D2,D2_CLICK
15496,0,1,D2,D2_CLICK
15497,0,1,D2,D2_CLICK
15498,0,1,D2,D2_CLICK
15499,0,1,D2,D2_CLICK
15500,0,1,D2,D2_CLICK
15501,0,1,D2,D2_CLICK
15502,0,1,D2,D2_CLICK
15503,0,1,D2,D2_CLICK
15504,0,1,D2,D2_CLICK
15505,0,1,D2,D2_CLICK
15506,0,1,D2,D2_CLICK
15507,0,1,D2,D2_CLICK
15508,0,1,D2,D2_CLICK
15509,0,1,D2,D2_CLICK
15510,0,1,D2,D2_CLICK
15511,0,1,D2,D2_CLICK
15512,0,1,D2,D2_CLICK
15513,0,1,D2,D2_CLICK
15514,0,1,D2,D2_CLICK
15515,0,1,D2,D2_CLICK
15516,0,1,D2,D2_CLICK
15517,0,1,D2,D2_CLICK
15518,0,1,D2,D2_CLICK
15519,0,1,D2,D2_CLICK
15520,0,1,D2,D2_CLICK
15521,0,1,D2,D2_CLICK
15522,0,1,D2,D2_CLICK
15523,0,1,D2,D2_CLICK
15524,0,1,D2,D2_CLICK
15525,0,1,D2,D2_CLICK
15526,0,1,D2,D2_CLICK
15527,0,1,D2,D2_CLICK
15528,0,0,NONE,NO_CLICK
15529,0,0,NONE,NO_CLICK
15530,0,0,NONE,NO_CLICK
15531,0,0,NONE,NO_CLICK
15532,0,0,NONE,NO_CLICK
15533,0,0,NONE,NO_CLICK
15534,0,0,NONE,NO_CLICK
15535,0,0,NONE,NO_CLICK
15536,0,0,NONE,NO_CLICK
15537,0,0,NONE,NO_CLICK
15538,0,0,NONE,NO_CLICK
15539,0,0,NONE,NO_CLICK
15540,0,0,NONE,NO_CLICK
15541,0,0,NONE,NO_CLICK
15542,0,0,NONE,NO_CLICK
15543,0,0,NONE,NO_CLICK
15544,0,0,NONE,NO_CLICK
15545,0,0,NONE,NO_CLICK
15546,0,0,NONE,NO_CLICK
15547,0,0,NONE,NO_CLICK
15548,0,0,NONE,NO_CLICK
15549,0,0,NONE,NO_CLICK
15550,0,0,NONE,NO_CLICK
15551,0,0,NONE,NO_CLICK
15552,0,0,NONE,NO_CLICK
15553,0,0,NONE,NO_CLICK
15554,1,0,D1,D1_CLICK
15555,1,0,D1,D1_CLICK
15556,1,0,D1,D1_CLICK
15557,1,0,D1,D1_CLICK
15558,1,0,D1,D1_CLICK
15559,1,0,D1,D1_CLICK
15560,1,0,D1,D1_CLICK
15561,1,0,D1,D1_CLICK
15562,1,0,D1,D1_CLICK
15563,1,0,D1,D1_CLICK
15564,1,0,D1,D1_CLICK
15565,1,0,D1,D1_CLICK
15566,1,0,D1,D1_CLICK
15567,1,0,D1,D1_CLICK
15568,1,0,D1,D1_CLICK
15569,1,0,D1,D1_CLICK
15570,1,0,D1,D1_CLICK
15571,1,0,D1,D1_CLICK
15572,1,0,D1,D1_CLICK
15573,1,0,D1,D1_CLICK
15574,1,0,D1,D1_CLICK
15575,1,0,D1,D1_CLICK
15576,1,0,D1,D1_CLICK
15577,1,0,D1,D1_CLICK
15578,1,0,D1,D1_CLICK
15579,1,0,D1,D1_CLICK
15580,1,0,D1,D1_CLICK
15581,1,0,D1,D1_CLICK
15582,1,0,D1,D1_CLICK
15583,1,0,D1,D1_CLICK
15584,1,0,D1,D1_CLICK
15585,1,0,D1,D1_CLICK
15586,1,0,D1,D1_CLICK
15587,1,0,D1,D1_CLICK
15588,1,0,D1,D1_CLICK
15589,1,0,D1,D1_CLICK
15590,1,0,D1,D1_CLICK
15591,1,0,D1,D1_CLICK
15592,0,0,NONE,NO_CLICK
15593,0,0,NONE,NO_CLICK
15594,0,0,NONE,NO_CLICK
15595,0,0,NONE,NO_CLICK
15596,0,0,NONE,NO_CLICK
15597,0,0,NONE,NO_CLICK
15598,0,0,NONE,NO_CLICK
15599,0,0,NONE,NO_CLICK
15600,0,0,NONE,NO_CLICK
15601,0,0,NONE,NO_CLICK
15602,0,0,NONE,NO_CLICK
15603,0,0,NONE,NO_CLICK
15604,0,0,NONE,NO_CLICK
15605,0,0,NONE,NO_CLICK
15606,0,0,NONE,NO_CLICK
15607,0,0,NONE,NO_CLICK
15608,0,0,NONE,NO_CLICK
15609,0,0,NONE,NO_CLICK
15610,0,0,NONE,NO_CLICK
15611,0,0,NONE,NO_CLICK
15612,0,0,NONE,NO_CLICK
15613,0,0,NONE,NO_CLICK
15614,0,0,NONE,NO_CLICK
15615,0,0,NONE,NO_CLICK
15616,0,0,NONE,NO_CLICK
15617,0,0,NONE,NO_CLICK
15618,0,0,NONE,NO_CLICK
15619,0,0,NONE,NO_CLICK
15620,0,0,NONE,NO_CLICK
15621,0,0,NONE,NO_CLICK
15622,0,0,NONE,NO_CLICK
15623,0,0,NONE,NO_CLICK
15624,0,0,NONE,NO_CLICK
15625,0,0,NONE,NO_CLICK
15626,0,0,NONE,NO_CLICK
15627,0,0,NONE,NO_CLICK
15628,0,0,NONE,NO_CLICK
15629,0,0,NONE,NO_CLICK
15630,0,0,NONE,NO_CLICK
15631,0,0,NONE,NO_CLICK
15632,0,0,NONE,NO_CLICK
15633,0,0,NONE,NO_CLICK
15634,0,0,NONE,NO_CLICK
15635,0,0,NONE,NO_CLICK
15636,0,0,NONE,NO_CLICK
15637,0,0,NONE,NO_CLICK
15638,0,0,NONE,NO_CLICK
15639,0,0,NONE,NO_CLICK
15640,0,0,NONE,NO_CLICK
15641,0,0,NONE,NO_CLICK
15642,0,0,NONE,NO_CLICK
15643,0,0,NONE,NO_CLICK
15644,0,0,NONE,NO_CLICK
15645,0,0,NONE,NO_CLICK
15646,0,0,NONE,NO_CLICK
15647,0,0,NONE,NO_CLICK
15648,0,0,NONE,NO_CLICK
15649,0,0,NONE,NO_CLICK
15650,0,0,NONE,NO_CLICK
15651,0,0,NONE,NO_CLICK
15652,0,0,NONE,NO_CLICK
15653,0,0,NONE,NO_CLICK
15654,0,0,NONE,NO_CLICK
15655,0,0,NONE,NO_CLICK
15656,0,0,NONE,NO_CLICK
15657,0,0,NONE,NO_CLICK
15658,0,0,NONE,NO_CLICK
15659,0,0,NONE,NO_CLICK
15660,0,0,NONE,NO_CLICK
15661,0,0,NONE,NO_CLICK
15662,0,0,NONE,NO_CLICK
15663,0,0,NONE,NO_CLICK
15664,0,0,NONE,NO_CLICK
15665,0,0,NONE,NO_CLICK
15666,0,0,NONE,NO_CLICK
15667,0,0,NONE,NO_CLICK
15668,0,0,NONE,NO_CLICK
15669,0,0,NONE,NO_CLICK
15670,0,0,NONE,NO_CLICK
15671,0,0,NONE,NO_CLICK
15672,0,0,NONE,NO_CLICK
15673,0,0,NONE,NO_CLICK
15674,0,0,NONE,NO_CLICK
15675,0,0,NONE,NO_CLICK
15676,0,0,NONE,NO_CLICK
15677,0,0,NONE,NO_CLICK
15678,0,0,NONE,NO_CLICK
15679,0,0,NONE,NO_CLICK
15680,0,0,NONE,NO_CLICK
15681,0,0,NONE,NO_CLICK
15682,0,0,NONE,NO_CLICK
15683,0,0,NONE,NO_CLICK
15684,0,0,NONE,NO_CLICK
15685,0,0,NONE,NO_CLICK
15686,0,0,NONE,NO_CLICK
15687,0,0,NONE,NO_CLICK
15688,0,0,NONE,NO_CLICK
15689,0,0,NONE,NO_CLICK
15690,0,0,NONE,NO_CLICK
15691,0,0,NONE,NO_CLICK
15692,0,0,NONE,NO_CLICK
15693,0,0,NONE,NO_CLICK
15694,0,0,NONE,NO_CLICK
15695,0,0,NONE,NO_CLICK
15696,0,0,NONE,NO_CLICK
15697,0,0,NONE,NO_CLICK
15698,0,0,NONE,NO_CLICK
15699,0,0,NONE,NO_CLICK
15700,0,0,NONE,NO_CLICK
15701,0,0,NONE,NO_CLICK
15702,0,0,NONE,NO_CLICK
15703,0,0,NONE,NO_CLICK
15704,0,0,NONE,NO_CLICK
15705,0,0,NONE,NO_CLICK
15706,0,0,NONE,NO_CLICK
15707,0,0,NONE,NO_CLICK
15708,0,0,NONE,NO_CLICK
15709,0,0,NONE,NO_CLICK
15710,0,0,NONE,NO_CLICK
15711,0,0,NONE,NO_CLICK
15712,0,0,NONE,NO_CLICK
15713,0,0,NONE,NO_CLICK
15714,0,0,NONE,NO_CLICK
15715,0,0,NONE,NO_CLICK
15716,0,0,NONE,NO_CLICK
15717,0,0,NONE,NO_CLICK
15718,0,0,NONE,NO_CLICK
15719,0,0,NONE,NO_CLICK
15720,0,0,NONE,NO_CLICK
15721,0,0,NONE,NO_CLICK
15722,0,0,NONE,NO_CLICK
15723,0,0,NONE,NO_CLICK
15724,0,0,NONE,NO_CLICK
15725,0,0,NONE,NO_CLICK
15726,0,0,NONE,NO_CLICK
15727,0,0,NONE,NO_CLICK
15728,0,0,NONE,NO_CLICK
15729,0,0,NONE,NO_CLICK
15730,0,0,NONE,NO_CLICK
15731,0,0,NONE,NO_CLICK
15732,0,0,NONE,NO_CLICK
15733,0,0,NONE,NO_CLICK
15734,0,0,NONE,NO_CLICK
15735,0,0,NONE,NO_CLICK
15736,0,0,NONE,NO_CLICK
15737,0,0,NONE,NO_CLICK
15738,0,0,NONE,NO_CLICK
15739,0,0,NONE,NO_CLICK
15740,0,0,NONE,NO_CLICK
15741,0,0,NONE,NO_CLICK
15742,0,0,NONE,NO_CLICK
15743,0,0,NONE,NO_CLICK
15744,0,0,NONE,NO_CLICK
15745,0,0,NONE,NO_CLICK
15746,0,0,NONE,NO_CLICK
15747,0,0,NONE,NO_CLICK
15748,0,0,NONE,NO_CLICK
15749,0,0,NONE,NO_CLICK
15750,0,0,NONE,NO_CLICK
15751,0,0,NONE,NO_CLICK
15752,0,0,NONE,NO_CLICK
15753,0,0,NONE,NO_CLICK
15754,0,0,NONE,NO_CLICK
15755,0,0,NONE,NO_CLICK
15756,0,0,NONE,NO_CLICK
15757,0,0,NONE,NO_CLICK
15758,0,0,NONE,NO_CLICK
15759,0,0,NONE,NO_CLICK
15760,0,0,NONE,NO_CLICK
15761,0,0,NONE,NO_CLICK
15762,0,0,NONE,NO_CLICK
15763,0,0,NONE,NO_CLICK
15764,0,0,NONE,NO_CLICK
15765,0,0,NONE,NO_CLICK
15766,0,0,NONE,NO_CLICK
15767,0,0,NONE,NO_CLICK
15768,0,0,NONE,NO_CLICK
15769,0,0,NONE,NO_CLICK
15770,0,0,NONE,NO_CLICK
15771,0,0,NONE,NO_CLICK
15772,0,0,NONE,NO_CLICK
15773,0,0,NONE,NO_CLICK
15774,0,0,NONE,NO_CLICK
15775,0,0,NONE,NO_CLICK
15776,0,0,NONE,NO_CLICK
15777,0,0,NONE,NO_CLICK
15778,0,0,NONE,NO_CLICK
15779,0,0,NONE,NO_CLICK
15780,0,0,NONE,NO_CLICK
15781,0,0,NONE,NO_CLICK
15782,0,0,NONE,NO_CLICK
15783,0,0,NONE,NO_CLICK
15784,0,0,NONE,NO_CLICK
15785,0,0,NONE,NO_CLICK
15786,0,0,NONE,NO_CLICK
15787,0,0,NONE,NO_CLICK
15788,0,0,NONE,NO_CLICK
15789,0,0,NONE,NO_CLICK
15790,0,0,NONE,NO_CLICK
15791,0,0,NONE,NO_CLICK
15792,0,0,NONE,NO_CLICK
15793,0,0,NONE,NO_CLICK
15794,0,0,NONE,NO_CLICK
15795,0,0,NONE,NO_CLICK
15796,0,0,NONE,NO_CLICK
15797,0,0,NONE,NO_CLICK
15798,0,0,NONE,NO_CLICK
15799,0,0,NONE,NO_CLICK
15800,0,0,NONE,NO_CLICK
15801,0,0,NONE,NO_CLICK
15802,0,0,NONE,NO_CLICK
15803,0,0,NONE,NO_CLICK
15804,0,0,NONE,NO_CLICK
15805,0,0,NONE,NO_CLICK
15806,0,0,NONE,NO_CLICK
15807,0,0,NONE,NO_CLICK
15808,0,0,NONE,NO_CLICK
15809,0,0,NONE,NO_CLICK
15810,0,0,NONE,NO_CLICK
15811,0,0,NONE,NO_CLICK
15812,0,0,NONE,NO_CLICK
15813,0,0,NONE,NO_CLICK
15814,0,0,NONE,NO_CLICK
15815,0,0,NONE,NO_CLICK
15816,0,0,NONE,NO_CLICK
15817,0,0,NONE,NO_CLICK
15818,0,0,NONE,NO_CLICK
15819,0,0,NONE,NO_CLICK
15820,0,0,NONE,NO_CLICK
15821,0,0,NONE,NO_CLICK
15822,0,0,NONE,NO_CLICK
15823,0,0,NONE,NO_CLICK
15824,0,0,NONE,NO_CLICK
15825,0,0,NONE,NO_CLICK
15826,0,0,NONE,NO_CLICK
15827,0,0,NONE,NO_CLICK
15828,0,0,NONE,NO_CLICK
15829,0,0,NONE,NO_CLICK
15830,0,0,NONE,NO_CLICK
15831,0,0,NONE,NO_CLICK
15832,0,0,NONE,NO_CLICK
15833,0,0,NONE,NO_CLICK
15834,0,0,NONE,NO_CLICK
15835,0,0,NONE,NO_CLICK
15836,0,0,NONE,NO_CLICK
15837,0,0,NONE,NO_CLICK
15838,0,0,NONE,NO_CLICK
15839,0,0,NONE,NO_CLICK
15840,0,0,NONE,NO_CLICK
15841,0,0,NONE,NO_CLICK
15842,0,0,NONE,NO_CLICK
15843,0,0,NONE,NO_CLICK
15844,0,0,NONE,NO_CLICK
15845,0,0,NONE,NO_CLICK
15846,0,0,NONE,NO_CLICK
15847,0,0,NONE,NO_CLICK
15848,0,0,NONE,NO_CLICK
15849,0,0,NONE,NO_CLICK
15850,0,0,NONE,NO_CLICK
15851,0,0,NONE,NO_CLICK
15852,0,0,NONE,NO_CLICK
15853,0,0,NONE,NO_CLICK
15854,0,0,NONE,NO_CLICK
15855,0,0,NONE,NO_CLICK
15856,0,0,NONE,NO_CLICK
15857,0,0,NONE,NO_CLICK
15858,0,0,NONE,NO_CLICK
15859,0,0,NONE,NO_CLICK
15860,0,0,NONE,NO_CLICK
15861,0,0,NONE,NO_CLICK
15862,0,0,NONE,NO_CLICK
15863,0,0,NONE,NO_CLICK
15864,0,0,NONE,NO_CLICK
15865,0,0,NONE,NO_CLICK
15866,0,0,NONE,NO_CLICK
15867,0,0,NONE,NO_CLICK
15868,0,0,NONE,NO_CLICK
15869,0,0,NONE,NO_CLICK
15870,0,0,NONE,NO_CLICK
15871,0,0,NONE,NO_CLICK
15872,0,0,NONE,NO_CLICK
15873,0,0,NONE,NO_CLICK
15874,0,0,NONE,NO_CLICK
15875,0,0,NONE,NO_CLICK
15876,0,0,NONE,NO_CLICK
15877,0,0,NONE,NO_CLICK
15878,0,0,NONE,NO_CLICK
15879,0,0,NONE,NO_CLICK
15880,0,0,NONE,NO_CLICK
15881,0,0,NONE,NO_CLICK
15882,0,0,NONE,NO_CLICK
15883,0,0,NONE,NO_CLICK
15884,0,0,NONE,NO_CLICK
15885,0,0,NONE,NO_CLICK
15886,0,0,NONE,NO_CLICK
15887,0,0,NONE,NO_CLICK
15888,0,0,NONE,NO_CLICK
15889,0,0,NONE,NO_CLICK
15890,0,0,NONE,NO_CLICK
15891,0,0,NONE,NO_CLICK
15892,0,0,NONE,NO_CLICK
15893,0,0,NONE,NO_CLICK
15894,0,0,NONE,NO_CLICK
15895,0,0,NONE,NO_CLICK
15896,0,0,NONE,NO_CLICK
15897,0,0,NONE,NO_CLICK
15898,0,0,NONE,NO_CLICK
15899,0,0,NONE,NO_CLICK
15900,0,0,NONE,NO_CLICK
15901,0,0,NONE,NO_CLICK
15902,0,0,NONE,NO_CLICK
15903,0,0,NONE,NO_CLICK
15904,0,0,NONE,NO_CLICK
15905,0,0,NONE,NO_CLICK
15906,0,0,NONE,NO_CLICK
15907,0,0,NONE,NO_CLICK
15908,0,0,NONE,NO_CLICK
15909,0,0,NONE,NO_CLICK
15910,0,0,NONE,NO_CLICK
15911,0,0,NONE,NO_CLICK
15912,0,0,NONE,NO_CLICK
15913,0,0,NONE,NO_CLICK
15914,0,0,NONE,NO_CLICK
15915,0,0,NONE,NO_CLICK
15916,0,0,NONE,NO_CLICK
15917,0,0,NONE,NO_CLICK
15918,0,0,NONE,NO_CLICK
15919,0,0,NONE,NO_CLICK
15920,0,0,NONE,NO_CLICK
15921,0,0,NONE,NO_CLICK
15922,0,0,NONE,NO_CLICK
15923,0,0,NONE,NO_CLICK
15924,0,0,NONE,NO_CLICK
15925,0,0,NONE,NO_CLICK
15926,0,0,NONE,NO_CLICK
15927,0,0,NONE,NO_CLICK
15928,0,0,NONE,NO_CLICK
15929,0,0,NONE,NO_CLICK
15930,0,0,NONE,NO_CLICK
15931,0,0,NONE,NO_CLICK
15932,0,0,NONE,NO_CLICK
15933,0,0,NONE,NO_CLICK
15934,0,0,NONE,NO_CLICK
15935,0,0,NONE,NO_CLICK
15936,0,0,NONE,NO_CLICK
15937,0,0,NONE,NO_CLICK
15938,0,1,D2,D2_CLICK
15939,0,1,D2,D2_CLICK
15940,0,1,D2,D2_CLICK
15941,0,1,D2,D2_CLICK
15942,0,1,D2,D2_CLICK
15943,0,1,D2,D2_CLICK
15944,0,1,D2,D2_CLICK
15945,0,1,D2,D2_CLICK
15946,0,1,D2,D2_CLICK
15947,0,1,D2,D2_CLICK
15948,0,1,D2,D2_CLICK
15949,0,1,D2,D2_CLICK
15950,0,1,D2,D2_CLICK
15951,0,1,D2,D2_CLICK
15952,0,1,D2,D2_CLICK
15953,0,1,D2,D2_CLICK
15954,0,1,D2,D2_CLICK
15955,0,1,D2,D2_CLICK
15956,0,1,D2,D2_CLICK
15957,0,1,D2,D2_CLICK
15958,0,1,D2,D2_CLICK
15959,0,1,D2,D2_CLICK
15960,0,1,D2,D2_CLICK
15961,0,1,D2,D2_CLICK
15962,0,1,D2,D2_CLICK
15963,0,1,D2,D2_CLICK
15964,0,1,D2,D2_CLICK
15965,0,1,D2,D2_CLICK
15966,0,1,D2,D2_CLICK
15967,0,1,D2,D2_CLICK
15968,0,1,D2,D2_CLICK
15969,0,1,D2,D2_CLICK
15970,1,1,BOTH,DOUBLE_CLICK
15971,1,1,BOTH,DOUBLE_CLICK
15972,1,1,BOTH,DOUBLE_CLICK
15973,1,1,BOTH,DOUBLE_CLICK
15974,1,1,BOTH,DOUBLE_CLICK
15975,1,1,BOTH,DOUBLE_CLICK
15976,1,0,D1,D1_CLICK
15977,1,0,D1,D1_CLICK
15978,1,0,D1,D1_CLICK
15979,1,0,D1,D1_CLICK
15980,1,0,D1,D1_CLICK
15981,1,0,D1,D1_CLICK
15982,1,0,D1,D1_CLICK
15983,1,0,D1,D1_CLICK
15984,1,0,D1,D1_CLICK
15985,1,0,D1,D1_CLICK
15986,1,0,D1,D1_CLICK
15987,1,0,D1,D1_CLICK
15988,1,0,D1,D1_CLICK
15989,1,0,D1,D1_CLICK
15990,1,0,D1,D1_CLICK
15991,1,0,D1,D1_CLICK
15992,1,0,D1,D1_CLICK
15993,1,0,D1,D1_CLICK
15994,1,0,D1,D1_CLICK
15995,1,0,D1,D1_CLICK
15996,1,0,D1,D1_CLICK
15997,1,0,D1,D1_CLICK
15998,1,0,D1,D1_CLICK
15999,1,0,D1,D1_CLICK
16000,1,0,D1,D1_CLICK
16001,1,0,D1,D1_CLICK
16002,1,0,D1,D1_CLICK
16003,1,0,D1,D1_CLICK
16004,1,0,D1,D1_CLICK
16005,1,0,D1,D1_CLICK
16006,1,0,D1,D1_CLICK
16007,1,0,D1,D1_CLICK
16008,0,0,NONE,NO_CLICK
16009,0,0,NONE,NO_CLICK
16010,0,0,NONE,NO_CLICK
16011,0,0,NONE,NO_CLICK
16012,0,0,NONE,NO_CLICK
16013,0,0,NONE,NO_CLICK
16014,0,0,NONE,NO_CLICK
16015,0,0,NONE,NO_CLICK
16016,0,0,NONE,NO_CLICK
16017,0,0,NONE,NO_CLICK
16018,0,0,NONE,NO_CLICK
16019,0,0,NONE,NO_CLICK
16020,0,0,NONE,NO_CLICK
16021,0,0,NONE,NO_CLICK
16022,0,0,NONE,NO_CLICK
16023,0,0,NONE,NO_CLICK
16024,0,0,NONE,NO_CLICK
16025,0,0,NONE,NO_CLICK
16026,0,0,NONE,NO_CLICK
16027,0,0,NONE,NO_CLICK
16028,0,0,NONE,NO_CLICK
16029,0,0,NONE,NO_CLICK
16030,0,0,NONE,NO_CLICK
16031,0,0,NONE,NO_CLICK
16032,0,0,NONE,NO_CLICK
16033,0,0,NONE,NO_CLICK
16034,0,0,NONE,NO_CLICK
16035,0,0,NONE,NO_CLICK
16036,0,0,NONE,NO_CLICK
16037,0,0,NONE,NO_CLICK
16038,0,0,NONE,NO_CLICK
16039,0,0,NONE,NO_CLICK
16040,0,0,NONE,NO_CLICK
16041,0,0,NONE,NO_CLICK
16042,0,0,NONE,NO_CLICK
16043,0,0,NONE,NO_CLICK
16044,0,0,NONE,NO_CLICK
16045,0,0,NONE,NO_CLICK
16046,0,0,NONE,NO_CLICK
16047,0,0,NONE,NO_CLICK
16048,0,0,NONE,NO_CLICK
16049,0,0,NONE,NO_CLICK
16050,0,0,NONE,NO_CLICK
16051,0,0,NONE,NO_CLICK
16052,0,0,NONE,NO_CLICK
16053,0,0,NONE,NO_CLICK
16054,0,0,NONE,NO_CLICK
16055,0,0,NONE,NO_CLICK
16056,0,0,NONE,NO_CLICK
16057,0,0,NONE,NO_CLICK
16058,0,0,NONE,NO_CLICK
16059,0,0,NONE,NO_CLICK
16060,0,0,NONE,NO_CLICK
16061,0,0,NONE,NO_CLICK
16062,0,0,NONE,NO_CLICK
16063,0,0,NONE,NO_CLICK
16064,0,0,NONE,NO_CLICK
16065,0,0,NONE,NO_CLICK
16066,0,1,D2,D2_CLICK
16067,0,1,D2,D2_CLICK
16068,0,1,D2,D2_CLICK
16069,0,1,D2,D2_CLICK
16070,0,1,D2,D2_CLICK
16071,0,1,D2,D2_CLICK
16072,0,1,D2,D2_CLICK
16073,0,1,D2,D2_CLICK
16074,0,1,D2,D2_CLICK
16075,0,1,D2,D2_CLICK
16076,0,1,D2,D2_CLICK
16077,0,1,D2,D2_CLICK
16078,0,1,D2,D2_CLICK
16079,0,1,D2,D2_CLICK
16080,0,1,D2,D2_CLICK
16081,0,1,D2,D2_CLICK
16082,0,1,D2,D2_CLICK
16083,0,1,D2,D2_CLICK
16084,0,1,D2,D2_CLICK
16085,0,1,D2,D2_CLICK
16086,0,1,D2,D2_CLICK
16087,0,1,D2,D2_CLICK
16088,0,1,D2,D2_CLICK
16089,0,1,D2,D2_CLICK
16090,0,1,D2,D2_CLICK
16091,0,1,D2,D2_CLICK
16092,0,1,D2,D2_CLICK
16093,0,1,D2,D2_CLICK
16094,0,1,D2,D2_CLICK
16095,0,1,D2,D2_CLICK
16096,0,1,D2,D2_CLICK
16097,0,1,D2,D2_CLICK
16098,0,1,D2,D2_CLICK
16099,0,1,D2,D2_CLICK
16100,0,1,D2,D2_CLICK
16101,0,1,D2,D2_CLICK
16102,0,1,D2,D2_CLICK
16103,0,1,D2,D2_CLICK
16104,0,0,NONE,NO_CLICK
16105,0,0,NONE,NO_CLICK
16106,0,0,NONE,NO_CLICK
16107,0,0,NONE,NO_CLICK
16108,0,0,NONE,NO_CLICK
16109,0,0,NONE,NO_CLICK
16110,0,0,NONE,NO_CLICK
16111,0,0,NONE,NO_CLICK
16112,0,0,NONE,NO_CLICK
16113,0,0,NONE,NO_CLICK
16114,0,0,NONE,NO_CLICK
16115,0,0,NONE,NO_CLICK
16116,0,0,NONE,NO_CLICK
16117,0,0,NONE,NO_CLICK
16118,0,0,NONE,NO_CLICK
16119,0,0,NONE,NO_CLICK
16120,0,0,NONE,NO_CLICK
16121,0,0,NONE,NO_CLICK
16122,0,0,NONE,NO_CLICK
16123,0,0,NONE,NO_CLICK
16124,0,0,NONE,NO_CLICK
16125,0,0,NONE,NO_CLICK
16126,0,0,NONE,NO_CLICK
16127,0,0,NONE,NO_CLICK
16128,0,0,NONE,NO_CLICK
16129,0,0,NONE,NO_CLICK
16130,0,0,NONE,NO_CLICK
16131,0,0,NONE,NO_CLICK
16132,0,0,NONE,NO_CLICK
16133,0,0,NONE,NO_CLICK
16134,0,0,NONE,NO_CLICK
16135,0,0,NONE,NO_CLICK
16136,0,0,NONE,NO_CLICK
16137,0,0,NONE,NO_CLICK
16138,0,0,NONE,NO_CLICK
16139,0,0,NONE,NO_CLICK
16140,0,0,NONE,NO_CLICK
16141,0,0,NONE,NO_CLICK
16142,0,0,NONE,NO_CLICK
16143,0,0,NONE,NO_CLICK
16144,0,0,NONE,NO_CLICK
16145,0,0,NONE,NO_CLICK
16146,0,0,NONE,NO_CLICK
16147,0,0,NONE,NO_CLICK
16148,0,0,NONE,NO_CLICK
16149,0,0,NONE,NO_CLICK
16150,0,0,NONE,NO_CLICK
16151,0,0,NONE,NO_CLICK
16152,0,0,NONE,NO_CLICK
16153,0,0,NONE,NO_CLICK
16154,0,0,NONE,NO_CLICK
16155,0,0,NONE,NO_CLICK
16156,0,0,NONE,NO_CLICK
16157,0,0,NONE,NO_CLICK
16158,0,0,NONE,NO_CLICK
16159,0,0,NONE,NO_CLICK
16160,0,0,NONE,NO_CLICK
16161,0,0,NONE,NO_CLICK
16162,0,0,NONE,NO_CLICK
16163,0,0,NONE,NO_CLICK
16164,0,0,NONE,NO_CLICK
16165,0,0,NONE,NO_CLICK
16166,0,0,NONE,NO_CLICK
16167,0,0,NONE,NO_CLICK
16168,0,0,NONE,NO_CLICK
16169,0,0,NONE,NO_CLICK
16170,0,0,NONE,NO_CLICK
16171,0,0,NONE,NO_CLICK
16172,0,0,NONE,NO_CLICK
16173,0,0,NONE,NO_CLICK
16174,0,0,NONE,NO_CLICK
16175,0,0,NONE,NO_CLICK
16176,0,0,NONE,NO_CLICK
16177,0,0,NONE,NO_CLICK
16178,0,0,NONE,NO_CLICK
16179,0,0,NONE,NO_CLICK
16180,0,0,NONE,NO_CLICK
16181,0,0,NONE,NO_CLICK
16182,0,0,NONE,NO_CLICK
16183,0,0,NONE,NO_CLICK
16184,0,0,NONE,NO_CLICK
16185,0,0,NONE,NO_CLICK
16186,0,0,NONE,NO_CLICK
16187,0,0,NONE,NO_CLICK
16188,0,0,NONE,NO_CLICK
16189,0,0,NONE,NO_CLICK
16190,0,0,NONE,NO_CLICK
16191,0,0,NONE,NO_CLICK
16192,0,0,NONE,NO_CLICK
16193,0,0,NONE,NO_CLICK
16194,0,0,NONE,NO_CLICK
16195,0,0,NONE,NO_CLICK
16196,0,0,NONE,NO_CLICK
16197,0,0,NONE,NO_CLICK
16198,0,0,NONE,NO_CLICK
16199,0,0,NONE,NO_CLICK
16200,0,0,NONE,NO_CLICK
16201,0,0,NONE,NO_CLICK
16202,0,0,NONE,NO_CLICK
16203,0,0,NONE,NO_CLICK
16204,0,0,NONE,NO_CLICK
16205,0,0,NONE,NO_CLICK
16206,0,0,NONE,NO_CLICK
16207,0,0,NONE,NO_CLICK
16208,0,0,NONE,NO_CLICK
16209,0,0,NONE,NO_CLICK
16210,0,0,NONE,NO_CLICK
16211,0,0,NONE,NO_CLICK
16212,0,0,NONE,NO_CLICK
16213,0,0,NONE,NO_CLICK
16214,0,0,NONE,NO_CLICK
16215,0,0,NONE,NO_CLICK
16216,0,0,NONE,NO_CLICK
16217,0,0,NONE,NO_CLICK
16218,0,0,NONE,NO_CLICK
16219,0,0,NONE,NO_CLICK
16220,0,0,NONE,NO_CLICK
16221,0,0,NONE,NO_CLICK
16222,0,0,NONE,NO_CLICK
16223,0,0,NONE,NO_CLICK
16224,0,0,NONE,NO_CLICK
16225,0,0,NONE,NO_CLICK
16226,0,0,NONE,NO_CLICK
16227,0,0,NONE,NO_CLICK
16228,0,0,NONE,NO_CLICK
16229,0,0,NONE,NO_CLICK
16230,0,0,NONE,NO_CLICK
16231,0,0,NONE,NO_CLICK
16232,0,0,NONE,NO_CLICK
16233,0,0,NONE,NO_CLICK
16234,0,0,NONE,NO_CLICK
16235,0,0,NONE,NO_CLICK
16236,0,0,NONE,NO_CLICK
16237,0,0,NONE,NO_CLICK
16238,0,0,NONE,NO_CLICK
16239,0,0,NONE,NO_CLICK
16240,0,0,NONE,NO_CLICK
16241,0,0,NONE,NO_CLICK
16242,0,0,NONE,NO_CLICK
16243,0,0,NONE,NO_CLICK
16244,0,0,NONE,NO_CLICK
16245,0,0,NONE,NO_CLICK
16246,0,0,NONE,NO_CLICK
16247,0,0,NONE,NO_CLICK
16248,0,0,NONE,NO_CLICK
16249,0,0,NONE,NO_CLICK
16250,0,0,NONE,NO_CLICK
16251,0,0,NONE,NO_CLICK
16252,0,0,NONE,NO_CLICK
16253,0,0,NONE,NO_CLICK
16254,0,0,NONE,NO_CLICK
16255,0,0,NONE,NO_CLICK
16256,0,0,NONE,NO_CLICK
16257,0,0,NONE,NO_CLICK
16258,0,0,NONE,NO_CLICK
16259,0,0,NONE,NO_CLICK
16260,0,0,NONE,NO_CLICK
16261,0,0,NONE,NO_CLICK
16262,0,0,NONE,NO_CLICK
16263,0,0,NONE,NO_CLICK
16264,0,0,NONE,NO_CLICK
16265,0,0,NONE,NO_CLICK
16266,0,0,NONE,NO_CLICK
16267,0,0,NONE,NO_CLICK
16268,0,0,NONE,NO_CLICK
16269,0,0,NONE,NO_CLICK
16270,0,0,NONE,NO_CLICK
16271,0,0,NONE,NO_CLICK
16272,0,0,NONE,NO_CLICK
16273,0,0,NONE,NO_CLICK
16274,0,0,NONE,NO_CLICK
16275,0,0,NONE,NO_CLICK
16276,0,0,NONE,NO_CLICK
16277,0,0,NONE,NO_CLICK
16278,0,0,NONE,NO_CLICK
16279,0,0,NONE,NO_CLICK
16280,0,0,NONE,NO_CLICK
16281,0,0,NONE,NO_CLICK
16282,0,0,NONE,NO_CLICK
16283,0,0,NONE,NO_CLICK
16284,0,0,NONE,NO_CLICK
16285,0,0,NONE,NO_CLICK
16286,0,0,NONE,NO_CLICK
16287,0,0,NONE,NO_CLICK
16288,0,0,NONE,NO_CLICK
16289,0,0,NONE,NO_CLICK
16290,0,0,NONE,NO_CLICK
16291,0,0,NONE,NO_CLICK
16292,0,0,NONE,NO_CLICK
16293,0,0,NONE,NO_CLICK
16294,0,0,NONE,NO_CLICK
16295,0,0,NONE,NO_CLICK
16296,0,0,NONE,NO_CLICK
16297,0,0,NONE,NO_CLICK
16298,0,0,NONE,NO_CLICK
16299,0,0,NONE,NO_CLICK
16300,0,0,NONE,NO_CLICK
16301,0,0,NONE,NO_CLICK
16302,0,0,NONE,NO_CLICK
16303,0,0,NONE,NO_CLICK
16304,0,0,NONE,NO_CLICK
16305,0,0,NONE,NO_CLICK
16306,0,0,NONE,NO_CLICK
16307,0,0,NONE,NO_CLICK
16308,0,0,NONE,NO_CLICK
16309,0,0,NONE,NO_CLICK
16310,0,0,NONE,NO_CLICK
16311,0,0,NONE,NO_CLICK
16312,0,0,NONE,NO_CLICK
16313,0,0,NONE,NO_CLICK
16314,0,0,NONE,NO_CLICK
16315,0,0,NONE,NO_CLICK
16316,0,0,NONE,NO_CLICK
16317,0,0,NONE,NO_CLICK
16318,0,0,NONE,NO_CLICK
16319,0,0,NONE,NO_CLICK
16320,0,0,NONE,NO_CLICK
16321,0,0,NONE,NO_CLICK
16322,1,0,D1,D1_CLICK
16323,1,0,D1,D1_CLICK
16324,1,0,D1,D1_CLICK
16325,1,0,D1,D1_CLICK
16326,1,0,D1,D1_CLICK
16327,1,0,D1,D1_CLICK
16328,1,0,D1,D1_CLICK
16329,1,0,D1,D1_CLICK
16330,1,0,D1,D1_CLICK
16331,1,0,D1,D1_CLICK
16332,1,0,D1,D1_CLICK
16333,1,0,D1,D1_CLICK
16334,1,0,D1,D1_CLICK
16335,1,0,D1,D1_CLICK
16336,1,0,D1,D1_CLICK
16337,1,0,D1,D1_CLICK
16338,1,0,D1,D1_CLICK
16339,1,0,D1,D1_CLICK
16340,1,0,D1,D1_CLICK
16341,1,0,D1,D1_CLICK
16342,1,0,D1,D1_CLICK
16343,1,0,D1,D1_CLICK
16344,1,0,D1,D1_CLICK
16345,1,0,D1,D1_CLICK
16346,1,0,D1,D1_CLICK
16347,1,0,D1,D1_CLICK
16348,1,0,D1,D1_CLICK
16349,1,0,D1,D1_CLICK
16350,1,0,D1,D1_CLICK
16351,1,0,D1,D1_CLICK
16352,1,0,D1,D1_CLICK
16353,1,0,D1,D1_CLICK
16354,1,0,D1,D1_CLICK
16355,1,0,D1,D1_CLICK
16356,1,0,D1,D1_CLICK
16357,1,0,D1,D1_CLICK
16358,1,0,D1,D1_CLICK
16359,1,0,D1,D1_CLICK
16360,0,0,NONE,NO_CLICK
16361,0,0,NONE,NO_CLICK
16362,0,0,NONE,NO_CLICK
16363,0,0,NONE,NO_CLICK
16364,0,0,NONE,NO_CLICK
16365,0,0,NONE,NO_CLICK
16366,0,0,NONE,NO_CLICK
16367,0,0,NONE,NO_CLICK
16368,0,0,NONE,NO_CLICK
16369,0,0,NONE,NO_CLICK
16370,0,0,NONE,NO_CLICK
16371,0,0,NONE,NO_CLICK
16372,0,0,NONE,NO_CLICK
16373,0,0,NONE,NO_CLICK
16374,0,0,NONE,NO_CLICK
16375,0,0,NONE,NO_CLICK
16376,0,0,NONE,NO_CLICK
16377,0,0,NONE,NO_CLICK
16378,0,0,NONE,NO_CLICK
16379,0,0,NONE,NO_CLICK
16380,0,0,NONE,NO_CLICK
16381,0,0,NONE,NO_CLICK
16382,0,0,NONE,NO_CLICK
16383,0,0,NONE,NO_CLICK
16384,0,0,NONE,NO_CLICK
16385,0,0,NONE,NO_CLICK
16386,0,1,D2,D2_CLICK
16387,0,1,D2,D2_CLICK
16388,0,1,D2,D2_CLICK
16389,0,1,D2,D2_CLICK
16390,0,1,D2,D2_CLICK
16391,0,1,D2,D2_CLICK
16392,0,1,D2,D2_CLICK
16393,0,1,D2,D2_CLICK
16394,0,1,D2,D2_CLICK
16395,0,1,D2,D2_CLICK
16396,0,1,D2,D2_CLICK
16397,0,1,D2,D2_CLICK
16398,0,1,D2,D2_CLICK
16399,0,1,D2,D2_CLICK
16400,0,1,D2,D2_CLICK
16401,0,1,D2,D2_CLICK
16402,0,1,D2,D2_CLICK
16403,0,1,D2,D2_CLICK
16404,0,1,D2,D2_CLICK
16405,0,1,D2,D2_CLICK
16406,0,1,D2,D2_CLICK
16407,0,1,D2,D2_CLICK
16408,0,1,D2,D2_CLICK
16409,0,1,D2,D2_CLICK
16410,0,1,D2,D2_CLICK
16411,0,1,D2,D2_CLICK
16412,0,1,D2,D2_CLICK
16413,0,1,D2,D2_CLICK
16414,0,1,D2,D2_CLICK
16415,0,1,D2,D2_CLICK
16416,0,1,D2,D2_CLICK
16417,0,1,D2,D2_CLICK
16418,0,1,D2,D2_CLICK
16419,0,1,D2,D2_CLICK
16420,0,1,D2,D2_CLICK
16421,0,1,D2,D2_CLICK
16422,0,1,D2,D2_CLICK
16423,0,1,D2,D2_CLICK
16424,0,0,NONE,NO_CLICK
16425,0,0,NONE,NO_CLICK
16426,0,0,NONE,NO_CLICK
16427,0,0,NONE,NO_CLICK
16428,0,0,NONE,NO_CLICK
16429,0,0,NONE,NO_CLICK
16430,0,0,NONE,NO_CLICK
16431,0,0,NONE,NO_CLICK
16432,0,0,NONE,NO_CLICK
16433,0,0,NONE,NO_CLICK
16434,0,0,NONE,NO_CLICK
16435,0,0,NONE,NO_CLICK
16436,0,0,NONE,NO_CLICK
16437,0,0,NONE,NO_CLICK
16438,0,0,NONE,NO_CLICK
16439,0,0,NONE,NO_CLICK
16440,0,0,NONE,NO_CLICK
16441,0,0,NONE,NO_CLICK
16442,0,0,NONE,NO_CLICK
16443,0,0,NONE,NO_CLICK
16444,0,0,NONE,NO_CLICK
16445,0,0,NONE,NO_CLICK
16446,0,0,NONE,NO_CLICK
16447,0,0,NONE,NO_CLICK
16448,0,0,NONE,NO_CLICK
16449,0,0,NONE,NO_CLICK
16450,0,0,NONE,NO_CLICK
16451,0,0,NONE,NO_CLICK
16452,0,0,NONE,NO_CLICK
16453,0,0,NONE,NO_CLICK
16454,0,0,NONE,NO_CLICK
16455,0,0,NONE,NO_CLICK
16456,0,0,NONE,NO_CLICK
16457,0,0,NONE,NO_CLICK
16458,0,0,NONE,NO_CLICK
16459,0,0,NONE,NO_CLICK
16460,0,0,NONE,NO_CLICK
16461,0,0,NONE,NO_CLICK
16462,0,0,NONE,NO_CLICK
16463,0,0,NONE,NO_CLICK
16464,0,0,NONE,NO_CLICK
16465,0,0,NONE,NO_CLICK
16466,0,0,NONE,NO_CLICK
16467,0,0,NONE,NO_CLICK
16468,0,0,NONE,NO_CLICK
16469,0,0,NONE,NO_CLICK
16470,0,0,NONE,NO_CLICK
16471,0,0,NONE,NO_CLICK
16472,0,0,NONE,NO_CLICK
16473,0,0,NONE,NO_CLICK
16474,0,0,NONE,NO_CLICK
16475,0,0,NONE,NO_CLICK
16476,0,0,NONE,NO_CLICK
16477,0,0,NONE,NO_CLICK
16478,0,0,NONE,NO_CLICK
16479,0,0,NONE,NO_CLICK
16480,0,0,NONE,NO_CLICK
16481,0,0,NONE,NO_CLICK
16482,0,0,NONE,NO_CLICK
16483,0,0,NONE,NO_CLICK
16484,0,0,NONE,NO_CLICK
16485,0,0,NONE,NO_CLICK
16486,0,0,NONE,NO_CLICK
16487,0,0,NONE,NO_CLICK
16488,0,0,NONE,NO_CLICK
16489,0,0,NONE,NO_CLICK
16490,0,0,NONE,NO_CLICK
16491,0,0,NONE,NO_CLICK
16492,0,0,NONE,NO_CLICK
16493,0,0,NONE,NO_CLICK
16494,0,0,NONE,NO_CLICK
16495,0,0,NONE,NO_CLICK
16496,0,0,NONE,NO_CLICK
16497,0,0,NONE,NO_CLICK
16498,0,0,NONE,NO_CLICK
16499,0,0,NONE,NO_CLICK
16500,0,0,NONE,NO_CLICK
16501,0,0,NONE,NO_CLICK
16502,0,0,NONE,NO_CLICK
16503,0,0,NONE,NO_CLICK
16504,0,0,NONE,NO_CLICK
16505,0,0,NONE,NO_CLICK
16506,0,0,NONE,NO_CLICK
16507,0,0,NONE,NO_CLICK
16508,0,0,NONE,NO_CLICK
16509,0,0,NONE,NO_CLICK
16510,0,0,NONE,NO_CLICK
16511,0,0,NONE,NO_CLICK
16512,0,0,NONE,NO_CLICK
16513,0,0,NONE,NO_CLICK
16514,0,0,NONE,NO_CLICK
16515,0,0,NONE,NO_CLICK
16516,0,0,NONE,NO_CLICK
16517,0,0,NONE,NO_CLICK
16518,0,0,NONE,NO_CLICK
16519,0,0,NONE,NO_CLICK
16520,0,0,NONE,NO_CLICK
16521,0,0,NONE,NO_CLICK
16522,0,0,NONE,NO_CLICK
16523,0,0,NONE,NO_CLICK
16524,0,0,NONE,NO_CLICK
16525,0,0,NONE,NO_CLICK
16526,0,0,NONE,NO_CLICK
16527,0,0,NONE,NO_CLICK
16528,0,0,NONE,NO_CLICK
16529,0,0,NONE,NO_CLICK
16530,0,0,NONE,NO_CLICK
16531,0,0,NONE,NO_CLICK
16532,0,0,NONE,NO_CLICK
16533,0,0,NONE,NO_CLICK
16534,0,0,NONE,NO_CLICK
16535,0,0,NONE,NO_CLICK
16536,0,0,NONE,NO_CLICK
16537,0,0,NONE,NO_CLICK
16538,0,0,NONE,NO_CLICK
16539,0,0,NONE,NO_CLICK
16540,0,0,NONE,NO_CLICK
16541,0,0,NONE,NO_CLICK
16542,0,0,NONE,NO_CLICK
16543,0,0,NONE,NO_CLICK
16544,0,0,NONE,NO_CLICK
16545,0,0,NONE,NO_CLICK
16546,0,0,NONE,NO_CLICK
16547,0,0,NONE,NO_CLICK
16548,0,0,NONE,NO_CLICK
16549,0,0,NONE,NO_CLICK
16550,0,0,NONE,NO_CLICK
16551,0,0,NONE,NO_CLICK
16552,0,0,NONE,NO_CLICK
16553,0,0,NONE,NO_CLICK
16554,0,0,NONE,NO_CLICK
16555,0,0,NONE,NO_CLICK
16556,0,0,NONE,NO_CLICK
16557,0,0,NONE,NO_CLICK
16558,0,0,NONE,NO_CLICK
16559,0,0,NONE,NO_CLICK
16560,0,0,NONE,NO_CLICK
16561,0,0,NONE,NO_CLICK
16562,0,0,NONE,NO_CLICK
16563,0,0,NONE,NO_CLICK
16564,0,0,NONE,NO_CLICK
16565,0,0,NONE,NO_CLICK
16566,0,0,NONE,NO_CLICK
16567,0,0,NONE,NO_CLICK
16568,0,0,NONE,NO_CLICK
16569,0,0,NONE,NO_CLICK
16570,0,0,NONE,NO_CLICK
16571,0,0,NONE,NO_CLICK
16572,0,0,NONE,NO_CLICK
16573,0,0,NONE,NO_CLICK
16574,0,0,NONE,NO_CLICK
16575,0,0,NONE,NO_CLICK
16576,0,0,NONE,NO_CLICK
16577,0,0,NONE,NO_CLICK
16578,0,0,NONE,NO_CLICK
16579,0,0,NONE,NO_CLICK
16580,0,0,NONE,NO_CLICK
16581,0,0,NONE,NO_CLICK
16582,0,0,NONE,NO_CLICK
16583,0,0,NONE,NO_CLICK
16584,0,0,NONE,NO_CLICK
16585,0,0,NONE,NO_CLICK
16586,0,0,NONE,NO_CLICK
16587,0,0,NONE,NO_CLICK
16588,0,0,NONE,NO_CLICK
16589,0,0,NONE,NO_CLICK
16590,0,0,NONE,NO_CLICK
16591,0,0,NONE,NO_CLICK
16592,0,0,NONE,NO_CLICK
16593,0,0,NONE,NO_CLICK
16594,0,0,NONE,NO_CLICK
16595,0,0,NONE,NO_CLICK
16596,0,0,NONE,NO_CLICK
16597,0,0,NONE,NO_CLICK
16598,0,0,NONE,NO_CLICK
16599,0,0,NONE,NO_CLICK
16600,0,0,NONE,NO_CLICK
16601,0,0,NONE,NO_CLICK
16602,0,0,NONE,NO_CLICK
16603,0,0,NONE,NO_CLICK
16604,0,0,NONE,NO_CLICK
16605,0,0,NONE,NO_CLICK
16606,0,0,NONE,NO_CLICK
16607,0,0,NONE,NO_CLICK
16608,0,0,NONE,NO_CLICK
16609,0,0,NONE,NO_CLICK
16610,0,0,NONE,NO_CLICK
16611,0,0,NONE,NO_CLICK
16612,0,0,NONE,NO_CLICK
16613,0,0,NONE,NO_CLICK
16614,0,0,NONE,NO_CLICK
16615,0,0,NONE,NO_CLICK
16616,0,0,NONE,NO_CLICK
16617,0,0,NONE,NO_CLICK
16618,0,0,NONE,NO_CLICK
16619,0,0,NONE,NO_CLICK
16620,0,0,NONE,NO_CLICK
16621,0,0,NONE,NO_CLICK
16622,0,0,NONE,NO_CLICK
16623,0,0,NONE,NO_CLICK
16624,0,0,NONE,NO_CLICK
16625,0,0,NONE,NO_CLICK
16626,0,0,NONE,NO_CLICK
16627,0,0,NONE,NO_CLICK
16628,0,0,NONE,NO_CLICK
16629,0,0,NONE,NO_CLICK
16630,0,0,NONE,NO_CLICK
16631,0,0,NONE,NO_CLICK
16632,0,0,NONE,NO_CLICK
16633,0,0,NONE,NO_CLICK
16634,0,0,NONE,NO_CLICK
16635,0,0,NONE,NO_CLICK
16636,0,0,NONE,NO_CLICK
16637,0,0,NONE,NO_CLICK
16638,0,0,NONE,NO_CLICK
16639,0,0,NONE,NO_CLICK
16640,0,0,NONE,NO_CLICK
16641,0,0,NONE,NO_CLICK
16642,0,0,NONE,NO_CLICK
16643,0,0,NONE,NO_CLICK
16644,0,0,NONE,NO_CLICK
16645,0,0,NONE,NO_CLICK
16646,0,0,NONE,NO_CLICK
16647,0,0,NONE,NO_CLICK
16648,0,0,NONE,NO_CLICK
16649,0,0,NONE,NO_CLICK
16650,0,0,NONE,NO_CLICK
16651,0,0,NONE,NO_CLICK
16652,0,0,NONE,NO_CLICK
16653,0,0,NONE,NO_CLICK
16654,0,0,NONE,NO_CLICK
16655,0,0,NONE,NO_CLICK
16656,0,0,NONE,NO_CLICK
16657,0,0,NONE,NO_CLICK
16658,0,0,NONE,NO_CLICK
16659,0,0,NONE,NO_CLICK
16660,0,0,NONE,NO_CLICK
16661,0,0,NONE,NO_CLICK
16662,0,0,NONE,NO_CLICK
16663,0,0,NONE,NO_CLICK
16664,0,0,NONE,NO_CLICK
16665,0,0,NONE,NO_CLICK
16666,0,0,NONE,NO_CLICK
16667,0,0,NONE,NO_CLICK
16668,0,0,NONE,NO_CLICK
16669,0,0,NONE,NO_CLICK
16670,0,0,NONE,NO_CLICK
16671,0,0,NONE,NO_CLICK
16672,0,0,NONE,NO_CLICK
16673,0,0,NONE,NO_CLICK
16674,0,0,NONE,NO_CLICK
16675,0,0,NONE,NO_CLICK
16676,0,0,NONE,NO_CLICK
16677,0,0,NONE,NO_CLICK
16678,0,0,NONE,NO_CLICK
16679,0,0,NONE,NO_CLICK
16680,0,0,NONE,NO_CLICK
16681,0,0,NONE,NO_CLICK
16682,0,0,NONE,NO_CLICK
16683,0,0,NONE,NO_CLICK
16684,0,0,NONE,NO_CLICK
16685,0,0,NONE,NO_CLICK
16686,0,0,NONE,NO_CLICK
16687,0,0,NONE,NO_CLICK
16688,0,0,NONE,NO_CLICK
16689,0,0,NONE,NO_CLICK
16690,0,0,NONE,NO_CLICK
16691,0,0,NONE,NO_CLICK
16692,0,0,NONE,NO_CLICK
16693,0,0,NONE,NO_CLICK
16694,0,0,NONE,NO_CLICK
16695,0,0,NONE,NO_CLICK
16696,0,0,NONE,NO_CLICK
16697,0,0,NONE,NO_CLICK
16698,0,0,NONE,NO_CLICK
16699,0,0,NONE,NO_CLICK
16700,0,0,NONE,NO_CLICK
16701,0,0,NONE,NO_CLICK
16702,0,0,NONE,NO_CLICK
16703,0,0,NONE,NO_CLICK
16704,0,0,NONE,NO_CLICK
16705,0,0,NONE,NO_CLICK
16706,1,0,D1,D1_CLICK
16707,1,0,D1,D1_CLICK
16708,1,0,D1,D1_CLICK
16709,1,0,D1,D1_CLICK
16710,1,0,D1,D1_CLICK
16711,1,0,D1,D1_CLICK
16712,1,0,D1,D1_CLICK
16713,1,0,D1,D1_CLICK
16714,1,0,D1,D1_CLICK
16715,1,0,D1,D1_CLICK
16716,1,0,D1,D1_CLICK
16717,1,0,D1,D1_CLICK
16718,1,0,D1,D1_CLICK
16719,1,0,D1,D1_CLICK
16720,1,0,D1,D1_CLICK
16721,1,0,D1,D1_CLICK
16722,1,0,D1,D1_CLICK
16723,1,0,D1,D1_CLICK
16724,1,0,D1,D1_CLICK
16725,1,0,D1,D1_CLICK
16726,1,0,D1,D1_CLICK
16727,1,0,D1,D1_CLICK
16728,1,0,D1,D1_CLICK
16729,1,0,D1,D1_CLICK
16730,1,0,D1,D1_CLICK
16731,1,0,D1,D1_CLICK
16732,1,0,D1,D1_CLICK
16733,1,0,D1,D1_CLICK
16734,1,0,D1,D1_CLICK
16735,1,0,D1,D1_CLICK
16736,1,0,D1,D1_CLICK
16737,1,0,D1,D1_CLICK
16738,1,0,D1,D1_CLICK
16739,1,0,D1,D1_CLICK
16740,1,0,D1,D1_CLICK
16741,1,0,D1,D1_CLICK
16742,1,0,D1,D1_CLICK
16743,1,0,D1,D1_CLICK
16744,0,0,NONE,NO_CLICK
16745,0,0,NONE,NO_CLICK
16746,0,0,NONE,NO_CLICK
16747,0,0,NONE,NO_CLICK
16748,0,0,NONE,NO_CLICK
16749,0,0,NONE,NO_CLICK
16750,0,0,NONE,NO_CLICK
16751,0,0,NONE,NO_CLICK
16752,0,0,NONE,NO_CLICK
16753,0,0,NONE,NO_CLICK
16754,0,0,NONE,NO_CLICK
16755,0,0,NONE,NO_CLICK
16756,0,0,NONE,NO_CLICK
16757,0,0,NONE,NO_CLICK
16758,0,0,NONE,NO_CLICK
16759,0,0,NONE,NO_CLICK
16760,0,0,NONE,NO_CLICK
16761,0,0,NONE,NO_CLICK
16762,0,0,NONE,NO_CLICK
16763,0,0,NONE,NO_CLICK
16764,0,0,NONE,NO_CLICK
16765,0,0,NONE,NO_CLICK
16766,0,0,NONE,NO_CLICK
16767,0,0,NONE,NO_CLICK
16768,0,0,NONE,NO_CLICK
16769,0,0,NONE,NO_CLICK
16770,0,1,D2,D2_CLICK
16771,0,1,D2,D2_CLICK
16772,0,1,D2,D2_CLICK
16773,0,1,D2,D2_CLICK
16774,0,1,D2,D2_CLICK
16775,0,1,D2,D2_CLICK
16776,0,1,D2,D2_CLICK
16777,0,1,D2,D2_CLICK
16778,0,1,D2,D2_CLICK
16779,0,1,D2,D2_CLICK
16780,0,1,D2,D2_CLICK
16781,0,1,D2,D2_CLICK
16782,0,1,D2,D2_CLICK
16783,0,1,D2,D2_CLICK
16784,0,1,D2,D2_CLICK
16785,0,1,D2,D2_CLICK
16786,0,1,D2,D2_CLICK
16787,0,1,D2,D2_CLICK
16788,0,1,D2,D2_CLICK
16789,0,1,D2,D2_CLICK
16790,0,1,D2,D2_CLICK
16791,0,1,D2,D2_CLICK
16792,0,1,D2,D2_CLICK
16793,0,1,D2,D2_CLICK
16794,0,1,D2,D2_CLICK
16795,0,1,D2,D2_CLICK
16796,0,1,D2,D2_CLICK
16797,0,1,D2,D2_CLICK
16798,0,1,D2,D2_CLICK
16799,0,1,D2,D2_CLICK
16800,0,1,D2,D2_CLICK
16801,0,1,D2,D2_CLICK
16802,0,1,D2,D2_CLICK
16803,0,1,D2,D2_CLICK
16804,0,1,D2,D2_CLICK
16805,0,1,D2,D2_CLICK
16806,0,1,D2,D2_CLICK
16807,0,1,D2,D2_CLICK
16808,0,0,NONE,NO_CLICK
16809,0,0,NONE,NO_CLICK
16810,0,0,NONE,NO_CLICK
16811,0,0,NONE,NO_CLICK
16812,0,0,NONE,NO_CLICK
16813,0,0,NONE,NO_CLICK
16814,0,0,NONE,NO_CLICK
16815,0,0,NONE,NO_CLICK
16816,0,0,NONE,NO_CLICK
16817,0,0,NONE,NO_CLICK
16818,0,0,NONE,NO_CLICK
16819,0,0,NONE,NO_CLICK
16820,0,0,NONE,NO_CLICK
16821,0,0,NONE,NO_CLICK
16822,0,0,NONE,NO_CLICK
16823,0,0,NONE,NO_CLICK
16824,0,0,NONE,NO_CLICK
16825,0,0,NONE,NO_CLICK
16826,0,0,NONE,NO_CLICK
16827,0,0,NONE,NO_CLICK
16828,0,0,NONE,NO_CLICK
16829,0,0,NONE,NO_CLICK
16830,0,0,NONE,NO_CLICK
16831,0,0,NONE,NO_CLICK
16832,0,0,NONE,NO_CLICK
16833,0,0,NONE,NO_CLICK
16834,0,0,NONE,NO_CLICK
16835,0,0,NONE,NO_CLICK
16836,0,0,NONE,NO_CLICK
16837,0,0,NONE,NO_CLICK
16838,0,0,NONE,NO_CLICK
16839,0,0,NONE,NO_CLICK
16840,0,0,NONE,NO_CLICK
16841,0,0,NONE,NO_CLICK
16842,0,0,NONE,NO_CLICK
16843,0,0,NONE,NO_CLICK
16844,0,0,NONE,NO_CLICK
16845,0,0,NONE,NO_CLICK
16846,0,0,NONE,NO_CLICK
16847,0,0,NONE,NO_CLICK
16848,0,0,NONE,NO_CLICK
16849,0,0,NONE,NO_CLICK
16850,0,0,NONE,NO_CLICK
16851,0,0,NONE,NO_CLICK
16852,0,0,NONE,NO_CLICK
16853,0,0,NONE,NO_CLICK
16854,0,0,NONE,NO_CLICK
16855,0,0,NONE,NO_CLICK
16856,0,0,NONE,NO_CLICK
16857,0,0,NONE,NO_CLICK
16858,0,0,NONE,NO_CLICK
16859,0,0,NONE,NO_CLICK
16860,0,0,NONE,NO_CLICK
16861,0,0,NONE,NO_CLICK
16862,0,0,NONE,NO_CLICK
16863,0,0,NONE,NO_CLICK
16864,0,0,NONE,NO_CLICK
16865,0,0,NONE,NO_CLICK
16866,0,0,NONE,NO_CLICK
16867,0,0,NONE,NO_CLICK
16868,0,0,NONE,NO_CLICK
16869,0,0,NONE,NO_CLICK
16870,0,0,NONE,NO_CLICK
16871,0,0,NONE,NO_CLICK
16872,0,0,NONE,NO_CLICK
16873,0,0,NONE,NO_CLICK
16874,0,0,NONE,NO_CLICK
16875,0,0,NONE,NO_CLICK
16876,0,0,NONE,NO_CLICK
16877,0,0,NONE,NO_CLICK
16878,0,0,NONE,NO_CLICK
16879,0,0,NONE,NO_CLICK
16880,0,0,NONE,NO_CLICK
16881,0,0,NONE,NO_CLICK
16882,0,0,NONE,NO_CLICK
16883,0,0,NONE,NO_CLICK
16884,0,0,NONE,NO_CLICK
16885,0,0,NONE,NO_CLICK
16886,0,0,NONE,NO_CLICK
16887,0,0,NONE,NO_CLICK
16888,0,0,NONE,NO_CLICK
16889,0,0,NONE,NO_CLICK
16890,0,0,NONE,NO_CLICK
16891,0,0,NONE,NO_CLICK
16892,0,0,NONE,NO_CLICK
16893,0,0,NONE,NO_CLICK
16894,0,0,NONE,NO_CLICK
16895,0,0,NONE,NO_CLICK
16896,0,0,NONE,NO_CLICK
16897,0,0,NONE,NO_CLICK
16898,0,0,NONE,NO_CLICK
16899,0,0,NONE,NO_CLICK
16900,0,0,NONE,NO_CLICK
16901,0,0,NONE,NO_CLICK
16902,0,0,NONE,NO_CLICK
16903,0,0,NONE,NO_CLICK
16904,0,0,NONE,NO_CLICK
16905,0,0,NONE,NO_CLICK
16906,0,0,NONE,NO_CLICK
16907,0,0,NONE,NO_CLICK
16908,0,0,NONE,NO_CLICK
16909,0,0,NONE,NO_CLICK
16910,0,0,NONE,NO_CLICK
16911,0,0,NONE,NO_CLICK
16912,0,0,NONE,NO_CLICK
16913,0,0,NONE,NO_CLICK
16914,0,0,NONE,NO_CLICK
16915,0,0,NONE,NO_CLICK
16916,0,0,NONE,NO_CLICK
16917,0,0,NONE,NO_CLICK
16918,0,0,NONE,NO_CLICK
16919,0,0,NONE,NO_CLICK
16920,0,0,NONE,NO_CLICK
16921,0,0,NONE,NO_CLICK
16922,0,0,NONE,NO_CLICK
16923,0,0,NONE,NO_CLICK
16924,0,0,NONE,NO_CLICK
16925,0,0,NONE,NO_CLICK
16926,0,0,NONE,NO_CLICK
16927,0,0,NONE,NO_CLICK
16928,0,0,NONE,NO_CLICK
16929,0,0,NONE,NO_CLICK
16930,0,0,NONE,NO_CLICK
16931,0,0,NONE,NO_CLICK
16932,0,0,NONE,NO_CLICK
16933,0,0,NONE,NO_CLICK
16934,0,0,NONE,NO_CLICK
16935,0,0,NONE,NO_CLICK
16936,0,0,NONE,NO_CLICK
16937,0,0,NONE,NO_CLICK
16938,0,0,NONE,NO_CLICK
16939,0,0,NONE,NO_CLICK
16940,0,0,NONE,NO_CLICK
16941,0,0,NONE,NO_CLICK
16942,0,0,NONE,NO_CLICK
16943,0,0,NONE,NO_CLICK
16944,0,0,NONE,NO_CLICK
16945,0,0,NONE,NO_CLICK
16946,0,0,NONE,NO_CLICK
16947,0,0,NONE,NO_CLICK
16948,0,0,NONE,NO_CLICK
16949,0,0,NONE,NO_CLICK
16950,0,0,NONE,NO_CLICK
16951,0,0,NONE,NO_CLICK
16952,0,0,NONE,NO_CLICK
16953,0,0,NONE,NO_CLICK
16954,0,0,NONE,NO_CLICK
16955,0,0,NONE,NO_CLICK
16956,0,0,NONE,NO_CLICK
16957,0,0,NONE,NO_CLICK
16958,0,0,NONE,NO_CLICK
16959,0,0,NONE,NO_CLICK
16960,0,0,NONE,NO_CLICK
16961,0,0,NONE,NO_CLICK
16962,0,0,NONE,NO_CLICK
16963,0,0,NONE,NO_CLICK
16964,0,0,NONE,NO_CLICK
16965,0,0,NONE,NO_CLICK
16966,0,0,NONE,NO_CLICK
16967,0,0,NONE,NO_CLICK
16968,0,0,NONE,NO_CLICK
16969,0,0,NONE,NO_CLICK
16970,0,0,NONE,NO_CLICK
16971,0,0,NONE,NO_CLICK
16972,0,0,NONE,NO_CLICK
16973,0,0,NONE,NO_CLICK
16974,0,0,NONE,NO_CLICK
16975,0,0,NONE,NO_CLICK
16976,0,0,NONE,NO_CLICK
16977,0,0,NONE,NO_CLICK
16978,0,0,NONE,NO_CLICK
16979,0,0,NONE,NO_CLICK
16980,0,0,NONE,NO_CLICK
16981,0,0,NONE,NO_CLICK
16982,0,0,NONE,NO_CLICK
16983,0,0,NONE,NO_CLICK
16984,0,0,NONE,NO_CLICK
16985,0,0,NONE,NO_CLICK
16986,0,0,NONE,NO_CLICK
16987,0,0,NONE,NO_CLICK
16988,0,0,NONE,NO_CLICK
16989,0,0,NONE,NO_CLICK
16990,0,0,NONE,NO_CLICK
16991,0,0,NONE,NO_CLICK
16992,0,0,NONE,NO_CLICK
16993,0,0,NONE,NO_CLICK
16994,0,0,NONE,NO_CLICK
16995,0,0,NONE,NO_CLICK
16996,0,0,NONE,NO_CLICK
16997,0,0,NONE,NO_CLICK
16998,0,0,NONE,NO_CLICK
16999,0,0,NONE,NO_CLICK
17000,0,0,NONE,NO_CLICK
17001,0,0,NONE,NO_CLICK
17002,0,0,NONE,NO_CLICK
17003,0,0,NONE,NO_CLICK
17004,0,0,NONE,NO_CLICK
17005,0,0,NONE,NO_CLICK
17006,0,0,NONE,NO_CLICK
17007,0,0,NONE,NO_CLICK
17008,0,0,NONE,NO_CLICK
17009,0,0,NONE,NO_CLICK
17010,0,0,NONE,NO_CLICK
17011,0,0,NONE,NO_CLICK
17012,0,0,NONE,NO_CLICK
17013,0,0,NONE,NO_CLICK
17014,0,0,NONE,NO_CLICK
17015,0,0,NONE,NO_CLICK
17016,0,0,NONE,NO_CLICK
17017,0,0,NONE,NO_CLICK
17018,0,0,NONE,NO_CLICK
17019,0,0,NONE,NO_CLICK
17020,0,0,NONE,NO_CLICK
17021,0,0,NONE,NO_CLICK
17022,0,0,NONE,NO_CLICK
17023,0,0,NONE,NO_CLICK
17024,0,0,NONE,NO_CLICK
17025,0,0,NONE,NO_CLICK
17026,0,1,D2,D2_CLICK
17027,0,1,D2,D2_CLICK
17028,0,1,D2,D2_CLICK
17029,0,1,D2,D2_CLICK
17030,0,1,D2,D2_CLICK
17031,0,1,D2,D2_CLICK
17032,0,1,D2,D2_CLICK
17033,0,1,D2,D2_CLICK
17034,0,1,D2,D2_CLICK
17035,0,1,D2,D2_CLICK
17036,0,1,D2,D2_CLICK
17037,0,1,D2,D2_CLICK
17038,0,1,D2,D2_CLICK
17039,0,1,D2,D2_CLICK
17040,0,1,D2,D2_CLICK
17041,0,1,D2,D2_CLICK
17042,0,1,D2,D2_CLICK
17043,0,1,D2,D2_CLICK
17044,0,1,D2,D2_CLICK
17045,0,1,D2,D2_CLICK
17046,0,1,D2,D2_CLICK
17047,0,1,D2,D2_CLICK
17048,0,1,D2,D2_CLICK
17049,0,1,D2,D2_CLICK
17050,0,1,D2,D2_CLICK
17051,0,1,D2,D2_CLICK
17052,0,1,D2,D2_CLICK
17053,0,1,D2,D2_CLICK
17054,0,1,D2,D2_CLICK
17055,0,1,D2,D2_CLICK
17056,0,1,D2,D2_CLICK
17057,0,1,D2,D2_CLICK
17058,1,1,BOTH,DOUBLE_CLICK
17059,1,1,BOTH,DOUBLE_CLICK
17060,1,1,BOTH,DOUBLE_CLICK
17061,1,1,BOTH,DOUBLE_CLICK
17062,1,1,BOTH,DOUBLE_CLICK
17063,1,1,BOTH,DOUBLE_CLICK
17064,1,0,D1,D1_CLICK
17065,1,0,D1,D1_CLICK
17066,1,0,D1,D1_CLICK
17067,1,0,D1,D1_CLICK
17068,1,0,D1,D1_CLICK
17069,1,0,D1,D1_CLICK
17070,1,0,D1,D1_CLICK
17071,1,0,D1,D1_CLICK
17072,1,0,D1,D1_CLICK
17073,1,0,D1,D1_CLICK
17074,1,0,D1,D1_CLICK
17075,1,0,D1,D1_CLICK
17076,1,0,D1,D1_CLICK
17077,1,0,D1,D1_CLICK
17078,1,0,D1,D1_CLICK
17079,1,0,D1,D1_CLICK
17080,1,0,D1,D1_CLICK
17081,1,0,D1,D1_CLICK
17082,1,0,D1,D1_CLICK
17083,1,0,D1,D1_CLICK
17084,1,0,D1,D1_CLICK
17085,1,0,D1,D1_CLICK
17086,1,0,D1,D1_CLICK
17087,1,0,D1,D1_CLICK
17088,1,0,D1,D1_CLICK
17089,1,0,D1,D1_CLICK
17090,1,0,D1,D1_CLICK
17091,1,0,D1,D1_CLICK
17092,1,0,D1,D1_CLICK
17093,1,0,D1,D1_CLICK
17094,1,0,D1,D1_CLICK
17095,1,0,D1,D1_CLICK
17096,0,0,NONE,NO_CLICK
17097,0,0,NONE,NO_CLICK
17098,0,0,NONE,NO_CLICK
17099,0,0,NONE,NO_CLICK
17100,0,0,NONE,NO_CLICK
17101,0,0,NONE,NO_CLICK
17102,0,0,NONE,NO_CLICK
17103,0,0,NONE,NO_CLICK
17104,0,0,NONE,NO_CLICK
17105,0,0,NONE,NO_CLICK
17106,0,0,NONE,NO_CLICK
17107,0,0,NONE,NO_CLICK
17108,0,0,NONE,NO_CLICK
17109,0,0,NONE,NO_CLICK
17110,0,0,NONE,NO_CLICK
17111,0,0,NONE,NO_CLICK
17112,0,0,NONE,NO_CLICK
17113,0,0,NONE,NO_CLICK
17114,0,0,NONE,NO_CLICK
17115,0,0,NONE,NO_CLICK
17116,0,0,NONE,NO_CLICK
17117,0,0,NONE,NO_CLICK
17118,0,0,NONE,NO_CLICK
17119,0,0,NONE,NO_CLICK
17120,0,0,NONE,NO_CLICK
17121,0,0,NONE,NO_CLICK
17122,0,0,NONE,NO_CLICK
17123,0,0,NONE,NO_CLICK
17124,0,0,NONE,NO_CLICK
17125,0,0,NONE,NO_CLICK
17126,0,0,NONE,NO_CLICK
17127,0,0,NONE,NO_CLICK
17128,0,0,NONE,NO_CLICK
17129,0,0,NONE,NO_CLICK
17130,0,0,NONE,NO_CLICK
17131,0,0,NONE,NO_CLICK
17132,0,0,NONE,NO_CLICK
17133,0,0,NONE,NO_CLICK
17134,0,0,NONE,NO_CLICK
17135,0,0,NONE,NO_CLICK
17136,0,0,NONE,NO_CLICK
17137,0,0,NONE,NO_CLICK
17138,0,0,NONE,NO_CLICK
17139,0,0,NONE,NO_CLICK
17140,0,0,NONE,NO_CLICK
17141,0,0,NONE,NO_CLICK
17142,0,0,NONE,NO_CLICK
17143,0,0,NONE,NO_CLICK
17144,0,0,NONE,NO_CLICK
17145,0,0,NONE,NO_CLICK
17146,0,0,NONE,NO_CLICK
17147,0,0,NONE,NO_CLICK
17148,0,0,NONE,NO_CLICK
17149,0,0,NONE,NO_CLICK
17150,0,0,NONE,NO_CLICK
17151,0,0,NONE,NO_CLICK
17152,0,0,NONE,NO_CLICK
17153,0,0,NONE,NO_CLICK
17154,0,1,D2,D2_CLICK
17155,0,1,D2,D2_CLICK
17156,0,1,D2,D2_CLICK
17157,0,1,D2,D2_CLICK
17158,0,1,D2,D2_CLICK
17159,0,1,D2,D2_CLICK
17160,0,1,D2,D2_CLICK
17161,0,1,D2,D2_CLICK
17162,0,1,D2,D2_CLICK
17163,0,1,D2,D2_CLICK
17164,0,1,D2,D2_CLICK
17165,0,1,D2,D2_CLICK
17166,0,1,D2,D2_CLICK
17167,0,1,D2,D2_CLICK
17168,0,1,D2,D2_CLICK
17169,0,1,D2,D2_CLICK
17170,0,1,D2,D2_CLICK
17171,0,1,D2,D2_CLICK
17172,0,1,D2,D2_CLICK
17173,0,1,D2,D2_CLICK
17174,0,1,D2,D2_CLICK
17175,0,1,D2,D2_CLICK
17176,0,1,D2,D2_CLICK
17177,0,1,D2,D2_CLICK
17178,0,1,D2,D2_CLICK
17179,0,1,D2,D2_CLICK
17180,0,1,D2,D2_CLICK
17181,0,1,D2,D2_CLICK
17182,0,1,D2,D2_CLICK
17183,0,1,D2,D2_CLICK
17184,0,1,D2,D2_CLICK
17185,0,1,D2,D2_CLICK
17186,0,1,D2,D2_CLICK
17187,0,1,D2,D2_CLICK
17188,0,1,D2,D2_CLICK
17189,0,1,D2,D2_CLICK
17190,0,1,D2,D2_CLICK
17191,0,1,D2,D2_CLICK
17192,0,0,NONE,NO_CLICK
17193,0,0,NONE,NO_CLICK
17194,0,0,NONE,NO_CLICK
17195,0,0,NONE,NO_CLICK
17196,0,0,NONE,NO_CLICK
17197,0,0,NONE,NO_CLICK
17198,0,0,NONE,NO_CLICK
17199,0,0,NONE,NO_CLICK
17200,0,0,NONE,NO_CLICK
17201,0,0,NONE,NO_CLICK
17202,0,0,NONE,NO_CLICK
17203,0,0,NONE,NO_CLICK
17204,0,0,NONE,NO_CLICK
17205,0,0,NONE,NO_CLICK
17206,0,0,NONE,NO_CLICK
17207,0,0,NONE,NO_CLICK
17208,0,0,NONE,NO_CLICK
17209,0,0,NONE,NO_CLICK
17210,0,0,NONE,NO_CLICK
17211,0,0,NONE,NO_CLICK
17212,0,0,NONE,NO_CLICK
17213,0,0,NONE,NO_CLICK
17214,0,0,NONE,NO_CLICK
17215,0,0,NONE,NO_CLICK
17216,0,0,NONE,NO_CLICK
17217,0,0,NONE,NO_CLICK
17218,0,0,NONE,NO_CLICK
17219,0,0,NONE,NO_CLICK
17220,0,0,NONE,NO_CLICK
17221,0,0,NONE,NO_CLICK
17222,0,0,NONE,NO_CLICK
17223,0,0,NONE,NO_CLICK
17224,0,0,NONE,NO_CLICK
17225,0,0,NONE,NO_CLICK
17226,0,0,NONE,NO_CLICK
17227,0,0,NONE,NO_CLICK
17228,0,0,NONE,NO_CLICK
17229,0,0,NONE,NO_CLICK
17230,0,0,NONE,NO_CLICK
17231,0,0,NONE,NO_CLICK
17232,0,0,NONE,NO_CLICK
17233,0,0,NONE,NO_CLICK
17234,0,0,NONE,NO_CLICK
17235,0,0,NONE,NO_CLICK
17236,0,0,NONE,NO_CLICK
17237,0,0,NONE,NO_CLICK
17238,0,0,NONE,NO_CLICK
17239,0,0,NONE,NO_CLICK
17240,0,0,NONE,NO_CLICK
17241,0,0,NONE,NO_CLICK
17242,0,0,NONE,NO_CLICK
17243,0,0,NONE,NO_CLICK
17244,0,0,NONE,NO_CLICK
17245,0,0,NONE,NO_CLICK
17246,0,0,NONE,NO_CLICK
17247,0,0,NONE,NO_CLICK
17248,0,0,NONE,NO_CLICK
17249,0,0,NONE,NO_CLICK
17250,0,0,NONE,NO_CLICK
17251,0,0,NONE,NO_CLICK
17252,0,0,NONE,NO_CLICK
17253,0,0,NONE,NO_CLICK
17254,0,0,NONE,NO_CLICK
17255,0,0,NONE,NO_CLICK
17256,0,0,NONE,NO_CLICK
17257,0,0,NONE,NO_CLICK
17258,0,0,NONE,NO_CLICK
17259,0,0,NONE,NO_CLICK
17260,0,0,NONE,NO_CLICK
17261,0,0,NONE,NO_CLICK
17262,0,0,NONE,NO_CLICK
17263,0,0,NONE,NO_CLICK
17264,0,0,NONE,NO_CLICK
17265,0,0,NONE,NO_CLICK
17266,0,0,NONE,NO_CLICK
17267,0,0,NONE,NO_CLICK
17268,0,0,NONE,NO_CLICK
17269,0,0,NONE,NO_CLICK
17270,0,0,NONE,NO_CLICK
17271,0,0,NONE,NO_CLICK
17272,0,0,NONE,NO_CLICK
17273,0,0,NONE,NO_CLICK
17274,0,0,NONE,NO_CLICK
17275,0,0,NONE,NO_CLICK
17276,0,0,NONE,NO_CLICK
17277,0,0,NONE,NO_CLICK
17278,0,0,NONE,NO_CLICK
17279,0,0,NONE,NO_CLICK
17280,0,0,NONE,NO_CLICK
17281,0,0,NONE,NO_CLICK
17282,0,0,NONE,NO_CLICK
17283,0,0,NONE,NO_CLICK
17284,0,0,NONE,NO_CLICK
17285,0,0,NONE,NO_CLICK
17286,0,0,NONE,NO_CLICK
17287,0,0,NONE,NO_CLICK
17288,0,0,NONE,NO_CLICK
17289,0,0,NONE,NO_CLICK
17290,0,0,NONE,NO_CLICK
17291,0,0,NONE,NO_CLICK
17292,0,0,NONE,NO_CLICK
17293,0,0,NONE,NO_CLICK
17294,0,0,NONE,NO_CLICK
17295,0,0,NONE,NO_CLICK
17296,0,0,NONE,NO_CLICK
17297,0,0,NONE,NO_CLICK
17298,0,0,NONE,NO_CLICK
17299,0,0,NONE,NO_CLICK
17300,0,0,NONE,NO_CLICK
17301,0,0,NONE,NO_CLICK
17302,0,0,NONE,NO_CLICK
17303,0,0,NONE,NO_CLICK
17304,0,0,NONE,NO_CLICK
17305,0,0,NONE,NO_CLICK
17306,0,0,NONE,NO_CLICK
17307,0,0,NONE,NO_CLICK
17308,0,0,NONE,NO_CLICK
17309,0,0,NONE,NO_CLICK
17310,0,0,NONE,NO_CLICK
17311,0,0,NONE,NO_CLICK
17312,0,0,NONE,NO_CLICK
17313,0,0,NONE,NO_CLICK
17314,0,0,NONE,NO_CLICK
17315,0,0,NONE,NO_CLICK
17316,0,0,NONE,NO_CLICK
17317,0,0,NONE,NO_CLICK
17318,0,0,NONE,NO_CLICK
17319,0,0,NONE,NO_CLICK
17320,0,0,NONE,NO_CLICK
17321,0,0,NONE,NO_CLICK
17322,0,0,NONE,NO_CLICK
17323,0,0,NONE,NO_CLICK
17324,0,0,NONE,NO_CLICK
17325,0,0,NONE,NO_CLICK
17326,0,0,NONE,NO_CLICK
17327,0,0,NONE,NO_CLICK
17328,0,0,NONE,NO_CLICK
17329,0,0,NONE,NO_CLICK
17330,0,0,NONE,NO_CLICK
17331,0,0,NONE,NO_CLICK
17332,0,0,NONE,NO_CLICK
17333,0,0,NONE,NO_CLICK
17334,0,0,NONE,NO_CLICK
17335,0,0,NONE,NO_CLICK
17336,0,0,NONE,NO_CLICK
17337,0,0,NONE,NO_CLICK
17338,0,0,NONE,NO_CLICK
17339,0,0,NONE,NO_CLICK
17340,0,0,NONE,NO_CLICK
17341,0,0,NONE,NO_CLICK
17342,0,0,NONE,NO_CLICK
17343,0,0,NONE,NO_CLICK
17344,0,0,NONE,NO_CLICK
17345,0,0,NONE,NO_CLICK
17346,0,0,NONE,NO_CLICK
17347,0,0,NONE,NO_CLICK
17348,0,0,NONE,NO_CLICK
17349,0,0,NONE,NO_CLICK
17350,0,0,NONE,NO_CLICK
17351,0,0,NONE,NO_CLICK
17352,0,0,NONE,NO_CLICK
17353,0,0,NONE,NO_CLICK
17354,0,0,NONE,NO_CLICK
17355,0,0,NONE,NO_CLICK
17356,0,0,NONE,NO_CLICK
17357,0,0,NONE,NO_CLICK
17358,0,0,NONE,NO_CLICK
17359,0,0,NONE,NO_CLICK
17360,0,0,NONE,NO_CLICK
17361,0,0,NONE,NO_CLICK
17362,0,0,NONE,NO_CLICK
17363,0,0,NONE,NO_CLICK
17364,0,0,NONE,NO_CLICK
17365,0,0,NONE,NO_CLICK
17366,0,0,NONE,NO_CLICK
17367,0,0,NONE,NO_CLICK
17368,0,0,NONE,NO_CLICK
17369,0,0,NONE,NO_CLICK
17370,0,0,NONE,NO_CLICK
17371,0,0,NONE,NO_CLICK
17372,0,0,NONE,NO_CLICK
17373,0,0,NONE,NO_CLICK
17374,0,0,NONE,NO_CLICK
17375,0,0,NONE,NO_CLICK
17376,0,0,NONE,NO_CLICK
17377,0,0,NONE,NO_CLICK
17378,0,0,NONE,NO_CLICK
17379,0,0,NONE,NO_CLICK
17380,0,0,NONE,NO_CLICK
17381,0,0,NONE,NO_CLICK
17382,0,0,NONE,NO_CLICK
17383,0,0,NONE,NO_CLICK
17384,0,0,NONE,NO_CLICK
17385,0,0,NONE,NO_CLICK
17386,0,0,NONE,NO_CLICK
17387,0,0,NONE,NO_CLICK
17388,0,0,NONE,NO_CLICK
17389,0,0,NONE,NO_CLICK
17390,0,0,NONE,NO_CLICK
17391,0,0,NONE,NO_CLICK
17392,0,0,NONE,NO_CLICK
17393,0,0,NONE,NO_CLICK
17394,0,0,NONE,NO_CLICK
17395,0,0,NONE,NO_CLICK
17396,0,0,NONE,NO_CLICK
17397,0,0,NONE,NO_CLICK
17398,0,0,NONE,NO_CLICK
17399,0,0,NONE,NO_CLICK
17400,0,0,NONE,NO_CLICK
17401,0,0,NONE,NO_CLICK
17402,0,0,NONE,NO_CLICK
17403,0,0,NONE,NO_CLICK
17404,0,0,NONE,NO_CLICK
17405,0,0,NONE,NO_CLICK
17406,0,0,NONE,NO_CLICK
17407,0,0,NONE,NO_CLICK
17408,0,0,NONE,NO_CLICK
17409,0,0,NONE,NO_CLICK
17410,1,0,D1,D1_CLICK
17411,1,0,D1,D1_CLICK
17412,1,0,D1,D1_CLICK
17413,1,0,D1,D1_CLICK
17414,1,0,D1,D1_CLICK
17415,1,0,D1,D1_CLICK
17416,1,0,D1,D1_CLICK
17417,1,0,D1,D1_CLICK
17418,1,0,D1,D1_CLICK
17419,1,0,D1,D1_CLICK
17420,1,0,D1,D1_CLICK
17421,1,0,D1,D1_CLICK
17422,1,0,D1,D1_CLICK
17423,1,0,D1,D1_CLICK
17424,1,0,D1,D1_CLICK
17425,1,0,D1,D1_CLICK
17426,1,0,D1,D1_CLICK
17427,1,0,D1,D1_CLICK
17428,1,0,D1,D1_CLICK
17429,1,0,D1,D1_CLICK
17430,1,0,D1,D1_CLICK
17431,1,0,D1,D1_CLICK
17432,1,0,D1,D1_CLICK
17433,1,0,D1,D1_CLICK
17434,1,0,D1,D1_CLICK
17435,1,0,D1,D1_CLICK
17436,1,0,D1,D1_CLICK
17437,1,0,D1,D1_CLICK
17438,1,0,D1,D1_CLICK
17439,1,0,D1,D1_CLICK
17440,1,0,D1,D1_CLICK
17441,1,0,D1,D1_CLICK
17442,1,0,D1,D1_CLICK
17443,1,0,D1,D1_CLICK
17444,1,0,D1,D1_CLICK
17445,1,0,D1,D1_CLICK
17446,1,0,D1,D1_CLICK
17447,1,0,D1,D1_CLICK
17448,0,0,NONE,NO_CLICK
17449,0,0,NONE,NO_CLICK
17450,0,0,NONE,NO_CLICK
17451,0,0,NONE,NO_CLICK
17452,0,0,NONE,NO_CLICK
17453,0,0,NONE,NO_CLICK
17454,0,0,NONE,NO_CLICK
17455,0,0,NONE,NO_CLICK
17456,0,0,NONE,NO_CLICK
17457,0,0,NONE,NO_CLICK
17458,0,0,NONE,NO_CLICK
17459,0,0,NONE,NO_CLICK
17460,0,0,NONE,NO_CLICK
17461,0,0,NONE,NO_CLICK
17462,0,0,NONE,NO_CLICK
17463,0,0,NONE,NO_CLICK
17464,0,0,NONE,NO_CLICK
17465,0,0,NONE,NO_CLICK
17466,0,0,NONE,NO_CLICK
17467,0,0,NONE,NO_CLICK
17468,0,0,NONE,NO_CLICK
17469,0,0,NONE,NO_CLICK
17470,0,0,NONE,NO_CLICK
17471,0,0,NONE,NO_CLICK
17472,0,0,NONE,NO_CLICK
17473,0,0,NONE,NO_CLICK
17474,1,1,BOTH,DOUBLE_CLICK
17475,1,1,BOTH,DOUBLE_CLICK
17476,1,1,BOTH,DOUBLE_CLICK
17477,1,1,BOTH,DOUBLE_CLICK
17478,1,1,BOTH,DOUBLE_CLICK
17479,1,1,BOTH,DOUBLE_CLICK
17480,1,1,BOTH,DOUBLE_CLICK
17481,1,1,BOTH,DOUBLE_CLICK
17482,1,1,BOTH,DOUBLE_CLICK
17483,1,1,BOTH,DOUBLE_CLICK
17484,1,1,BOTH,DOUBLE_CLICK
17485,1,1,BOTH,DOUBLE_CLICK
17486,1,1,BOTH,DOUBLE_CLICK
17487,1,1,BOTH,DOUBLE_CLICK
17488,1,1,BOTH,DOUBLE_CLICK
17489,1,1,BOTH,DOUBLE_CLICK
17490,1,1,BOTH,DOUBLE_CLICK
17491,1,1,BOTH,DOUBLE_CLICK
17492,1,1,BOTH,DOUBLE_CLICK
17493,1,1,BOTH,DOUBLE_CLICK
17494,1,1,BOTH,DOUBLE_CLICK
17495,1,1,BOTH,DOUBLE_CLICK
17496,1,1,BOTH,DOUBLE_CLICK
17497,1,1,BOTH,DOUBLE_CLICK
17498,1,1,BOTH,DOUBLE_CLICK
17499,1,1,BOTH,DOUBLE_CLICK
17500,1,1,BOTH,DOUBLE_CLICK
17501,1,1,BOTH,DOUBLE_CLICK
17502,1,1,BOTH,DOUBLE_CLICK
17503,1,1,BOTH,DOUBLE_CLICK
17504,1,1,BOTH,DOUBLE_CLICK
17505,1,1,BOTH,DOUBLE_CLICK
17506,1,1,BOTH,DOUBLE_CLICK
17507,1,1,BOTH,DOUBLE_CLICK
17508,1,1,BOTH,DOUBLE_CLICK
17509,1,1,BOTH,DOUBLE_CLICK
17510,1,1,BOTH,DOUBLE_CLICK
17511,1,1,BOTH,DOUBLE_CLICK
17512,0,0,NONE,NO_CLICK
17513,0,0,NONE,NO_CLICK
17514,0,0,NONE,NO_CLICK
17515,0,0,NONE,NO_CLICK
17516,0,0,NONE,NO_CLICK
17517,0,0,NONE,NO_CLICK
17518,0,0,NONE,NO_CLICK
17519,0,0,NONE,NO_CLICK
17520,0,0,NONE,NO_CLICK
17521,0,0,NONE,NO_CLICK
17522,0,0,NONE,NO_CLICK
17523,0,0,NONE,NO_CLICK
17524,0,0,NONE,NO_CLICK
17525,0,0,NONE,NO_CLICK
17526,0,0,NONE,NO_CLICK
17527,0,0,NONE,NO_CLICK
17528,0,0,NONE,NO_CLICK
17529,0,0,NONE,NO_CLICK
17530,0,0,NONE,NO_CLICK
17531,0,0,NONE,NO_CLICK
17532,0,0,NONE,NO_CLICK
17533,0,0,NONE,NO_CLICK
17534,0,0,NONE,NO_CLICK
17535,0,0,NONE,NO_CLICK
17536,0,0,NONE,NO_CLICK
17537,0,0,NONE,NO_CLICK
17538,0,0,NONE,NO_CLICK
17539,0,0,NONE,NO_CLICK
17540,0,0,NONE,NO_CLICK
17541,0,0,NONE,NO_CLICK
17542,0,0,NONE,NO_CLICK
17543,0,0,NONE,NO_CLICK
17544,0,0,NONE,NO_CLICK
17545,0,0,NONE,NO_CLICK
17546,0,0,NONE,NO_CLICK
17547,0,0,NONE,NO_CLICK
17548,0,0,NONE,NO_CLICK
17549,0,0,NONE,NO_CLICK
17550,0,0,NONE,NO_CLICK
17551,0,0,NONE,NO_CLICK
17552,0,0,NONE,NO_CLICK
17553,0,0,NONE,NO_CLICK
17554,0,0,NONE,NO_CLICK
17555,0,0,NONE,NO_CLICK
17556,0,0,NONE,NO_CLICK
17557,0,0,NONE,NO_CLICK
17558,0,0,NONE,NO_CLICK
17559,0,0,NONE,NO_CLICK
17560,0,0,NONE,NO_CLICK
17561,0,0,NONE,NO_CLICK
17562,0,0,NONE,NO_CLICK
17563,0,0,NONE,NO_CLICK
17564,0,0,NONE,NO_CLICK
17565,0,0,NONE,NO_CLICK
17566,0,0,NONE,NO_CLICK
17567,0,0,NONE,NO_CLICK
17568,0,0,NONE,NO_CLICK
17569,0,0,NONE,NO_CLICK
17570,0,0,NONE,NO_CLICK
17571,0,0,NONE,NO_CLICK
17572,0,0,NONE,NO_CLICK
17573,0,0,NONE,NO_CLICK
17574,0,0,NONE,NO_CLICK
17575,0,0,NONE,NO_CLICK
17576,0,0,NONE,NO_CLICK
17577,0,0,NONE,NO_CLICK
17578,0,0,NONE,NO_CLICK
17579,0,0,NONE,NO_CLICK
17580,0,0,NONE,NO_CLICK
17581,0,0,NONE,NO_CLICK
17582,0,0,NONE,NO_CLICK
17583,0,0,NONE,NO_CLICK
17584,0,0,NONE,NO_CLICK
17585,0,0,NONE,NO_CLICK
17586,0,0,NONE,NO_CLICK
17587,0,0,NONE,NO_CLICK
17588,0,0,NONE,NO_CLICK
17589,0,0,NONE,NO_CLICK
17590,0,0,NONE,NO_CLICK
17591,0,0,NONE,NO_CLICK
17592,0,0,NONE,NO_CLICK
17593,0,0,NONE,NO_CLICK
17594,0,0,NONE,NO_CLICK
17595,0,0,NONE,NO_CLICK
17596,0,0,NONE,NO_CLICK
17597,0,0,NONE,NO_CLICK
17598,0,0,NONE,NO_CLICK
17599,0,0,NONE,NO_CLICK
17600,0,0,NONE,NO_CLICK
17601,0,0,NONE,NO_CLICK
17602,0,0,NONE,NO_CLICK
17603,0,0,NONE,NO_CLICK
17604,0,0,NONE,NO_CLICK
17605,0,0,NONE,NO_CLICK
17606,0,0,NONE,NO_CLICK
17607,0,0,NONE,NO_CLICK
17608,0,0,NONE,NO_CLICK
17609,0,0,NONE,NO_CLICK
17610,0,0,NONE,NO_CLICK
17611,0,0,NONE,NO_CLICK
17612,0,0,NONE,NO_CLICK
17613,0,0,NONE,NO_CLICK
17614,0,0,NONE,NO_CLICK
17615,0,0,NONE,NO_CLICK
17616,0,0,NONE,NO_CLICK
17617,0,0,NONE,NO_CLICK
17618,0,0,NONE,NO_CLICK
17619,0,0,NONE,NO_CLICK
17620,0,0,NONE,NO_CLICK
17621,0,0,NONE,NO_CLICK
17622,0,0,NONE,NO_CLICK
17623,0,0,NONE,NO_CLICK
17624,0,0,NONE,NO_CLICK
17625,0,0,NONE,NO_CLICK
17626,0,0,NONE,NO_CLICK
17627,0,0,NONE,NO_CLICK
17628,0,0,NONE,NO_CLICK
17629,0,0,NONE,NO_CLICK
17630,0,0,NONE,NO_CLICK
17631,0,0,NONE,NO_CLICK
17632,0,0,NONE,NO_CLICK
17633,0,0,NONE,NO_CLICK
17634,0,0,NONE,NO_CLICK
17635,0,0,NONE,NO_CLICK
17636,0,0,NONE,NO_CLICK
17637,0,0,NONE,NO_CLICK
17638,0,0,NONE,NO_CLICK
17639,0,0,NONE,NO_CLICK
17640,0,0,NONE,NO_CLICK
17641,0,0,NONE,NO_CLICK
17642,0,0,NONE,NO_CLICK
17643,0,0,NONE,NO_CLICK
17644,0,0,NONE,NO_CLICK
17645,0,0,NONE,NO_CLICK
17646,0,0,NONE,NO_CLICK
17647,0,0,NONE,NO_CLICK
17648,0,0,NONE,NO_CLICK
17649,0,0,NONE,NO_CLICK
17650,0,0,NONE,NO_CLICK
17651,0,0,NONE,NO_CLICK
17652,0,0,NONE,NO_CLICK
17653,0,0,NONE,NO_CLICK
17654,0,0,NONE,NO_CLICK
17655,0,0,NONE,NO_CLICK
17656,0,0,NONE,NO_CLICK
17657,0,0,NONE,NO_CLICK
17658,0,0,NONE,NO_CLICK
17659,0,0,NONE,NO_CLICK
17660,0,0,NONE,NO_CLICK
17661,0,0,NONE,NO_CLICK
17662,0,0,NONE,NO_CLICK
17663,0,0,NONE,NO_CLICK
17664,0,0,NONE,NO_CLICK
17665,0,0,NONE,NO_CLICK
17666,0,0,NONE,NO_CLICK
17667,0,0,NONE,NO_CLICK
17668,0,0,NONE,NO_CLICK
17669,0,0,NONE,NO_CLICK
17670,0,0,NONE,NO_CLICK
17671,0,0,NONE,NO_CLICK
17672,0,0,NONE,NO_CLICK
17673,0,0,NONE,NO_CLICK
17674,0,0,NONE,NO_CLICK
17675,0,0,NONE,NO_CLICK
17676,0,0,NONE,NO_CLICK
17677,0,0,NONE,NO_CLICK
17678,0,0,NONE,NO_CLICK
17679,0,0,NONE,NO_CLICK
17680,0,0,NONE,NO_CLICK
17681,0,0,NONE,NO_CLICK
17682,0,0,NONE,NO_CLICK
17683,0,0,NONE,NO_CLICK
17684,0,0,NONE,NO_CLICK
17685,0,0,NONE,NO_CLICK
17686,0,0,NONE,NO_CLICK
17687,0,0,NONE,NO_CLICK
17688,0,0,NONE,NO_CLICK
17689,0,0,NONE,NO_CLICK
17690,0,0,NONE,NO_CLICK
17691,0,0,NONE,NO_CLICK
17692,0,0,NONE,NO_CLICK
17693,0,0,NONE,NO_CLICK
17694,0,0,NONE,NO_CLICK
17695,0,0,NONE,NO_CLICK
17696,0,0,NONE,NO_CLICK
17697,0,0,NONE,NO_CLICK
17698,0,0,NONE,NO_CLICK
17699,0,0,NONE,NO_CLICK
17700,0,0,NONE,NO_CLICK
17701,0,0,NONE,NO_CLICK
17702,0,0,NONE,NO_CLICK
17703,0,0,NONE,NO_CLICK
17704,0,0,NONE,NO_CLICK
17705,0,0,NONE,NO_CLICK
17706,0,0,NONE,NO_CLICK
17707,0,0,NONE,NO_CLICK
17708,0,0,NONE,NO_CLICK
17709,0,0,NONE,NO_CLICK
17710,0,0,NONE,NO_CLICK
17711,0,0,NONE,NO_CLICK
17712,0,0,NONE,NO_CLICK
17713,0,0,NONE,NO_CLICK
17714,0,0,NONE,NO_CLICK
17715,0,0,NONE,NO_CLICK
17716,0,0,NONE,NO_CLICK
17717,0,0,NONE,NO_CLICK
17718,0,0,NONE,NO_CLICK
17719,0,0,NONE,NO_CLICK
17720,0,0,NONE,NO_CLICK
17721,0,0,NONE,NO_CLICK
17722,0,0,NONE,NO_CLICK
17723,0,0,NONE,NO_CLICK
17724,0,0,NONE,NO_CLICK
17725,0,0,NONE,NO_CLICK
17726,0,0,NONE,NO_CLICK
17727,0,0,NONE,NO_CLICK
17728,0,0,NONE,NO_CLICK
17729,0,0,NONE,NO_CLICK
17730,0,0,NONE,NO_CLICK
17731,0,0,NONE,NO_CLICK
17732,0,0,NONE,NO_CLICK
17733,0,0,NONE,NO_CLICK
17734,0,0,NONE,NO_CLICK
17735,0,0,NONE,NO_CLICK
17736,0,0,NONE,NO_CLICK
17737,0,0,NONE,NO_CLICK
17738,0,0,NONE,NO_CLICK
17739,0,0,NONE,NO_CLICK
17740,0,0,NONE,NO_CLICK
17741,0,0,NONE,NO_CLICK
17742,0,0,NONE,NO_CLICK
17743,0,0,NONE,NO_CLICK
17744,0,0,NONE,NO_CLICK
17745,0,0,NONE,NO_CLICK
17746,0,0,NONE,NO_CLICK
17747,0,0,NONE,NO_CLICK
17748,0,0,NONE,NO_CLICK
17749,0,0,NONE,NO_CLICK
17750,0,0,NONE,NO_CLICK
17751,0,0,NONE,NO_CLICK
17752,0,0,NONE,NO_CLICK
17753,0,0,NONE,NO_CLICK
17754,0,0,NONE,NO_CLICK
17755,0,0,NONE,NO_CLICK
17756,0,0,NONE,NO_CLICK
17757,0,0,NONE,NO_CLICK
17758,0,0,NONE,NO_CLICK
17759,0,0,NONE,NO_CLICK
17760,0,0,NONE,NO_CLICK
17761,0,0,NONE,NO_CLICK
17762,0,0,NONE,NO_CLICK
17763,0,0,NONE,NO_CLICK
17764,0,0,NONE,NO_CLICK
17765,0,0,NONE,NO_CLICK
17766,0,0,NONE,NO_CLICK
17767,0,0,NONE,NO_CLICK
17768,0,0,NONE,NO_CLICK
17769,0,0,NONE,NO_CLICK
17770,0,0,NONE,NO_CLICK
17771,0,0,NONE,NO_CLICK
17772,0,0,NONE,NO_CLICK
17773,0,0,NONE,NO_CLICK
17774,0,0,NONE,NO_CLICK
17775,0,0,NONE,NO_CLICK
17776,0,0,NONE,NO_CLICK
17777,0,0,NONE,NO_CLICK
17778,0,0,NONE,NO_CLICK
17779,0,0,NONE,NO_CLICK
17780,0,0,NONE,NO_CLICK
17781,0,0,NONE,NO_CLICK
17782,0,0,NONE,NO_CLICK
17783,0,0,NONE,NO_CLICK
17784,0,0,NONE,NO_CLICK
17785,0,0,NONE,NO_CLICK
17786,0,0,NONE,NO_CLICK
17787,0,0,NONE,NO_CLICK
17788,0,0,NONE,NO_CLICK
17789,0,0,NONE,NO_CLICK
17790,0,0,NONE,NO_CLICK
17791,0,0,NONE,NO_CLICK
17792,0,0,NONE,NO_CLICK
17793,0,0,NONE,NO_CLICK
17794,0,0,NONE,NO_CLICK
17795,0,0,NONE,NO_CLICK
17796,0,0,NONE,NO_CLICK
17797,0,0,NONE,NO_CLICK
17798,0,0,NONE,NO_CLICK
17799,0,0,NONE,NO_CLICK
17800,0,0,NONE,NO_CLICK
17801,0,0,NONE,NO_CLICK
17802,0,0,NONE,NO_CLICK
17803,0,0,NONE,NO_CLICK
17804,0,0,NONE,NO_CLICK
17805,0,0,NONE,NO_CLICK
17806,0,0,NONE,NO_CLICK
17807,0,0,NONE,NO_CLICK
17808,0,0,NONE,NO_CLICK
17809,0,0,NONE,NO_CLICK
17810,0,0,NONE,NO_CLICK
17811,0,0,NONE,NO_CLICK
17812,0,0,NONE,NO_CLICK
17813,0,0,NONE,NO_CLICK
17814,0,0,NONE,NO_CLICK
17815,0,0,NONE,NO_CLICK
17816,0,0,NONE,NO_CLICK
17817,0,0,NONE,NO_CLICK
17818,0,0,NONE,NO_CLICK
17819,0,0,NONE,NO_CLICK
17820,0,0,NONE,NO_CLICK
17821,0,0,NONE,NO_CLICK
17822,0,0,NONE,NO_CLICK
17823,0,0,NONE,NO_CLICK
17824,0,0,NONE,NO_CLICK
17825,0,0,NONE,NO_CLICK
17826,0,0,NONE,NO_CLICK
17827,0,0,NONE,NO_CLICK
17828,0,0,NONE,NO_CLICK
17829,0,0,NONE,NO_CLICK
17830,0,0,NONE,NO_CLICK
17831,0,0,NONE,NO_CLICK
17832,0,0,NONE,NO_CLICK
17833,0,0,NONE,NO_CLICK
17834,0,0,NONE,NO_CLICK
17835,0,0,NONE,NO_CLICK
17836,0,0,NONE,NO_CLICK
17837,0,0,NONE,NO_CLICK
17838,0,0,NONE,NO_CLICK
17839,0,0,NONE,NO_CLICK
17840,0,0,NONE,NO_CLICK
17841,0,0,NONE,NO_CLICK
17842,0,0,NONE,NO_CLICK
17843,0,0,NONE,NO_CLICK
17844,0,0,NONE,NO_CLICK
17845,0,0,NONE,NO_CLICK
17846,0,0,NONE,NO_CLICK
17847,0,0,NONE,NO_CLICK
17848,0,0,NONE,NO_CLICK
17849,0,0,NONE,NO_CLICK
17850,0,0,NONE,NO_CLICK
17851,0,0,NONE,NO_CLICK
17852,0,0,NONE,NO_CLICK
17853,0,0,NONE,NO_CLICK
17854,0,0,NONE,NO_CLICK
17855,0,0,NONE,NO_CLICK
17856,0,0,NONE,NO_CLICK
17857,0,0,NONE,NO_CLICK
17858,0,1,D2,D2_CLICK
17859,0,1,D2,D2_CLICK
17860,0,1,D2,D2_CLICK
17861,0,1,D2,D2_CLICK
17862,0,1,D2,D2_CLICK
17863,0,1,D2,D2_CLICK
17864,0,1,D2,D2_CLICK
17865,0,1,D2,D2_CLICK
17866,0,1,D2,D2_CLICK
17867,0,1,D2,D2_CLICK
17868,0,1,D2,D2_CLICK
17869,0,1,D2,D2_CLICK
17870,0,1,D2,D2_CLICK
17871,0,1,D2,D2_CLICK
17872,0,1,D2,D2_CLICK
17873,0,1,D2,D2_CLICK
17874,0,1,D2,D2_CLICK
17875,0,1,D2,D2_CLICK
17876,0,1,D2,D2_CLICK
17877,0,1,D2,D2_CLICK
17878,0,1,D2,D2_CLICK
17879,0,1,D2,D2_CLICK
17880,0,1,D2,D2_CLICK
17881,0,1,D2,D2_CLICK
17882,0,1,D2,D2_CLICK
17883,0,1,D2,D2_CLICK
17884,0,1,D2,D2_CLICK
17885,0,1,D2,D2_CLICK
17886,0,1,D2,D2_CLICK
17887,0,1,D2,D2_CLICK
17888,0,1,D2,D2_CLICK
17889,0,1,D2,D2_CLICK
17890,1,1,BOTH,DOUBLE_CLICK
17891,1,1,BOTH,DOUBLE_CLICK
17892,1,1,BOTH,DOUBLE_CLICK
17893,1,1,BOTH,DOUBLE_CLICK
17894,1,1,BOTH,DOUBLE_CLICK
17895,1,1,BOTH,DOUBLE_CLICK
17896,1,0,D1,D1_CLICK
17897,1,0,D1,D1_CLICK
17898,1,0,D1,D1_CLICK
17899,1,0,D1,D1_CLICK
17900,1,0,D1,D1_CLICK
17901,1,0,D1,D1_CLICK
17902,1,0,D1,D1_CLICK
17903,1,0,D1,D1_CLICK
17904,1,0,D1,D1_CLICK
17905,1,0,D1,D1_CLICK
17906,1,0,D1,D1_CLICK
17907,1,0,D1,D1_CLICK
17908,1,0,D1,D1_CLICK
17909,1,0,D1,D1_CLICK
17910,1,0,D1,D1_CLICK
17911,1,0,D1,D1_CLICK
17912,1,0,D1,D1_CLICK
17913,1,0,D1,D1_CLICK
17914,1,0,D1,D1_CLICK
17915,1,0,D1,D1_CLICK
17916,1,0,D1,D1_CLICK
17917,1,0,D1,D1_CLICK
17918,1,0,D1,D1_CLICK
17919,1,0,D1,D1_CLICK
17920,1,0,D1,D1_CLICK
17921,1,0,D1,D1_CLICK
17922,1,0,D1,D1_CLICK
17923,1,0,D1,D1_CLICK
17924,1,0,D1,D1_CLICK
17925,1,0,D1,D1_CLICK
17926,1,0,D1,D1_CLICK
17927,1,0,D1,D1_CLICK
17928,0,0,NONE,NO_CLICK
17929,0,0,NONE,NO_CLICK
17930,0,0,NONE,NO_CLICK
17931,0,0,NONE,NO_CLICK
17932,0,0,NONE,NO_CLICK
17933,0,0,NONE,NO_CLICK
17934,0,0,NONE,NO_CLICK
17935,0,0,NONE,NO_CLICK
17936,0,0,NONE,NO_CLICK
17937,0,0,NONE,NO_CLICK
17938,0,0,NONE,NO_CLICK
17939,0,0,NONE,NO_CLICK
17940,0,0,NONE,NO_CLICK
17941,0,0,NONE,NO_CLICK
17942,0,0,NONE,NO_CLICK
17943,0,0,NONE,NO_CLICK
17944,0,0,NONE,NO_CLICK
17945,0,0,NONE,NO_CLICK
17946,0,0,NONE,NO_CLICK
17947,0,0,NONE,NO_CLICK
17948,0,0,NONE,NO_CLICK
17949,0,0,NONE,NO_CLICK
17950,0,0,NONE,NO_CLICK
17951,0,0,NONE,NO_CLICK
17952,0,0,NONE,NO_CLICK
17953,0,0,NONE,NO_CLICK
17954,0,0,NONE,NO_CLICK
17955,0,0,NONE,NO_CLICK
17956,0,0,NONE,NO_CLICK
17957,0,0,NONE,NO_CLICK
17958,0,0,NONE,NO_CLICK
17959,0,0,NONE,NO_CLICK
17960,0,0,NONE,NO_CLICK
17961,0,0,NONE,NO_CLICK
17962,0,0,NONE,NO_CLICK
17963,0,0,NONE,NO_CLICK
17964,0,0,NONE,NO_CLICK
17965,0,0,NONE,NO_CLICK
17966,0,0,NONE,NO_CLICK
17967,0,0,NONE,NO_CLICK
17968,0,0,NONE,NO_CLICK
17969,0,0,NONE,NO_CLICK
17970,0,0,NONE,NO_CLICK
17971,0,0,NONE,NO_CLICK
17972,0,0,NONE,NO_CLICK
17973,0,0,NONE,NO_CLICK
17974,0,0,NONE,NO_CLICK
17975,0,0,NONE,NO_CLICK
17976,0,0,NONE,NO_CLICK
17977,0,0,NONE,NO_CLICK
17978,0,0,NONE,NO_CLICK
17979,0,0,NONE,NO_CLICK
17980,0,0,NONE,NO_CLICK
17981,0,0,NONE,NO_CLICK
17982,0,0,NONE,NO_CLICK
17983,0,0,NONE,NO_CLICK
17984,0,0,NONE,NO_CLICK
17985,0,0,NONE,NO_CLICK
17986,0,0,NONE,NO_CLICK
17987,0,0,NONE,NO_CLICK
17988,0,0,NONE,NO_CLICK
17989,0,0,NONE,NO_CLICK
17990,0,0,NONE,NO_CLICK
17991,0,0,NONE,NO_CLICK
17992,0,0,NONE,NO_CLICK
17993,0,0,NONE,NO_CLICK
17994,0,0,NONE,NO_CLICK
17995,0,0,NONE,NO_CLICK
17996,0,0,NONE,NO_CLICK
17997,0,0,NONE,NO_CLICK
17998,0,0,NONE,NO_CLICK
17999,0,0,NONE,NO_CLICK
18000,0,0,NONE,NO_CLICK
18001,0,0,NONE,NO_CLICK
18002,0,0,NONE,NO_CLICK
18003,0,0,NONE,NO_CLICK
18004,0,0,NONE,NO_CLICK
18005,0,0,NONE,NO_CLICK
18006,0,0,NONE,NO_CLICK
18007,0,0,NONE,NO_CLICK
18008,0,0,NONE,NO_CLICK
18009,0,0,NONE,NO_CLICK
18010,0,0,NONE,NO_CLICK
18011,0,0,NONE,NO_CLICK
18012,0,0,NONE,NO_CLICK
18013,0,0,NONE,NO_CLICK
18014,0,0,NONE,NO_CLICK
18015,0,0,NONE,NO_CLICK
18016,0,0,NONE,NO_CLICK
18017,0,0,NONE,NO_CLICK
18018,0,0,NONE,NO_CLICK
18019,0,0,NONE,NO_CLICK
18020,0,0,NONE,NO_CLICK
18021,0,0,NONE,NO_CLICK
18022,0,0,NONE,NO_CLICK
18023,0,0,NONE,NO_CLICK
18024,0,0,NONE,NO_CLICK
18025,0,0,NONE,NO_CLICK
18026,0,0,NONE,NO_CLICK
18027,0,0,NONE,NO_CLICK
18028,0,0,NONE,NO_CLICK
18029,0,0,NONE,NO_CLICK
18030,0,0,NONE,NO_CLICK
18031,0,0,NONE,NO_CLICK
18032,0,0,NONE,NO_CLICK
18033,0,0,NONE,NO_CLICK
18034,0,0,NONE,NO_CLICK
18035,0,0,NONE,NO_CLICK
18036,0,0,NONE,NO_CLICK
18037,0,0,NONE,NO_CLICK
18038,0,0,NONE,NO_CLICK
18039,0,0,NONE,NO_CLICK
18040,0,0,NONE,NO_CLICK
18041,0,0,NONE,NO_CLICK
18042,0,0,NONE,NO_CLICK
18043,0,0,NONE,NO_CLICK
18044,0,0,NONE,NO_CLICK
18045,0,0,NONE,NO_CLICK
18046,0,0,NONE,NO_CLICK
18047,0,0,NONE,NO_CLICK
18048,0,0,NONE,NO_CLICK
18049,0,0,NONE,NO_CLICK
18050,0,0,NONE,NO_CLICK
18051,0,0,NONE,NO_CLICK
18052,0,0,NONE,NO_CLICK
18053,0,0,NONE,NO_CLICK
18054,0,0,NONE,NO_CLICK
18055,0,0,NONE,NO_CLICK
18056,0,0,NONE,NO_CLICK
18057,0,0,NONE,NO_CLICK
18058,0,0,NONE,NO_CLICK
18059,0,0,NONE,NO_CLICK
18060,0,0,NONE,NO_CLICK
18061,0,0,NONE,NO_CLICK
18062,0,0,NONE,NO_CLICK
18063,0,0,NONE,NO_CLICK
18064,0,0,NONE,NO_CLICK
18065,0,0,NONE,NO_CLICK
18066,0,0,NONE,NO_CLICK
18067,0,0,NONE,NO_CLICK
18068,0,0,NONE,NO_CLICK
18069,0,0,NONE,NO_CLICK
18070,0,0,NONE,NO_CLICK
18071,0,0,NONE,NO_CLICK
18072,0,0,NONE,NO_CLICK
18073,0,0,NONE,NO_CLICK
18074,0,0,NONE,NO_CLICK
18075,0,0,NONE,NO_CLICK
18076,0,0,NONE,NO_CLICK
18077,0,0,NONE,NO_CLICK
18078,0,0,NONE,NO_CLICK
18079,0,0,NONE,NO_CLICK
18080,0,0,NONE,NO_CLICK
18081,0,0,NONE,NO_CLICK
18082,0,0,NONE,NO_CLICK
18083,0,0,NONE,NO_CLICK
18084,0,0,NONE,NO_CLICK
18085,0,0,NONE,NO_CLICK
18086,0,0,NONE,NO_CLICK
18087,0,0,NONE,NO_CLICK
18088,0,0,NONE,NO_CLICK
18089,0,0,NONE,NO_CLICK
18090,0,0,NONE,NO_CLICK
18091,0,0,NONE,NO_CLICK
18092,0,0,NONE,NO_CLICK
18093,0,0,NONE,NO_CLICK
18094,0,0,NONE,NO_CLICK
18095,0,0,NONE,NO_CLICK
18096,0,0,NONE,NO_CLICK
18097,0,0,NONE,NO_CLICK
18098,0,0,NONE,NO_CLICK
18099,0,0,NONE,NO_CLICK
18100,0,0,NONE,NO_CLICK
18101,0,0,NONE,NO_CLICK
18102,0,0,NONE,NO_CLICK
18103,0,0,NONE,NO_CLICK
18104,0,0,NONE,NO_CLICK
18105,0,0,NONE,NO_CLICK
18106,0,0,NONE,NO_CLICK
18107,0,0,NONE,NO_CLICK
18108,0,0,NONE,NO_CLICK
18109,0,0,NONE,NO_CLICK
18110,0,0,NONE,NO_CLICK
18111,0,0,NONE,NO_CLICK
18112,0,0,NONE,NO_CLICK
18113,0,0,NONE,NO_CLICK
18114,0,0,NONE,NO_CLICK
18115,0,0,NONE,NO_CLICK
18116,0,0,NONE,NO_CLICK
18117,0,0,NONE,NO_CLICK
18118,0,0,NONE,NO_CLICK
18119,0,0,NONE,NO_CLICK
18120,0,0,NONE,NO_CLICK
18121,0,0,NONE,NO_CLICK
18122,0,0,NONE,NO_CLICK
18123,0,0,NONE,NO_CLICK
18124,0,0,NONE,NO_CLICK
18125,0,0,NONE,NO_CLICK
18126,0,0,NONE,NO_CLICK
18127,0,0,NONE,NO_CLICK
18128,0,0,NONE,NO_CLICK
18129,0,0,NONE,NO_CLICK
18130,0,0,NONE,NO_CLICK
18131,0,0,NONE,NO_CLICK
18132,0,0,NONE,NO_CLICK
18133,0,0,NONE,NO_CLICK
18134,0,0,NONE,NO_CLICK
18135,0,0,NONE,NO_CLICK
18136,0,0,NONE,NO_CLICK
18137,0,0,NONE,NO_CLICK
18138,0,0,NONE,NO_CLICK
18139,0,0,NONE,NO_CLICK
18140,0,0,NONE,NO_CLICK
18141,0,0,NONE,NO_CLICK
18142,0,0,NONE,NO_CLICK
18143,0,0,NONE,NO_CLICK
18144,0,0,NONE,NO_CLICK
18145,0,0,NONE,NO_CLICK
18146,0,0,NONE,NO_CLICK
18147,0,0,NONE,NO_CLICK
18148,0,0,NONE,NO_CLICK
18149,0,0,NONE,NO_CLICK
18150,0,0,NONE,NO_CLICK
18151,0,0,NONE,NO_CLICK
18152,0,0,NONE,NO_CLICK
18153,0,0,NONE,NO_CLICK
18154,0,0,NONE,NO_CLICK
18155,0,0,NONE,NO_CLICK
18156,0,0,NONE,NO_CLICK
18157,0,0,NONE,NO_CLICK
18158,0,0,NONE,NO_CLICK
18159,0,0,NONE,NO_CLICK
18160,0,0,NONE,NO_CLICK
18161,0,0,NONE,NO_CLICK
18162,0,0,NONE,NO_CLICK
18163,0,0,NONE,NO_CLICK
18164,0,0,NONE,NO_CLICK
18165,0,0,NONE,NO_CLICK
18166,0,0,NONE,NO_CLICK
18167,0,0,NONE,NO_CLICK
18168,0,0,NONE,NO_CLICK
18169,0,0,NONE,NO_CLICK
18170,0,0,NONE,NO_CLICK
18171,0,0,NONE,NO_CLICK
18172,0,0,NONE,NO_CLICK
18173,0,0,NONE,NO_CLICK
18174,0,0,NONE,NO_CLICK
18175,0,0,NONE,NO_CLICK
18176,0,0,NONE,NO_CLICK
18177,0,0,NONE,NO_CLICK
18178,0,0,NONE,NO_CLICK
18179,0,0,NONE,NO_CLICK
18180,0,0,NONE,NO_CLICK
18181,0,0,NONE,NO_CLICK
18182,0,0,NONE,NO_CLICK
18183,0,0,NONE,NO_CLICK
18184,0,0,NONE,NO_CLICK
18185,0,0,NONE,NO_CLICK
18186,0,0,NONE,NO_CLICK
18187,0,0,NONE,NO_CLICK
18188,0,0,NONE,NO_CLICK
18189,0,0,NONE,NO_CLICK
18190,0,0,NONE,NO_CLICK
18191,0,0,NONE,NO_CLICK
18192,0,0,NONE,NO_CLICK
18193,0,0,NONE,NO_CLICK
18194,0,0,NONE,NO_CLICK
18195,0,0,NONE,NO_CLICK
18196,0,0,NONE,NO_CLICK
18197,0,0,NONE,NO_CLICK
18198,0,0,NONE,NO_CLICK
18199,0,0,NONE,NO_CLICK
18200,0,0,NONE,NO_CLICK
18201,0,0,NONE,NO_CLICK
18202,0,0,NONE,NO_CLICK
18203,0,0,NONE,NO_CLICK
18204,0,0,NONE,NO_CLICK
18205,0,0,NONE,NO_CLICK
18206,0,0,NONE,NO_CLICK
18207,0,0,NONE,NO_CLICK
18208,0,0,NONE,NO_CLICK
18209,0,0,NONE,NO_CLICK
18210,0,1,D2,D2_CLICK
18211,0,1,D2,D2_CLICK
18212,0,1,D2,D2_CLICK
18213,0,1,D2,D2_CLICK
18214,0,1,D2,D2_CLICK
18215,0,1,D2,D2_CLICK
18216,0,1,D2,D2_CLICK
18217,0,1,D2,D2_CLICK
18218,0,1,D2,D2_CLICK
18219,0,1,D2,D2_CLICK
18220,0,1,D2,D2_CLICK
18221,0,1,D2,D2_CLICK
18222,0,1,D2,D2_CLICK
18223,0,1,D2,D2_CLICK
18224,0,1,D2,D2_CLICK
18225,0,1,D2,D2_CLICK
18226,0,1,D2,D2_CLICK
18227,0,1,D2,D2_CLICK
18228,0,1,D2,D2_CLICK
18229,0,1,D2,D2_CLICK
18230,0,1,D2,D2_CLICK
18231,0,1,D2,D2_CLICK
18232,0,1,D2,D2_CLICK
18233,0,1,D2,D2_CLICK
18234,0,1,D2,D2_CLICK
18235,0,1,D2,D2_CLICK
18236,0,1,D2,D2_CLICK
18237,0,1,D2,D2_CLICK
18238,0,1,D2,D2_CLICK
18239,0,1,D2,D2_CLICK
18240,0,1,D2,D2_CLICK
18241,0,1,D2,D2_CLICK
18242,0,1,D2,D2_CLICK
18243,0,1,D2,D2_CLICK
18244,0,1,D2,D2_CLICK
18245,0,1,D2,D2_CLICK
18246,0,1,D2,D2_CLICK
18247,0,1,D2,D2_CLICK
18248,0,0,NONE,NO_CLICK
18249,0,0,NONE,NO_CLICK
18250,0,0,NONE,NO_CLICK
18251,0,0,NONE,NO_CLICK
18252,0,0,NONE,NO_CLICK
18253,0,0,NONE,NO_CLICK
18254,0,0,NONE,NO_CLICK
18255,0,0,NONE,NO_CLICK
18256,0,0,NONE,NO_CLICK
18257,0,0,NONE,NO_CLICK
18258,0,0,NONE,NO_CLICK
18259,0,0,NONE,NO_CLICK
18260,0,0,NONE,NO_CLICK
18261,0,0,NONE,NO_CLICK
18262,0,0,NONE,NO_CLICK
18263,0,0,NONE,NO_CLICK
18264,0,0,NONE,NO_CLICK
18265,0,0,NONE,NO_CLICK
18266,0,0,NONE,NO_CLICK
18267,0,0,NONE,NO_CLICK
18268,0,0,NONE,NO_CLICK
18269,0,0,NONE,NO_CLICK
18270,0,0,NONE,NO_CLICK
18271,0,0,NONE,NO_CLICK
18272,0,0,NONE,NO_CLICK
18273,0,0,NONE,NO_CLICK
18274,0,0,NONE,NO_CLICK
18275,0,0,NONE,NO_CLICK
18276,0,0,NONE,NO_CLICK
18277,0,0,NONE,NO_CLICK
18278,0,0,NONE,NO_CLICK
18279,0,0,NONE,NO_CLICK
18280,0,0,NONE,NO_CLICK
18281,0,0,NONE,NO_CLICK
18282,0,0,NONE,NO_CLICK
18283,0,0,NONE,NO_CLICK
18284,0,0,NONE,NO_CLICK
18285,0,0,NONE,NO_CLICK
18286,0,0,NONE,NO_CLICK
18287,0,0,NONE,NO_CLICK
18288,0,0,NONE,NO_CLICK
18289,0,0,NONE,NO_CLICK
18290,0,0,NONE,NO_CLICK
18291,0,0,NONE,NO_CLICK
18292,0,0,NONE,NO_CLICK
18293,0,0,NONE,NO_CLICK
18294,0,0,NONE,NO_CLICK
18295,0,0,NONE,NO_CLICK
18296,0,0,NONE,NO_CLICK
18297,0,0,NONE,NO_CLICK
18298,0,0,NONE,NO_CLICK
18299,0,0,NONE,NO_CLICK
18300,0,0,NONE,NO_CLICK
18301,0,0,NONE,NO_CLICK
18302,0,0,NONE,NO_CLICK
18303,0,0,NONE,NO_CLICK
18304,0,0,NONE,NO_CLICK
18305,0,0,NONE,NO_CLICK
18306,0,0,NONE,NO_CLICK
18307,0,0,NONE,NO_CLICK
18308,0,0,NONE,NO_CLICK
18309,0,0,NONE,NO_CLICK
18310,0,0,NONE,NO_CLICK
18311,0,0,NONE,NO_CLICK
18312,0,0,NONE,NO_CLICK
18313,0,0,NONE,NO_CLICK
18314,0,0,NONE,NO_CLICK
18315,0,0,NONE,NO_CLICK
18316,0,0,NONE,NO_CLICK
18317,0,0,NONE,NO_CLICK
18318,0,0,NONE,NO_CLICK
18319,0,0,NONE,NO_CLICK
18320,0,0,NONE,NO_CLICK
18321,0,0,NONE,NO_CLICK
18322,0,0,NONE,NO_CLICK
18323,0,0,NONE,NO_CLICK
18324,0,0,NONE,NO_CLICK
18325,0,0,NONE,NO_CLICK
18326,0,0,NONE,NO_CLICK
18327,0,0,NONE,NO_CLICK
18328,0,0,NONE,NO_CLICK
18329,0,0,NONE,NO_CLICK
18330,0,0,NONE,NO_CLICK
18331,0,0,NONE,NO_CLICK
18332,0,0,NONE,NO_CLICK
18333,0,0,NONE,NO_CLICK
18334,0,0,NONE,NO_CLICK
18335,0,0,NONE,NO_CLICK
18336,0,0,NONE,NO_CLICK
18337,0,0,NONE,NO_CLICK
18338,0,0,NONE,NO_CLICK
18339,0,0,NONE,NO_CLICK
18340,0,0,NONE,NO_CLICK
18341,0,0,NONE,NO_CLICK
18342,0,0,NONE,NO_CLICK
18343,0,0,NONE,NO_CLICK
18344,0,0,NONE,NO_CLICK
18345,0,0,NONE,NO_CLICK
18346,0,0,NONE,NO_CLICK
18347,0,0,NONE,NO_CLICK
18348,0,0,NONE,NO_CLICK
18349,0,0,NONE,NO_CLICK
18350,0,0,NONE,NO_CLICK
18351,0,0,NONE,NO_CLICK
18352,0,0,NONE,NO_CLICK
18353,0,0,NONE,NO_CLICK
18354,0,0,NONE,NO_CLICK
18355,0,0,NONE,NO_CLICK
18356,0,0,NONE,NO_CLICK
18357,0,0,NONE,NO_CLICK
18358,0,0,NONE,NO_CLICK
18359,0,0,NONE,NO_CLICK
18360,0,0,NONE,NO_CLICK
18361,0,0,NONE,NO_CLICK
18362,0,0,NONE,NO_CLICK
18363,0,0,NONE,NO_CLICK
18364,0,0,NONE,NO_CLICK
18365,0,0,NONE,NO_CLICK
18366,0,0,NONE,NO_CLICK
18367,0,0,NONE,NO_CLICK
18368,0,0,NONE,NO_CLICK
18369,0,0,NONE,NO_CLICK
18370,1,0,D1,D1_CLICK
18371,1,0,D1,D1_CLICK
18372,1,0,D1,D1_CLICK
18373,1,0,D1,D1_CLICK
18374,1,0,D1,D1_CLICK
18375,1,0,D1,D1_CLICK
18376,1,0,D1,D1_CLICK
18377,1,0,D1,D1_CLICK
18378,1,0,D1,D1_CLICK
18379,1,0,D1,D1_CLICK
18380,1,0,D1,D1_CLICK
18381,1,0,D1,D1_CLICK
18382,1,0,D1,D1_CLICK
18383,1,0,D1,D1_CLICK
18384,1,0,D1,D1_CLICK
18385,1,0,D1,D1_CLICK
18386,1,0,D1,D1_CLICK
18387,1,0,D1,D1_CLICK
18388,1,0,D1,D1_CLICK
18389,1,0,D1,D1_CLICK
18390,1,0,D1,D1_CLICK
18391,1,0,D1,D1_CLICK
18392,1,0,D1,D1_CLICK
18393,1,0,D1,D1_CLICK
18394,1,0,D1,D1_CLICK
18395,1,0,D1,D1_CLICK
18396,1,0,D1,D1_CLICK
18397,1,0,D1,D1_CLICK
18398,1,0,D1,D1_CLICK
18399,1,0,D1,D1_CLICK
18400,1,0,D1,D1_CLICK
18401,1,0,D1,D1_CLICK
18402,1,0,D1,D1_CLICK
18403,1,0,D1,D1_CLICK
18404,1,0,D1,D1_CLICK
18405,1,0,D1,D1_CLICK
18406,1,0,D1,D1_CLICK
18407,1,0,D1,D1_CLICK
18408,0,0,NONE,NO_CLICK
18409,0,0,NONE,NO_CLICK
18410,0,0,NONE,NO_CLICK
18411,0,0,NONE,NO_CLICK
18412,0,0,NONE,NO_CLICK
18413,0,0,NONE,NO_CLICK
18414,0,0,NONE,NO_CLICK
18415,0,0,NONE,NO_CLICK
18416,0,0,NONE,NO_CLICK
18417,0,0,NONE,NO_CLICK
18418,0,0,NONE,NO_CLICK
18419,0,0,NONE,NO_CLICK
18420,0,0,NONE,NO_CLICK
18421,0,0,NONE,NO_CLICK
18422,0,0,NONE,NO_CLICK
18423,0,0,NONE,NO_CLICK
18424,0,0,NONE,NO_CLICK
18425,0,0,NONE,NO_CLICK
18426,0,0,NONE,NO_CLICK
18427,0,0,NONE,NO_CLICK
18428,0,0,NONE,NO_CLICK
18429,0,0,NONE,NO_CLICK
18430,0,0,NONE,NO_CLICK
18431,0,0,NONE,NO_CLICK
18432,0,0,NONE,NO_CLICK
18433,0,0,NONE,NO_CLICK
18434,0,0,NONE,NO_CLICK
18435,0,0,NONE,NO_CLICK
18436,0,0,NONE,NO_CLICK
18437,0,0,NONE,NO_CLICK
18438,0,0,NONE,NO_CLICK
18439,0,0,NONE,NO_CLICK
18440,0,0,NONE,NO_CLICK
18441,0,0,NONE,NO_CLICK
18442,0,0,NONE,NO_CLICK
18443,0,0,NONE,NO_CLICK
18444,0,0,NONE,NO_CLICK
18445,0,0,NONE,NO_CLICK
18446,0,0,NONE,NO_CLICK
18447,0,0,NONE,NO_CLICK
18448,0,0,NONE,NO_CLICK
18449,0,0,NONE,NO_CLICK
18450,0,0,NONE,NO_CLICK
18451,0,0,NONE,NO_CLICK
18452,0,0,NONE,NO_CLICK
18453,0,0,NONE,NO_CLICK
18454,0,0,NONE,NO_CLICK
18455,0,0,NONE,NO_CLICK
18456,0,0,NONE,NO_CLICK
18457,0,0,NONE,NO_CLICK
18458,0,0,NONE,NO_CLICK
18459,0,0,NONE,NO_CLICK
18460,0,0,NONE,NO_CLICK
18461,0,0,NONE,NO_CLICK
18462,0,0,NONE,NO_CLICK
18463,0,0,NONE,NO_CLICK
18464,0,0,NONE,NO_CLICK
18465,0,0,NONE,NO_CLICK
18466,0,0,NONE,NO_CLICK
18467,0,0,NONE,NO_CLICK
18468,0,0,NONE,NO_CLICK
18469,0,0,NONE,NO_CLICK
18470,0,0,NONE,NO_CLICK
18471,0,0,NONE,NO_CLICK
18472,0,0,NONE,NO_CLICK
18473,0,0,NONE,NO_CLICK
18474,0,0,NONE,NO_CLICK
18475,0,0,NONE,NO_CLICK
18476,0,0,NONE,NO_CLICK
18477,0,0,NONE,NO_CLICK
18478,0,0,NONE,NO_CLICK
18479,0,0,NONE,NO_CLICK
18480,0,0,NONE,NO_CLICK
18481,0,0,NONE,NO_CLICK
18482,0,0,NONE,NO_CLICK
18483,0,0,NONE,NO_CLICK
18484,0,0,NONE,NO_CLICK
18485,0,0,NONE,NO_CLICK
18486,0,0,NONE,NO_CLICK
18487,0,0,NONE,NO_CLICK
18488,0,0,NONE,NO_CLICK
18489,0,0,NONE,NO_CLICK
18490,0,0,NONE,NO_CLICK
18491,0,0,NONE,NO_CLICK
18492,0,0,NONE,NO_CLICK
18493,0,0,NONE,NO_CLICK
18494,0,0,NONE,NO_CLICK
18495,0,0,NONE,NO_CLICK
18496,0,0,NONE,NO_CLICK
18497,0,0,NONE,NO_CLICK
18498,0,0,NONE,NO_CLICK
18499,0,0,NONE,NO_CLICK
18500,0,0,NONE,NO_CLICK
18501,0,0,NONE,NO_CLICK
18502,0,0,NONE,NO_CLICK
18503,0,0,NONE,NO_CLICK
18504,0,0,NONE,NO_CLICK
18505,0,0,NONE,NO_CLICK
18506,0,0,NONE,NO_CLICK
18507,0,0,NONE,NO_CLICK
18508,0,0,NONE,NO_CLICK
18509,0,0,NONE,NO_CLICK
18510,0,0,NONE,NO_CLICK
18511,0,0,NONE,NO_CLICK
18512,0,0,NONE,NO_CLICK
18513,0,0,NONE,NO_CLICK
18514,0,0,NONE,NO_CLICK
18515,0,0,NONE,NO_CLICK
18516,0,0,NONE,NO_CLICK
18517,0,0,NONE,NO_CLICK
18518,0,0,NONE,NO_CLICK
18519,0,0,NONE,NO_CLICK
18520,0,0,NONE,NO_CLICK
18521,0,0,NONE,NO_CLICK
18522,0,0,NONE,NO_CLICK
18523,0,0,NONE,NO_CLICK
18524,0,0,NONE,NO_CLICK
18525,0,0,NONE,NO_CLICK
18526,0,0,NONE,NO_CLICK
18527,0,0,NONE,NO_CLICK
18528,0,0,NONE,NO_CLICK
18529,0,0,NONE,NO_CLICK
18530,0,0,NONE,NO_CLICK
18531,0,0,NONE,NO_CLICK
18532,0,0,NONE,NO_CLICK
18533,0,0,NONE,NO_CLICK
18534,0,0,NONE,NO_CLICK
18535,0,0,NONE,NO_CLICK
18536,0,0,NONE,NO_CLICK
18537,0,0,NONE,NO_CLICK
18538,0,0,NONE,NO_CLICK
18539,0,0,NONE,NO_CLICK
18540,0,0,NONE,NO_CLICK
18541,0,0,NONE,NO_CLICK
18542,0,0,NONE,NO_CLICK
18543,0,0,NONE,NO_CLICK
18544,0,0,NONE,NO_CLICK
18545,0,0,NONE,NO_CLICK
18546,0,0,NONE,NO_CLICK
18547,0,0,NONE,NO_CLICK
18548,0,0,NONE,NO_CLICK
18549,0,0,NONE,NO_CLICK
18550,0,0,NONE,NO_CLICK
18551,0,0,NONE,NO_CLICK
18552,0,0,NONE,NO_CLICK
18553,0,0,NONE,NO_CLICK
18554,0,0,NONE,NO_CLICK
18555,0,0,NONE,NO_CLICK
18556,0,0,NONE,NO_CLICK
18557,0,0,NONE,NO_CLICK
18558,0,0,NONE,NO_CLICK
18559,0,0,NONE,NO_CLICK
18560,0,0,NONE,NO_CLICK
18561,0,0,NONE,NO_CLICK
18562,0,1,D2,D2_CLICK
18563,0,1,D2,D2_CLICK
18564,0,1,D2,D2_CLICK
18565,0,1,D2,D2_CLICK
18566,0,1,D2,D2_CLICK
18567,0,1,D2,D2_CLICK
18568,0,1,D2,D2_CLICK
18569,0,1,D2,D2_CLICK
18570,0,1,D2,D2_CLICK
18571,0,1,D2,D2_CLICK
18572,0,1,D2,D2_CLICK
18573,0,1,D2,D2_CLICK
18574,0,1,D2,D2_CLICK
18575,0,1,D2,D2_CLICK
18576,0,1,D2,D2_CLICK
18577,0,1,D2,D2_CLICK
18578,0,1,D2,D2_CLICK
18579,0,1,D2,D2_CLICK
18580,0,1,D2,D2_CLICK
18581,0,1,D2,D2_CLICK
18582,0,1,D2,D2_CLICK
18583,0,1,D2,D2_CLICK
18584,0,1,D2,D2_CLICK
18585,0,1,D2,D2_CLICK
18586,0,1,D2,D2_CLICK
18587,0,1,D2,D2_CLICK
18588,0,1,D2,D2_CLICK
18589,0,1,D2,D2_CLICK
18590,0,1,D2,D2_CLICK
18591,0,1,D2,D2_CLICK
18592,0,1,D2,D2_CLICK
18593,0,1,D2,D2_CLICK
18594,0,1,D2,D2_CLICK
18595,0,1,D2,D2_CLICK
18596,0,1,D2,D2_CLICK
18597,0,1,D2,D2_CLICK
18598,0,1,D2,D2_CLICK
18599,0,1,D2,D2_CLICK
18600,0,0,NONE,NO_CLICK
18601,0,0,NONE,NO_CLICK
18602,0,0,NONE,NO_CLICK
18603,0,0,NONE,NO_CLICK
18604,0,0,NONE,NO_CLICK
18605,0,0,NONE,NO_CLICK
18606,0,0,NONE,NO_CLICK
18607,0,0,NONE,NO_CLICK
18608,0,0,NONE,NO_CLICK
18609,0,0,NONE,NO_CLICK
18610,0,0,NONE,NO_CLICK
18611,0,0,NONE,NO_CLICK
18612,0,0,NONE,NO_CLICK
18613,0,0,NONE,NO_CLICK
18614,0,0,NONE,NO_CLICK
18615,0,0,NONE,NO_CLICK
18616,0,0,NONE,NO_CLICK
18617,0,0,NONE,NO_CLICK
18618,0,0,NONE,NO_CLICK
18619,0,0,NONE,NO_CLICK
18620,0,0,NONE,NO_CLICK
18621,0,0,NONE,NO_CLICK
18622,0,0,NONE,NO_CLICK
18623,0,0,NONE,NO_CLICK
18624,0,0,NONE,NO_CLICK
18625,0,0,NONE,NO_CLICK
18626,0,0,NONE,NO_CLICK
18627,0,0,NONE,NO_CLICK
18628,0,0,NONE,NO_CLICK
18629,0,0,NONE,NO_CLICK
18630,0,0,NONE,NO_CLICK
18631,0,0,NONE,NO_CLICK
18632,0,0,NONE,NO_CLICK
18633,0,0,NONE,NO_CLICK
18634,0,0,NONE,NO_CLICK
18635,0,0,NONE,NO_CLICK
18636,0,0,NONE,NO_CLICK
18637,0,0,NONE,NO_CLICK
18638,0,0,NONE,NO_CLICK
18639,0,0,NONE,NO_CLICK
18640,0,0,NONE,NO_CLICK
18641,0,0,NONE,NO_CLICK
18642,0,0,NONE,NO_CLICK
18643,0,0,NONE,NO_CLICK
18644,0,0,NONE,NO_CLICK
18645,0,0,NONE,NO_CLICK
18646,0,0,NONE,NO_CLICK
18647,0,0,NONE,NO_CLICK
18648,0,0,NONE,NO_CLICK
18649,0,0,NONE,NO_CLICK
18650,0,0,NONE,NO_CLICK
18651,0,0,NONE,NO_CLICK
18652,0,0,NONE,NO_CLICK
18653,0,0,NONE,NO_CLICK
18654,0,0,NONE,NO_CLICK
18655,0,0,NONE,NO_CLICK
18656,0,0,NONE,NO_CLICK
18657,0,0,NONE,NO_CLICK
18658,0,0,NONE,NO_CLICK
18659,0,0,NONE,NO_CLICK
18660,0,0,NONE,NO_CLICK
18661,0,0,NONE,NO_CLICK
18662,0,0,NONE,NO_CLICK
18663,0,0,NONE,NO_CLICK
18664,0,0,NONE,NO_CLICK
18665,0,0,NONE,NO_CLICK
18666,0,0,NONE,NO_CLICK
18667,0,0,NONE,NO_CLICK
18668,0,0,NONE,NO_CLICK
18669,0,0,NONE,NO_CLICK
18670,0,0,NONE,NO_CLICK
18671,0,0,NONE,NO_CLICK
18672,0,0,NONE,NO_CLICK
18673,0,0,NONE,NO_CLICK
18674,0,0,NONE,NO_CLICK
18675,0,0,NONE,NO_CLICK
18676,0,0,NONE,NO_CLICK
18677,0,0,NONE,NO_CLICK
18678,0,0,NONE,NO_CLICK
18679,0,0,NONE,NO_CLICK
18680,0,0,NONE,NO_CLICK
18681,0,0,NONE,NO_CLICK
18682,0,0,NONE,NO_CLICK
18683,0,0,NONE,NO_CLICK
18684,0,0,NONE,NO_CLICK
18685,0,0,NONE,NO_CLICK
18686,0,0,NONE,NO_CLICK
18687,0,0,NONE,NO_CLICK
18688,0,0,NONE,NO_CLICK
18689,0,0,NONE,NO_CLICK
18690,0,0,NONE,NO_CLICK
18691,0,0,NONE,NO_CLICK
18692,0,0,NONE,NO_CLICK
18693,0,0,NONE,NO_CLICK
18694,0,0,NONE,NO_CLICK
18695,0,0,NONE,NO_CLICK
18696,0,0,NONE,NO_CLICK
18697,0,0,NONE,NO_CLICK
18698,0,0,NONE,NO_CLICK
18699,0,0,NONE,NO_CLICK
18700,0,0,NONE,NO_CLICK
18701,0,0,NONE,NO_CLICK
18702,0,0,NONE,NO_CLICK
18703,0,0,NONE,NO_CLICK
18704,0,0,NONE,NO_CLICK
18705,0,0,NONE,NO_CLICK
18706,0,0,NONE,NO_CLICK
18707,0,0,NONE,NO_CLICK
18708,0,0,NONE,NO_CLICK
18709,0,0,NONE,NO_CLICK
18710,0,0,NONE,NO_CLICK
18711,0,0,NONE,NO_CLICK
18712,0,0,NONE,NO_CLICK
18713,0,0,NONE,NO_CLICK
18714,0,0,NONE,NO_CLICK
18715,0,0,NONE,NO_CLICK
18716,0,0,NONE,NO_CLICK
18717,0,0,NONE,NO_CLICK
18718,0,0,NONE,NO_CLICK
18719,0,0,NONE,NO_CLICK
18720,0,0,NONE,NO_CLICK
18721,0,0,NONE,NO_CLICK
18722,0,0,NONE,NO_CLICK
18723,0,0,NONE,NO_CLICK
18724,0,0,NONE,NO_CLICK
18725,0,0,NONE,NO_CLICK
18726,0,0,NONE,NO_CLICK
18727,0,0,NONE,NO_CLICK
18728,0,0,NONE,NO_CLICK
18729,0,0,NONE,NO_CLICK
18730,0,0,NONE,NO_CLICK
18731,0,0,NONE,NO_CLICK
18732,0,0,NONE,NO_CLICK
18733,0,0,NONE,NO_CLICK
18734,0,0,NONE,NO_CLICK
18735,0,0,NONE,NO_CLICK
18736,0,0,NONE,NO_CLICK
18737,0,0,NONE,NO_CLICK
18738,0,0,NONE,NO_CLICK
18739,0,0,NONE,NO_CLICK
18740,0,0,NONE,NO_CLICK
18741,0,0,NONE,NO_CLICK
18742,0,0,NONE,NO_CLICK
18743,0,0,NONE,NO_CLICK
18744,0,0,NONE,NO_CLICK
18745,0,0,NONE,NO_CLICK
18746,0,0,NONE,NO_CLICK
18747,0,0,NONE,NO_CLICK
18748,0,0,NONE,NO_CLICK
18749,0,0,NONE,NO_CLICK
18750,0,0,NONE,NO_CLICK
18751,0,0,NONE,NO_CLICK
18752,0,0,NONE,NO_CLICK
18753,0,0,NONE,NO_CLICK
18754,0,0,NONE,NO_CLICK
18755,0,0,NONE,NO_CLICK
18756,0,0,NONE,NO_CLICK
18757,0,0,NONE,NO_CLICK
18758,0,0,NONE,NO_CLICK
18759,0,0,NONE,NO_CLICK
18760,0,0,NONE,NO_CLICK
18761,0,0,NONE,NO_CLICK
18762,0,0,NONE,NO_CLICK
18763,0,0,NONE,NO_CLICK
18764,0,0,NONE,NO_CLICK
18765,0,0,NONE,NO_CLICK
18766,0,0,NONE,NO_CLICK
18767,0,0,NONE,NO_CLICK
18768,0,0,NONE,NO_CLICK
18769,0,0,NONE,NO_CLICK
18770,0,0,NONE,NO_CLICK
18771,0,0,NONE,NO_CLICK
18772,0,0,NONE,NO_CLICK
18773,0,0,NONE,NO_CLICK
18774,0,0,NONE,NO_CLICK
18775,0,0,NONE,NO_CLICK
18776,0,0,NONE,NO_CLICK
18777,0,0,NONE,NO_CLICK
18778,0,0,NONE,NO_CLICK
18779,0,0,NONE,NO_CLICK
18780,0,0,NONE,NO_CLICK
18781,0,0,NONE,NO_CLICK
18782,0,0,NONE,NO_CLICK
18783,0,0,NONE,NO_CLICK
18784,0,0,NONE,NO_CLICK
18785,0,0,NONE,NO_CLICK
18786,0,0,NONE,NO_CLICK
18787,0,0,NONE,NO_CLICK
18788,0,0,NONE,NO_CLICK
18789,0,0,NONE,NO_CLICK
18790,0,0,NONE,NO_CLICK
18791,0,0,NONE,NO_CLICK
18792,0,0,NONE,NO_CLICK
18793,0,0,NONE,NO_CLICK
18794,0,0,NONE,NO_CLICK
18795,0,0,NONE,NO_CLICK
18796,0,0,NONE,NO_CLICK
18797,0,0,NONE,NO_CLICK
18798,0,0,NONE,NO_CLICK
18799,0,0,NONE,NO_CLICK
18800,0,0,NONE,NO_CLICK
18801,0,0,NONE,NO_CLICK
18802,0,0,NONE,NO_CLICK
18803,0,0,NONE,NO_CLICK
18804,0,0,NONE,NO_CLICK
18805,0,0,NONE,NO_CLICK
18806,0,0,NONE,NO_CLICK
18807,0,0,NONE,NO_CLICK
18808,0,0,NONE,NO_CLICK
18809,0,0,NONE,NO_CLICK
18810,0,0,NONE,NO_CLICK
18811,0,0,NONE,NO_CLICK
18812,0,0,NONE,NO_CLICK
18813,0,0,NONE,NO_CLICK
18814,0,0,NONE,NO_CLICK
18815,0,0,NONE,NO_CLICK
18816,0,0,NONE,NO_CLICK
18817,0,0,NONE,NO_CLICK
18818,0,0,NONE,NO_CLICK
18819,0,0,NONE,NO_CLICK
18820,0,0,NONE,NO_CLICK
18821,0,0,NONE,NO_CLICK
18822,0,0,NONE,NO_CLICK
18823,0,0,NONE,NO_CLICK
18824,0,0,NONE,NO_CLICK
18825,0,0,NONE,NO_CLICK
18826,0,0,NONE,NO_CLICK
18827,0,0,NONE,NO_CLICK
18828,0,0,NONE,NO_CLICK
18829,0,0,NONE,NO_CLICK
18830,0,0,NONE,NO_CLICK
18831,0,0,NONE,NO_CLICK
18832,0,0,NONE,NO_CLICK
18833,0,0,NONE,NO_CLICK
18834,0,0,NONE,NO_CLICK
18835,0,0,NONE,NO_CLICK
18836,0,0,NONE,NO_CLICK
18837,0,0,NONE,NO_CLICK
18838,0,0,NONE,NO_CLICK
18839,0,0,NONE,NO_CLICK
18840,0,0,NONE,NO_CLICK
18841,0,0,NONE,NO_CLICK
18842,0,0,NONE,NO_CLICK
18843,0,0,NONE,NO_CLICK
18844,0,0,NONE,NO_CLICK
18845,0,0,NONE,NO_CLICK
18846,0,0,NONE,NO_CLICK
18847,0,0,NONE,NO_CLICK
18848,0,0,NONE,NO_CLICK
18849,0,0,NONE,NO_CLICK
18850,1,0,D1,D1_CLICK
18851,1,0,D1,D1_CLICK
18852,1,0,D1,D1_CLICK
18853,1,0,D1,D1_CLICK
18854,1,0,D1,D1_CLICK
18855,1,0,D1,D1_CLICK
18856,1,0,D1,D1_CLICK
18857,1,0,D1,D1_CLICK
18858,1,0,D1,D1_CLICK
18859,1,0,D1,D1_CLICK
18860,1,0,D1,D1_CLICK
18861,1,0,D1,D1_CLICK
18862,1,0,D1,D1_CLICK
18863,1,0,D1,D1_CLICK
18864,1,0,D1,D1_CLICK
18865,1,0,D1,D1_CLICK
18866,1,0,D1,D1_CLICK
18867,1,0,D1,D1_CLICK
18868,1,0,D1,D1_CLICK
18869,1,0,D1,D1_CLICK
18870,1,0,D1,D1_CLICK
18871,1,0,D1,D1_CLICK
18872,1,0,D1,D1_CLICK
18873,1,0,D1,D1_CLICK
18874,1,0,D1,D1_CLICK
18875,1,0,D1,D1_CLICK
18876,1,0,D1,D1_CLICK
18877,1,0,D1,D1_CLICK
18878,1,0,D1,D1_CLICK
18879,1,0,D1,D1_CLICK
18880,1,0,D1,D1_CLICK
18881,1,0,D1,D1_CLICK
18882,1,0,D1,D1_CLICK
18883,1,0,D1,D1_CLICK
18884,1,0,D1,D1_CLICK
18885,1,0,D1,D1_CLICK
18886,1,0,D1,D1_CLICK
18887,1,0,D1,D1_CLICK
18888,0,0,NONE,NO_CLICK
18889,0,0,NONE,NO_CLICK
18890,0,0,NONE,NO_CLICK
18891,0,0,NONE,NO_CLICK
18892,0,0,NONE,NO_CLICK
18893,0,0,NONE,NO_CLICK
18894,0,0,NONE,NO_CLICK
18895,0,0,NONE,NO_CLICK
18896,0,0,NONE,NO_CLICK
18897,0,0,NONE,NO_CLICK
18898,0,0,NONE,NO_CLICK
18899,0,0,NONE,NO_CLICK
18900,0,0,NONE,NO_CLICK
18901,0,0,NONE,NO_CLICK
18902,0,0,NONE,NO_CLICK
18903,0,0,NONE,NO_CLICK
18904,0,0,NONE,NO_CLICK
18905,0,0,NONE,NO_CLICK
18906,0,0,NONE,NO_CLICK
18907,0,0,NONE,NO_CLICK
18908,0,0,NONE,NO_CLICK
18909,0,0,NONE,NO_CLICK
18910,0,0,NONE,NO_CLICK
18911,0,0,NONE,NO_CLICK
18912,0,0,NONE,NO_CLICK
18913,0,0,NONE,NO_CLICK
18914,0,0,NONE,NO_CLICK
18915,0,0,NONE,NO_CLICK
18916,0,0,NONE,NO_CLICK
18917,0,0,NONE,NO_CLICK
18918,0,0,NONE,NO_CLICK
18919,0,0,NONE,NO_CLICK
18920,0,0,NONE,NO_CLICK
18921,0,0,NONE,NO_CLICK
18922,0,0,NONE,NO_CLICK
18923,0,0,NONE,NO_CLICK
18924,0,0,NONE,NO_CLICK
18925,0,0,NONE,NO_CLICK
18926,0,0,NONE,NO_CLICK
18927,0,0,NONE,NO_CLICK
18928,0,0,NONE,NO_CLICK
18929,0,0,NONE,NO_CLICK
18930,0,0,NONE,NO_CLICK
18931,0,0,NONE,NO_CLICK
18932,0,0,NONE,NO_CLICK
18933,0,0,NONE,NO_CLICK
18934,0,0,NONE,NO_CLICK
18935,0,0,NONE,NO_CLICK
18936,0,0,NONE,NO_CLICK
18937,0,0,NONE,NO_CLICK
18938,0,0,NONE,NO_CLICK
18939,0,0,NONE,NO_CLICK
18940,0,0,NONE,NO_CLICK
18941,0,0,NONE,NO_CLICK
18942,0,0,NONE,NO_CLICK
18943,0,0,NONE,NO_CLICK
18944,0,0,NONE,NO_CLICK
18945,0,0,NONE,NO_CLICK
18946,0,0,NONE,NO_CLICK
18947,0,0,NONE,NO_CLICK
18948,0,0,NONE,NO_CLICK
18949,0,0,NONE,NO_CLICK
18950,0,0,NONE,NO_CLICK
18951,0,0,NONE,NO_CLICK
18952,0,0,NONE,NO_CLICK
18953,0,0,NONE,NO_CLICK
18954,0,0,NONE,NO_CLICK
18955,0,0,NONE,NO_CLICK
18956,0,0,NONE,NO_CLICK
18957,0,0,NONE,NO_CLICK
18958,0,0,NONE,NO_CLICK
18959,0,0,NONE,NO_CLICK
18960,0,0,NONE,NO_CLICK
18961,0,0,NONE,NO_CLICK
18962,0,0,NONE,NO_CLICK
18963,0,0,NONE,NO_CLICK
18964,0,0,NONE,NO_CLICK
18965,0,0,NONE,NO_CLICK
18966,0,0,NONE,NO_CLICK
18967,0,0,NONE,NO_CLICK
18968,0,0,NONE,NO_CLICK
18969,0,0,NONE,NO_CLICK
18970,0,0,NONE,NO_CLICK
18971,0,0,NONE,NO_CLICK
18972,0,0,NONE,NO_CLICK
18973,0,0,NONE,NO_CLICK
18974,0,0,NONE,NO_CLICK
18975,0,0,NONE,NO_CLICK
18976,0,0,NONE,NO_CLICK
18977,0,0,NONE,NO_CLICK
18978,0,0,NONE,NO_CLICK
18979,0,0,NONE,NO_CLICK
18980,0,0,NONE,NO_CLICK
18981,0,0,NONE,NO_CLICK
18982,0,0,NONE,NO_CLICK
18983,0,0,NONE,NO_CLICK
18984,0,0,NONE,NO_CLICK
18985,0,0,NONE,NO_CLICK
18986,0,0,NONE,NO_CLICK
18987,0,0,NONE,NO_CLICK
18988,0,0,NONE,NO_CLICK
18989,0,0,NONE,NO_CLICK
18990,0,0,NONE,NO_CLICK
18991,0,0,NONE,NO_CLICK
18992,0,0,NONE,NO_CLICK
18993,0,0,NONE,NO_CLICK
18994,0,0,NONE,NO_CLICK
18995,0,0,NONE,NO_CLICK
18996,0,0,NONE,NO_CLICK
18997,0,0,NONE,NO_CLICK
18998,0,0,NONE,NO_CLICK
18999,0,0,NONE,NO_CLICK
19000,0,0,NONE,NO_CLICK
19001,0,0,NONE,NO_CLICK
19002,0,0,NONE,NO_CLICK
19003,0,0,NONE,NO_CLICK
19004,0,0,NONE,NO_CLICK
19005,0,0,NONE,NO_CLICK
19006,0,0,NONE,NO_CLICK
19007,0,0,NONE,NO_CLICK
19008,0,0,NONE,NO_CLICK
19009,0,0,NONE,NO_CLICK
19010,0,0,NONE,NO_CLICK
19011,0,0,NONE,NO_CLICK
19012,0,0,NONE,NO_CLICK
19013,0,0,NONE,NO_CLICK
19014,0,0,NONE,NO_CLICK
19015,0,0,NONE,NO_CLICK
19016,0,0,NONE,NO_CLICK
19017,0,0,NONE,NO_CLICK
19018,0,0,NONE,NO_CLICK
19019,0,0,NONE,NO_CLICK
19020,0,0,NONE,NO_CLICK
19021,0,0,NONE,NO_CLICK
19022,0,0,NONE,NO_CLICK
19023,0,0,NONE,NO_CLICK
19024,0,0,NONE,NO_CLICK
19025,0,0,NONE,NO_CLICK
19026,0,0,NONE,NO_CLICK
19027,0,0,NONE,NO_CLICK
19028,0,0,NONE,NO_CLICK
19029,0,0,NONE,NO_CLICK
19030,0,0,NONE,NO_CLICK
19031,0,0,NONE,NO_CLICK
19032,0,0,NONE,NO_CLICK
19033,0,0,NONE,NO_CLICK
19034,0,0,NONE,NO_CLICK
19035,0,0,NONE,NO_CLICK
19036,0,0,NONE,NO_CLICK
19037,0,0,NONE,NO_CLICK
19038,0,0,NONE,NO_CLICK
19039,0,0,NONE,NO_CLICK
19040,0,0,NONE,NO_CLICK
19041,0,0,NONE,NO_CLICK
19042,0,0,NONE,NO_CLICK
19043,0,0,NONE,NO_CLICK
19044,0,0,NONE,NO_CLICK
19045,0,0,NONE,NO_CLICK
19046,0,0,NONE,NO_CLICK
19047,0,0,NONE,NO_CLICK
19048,0,0,NONE,NO_CLICK
19049,0,0,NONE,NO_CLICK
19050,0,0,NONE,NO_CLICK
19051,0,0,NONE,NO_CLICK
19052,0,0,NONE,NO_CLICK
19053,0,0,NONE,NO_CLICK
19054,0,0,NONE,NO_CLICK
19055,0,0,NONE,NO_CLICK
19056,0,0,NONE,NO_CLICK
19057,0,0,NONE,NO_CLICK
19058,0,0,NONE,NO_CLICK
19059,0,0,NONE,NO_CLICK
19060,0,0,NONE,NO_CLICK
19061,0,0,NONE,NO_CLICK
19062,0,0,NONE,NO_CLICK
19063,0,0,NONE,NO_CLICK
19064,0,0,NONE,NO_CLICK
19065,0,0,NONE,NO_CLICK
19066,0,0,NONE,NO_CLICK
19067,0,0,NONE,NO_CLICK
19068,0,0,NONE,NO_CLICK
19069,0,0,NONE,NO_CLICK
19070,0,0,NONE,NO_CLICK
19071,0,0,NONE,NO_CLICK
19072,0,0,NONE,NO_CLICK
19073,0,0,NONE,NO_CLICK
19074,0,0,NONE,NO_CLICK
19075,0,0,NONE,NO_CLICK
19076,0,0,NONE,NO_CLICK
19077,0,0,NONE,NO_CLICK
19078,0,0,NONE,NO_CLICK
19079,0,0,NONE,NO_CLICK
19080,0,0,NONE,NO_CLICK
19081,0,0,NONE,NO_CLICK
19082,0,0,NONE,NO_CLICK
19083,0,0,NONE,NO_CLICK
19084,0,0,NONE,NO_CLICK
19085,0,0,NONE,NO_CLICK
19086,0,0,NONE,NO_CLICK
19087,0,0,NONE,NO_CLICK
19088,0,0,NONE,NO_CLICK
19089,0,0,NONE,NO_CLICK
19090,0,0,NONE,NO_CLICK
19091,0,0,NONE,NO_CLICK
19092,0,0,NONE,NO_CLICK
19093,0,0,NONE,NO_CLICK
19094,0,0,NONE,NO_CLICK
19095,0,0,NONE,NO_CLICK
19096,0,0,NONE,NO_CLICK
19097,0,0,NONE,NO_CLICK
19098,0,0,NONE,NO_CLICK
19099,0,0,NONE,NO_CLICK
19100,0,0,NONE,NO_CLICK
19101,0,0,NONE,NO_CLICK
19102,0,0,NONE,NO_CLICK
19103,0,0,NONE,NO_CLICK
19104,0,0,NONE,NO_CLICK
19105,0,0,NONE,NO_CLICK
19106,0,0,NONE,NO_CLICK
19107,0,0,NONE,NO_CLICK
19108,0,0,NONE,NO_CLICK
19109,0,0,NONE,NO_CLICK
19110,0,0,NONE,NO_CLICK
19111,0,0,NONE,NO_CLICK
19112,0,0,NONE,NO_CLICK
19113,0,0,NONE,NO_CLICK
19114,0,0,NONE,NO_CLICK
19115,0,0,NONE,NO_CLICK
19116,0,0,NONE,NO_CLICK
19117,0,0,NONE,NO_CLICK
19118,0,0,NONE,NO_CLICK
19119,0,0,NONE,NO_CLICK
19120,0,0,NONE,NO_CLICK
19121,0,0,NONE,NO_CLICK
19122,0,0,NONE,NO_CLICK
19123,0,0,NONE,NO_CLICK
19124,0,0,NONE,NO_CLICK
19125,0,0,NONE,NO_CLICK
19126,0,0,NONE,NO_CLICK
19127,0,0,NONE,NO_CLICK
19128,0,0,NONE,NO_CLICK
19129,0,0,NONE,NO_CLICK
19130,0,0,NONE,NO_CLICK
19131,0,0,NONE,NO_CLICK
19132,0,0,NONE,NO_CLICK
19133,0,0,NONE,NO_CLICK
19134,0,0,NONE,NO_CLICK
19135,0,0,NONE,NO_CLICK
19136,0,0,NONE,NO_CLICK
19137,0,0,NONE,NO_CLICK
19138,0,0,NONE,NO_CLICK
19139,0,0,NONE,NO_CLICK
19140,0,0,NONE,NO_CLICK
19141,0,0,NONE,NO_CLICK
19142,0,0,NONE,NO_CLICK
19143,0,0,NONE,NO_CLICK
19144,0,0,NONE,NO_CLICK
19145,0,0,NONE,NO_CLICK
19146,0,0,NONE,NO_CLICK
19147,0,0,NONE,NO_CLICK
19148,0,0,NONE,NO_CLICK
19149,0,0,NONE,NO_CLICK
19150,0,0,NONE,NO_CLICK
19151,0,0,NONE,NO_CLICK
19152,0,0,NONE,NO_CLICK
19153,0,0,NONE,NO_CLICK
19154,0,0,NONE,NO_CLICK
19155,0,0,NONE,NO_CLICK
19156,0,0,NONE,NO_CLICK
19157,0,0,NONE,NO_CLICK
19158,0,0,NONE,NO_CLICK
19159,0,0,NONE,NO_CLICK
19160,0,0,NONE,NO_CLICK
19161,0,0,NONE,NO_CLICK
19162,0,0,NONE,NO_CLICK
19163,0,0,NONE,NO_CLICK
19164,0,0,NONE,NO_CLICK
19165,0,0,NONE,NO_CLICK
19166,0,0,NONE,NO_CLICK
19167,0,0,NONE,NO_CLICK
19168,0,0,NONE,NO_CLICK
19169,0,0,NONE,NO_CLICK
19170,0,0,NONE,NO_CLICK
19171,0,0,NONE,NO_CLICK
19172,0,0,NONE,NO_CLICK
19173,0,0,NONE,NO_CLICK
19174,0,0,NONE,NO_CLICK
19175,0,0,NONE,NO_CLICK
19176,0,0,NONE,NO_CLICK
19177,0,0,NONE,NO_CLICK
19178,0,0,NONE,NO_CLICK
19179,0,0,NONE,NO_CLICK
19180,0,0,NONE,NO_CLICK
19181,0,0,NONE,NO_CLICK
19182,0,0,NONE,NO_CLICK
19183,0,0,NONE,NO_CLICK
19184,0,0,NONE,NO_CLICK
19185,0,0,NONE,NO_CLICK
19186,0,0,NONE,NO_CLICK
19187,0,0,NONE,NO_CLICK
19188,0,0,NONE,NO_CLICK
19189,0,0,NONE,NO_CLICK
19190,0,0,NONE,NO_CLICK
19191,0,0,NONE,NO_CLICK
19192,0,0,NONE,NO_CLICK
19193,0,0,NONE,NO_CLICK
19194,0,0,NONE,NO_CLICK
19195,0,0,NONE,NO_CLICK
19196,0,0,NONE,NO_CLICK
19197,0,0,NONE,NO_CLICK
19198,0,0,NONE,NO_CLICK
19199,0,0,NONE,NO_CLICK
19200,0,0,NONE,NO_CLICK
19201,0,0,NONE,NO_CLICK
19202,0,0,NONE,NO_CLICK
19203,0,0,NONE,NO_CLICK
19204,0,0,NONE,NO_CLICK
19205,0,0,NONE,NO_CLICK
19206,0,0,NONE,NO_CLICK
19207,0,0,NONE,NO_CLICK
19208,0,0,NONE,NO_CLICK
19209,0,0,NONE,NO_CLICK
19210,0,0,NONE,NO_CLICK
19211,0,0,NONE,NO_CLICK
19212,0,0,NONE,NO_CLICK
19213,0,0,NONE,NO_CLICK
19214,0,0,NONE,NO_CLICK
19215,0,0,NONE,NO_CLICK
19216,0,0,NONE,NO_CLICK
19217,0,0,NONE,NO_CLICK
19218,0,0,NONE,NO_CLICK
19219,0,0,NONE,NO_CLICK
19220,0,0,NONE,NO_CLICK
19221,0,0,NONE,NO_CLICK
19222,0,0,NONE,NO_CLICK
19223,0,0,NONE,NO_CLICK
19224,0,0,NONE,NO_CLICK
19225,0,0,NONE,NO_CLICK
19226,0,0,NONE,NO_CLICK
19227,0,0,NONE,NO_CLICK
19228,0,0,NONE,NO_CLICK
19229,0,0,NONE,NO_CLICK
19230,0,0,NONE,NO_CLICK
19231,0,0,NONE,NO_CLICK
19232,0,0,NONE,NO_CLICK
19233,0,0,NONE,NO_CLICK
19234,1,0,D1,D1_CLICK
19235,1,0,D1,D1_CLICK
19236,1,0,D1,D1_CLICK
19237,1,0,D1,D1_CLICK
19238,1,0,D1,D1_CLICK
19239,1,0,D1,D1_CLICK
19240,1,0,D1,D1_CLICK
19241,1,0,D1,D1_CLICK
19242,1,0,D1,D1_CLICK
19243,1,0,D1,D1_CLICK
19244,1,0,D1,D1_CLICK
19245,1,0,D1,D1_CLICK
19246,1,0,D1,D1_CLICK
19247,1,0,D1,D1_CLICK
19248,1,0,D1,D1_CLICK
19249,1,0,D1,D1_CLICK
19250,1,0,D1,D1_CLICK
19251,1,0,D1,D1_CLICK
19252,1,0,D1,D1_CLICK
19253,1,0,D1,D1_CLICK
19254,1,0,D1,D1_CLICK
19255,1,0,D1,D1_CLICK
19256,1,0,D1,D1_CLICK
19257,1,0,D1,D1_CLICK
19258,1,0,D1,D1_CLICK
19259,1,0,D1,D1_CLICK
19260,1,0,D1,D1_CLICK
19261,1,0,D1,D1_CLICK
19262,1,0,D1,D1_CLICK
19263,1,0,D1,D1_CLICK
19264,1,0,D1,D1_CLICK
19265,1,0,D1,D1_CLICK
19266,1,1,BOTH,DOUBLE_CLICK
19267,1,1,BOTH,DOUBLE_CLICK
19268,1,1,BOTH,DOUBLE_CLICK
19269,1,1,BOTH,DOUBLE_CLICK
19270,1,1,BOTH,DOUBLE_CLICK
19271,1,1,BOTH,DOUBLE_CLICK
19272,0,1,D2,D2_CLICK
19273,0,1,D2,D2_CLICK
19274,0,1,D2,D2_CLICK
19275,0,1,D2,D2_CLICK
19276,0,1,D2,D2_CLICK
19277,0,1,D2,D2_CLICK
19278,0,1,D2,D2_CLICK
19279,0,1,D2,D2_CLICK
19280,0,1,D2,D2_CLICK
19281,0,1,D2,D2_CLICK
19282,0,1,D2,D2_CLICK
19283,0,1,D2,D2_CLICK
19284,0,1,D2,D2_CLICK
19285,0,1,D2,D2_CLICK
19286,0,1,D2,D2_CLICK
19287,0,1,D2,D2_CLICK
19288,0,1,D2,D2_CLICK
19289,0,1,D2,D2_CLICK
19290,0,1,D2,D2_CLICK
19291,0,1,D2,D2_CLICK
19292,0,1,D2,D2_CLICK
19293,0,1,D2,D2_CLICK
19294,0,1,D2,D2_CLICK
19295,0,1,D2,D2_CLICK
19296,0,1,D2,D2_CLICK
19297,0,1,D2,D2_CLICK
19298,0,1,D2,D2_CLICK
19299,0,1,D2,D2_CLICK
19300,0,1,D2,D2_CLICK
19301,0,1,D2,D2_CLICK
19302,0,1,D2,D2_CLICK
19303,0,1,D2,D2_CLICK
19304,0,0,NONE,NO_CLICK
19305,0,0,NONE,NO_CLICK
19306,0,0,NONE,NO_CLICK
19307,0,0,NONE,NO_CLICK
19308,0,0,NONE,NO_CLICK
19309,0,0,NONE,NO_CLICK
19310,0,0,NONE,NO_CLICK
19311,0,0,NONE,NO_CLICK
19312,0,0,NONE,NO_CLICK
19313,0,0,NONE,NO_CLICK
19314,0,0,NONE,NO_CLICK
19315,0,0,NONE,NO_CLICK
19316,0,0,NONE,NO_CLICK
19317,0,0,NONE,NO_CLICK
19318,0,0,NONE,NO_CLICK
19319,0,0,NONE,NO_CLICK
19320,0,0,NONE,NO_CLICK
19321,0,0,NONE,NO_CLICK
19322,0,0,NONE,NO_CLICK
19323,0,0,NONE,NO_CLICK
19324,0,0,NONE,NO_CLICK
19325,0,0,NONE,NO_CLICK
19326,0,0,NONE,NO_CLICK
19327,0,0,NONE,NO_CLICK
19328,0,0,NONE,NO_CLICK
19329,0,0,NONE,NO_CLICK
19330,0,0,NONE,NO_CLICK
19331,0,0,NONE,NO_CLICK
19332,0,0,NONE,NO_CLICK
19333,0,0,NONE,NO_CLICK
19334,0,0,NONE,NO_CLICK
19335,0,0,NONE,NO_CLICK
19336,0,0,NONE,NO_CLICK
19337,0,0,NONE,NO_CLICK
19338,0,0,NONE,NO_CLICK
19339,0,0,NONE,NO_CLICK
19340,0,0,NONE,NO_CLICK
19341,0,0,NONE,NO_CLICK
19342,0,0,NONE,NO_CLICK
19343,0,0,NONE,NO_CLICK
19344,0,0,NONE,NO_CLICK
19345,0,0,NONE,NO_CLICK
19346,0,0,NONE,NO_CLICK
19347,0,0,NONE,NO_CLICK
19348,0,0,NONE,NO_CLICK
19349,0,0,NONE,NO_CLICK
19350,0,0,NONE,NO_CLICK
19351,0,0,NONE,NO_CLICK
19352,0,0,NONE,NO_CLICK
19353,0,0,NONE,NO_CLICK
19354,0,0,NONE,NO_CLICK
19355,0,0,NONE,NO_CLICK
19356,0,0,NONE,NO_CLICK
19357,0,0,NONE,NO_CLICK
19358,0,0,NONE,NO_CLICK
19359,0,0,NONE,NO_CLICK
19360,0,0,NONE,NO_CLICK
19361,0,0,NONE,NO_CLICK
19362,0,0,NONE,NO_CLICK
19363,0,0,NONE,NO_CLICK
19364,0,0,NONE,NO_CLICK
19365,0,0,NONE,NO_CLICK
19366,0,0,NONE,NO_CLICK
19367,0,0,NONE,NO_CLICK
19368,0,0,NONE,NO_CLICK
19369,0,0,NONE,NO_CLICK
19370,0,0,NONE,NO_CLICK
19371,0,0,NONE,NO_CLICK
19372,0,0,NONE,NO_CLICK
19373,0,0,NONE,NO_CLICK
19374,0,0,NONE,NO_CLICK
19375,0,0,NONE,NO_CLICK
19376,0,0,NONE,NO_CLICK
19377,0,0,NONE,NO_CLICK
19378,0,0,NONE,NO_CLICK
19379,0,0,NONE,NO_CLICK
19380,0,0,NONE,NO_CLICK
19381,0,0,NONE,NO_CLICK
19382,0,0,NONE,NO_CLICK
19383,0,0,NONE,NO_CLICK
19384,0,0,NONE,NO_CLICK
19385,0,0,NONE,NO_CLICK
19386,0,0,NONE,NO_CLICK
19387,0,0,NONE,NO_CLICK
19388,0,0,NONE,NO_CLICK
19389,0,0,NONE,NO_CLICK
19390,0,0,NONE,NO_CLICK
19391,0,0,NONE,NO_CLICK
19392,0,0,NONE,NO_CLICK
19393,0,0,NONE,NO_CLICK
19394,0,0,NONE,NO_CLICK
19395,0,0,NONE,NO_CLICK
19396,0,0,NONE,NO_CLICK
19397,0,0,NONE,NO_CLICK
19398,0,0,NONE,NO_CLICK
19399,0,0,NONE,NO_CLICK
19400,0,0,NONE,NO_CLICK
19401,0,0,NONE,NO_CLICK
19402,0,0,NONE,NO_CLICK
19403,0,0,NONE,NO_CLICK
19404,0,0,NONE,NO_CLICK
19405,0,0,NONE,NO_CLICK
19406,0,0,NONE,NO_CLICK
19407,0,0,NONE,NO_CLICK
19408,0,0,NONE,NO_CLICK
19409,0,0,NONE,NO_CLICK
19410,0,0,NONE,NO_CLICK
19411,0,0,NONE,NO_CLICK
19412,0,0,NONE,NO_CLICK
19413,0,0,NONE,NO_CLICK
19414,0,0,NONE,NO_CLICK
19415,0,0,NONE,NO_CLICK
19416,0,0,NONE,NO_CLICK
19417,0,0,NONE,NO_CLICK
19418,0,0,NONE,NO_CLICK
19419,0,0,NONE,NO_CLICK
19420,0,0,NONE,NO_CLICK
19421,0,0,NONE,NO_CLICK
19422,0,0,NONE,NO_CLICK
19423,0,0,NONE,NO_CLICK
19424,0,0,NONE,NO_CLICK
19425,0,0,NONE,NO_CLICK
19426,0,0,NONE,NO_CLICK
19427,0,0,NONE,NO_CLICK
19428,0,0,NONE,NO_CLICK
19429,0,0,NONE,NO_CLICK
19430,0,0,NONE,NO_CLICK
19431,0,0,NONE,NO_CLICK
19432,0,0,NONE,NO_CLICK
19433,0,0,NONE,NO_CLICK
19434,0,0,NONE,NO_CLICK
19435,0,0,NONE,NO_CLICK
19436,0,0,NONE,NO_CLICK
19437,0,0,NONE,NO_CLICK
19438,0,0,NONE,NO_CLICK
19439,0,0,NONE,NO_CLICK
19440,0,0,NONE,NO_CLICK
19441,0,0,NONE,NO_CLICK
19442,0,0,NONE,NO_CLICK
19443,0,0,NONE,NO_CLICK
19444,0,0,NONE,NO_CLICK
19445,0,0,NONE,NO_CLICK
19446,0,0,NONE,NO_CLICK
19447,0,0,NONE,NO_CLICK
19448,0,0,NONE,NO_CLICK
19449,0,0,NONE,NO_CLICK
19450,0,0,NONE,NO_CLICK
19451,0,0,NONE,NO_CLICK
19452,0,0,NONE,NO_CLICK
19453,0,0,NONE,NO_CLICK
19454,0,0,NONE,NO_CLICK
19455,0,0,NONE,NO_CLICK
19456,0,0,NONE,NO_CLICK
19457,0,0,NONE,NO_CLICK
19458,0,0,NONE,NO_CLICK
19459,0,0,NONE,NO_CLICK
19460,0,0,NONE,NO_CLICK
19461,0,0,NONE,NO_CLICK
19462,0,0,NONE,NO_CLICK
19463,0,0,NONE,NO_CLICK
19464,0,0,NONE,NO_CLICK
19465,0,0,NONE,NO_CLICK
19466,0,0,NONE,NO_CLICK
19467,0,0,NONE,NO_CLICK
19468,0,0,NONE,NO_CLICK
19469,0,0,NONE,NO_CLICK
19470,0,0,NONE,NO_CLICK
19471,0,0,NONE,NO_CLICK
19472,0,0,NONE,NO_CLICK
19473,0,0,NONE,NO_CLICK
19474,0,0,NONE,NO_CLICK
19475,0,0,NONE,NO_CLICK
19476,0,0,NONE,NO_CLICK
19477,0,0,NONE,NO_CLICK
19478,0,0,NONE,NO_CLICK
19479,0,0,NONE,NO_CLICK
19480,0,0,NONE,NO_CLICK
19481,0,0,NONE,NO_CLICK
19482,0,0,NONE,NO_CLICK
19483,0,0,NONE,NO_CLICK
19484,0,0,NONE,NO_CLICK
19485,0,0,NONE,NO_CLICK
19486,0,0,NONE,NO_CLICK
19487,0,0,NONE,NO_CLICK
19488,0,0,NONE,NO_CLICK
19489,0,0,NONE,NO_CLICK
19490,0,0,NONE,NO_CLICK
19491,0,0,NONE,NO_CLICK
19492,0,0,NONE,NO_CLICK
19493,0,0,NONE,NO_CLICK
19494,0,0,NONE,NO_CLICK
19495,0,0,NONE,NO_CLICK
19496,0,0,NONE,NO_CLICK
19497,0,0,NONE,NO_CLICK
19498,0,0,NONE,NO_CLICK
19499,0,0,NONE,NO_CLICK
19500,0,0,NONE,NO_CLICK
19501,0,0,NONE,NO_CLICK
19502,0,0,NONE,NO_CLICK
19503,0,0,NONE,NO_CLICK
19504,0,0,NONE,NO_CLICK
19505,0,0,NONE,NO_CLICK
19506,0,0,NONE,NO_CLICK
19507,0,0,NONE,NO_CLICK
19508,0,0,NONE,NO_CLICK
19509,0,0,NONE,NO_CLICK
19510,0,0,NONE,NO_CLICK
19511,0,0,NONE,NO_CLICK
19512,0,0,NONE,NO_CLICK
19513,0,0,NONE,NO_CLICK
19514,0,0,NONE,NO_CLICK
19515,0,0,NONE,NO_CLICK
19516,0,0,NONE,NO_CLICK
19517,0,0,NONE,NO_CLICK
19518,0,0,NONE,NO_CLICK
19519,0,0,NONE,NO_CLICK
19520,0,0,NONE,NO_CLICK
19521,0,0,NONE,NO_CLICK
19522,0,0,NONE,NO_CLICK
19523,0,0,NONE,NO_CLICK
19524,0,0,NONE,NO_CLICK
19525,0,0,NONE,NO_CLICK
19526,0,0,NONE,NO_CLICK
19527,0,0,NONE,NO_CLICK
19528,0,0,NONE,NO_CLICK
19529,0,0,NONE,NO_CLICK
19530,0,0,NONE,NO_CLICK
19531,0,0,NONE,NO_CLICK
19532,0,0,NONE,NO_CLICK
19533,0,0,NONE,NO_CLICK
19534,0,0,NONE,NO_CLICK
19535,0,0,NONE,NO_CLICK
19536,0,0,NONE,NO_CLICK
19537,0,0,NONE,NO_CLICK
19538,0,0,NONE,NO_CLICK
19539,0,0,NONE,NO_CLICK
19540,0,0,NONE,NO_CLICK
19541,0,0,NONE,NO_CLICK
19542,0,0,NONE,NO_CLICK
19543,0,0,NONE,NO_CLICK
19544,0,0,NONE,NO_CLICK
19545,0,0,NONE,NO_CLICK
19546,0,0,NONE,NO_CLICK
19547,0,0,NONE,NO_CLICK
19548,0,0,NONE,NO_CLICK
19549,0,0,NONE,NO_CLICK
19550,0,0,NONE,NO_CLICK
19551,0,0,NONE,NO_CLICK
19552,0,0,NONE,NO_CLICK
19553,0,0,NONE,NO_CLICK
19554,0,0,NONE,NO_CLICK
19555,0,0,NONE,NO_CLICK
19556,0,0,NONE,NO_CLICK
19557,0,0,NONE,NO_CLICK
19558,0,0,NONE,NO_CLICK
19559,0,0,NONE,NO_CLICK
19560,0,0,NONE,NO_CLICK
19561,0,0,NONE,NO_CLICK
19562,0,0,NONE,NO_CLICK
19563,0,0,NONE,NO_CLICK
19564,0,0,NONE,NO_CLICK
19565,0,0,NONE,NO_CLICK
19566,0,0,NONE,NO_CLICK
19567,0,0,NONE,NO_CLICK
19568,0,0,NONE,NO_CLICK
19569,0,0,NONE,NO_CLICK
19570,0,0,NONE,NO_CLICK
19571,0,0,NONE,NO_CLICK
19572,0,0,NONE,NO_CLICK
19573,0,0,NONE,NO_CLICK
19574,0,0,NONE,NO_CLICK
19575,0,0,NONE,NO_CLICK
19576,0,0,NONE,NO_CLICK
19577,0,0,NONE,NO_CLICK
19578,0,0,NONE,NO_CLICK
19579,0,0,NONE,NO_CLICK
19580,0,0,NONE,NO_CLICK
19581,0,0,NONE,NO_CLICK
19582,0,0,NONE,NO_CLICK
19583,0,0,NONE,NO_CLICK
19584,0,0,NONE,NO_CLICK
19585,0,0,NONE,NO_CLICK
19586,0,0,NONE,NO_CLICK
19587,0,0,NONE,NO_CLICK
19588,0,0,NONE,NO_CLICK
19589,0,0,NONE,NO_CLICK
19590,0,0,NONE,NO_CLICK
19591,0,0,NONE,NO_CLICK
19592,0,0,NONE,NO_CLICK
19593,0,0,NONE,NO_CLICK
19594,0,0,NONE,NO_CLICK
19595,0,0,NONE,NO_CLICK
19596,0,0,NONE,NO_CLICK
19597,0,0,NONE,NO_CLICK
19598,0,0,NONE,NO_CLICK
19599,0,0,NONE,NO_CLICK
19600,0,0,NONE,NO_CLICK
19601,0,0,NONE,NO_CLICK
19602,0,0,NONE,NO_CLICK
19603,0,0,NONE,NO_CLICK
19604,0,0,NONE,NO_CLICK
19605,0,0,NONE,NO_CLICK
19606,0,0,NONE,NO_CLICK
19607,0,0,NONE,NO_CLICK
19608,0,0,NONE,NO_CLICK
19609,0,0,NONE,NO_CLICK
19610,0,0,NONE,NO_CLICK
19611,0,0,NONE,NO_CLICK
19612,0,0,NONE,NO_CLICK
19613,0,0,NONE,NO_CLICK
19614,0,0,NONE,NO_CLICK
19615,0,0,NONE,NO_CLICK
19616,0,0,NONE,NO_CLICK
19617,0,0,NONE,NO_CLICK
19618,0,1,D2,D2_CLICK
19619,0,1,D2,D2_CLICK
19620,0,1,D2,D2_CLICK
19621,0,1,D2,D2_CLICK
19622,0,1,D2,D2_CLICK
19623,0,1,D2,D2_CLICK
19624,0,1,D2,D2_CLICK
19625,0,1,D2,D2_CLICK
19626,0,1,D2,D2_CLICK
19627,0,1,D2,D2_CLICK
19628,0,1,D2,D2_CLICK
19629,0,1,D2,D2_CLICK
19630,0,1,D2,D2_CLICK
19631,0,1,D2,D2_CLICK
19632,0,1,D2,D2_CLICK
19633,0,1,D2,D2_CLICK
19634,0,1,D2,D2_CLICK
19635,0,1,D2,D2_CLICK
19636,0,1,D2,D2_CLICK
19637,0,1,D2,D2_CLICK
19638,0,1,D2,D2_CLICK
19639,0,1,D2,D2_CLICK
19640,0,1,D2,D2_CLICK
19641,0,1,D2,D2_CLICK
19642,0,1,D2,D2_CLICK
19643,0,1,D2,D2_CLICK
19644,0,1,D2,D2_CLICK
19645,0,1,D2,D2_CLICK
19646,0,1,D2,D2_CLICK
19647,0,1,D2,D2_CLICK
19648,0,1,D2,D2_CLICK
19649,0,1,D2,D2_CLICK
19650,1,1,BOTH,DOUBLE_CLICK
19651,1,1,BOTH,DOUBLE_CLICK
19652,1,1,BOTH,DOUBLE_CLICK
19653,1,1,BOTH,DOUBLE_CLICK
19654,1,1,BOTH,DOUBLE_CLICK
19655,1,1,BOTH,DOUBLE_CLICK
19656,1,0,D1,D1_CLICK
19657,1,0,D1,D1_CLICK
19658,1,0,D1,D1_CLICK
19659,1,0,D1,D1_CLICK
19660,1,0,D1,D1_CLICK
19661,1,0,D1,D1_CLICK
19662,1,0,D1,D1_CLICK
19663,1,0,D1,D1_CLICK
19664,1,0,D1,D1_CLICK
19665,1,0,D1,D1_CLICK
19666,1,0,D1,D1_CLICK
19667,1,0,D1,D1_CLICK
19668,1,0,D1,D1_CLICK
19669,1,0,D1,D1_CLICK
19670,1,0,D1,D1_CLICK
19671,1,0,D1,D1_CLICK
19672,1,0,D1,D1_CLICK
19673,1,0,D1,D1_CLICK
19674,1,0,D1,D1_CLICK
19675,1,0,D1,D1_CLICK
19676,1,0,D1,D1_CLICK
19677,1,0,D1,D1_CLICK
19678,1,0,D1,D1_CLICK
19679,1,0,D1,D1_CLICK
19680,1,0,D1,D1_CLICK
19681,1,0,D1,D1_CLICK
19682,1,0,D1,D1_CLICK
19683,1,0,D1,D1_CLICK
19684,1,0,D1,D1_CLICK
19685,1,0,D1,D1_CLICK
19686,1,0,D1,D1_CLICK
19687,1,0,D1,D1_CLICK
19688,0,0,NONE,NO_CLICK
19689,0,0,NONE,NO_CLICK
19690,0,0,NONE,NO_CLICK
19691,0,0,NONE,NO_CLICK
19692,0,0,NONE,NO_CLICK
19693,0,0,NONE,NO_CLICK
19694,0,0,NONE,NO_CLICK
19695,0,0,NONE,NO_CLICK
19696,0,0,NONE,NO_CLICK
19697,0,0,NONE,NO_CLICK
19698,0,0,NONE,NO_CLICK
19699,0,0,NONE,NO_CLICK
19700,0,0,NONE,NO_CLICK
19701,0,0,NONE,NO_CLICK
19702,0,0,NONE,NO_CLICK
19703,0,0,NONE,NO_CLICK
19704,0,0,NONE,NO_CLICK
19705,0,0,NONE,NO_CLICK
19706,0,0,NONE,NO_CLICK
19707,0,0,NONE,NO_CLICK
19708,0,0,NONE,NO_CLICK
19709,0,0,NONE,NO_CLICK
19710,0,0,NONE,NO_CLICK
19711,0,0,NONE,NO_CLICK
19712,0,0,NONE,NO_CLICK
19713,0,0,NONE,NO_CLICK
19714,0,0,NONE,NO_CLICK
19715,0,0,NONE,NO_CLICK
19716,0,0,NONE,NO_CLICK
19717,0,0,NONE,NO_CLICK
19718,0,0,NONE,NO_CLICK
19719,0,0,NONE,NO_CLICK
19720,0,0,NONE,NO_CLICK
19721,0,0,NONE,NO_CLICK
19722,0,0,NONE,NO_CLICK
19723,0,0,NONE,NO_CLICK
19724,0,0,NONE,NO_CLICK
19725,0,0,NONE,NO_CLICK
19726,0,0,NONE,NO_CLICK
19727,0,0,NONE,NO_CLICK
19728,0,0,NONE,NO_CLICK
19729,0,0,NONE,NO_CLICK
19730,0,0,NONE,NO_CLICK
19731,0,0,NONE,NO_CLICK
19732,0,0,NONE,NO_CLICK
19733,0,0,NONE,NO_CLICK
19734,0,0,NONE,NO_CLICK
19735,0,0,NONE,NO_CLICK
19736,0,0,NONE,NO_CLICK
19737,0,0,NONE,NO_CLICK
19738,0,0,NONE,NO_CLICK
19739,0,0,NONE,NO_CLICK
19740,0,0,NONE,NO_CLICK
19741,0,0,NONE,NO_CLICK
19742,0,0,NONE,NO_CLICK
19743,0,0,NONE,NO_CLICK
19744,0,0,NONE,NO_CLICK
19745,0,0,NONE,NO_CLICK
19746,0,0,NONE,NO_CLICK
19747,0,0,NONE,NO_CLICK
19748,0,0,NONE,NO_CLICK
19749,0,0,NONE,NO_CLICK
19750,0,0,NONE,NO_CLICK
19751,0,0,NONE,NO_CLICK
19752,0,0,NONE,NO_CLICK
19753,0,0,NONE,NO_CLICK
19754,0,0,NONE,NO_CLICK
19755,0,0,NONE,NO_CLICK
19756,0,0,NONE,NO_CLICK
19757,0,0,NONE,NO_CLICK
19758,0,0,NONE,NO_CLICK
19759,0,0,NONE,NO_CLICK
19760,0,0,NONE,NO_CLICK
19761,0,0,NONE,NO_CLICK
19762,0,0,NONE,NO_CLICK
19763,0,0,NONE,NO_CLICK
19764,0,0,NONE,NO_CLICK
19765,0,0,NONE,NO_CLICK
19766,0,0,NONE,NO_CLICK
19767,0,0,NONE,NO_CLICK
19768,0,0,NONE,NO_CLICK
19769,0,0,NONE,NO_CLICK
19770,0,0,NONE,NO_CLICK
19771,0,0,NONE,NO_CLICK
19772,0,0,NONE,NO_CLICK
19773,0,0,NONE,NO_CLICK
19774,0,0,NONE,NO_CLICK
19775,0,0,NONE,NO_CLICK
19776,0,0,NONE,NO_CLICK
19777,0,0,NONE,NO_CLICK
19778,0,0,NONE,NO_CLICK
19779,0,0,NONE,NO_CLICK
19780,0,0,NONE,NO_CLICK
19781,0,0,NONE,NO_CLICK
19782,0,0,NONE,NO_CLICK
19783,0,0,NONE,NO_CLICK
19784,0,0,NONE,NO_CLICK
19785,0,0,NONE,NO_CLICK
19786,0,0,NONE,NO_CLICK
19787,0,0,NONE,NO_CLICK
19788,0,0,NONE,NO_CLICK
19789,0,0,NONE,NO_CLICK
19790,0,0,NONE,NO_CLICK
19791,0,0,NONE,NO_CLICK
19792,0,0,NONE,NO_CLICK
19793,0,0,NONE,NO_CLICK
19794,0,0,NONE,NO_CLICK
19795,0,0,NONE,NO_CLICK
19796,0,0,NONE,NO_CLICK
19797,0,0,NONE,NO_CLICK
19798,0,0,NONE,NO_CLICK
19799,0,0,NONE,NO_CLICK
19800,0,0,NONE,NO_CLICK
19801,0,0,NONE,NO_CLICK
19802,0,0,NONE,NO_CLICK
19803,0,0,NONE,NO_CLICK
19804,0,0,NONE,NO_CLICK
19805,0,0,NONE,NO_CLICK
19806,0,0,NONE,NO_CLICK
19807,0,0,NONE,NO_CLICK
19808,0,0,NONE,NO_CLICK
19809,0,0,NONE,NO_CLICK
19810,0,0,NONE,NO_CLICK
19811,0,0,NONE,NO_CLICK
19812,0,0,NONE,NO_CLICK
19813,0,0,NONE,NO_CLICK
19814,0,0,NONE,NO_CLICK
19815,0,0,NONE,NO_CLICK
19816,0,0,NONE,NO_CLICK
19817,0,0,NONE,NO_CLICK
19818,0,0,NONE,NO_CLICK
19819,0,0,NONE,NO_CLICK
19820,0,0,NONE,NO_CLICK
19821,0,0,NONE,NO_CLICK
19822,0,0,NONE,NO_CLICK
19823,0,0,NONE,NO_CLICK
19824,0,0,NONE,NO_CLICK
19825,0,0,NONE,NO_CLICK
19826,0,0,NONE,NO_CLICK
19827,0,0,NONE,NO_CLICK
19828,0,0,NONE,NO_CLICK
19829,0,0,NONE,NO_CLICK
19830,0,0,NONE,NO_CLICK
19831,0,0,NONE,NO_CLICK
19832,0,0,NONE,NO_CLICK
19833,0,0,NONE,NO_CLICK
19834,0,0,NONE,NO_CLICK
19835,0,0,NONE,NO_CLICK
19836,0,0,NONE,NO_CLICK
19837,0,0,NONE,NO_CLICK
19838,0,0,NONE,NO_CLICK
19839,0,0,NONE,NO_CLICK
19840,0,0,NONE,NO_CLICK
19841,0,0,NONE,NO_CLICK
19842,0,0,NONE,NO_CLICK
19843,0,0,NONE,NO_CLICK
19844,0,0,NONE,NO_CLICK
19845,0,0,NONE,NO_CLICK
19846,0,0,NONE,NO_CLICK
19847,0,0,NONE,NO_CLICK
19848,0,0,NONE,NO_CLICK
19849,0,0,NONE,NO_CLICK
19850,0,0,NONE,NO_CLICK
19851,0,0,NONE,NO_CLICK
19852,0,0,NONE,NO_CLICK
19853,0,0,NONE,NO_CLICK
19854,0,0,NONE,NO_CLICK
19855,0,0,NONE,NO_CLICK
19856,0,0,NONE,NO_CLICK
19857,0,0,NONE,NO_CLICK
19858,0,0,NONE,NO_CLICK
19859,0,0,NONE,NO_CLICK
19860,0,0,NONE,NO_CLICK
19861,0,0,NONE,NO_CLICK
19862,0,0,NONE,NO_CLICK
19863,0,0,NONE,NO_CLICK
19864,0,0,NONE,NO_CLICK
19865,0,0,NONE,NO_CLICK
19866,0,0,NONE,NO_CLICK
19867,0,0,NONE,NO_CLICK
19868,0,0,NONE,NO_CLICK
19869,0,0,NONE,NO_CLICK
19870,0,0,NONE,NO_CLICK
19871,0,0,NONE,NO_CLICK
19872,0,0,NONE,NO_CLICK
19873,0,0,NONE,NO_CLICK
19874,0,0,NONE,NO_CLICK
19875,0,0,NONE,NO_CLICK
19876,0,0,NONE,NO_CLICK
19877,0,0,NONE,NO_CLICK
19878,0,0,NONE,NO_CLICK
19879,0,0,NONE,NO_CLICK
19880,0,0,NONE,NO_CLICK
19881,0,0,NONE,NO_CLICK
19882,0,0,NONE,NO_CLICK
19883,0,0,NONE,NO_CLICK
19884,0,0,NONE,NO_CLICK
19885,0,0,NONE,NO_CLICK
19886,0,0,NONE,NO_CLICK
19887,0,0,NONE,NO_CLICK
19888,0,0,NONE,NO_CLICK
19889,0,0,NONE,NO_CLICK
19890,0,0,NONE,NO_CLICK
19891,0,0,NONE,NO_CLICK
19892,0,0,NONE,NO_CLICK
19893,0,0,NONE,NO_CLICK
19894,0,0,NONE,NO_CLICK
19895,0,0,NONE,NO_CLICK
19896,0,0,NONE,NO_CLICK
19897,0,0,NONE,NO_CLICK
19898,0,0,NONE,NO_CLICK
19899,0,0,NONE,NO_CLICK
19900,0,0,NONE,NO_CLICK
19901,0,0,NONE,NO_CLICK
19902,0,0,NONE,NO_CLICK
19903,0,0,NONE,NO_CLICK
19904,0,0,NONE,NO_CLICK
19905,0,0,NONE,NO_CLICK
19906,0,0,NONE,NO_CLICK
19907,0,0,NONE,NO_CLICK
19908,0,0,NONE,NO_CLICK
19909,0,0,NONE,NO_CLICK
19910,0,0,NONE,NO_CLICK
19911,0,0,NONE,NO_CLICK
19912,0,0,NONE,NO_CLICK
19913,0,0,NONE,NO_CLICK
19914,0,0,NONE,NO_CLICK
19915,0,0,NONE,NO_CLICK
19916,0,0,NONE,NO_CLICK
19917,0,0,NONE,NO_CLICK
19918,0,0,NONE,NO_CLICK
19919,0,0,NONE,NO_CLICK
19920,0,0,NONE,NO_CLICK
19921,0,0,NONE,NO_CLICK
19922,0,0,NONE,NO_CLICK
19923,0,0,NONE,NO_CLICK
19924,0,0,NONE,NO_CLICK
19925,0,0,NONE,NO_CLICK
19926,0,0,NONE,NO_CLICK
19927,0,0,NONE,NO_CLICK
19928,0,0,NONE,NO_CLICK
19929,0,0,NONE,NO_CLICK
19930,0,0,NONE,NO_CLICK
19931,0,0,NONE,NO_CLICK
19932,0,0,NONE,NO_CLICK
19933,0,0,NONE,NO_CLICK
19934,0,0,NONE,NO_CLICK
19935,0,0,NONE,NO_CLICK
19936,0,0,NONE,NO_CLICK
19937,0,0,NONE,NO_CLICK
19938,0,0,NONE,NO_CLICK
19939,0,0,NONE,NO_CLICK
19940,0,0,NONE,NO_CLICK
19941,0,0,NONE,NO_CLICK
19942,0,0,NONE,NO_CLICK
19943,0,0,NONE,NO_CLICK
19944,0,0,NONE,NO_CLICK
19945,0,0,NONE,NO_CLICK
19946,0,0,NONE,NO_CLICK
19947,0,0,NONE,NO_CLICK
19948,0,0,NONE,NO_CLICK
19949,0,0,NONE,NO_CLICK
19950,0,0,NONE,NO_CLICK
19951,0,0,NONE,NO_CLICK
19952,0,0,NONE,NO_CLICK
19953,0,0,NONE,NO_CLICK
19954,0,0,NONE,NO_CLICK
19955,0,0,NONE,NO_CLICK
19956,0,0,NONE,NO_CLICK
19957,0,0,NONE,NO_CLICK
19958,0,0,NONE,NO_CLICK
19959,0,0,NONE,NO_CLICK
19960,0,0,NONE,NO_CLICK
19961,0,0,NONE,NO_CLICK
19962,0,0,NONE,NO_CLICK
19963,0,0,NONE,NO_CLICK
19964,0,0,NONE,NO_CLICK
19965,0,0,NONE,NO_CLICK
19966,0,0,NONE,NO_CLICK
19967,0,0,NONE,NO_CLICK
19968,0,0,NONE,NO_CLICK
19969,0,0,NONE,NO_CLICK
19970,0,0,NONE,NO_CLICK
19971,0,0,NONE,NO_CLICK
19972,0,0,NONE,NO_CLICK
19973,0,0,NONE,NO_CLICK
19974,0,0,NONE,NO_CLICK
19975,0,0,NONE,NO_CLICK
19976,0,0,NONE,NO_CLICK
19977,0,0,NONE,NO_CLICK
19978,0,0,NONE,NO_CLICK
19979,0,0,NONE,NO_CLICK
19980,0,0,NONE,NO_CLICK
19981,0,0,NONE,NO_CLICK
19982,0,0,NONE,NO_CLICK
19983,0,0,NONE,NO_CLICK
19984,0,0,NONE,NO_CLICK
19985,0,0,NONE,NO_CLICK
19986,0,0,NONE,NO_CLICK
19987,0,0,NONE,NO_CLICK
19988,0,0,NONE,NO_CLICK
19989,0,0,NONE,NO_CLICK
19990,0,0,NONE,NO_CLICK
19991,0,0,NONE,NO_CLICK
19992,0,0,NONE,NO_CLICK
19993,0,0,NONE,NO_CLICK
19994,0,0,NONE,NO_CLICK
19995,0,0,NONE,NO_CLICK
19996,0,0,NONE,NO_CLICK
19997,0,0,NONE,NO_CLICK
19998,0,0,NONE,NO_CLICK
19999,0,0,NONE,NO_CLICK
20000,0,0,NONE,NO_CLICK
20001,0,0,NONE,NO_CLICK
20002,1,1,BOTH,DOUBLE_CLICK
20003,1,1,BOTH,DOUBLE_CLICK
20004,1,1,BOTH,DOUBLE_CLICK
20005,1,1,BOTH,DOUBLE_CLICK
20006,1,1,BOTH,DOUBLE_CLICK
20007,1,1,BOTH,DOUBLE_CLICK
20008,1,1,BOTH,DOUBLE_CLICK
20009,1,1,BOTH,DOUBLE_CLICK
20010,1,1,BOTH,DOUBLE_CLICK
20011,1,1,BOTH,DOUBLE_CLICK
20012,1,1,BOTH,DOUBLE_CLICK
20013,1,1,BOTH,DOUBLE_CLICK
20014,1,1,BOTH,DOUBLE_CLICK
20015,1,1,BOTH,DOUBLE_CLICK
20016,1,1,BOTH,DOUBLE_CLICK
20017,1,1,BOTH,DOUBLE_CLICK
20018,1,1,BOTH,DOUBLE_CLICK
20019,1,1,BOTH,DOUBLE_CLICK
20020,1,1,BOTH,DOUBLE_CLICK
20021,1,1,BOTH,DOUBLE_CLICK
20022,1,1,BOTH,DOUBLE_CLICK
20023,1,1,BOTH,DOUBLE_CLICK
20024,1,1,BOTH,DOUBLE_CLICK
20025,1,1,BOTH,DOUBLE_CLICK
20026,1,1,BOTH,DOUBLE_CLICK
20027,1,1,BOTH,DOUBLE_CLICK
20028,1,1,BOTH,DOUBLE_CLICK
20029,1,1,BOTH,DOUBLE_CLICK
20030,1,1,BOTH,DOUBLE_CLICK
20031,1,1,BOTH,DOUBLE_CLICK
20032,1,1,BOTH,DOUBLE_CLICK
20033,1,1,BOTH,DOUBLE_CLICK
20034,1,1,BOTH,DOUBLE_CLICK
20035,1,1,BOTH,DOUBLE_CLICK
20036,1,1,BOTH,DOUBLE_CLICK
20037,1,1,BOTH,DOUBLE_CLICK
20038,1,1,BOTH,DOUBLE_CLICK
20039,1,1,BOTH,DOUBLE_CLICK
20040,0,0,NONE,NO_CLICK
20041,0,0,NONE,NO_CLICK
20042,0,0,NONE,NO_CLICK
20043,0,0,NONE,NO_CLICK
20044,0,0,NONE,NO_CLICK
20045,0,0,NONE,NO_CLICK
20046,0,0,NONE,NO_CLICK
20047,0,0,NONE,NO_CLICK
20048,0,0,NONE,NO_CLICK
20049,0,0,NONE,NO_CLICK
20050,0,0,NONE,NO_CLICK
20051,0,0,NONE,NO_CLICK
20052,0,0,NONE,NO_CLICK
20053,0,0,NONE,NO_CLICK
20054,0,0,NONE,NO_CLICK
20055,0,0,NONE,NO_CLICK
20056,0,0,NONE,NO_CLICK
20057,0,0,NONE,NO_CLICK
20058,0,0,NONE,NO_CLICK
20059,0,0,NONE,NO_CLICK
20060,0,0,NONE,NO_CLICK
20061,0,0,NONE,NO_CLICK
20062,0,0,NONE,NO_CLICK
20063,0,0,NONE,NO_CLICK
20064,0,0,NONE,NO_CLICK
20065,0,0,NONE,NO_CLICK
20066,0,0,NONE,NO_CLICK
20067,0,0,NONE,NO_CLICK
20068,0,0,NONE,NO_CLICK
20069,0,0,NONE,NO_CLICK
20070,0,0,NONE,NO_CLICK
20071,0,0,NONE,NO_CLICK
20072,0,0,NONE,NO_CLICK
20073,0,0,NONE,NO_CLICK
20074,0,0,NONE,NO_CLICK
20075,0,0,NONE,NO_CLICK
20076,0,0,NONE,NO_CLICK
20077,0,0,NONE,NO_CLICK
20078,0,0,NONE,NO_CLICK
20079,0,0,NONE,NO_CLICK
20080,0,0,NONE,NO_CLICK
20081,0,0,NONE,NO_CLICK
20082,0,0,NONE,NO_CLICK
20083,0,0,NONE,NO_CLICK
20084,0,0,NONE,NO_CLICK
20085,0,0,NONE,NO_CLICK
20086,0,0,NONE,NO_CLICK
20087,0,0,NONE,NO_CLICK
20088,0,0,NONE,NO_CLICK
20089,0,0,NONE,NO_CLICK
20090,0,0,NONE,NO_CLICK
20091,0,0,NONE,NO_CLICK
20092,0,0,NONE,NO_CLICK
20093,0,0,NONE,NO_CLICK
20094,0,0,NONE,NO_CLICK
20095,0,0,NONE,NO_CLICK
20096,0,0,NONE,NO_CLICK
20097,0,0,NONE,NO_CLICK
20098,0,0,NONE,NO_CLICK
20099,0,0,NONE,NO_CLICK
20100,0,0,NONE,NO_CLICK
20101,0,0,NONE,NO_CLICK
20102,0,0,NONE,NO_CLICK
20103,0,0,NONE,NO_CLICK
20104,0,0,NONE,NO_CLICK
20105,0,0,NONE,NO_CLICK
20106,0,0,NONE,NO_CLICK
20107,0,0,NONE,NO_CLICK
20108,0,0,NONE,NO_CLICK
20109,0,0,NONE,NO_CLICK
20110,0,0,NONE,NO_CLICK
20111,0,0,NONE,NO_CLICK
20112,0,0,NONE,NO_CLICK
20113,0,0,NONE,NO_CLICK
20114,0,0,NONE,NO_CLICK
20115,0,0,NONE,NO_CLICK
20116,0,0,NONE,NO_CLICK
20117,0,0,NONE,NO_CLICK
20118,0,0,NONE,NO_CLICK
20119,0,0,NONE,NO_CLICK
20120,0,0,NONE,NO_CLICK
20121,0,0,NONE,NO_CLICK
20122,0,0,NONE,NO_CLICK
20123,0,0,NONE,NO_CLICK
20124,0,0,NONE,NO_CLICK
20125,0,0,NONE,NO_CLICK
20126,0,0,NONE,NO_CLICK
20127,0,0,NONE,NO_CLICK
20128,0,0,NONE,NO_CLICK
20129,0,0,NONE,NO_CLICK
20130,0,0,NONE,NO_CLICK
20131,0,0,NONE,NO_CLICK
20132,0,0,NONE,NO_CLICK
20133,0,0,NONE,NO_CLICK
20134,0,0,NONE,NO_CLICK
20135,0,0,NONE,NO_CLICK
20136,0,0,NONE,NO_CLICK
20137,0,0,NONE,NO_CLICK
20138,0,0,NONE,NO_CLICK
20139,0,0,NONE,NO_CLICK
20140,0,0,NONE,NO_CLICK
20141,0,0,NONE,NO_CLICK
20142,0,0,NONE,NO_CLICK
20143,0,0,NONE,NO_CLICK
20144,0,0,NONE,NO_CLICK
20145,0,0,NONE,NO_CLICK
20146,0,0,NONE,NO_CLICK
20147,0,0,NONE,NO_CLICK
20148,0,0,NONE,NO_CLICK
20149,0,0,NONE,NO_CLICK
20150,0,0,NONE,NO_CLICK
20151,0,0,NONE,NO_CLICK
20152,0,0,NONE,NO_CLICK
20153,0,0,NONE,NO_CLICK
20154,0,0,NONE,NO_CLICK
20155,0,0,NONE,NO_CLICK
20156,0,0,NONE,NO_CLICK
20157,0,0,NONE,NO_CLICK
20158,0,0,NONE,NO_CLICK
20159,0,0,NONE,NO_CLICK
20160,0,0,NONE,NO_CLICK
20161,0,0,NONE,NO_CLICK
20162,0,0,NONE,NO_CLICK
20163,0,0,NONE,NO_CLICK
20164,0,0,NONE,NO_CLICK
20165,0,0,NONE,NO_CLICK
20166,0,0,NONE,NO_CLICK
20167,0,0,NONE,NO_CLICK
20168,0,0,NONE,NO_CLICK
20169,0,0,NONE,NO_CLICK
20170,0,0,NONE,NO_CLICK
20171,0,0,NONE,NO_CLICK
20172,0,0,NONE,NO_CLICK
20173,0,0,NONE,NO_CLICK
20174,0,0,NONE,NO_CLICK
20175,0,0,NONE,NO_CLICK
20176,0,0,NONE,NO_CLICK
20177,0,0,NONE,NO_CLICK
20178,0,0,NONE,NO_CLICK
20179,0,0,NONE,NO_CLICK
20180,0,0,NONE,NO_CLICK
20181,0,0,NONE,NO_CLICK
20182,0,0,NONE,NO_CLICK
20183,0,0,NONE,NO_CLICK
20184,0,0,NONE,NO_CLICK
20185,0,0,NONE,NO_CLICK
20186,0,0,NONE,NO_CLICK
20187,0,0,NONE,NO_CLICK
20188,0,0,NONE,NO_CLICK
20189,0,0,NONE,NO_CLICK
20190,0,0,NONE,NO_CLICK
20191,0,0,NONE,NO_CLICK
20192,0,0,NONE,NO_CLICK
20193,0,0,NONE,NO_CLICK
20194,0,1,D2,D2_CLICK
20195,0,1,D2,D2_CLICK
20196,0,1,D2,D2_CLICK
20197,0,1,D2,D2_CLICK
20198,0,1,D2,D2_CLICK
20199,0,1,D2,D2_CLICK
20200,0,1,D2,D2_CLICK
20201,0,1,D2,D2_CLICK
20202,0,1,D2,D2_CLICK
20203,0,1,D2,D2_CLICK
20204,0,1,D2,D2_CLICK
20205,0,1,D2,D2_CLICK
20206,0,1,D2,D2_CLICK
20207,0,1,D2,D2_CLICK
20208,0,1,D2,D2_CLICK
20209,0,1,D2,D2_CLICK
20210,0,1,D2,D2_CLICK
20211,0,1,D2,D2_CLICK
20212,0,1,D2,D2_CLICK
20213,0,1,D2,D2_CLICK
20214,0,1,D2,D2_CLICK
20215,0,1,D2,D2_CLICK
20216,0,1,D2,D2_CLICK
20217,0,1,D2,D2_CLICK
20218,0,1,D2,D2_CLICK
20219,0,1,D2,D2_CLICK
20220,0,1,D2,D2_CLICK
20221,0,1,D2,D2_CLICK
20222,0,1,D2,D2_CLICK
20223,0,1,D2,D2_CLICK
20224,0,1,D2,D2_CLICK
20225,0,1,D2,D2_CLICK
20226,1,1,BOTH,DOUBLE_CLICK
20227,1,1,BOTH,DOUBLE_CLICK
20228,1,1,BOTH,DOUBLE_CLICK
20229,1,1,BOTH,DOUBLE_CLICK
20230,1,1,BOTH,DOUBLE_CLICK
20231,1,1,BOTH,DOUBLE_CLICK
20232,1,0,D1,D1_CLICK
20233,1,0,D1,D1_CLICK
20234,1,0,D1,D1_CLICK
20235,1,0,D1,D1_CLICK
20236,1,0,D1,D1_CLICK
20237,1,0,D1,D1_CLICK
20238,1,0,D1,D1_CLICK
20239,1,0,D1,D1_CLICK
20240,1,0,D1,D1_CLICK
20241,1,0,D1,D1_CLICK
20242,1,0,D1,D1_CLICK
20243,1,0,D1,D1_CLICK
20244,1,0,D1,D1_CLICK
20245,1,0,D1,D1_CLICK
20246,1,0,D1,D1_CLICK
20247,1,0,D1,D1_CLICK
20248,1,0,D1,D1_CLICK
20249,1,0,D1,D1_CLICK
20250,1,0,D1,D1_CLICK
20251,1,0,D1,D1_CLICK
20252,1,0,D1,D1_CLICK
20253,1,0,D1,D1_CLICK
20254,1,0,D1,D1_CLICK
20255,1,0,D1,D1_CLICK
20256,1,0,D1,D1_CLICK
20257,1,0,D1,D1_CLICK
20258,1,0,D1,D1_CLICK
20259,1,0,D1,D1_CLICK
20260,1,0,D1,D1_CLICK
20261,1,0,D1,D1_CLICK
20262,1,0,D1,D1_CLICK
20263,1,0,D1,D1_CLICK
20264,0,0,NONE,NO_CLICK
20265,0,0,NONE,NO_CLICK
20266,0,0,NONE,NO_CLICK
20267,0,0,NONE,NO_CLICK
20268,0,0,NONE,NO_CLICK
20269,0,0,NONE,NO_CLICK
20270,0,0,NONE,NO_CLICK
20271,0,0,NONE,NO_CLICK
20272,0,0,NONE,NO_CLICK
20273,0,0,NONE,NO_CLICK
20274,0,0,NONE,NO_CLICK
20275,0,0,NONE,NO_CLICK
20276,0,0,NONE,NO_CLICK
20277,0,0,NONE,NO_CLICK
20278,0,0,NONE,NO_CLICK
20279,0,0,NONE,NO_CLICK
20280,0,0,NONE,NO_CLICK
20281,0,0,NONE,NO_CLICK
20282,0,0,NONE,NO_CLICK
20283,0,0,NONE,NO_CLICK
20284,0,0,NONE,NO_CLICK
20285,0,0,NONE,NO_CLICK
20286,0,0,NONE,NO_CLICK
20287,0,0,NONE,NO_CLICK
20288,0,0,NONE,NO_CLICK
20289,0,0,NONE,NO_CLICK
20290,0,0,NONE,NO_CLICK
20291,0,0,NONE,NO_CLICK
20292,0,0,NONE,NO_CLICK
20293,0,0,NONE,NO_CLICK
20294,0,0,NONE,NO_CLICK
20295,0,0,NONE,NO_CLICK
20296,0,0,NONE,NO_CLICK
20297,0,0,NONE,NO_CLICK
20298,0,0,NONE,NO_CLICK
20299,0,0,NONE,NO_CLICK
20300,0,0,NONE,NO_CLICK
20301,0,0,NONE,NO_CLICK
20302,0,0,NONE,NO_CLICK
20303,0,0,NONE,NO_CLICK
20304,0,0,NONE,NO_CLICK
20305,0,0,NONE,NO_CLICK
20306,0,0,NONE,NO_CLICK
20307,0,0,NONE,NO_CLICK
20308,0,0,NONE,NO_CLICK
20309,0,0,NONE,NO_CLICK
20310,0,0,NONE,NO_CLICK
20311,0,0,NONE,NO_CLICK
20312,0,0,NONE,NO_CLICK
20313,0,0,NONE,NO_CLICK
20314,0,0,NONE,NO_CLICK
20315,0,0,NONE,NO_CLICK
20316,0,0,NONE,NO_CLICK
20317,0,0,NONE,NO_CLICK
20318,0,0,NONE,NO_CLICK
20319,0,0,NONE,NO_CLICK
20320,0,0,NONE,NO_CLICK
20321,0,0,NONE,NO_CLICK
20322,0,0,NONE,NO_CLICK
20323,0,0,NONE,NO_CLICK
20324,0,0,NONE,NO_CLICK
20325,0,0,NONE,NO_CLICK
20326,0,0,NONE,NO_CLICK
20327,0,0,NONE,NO_CLICK
20328,0,0,NONE,NO_CLICK
20329,0,0,NONE,NO_CLICK
20330,0,0,NONE,NO_CLICK
20331,0,0,NONE,NO_CLICK
20332,0,0,NONE,NO_CLICK
20333,0,0,NONE,NO_CLICK
20334,0,0,NONE,NO_CLICK
20335,0,0,NONE,NO_CLICK
20336,0,0,NONE,NO_CLICK
20337,0,0,NONE,NO_CLICK
20338,0,0,NONE,NO_CLICK
20339,0,0,NONE,NO_CLICK
20340,0,0,NONE,NO_CLICK
20341,0,0,NONE,NO_CLICK
20342,0,0,NONE,NO_CLICK
20343,0,0,NONE,NO_CLICK
20344,0,0,NONE,NO_CLICK
20345,0,0,NONE,NO_CLICK
20346,0,0,NONE,NO_CLICK
20347,0,0,NONE,NO_CLICK
20348,0,0,NONE,NO_CLICK
20349,0,0,NONE,NO_CLICK
20350,0,0,NONE,NO_CLICK
20351,0,0,NONE,NO_CLICK
20352,0,0,NONE,NO_CLICK
20353,0,0,NONE,NO_CLICK
20354,0,1,D2,D2_CLICK
20355,0,1,D2,D2_CLICK
20356,0,1,D2,D2_CLICK
20357,0,1,D2,D2_CLICK
20358,0,1,D2,D2_CLICK
20359,0,1,D2,D2_CLICK
20360,0,1,D2,D2_CLICK
20361,0,1,D2,D2_CLICK
20362,0,1,D2,D2_CLICK
20363,0,1,D2,D2_CLICK
20364,0,1,D2,D2_CLICK
20365,0,1,D2,D2_CLICK
20366,0,1,D2,D2_CLICK
20367,0,1,D2,D2_CLICK
20368,0,1,D2,D2_CLICK
20369,0,1,D2,D2_CLICK
20370,0,1,D2,D2_CLICK
20371,0,1,D2,D2_CLICK
20372,0,1,D2,D2_CLICK
20373,0,1,D2,D2_CLICK
20374,0,1,D2,D2_CLICK
20375,0,1,D2,D2_CLICK
20376,0,1,D2,D2_CLICK
20377,0,1,D2,D2_CLICK
20378,0,1,D2,D2_CLICK
20379,0,1,D2,D2_CLICK
20380,0,1,D2,D2_CLICK
20381,0,1,D2,D2_CLICK
20382,0,1,D2,D2_CLICK
20383,0,1,D2,D2_CLICK
20384,0,1,D2,D2_CLICK
20385,0,1,D2,D2_CLICK
20386,0,1,D2,D2_CLICK
20387,0,1,D2,D2_CLICK
20388,0,1,D2,D2_CLICK
20389,0,1,D2,D2_CLICK
20390,0,1,D2,D2_CLICK
20391,0,1,D2,D2_CLICK
20392,0,0,NONE,NO_CLICK
20393,0,0,NONE,NO_CLICK
20394,0,0,NONE,NO_CLICK
20395,0,0,NONE,NO_CLICK
20396,0,0,NONE,NO_CLICK
20397,0,0,NONE,NO_CLICK
20398,0,0,NONE,NO_CLICK
20399,0,0,NONE,NO_CLICK
20400,0,0,NONE,NO_CLICK
20401,0,0,NONE,NO_CLICK
20402,0,0,NONE,NO_CLICK
20403,0,0,NONE,NO_CLICK
20404,0,0,NONE,NO_CLICK
20405,0,0,NONE,NO_CLICK
20406,0,0,NONE,NO_CLICK
20407,0,0,NONE,NO_CLICK
20408,0,0,NONE,NO_CLICK
20409,0,0,NONE,NO_CLICK
20410,0,0,NONE,NO_CLICK
20411,0,0,NONE,NO_CLICK
20412,0,0,NONE,NO_CLICK
20413,0,0,NONE,NO_CLICK
20414,0,0,NONE,NO_CLICK
20415,0,0,NONE,NO_CLICK
20416,0,0,NONE,NO_CLICK
20417,0,0,NONE,NO_CLICK
20418,1,0,D1,D1_CLICK
20419,1,0,D1,D1_CLICK
20420,1,0,D1,D1_CLICK
20421,1,0,D1,D1_CLICK
20422,1,0,D1,D1_CLICK
20423,1,0,D1,D1_CLICK
20424,1,0,D1,D1_CLICK
20425,1,0,D1,D1_CLICK
20426,1,0,D1,D1_CLICK
20427,1,0,D1,D1_CLICK
20428,1,0,D1,D1_CLICK
20429,1,0,D1,D1_CLICK
20430,1,0,D1,D1_CLICK
20431,1,0,D1,D1_CLICK
20432,1,0,D1,D1_CLICK
20433,1,0,D1,D1_CLICK
20434,1,0,D1,D1_CLICK
20435,1,0,D1,D1_CLICK
20436,1,0,D1,D1_CLICK
20437,1,0,D1,D1_CLICK
20438,1,0,D1,D1_CLICK
20439,1,0,D1,D1_CLICK
20440,1,0,D1,D1_CLICK
20441,1,0,D1,D1_CLICK
20442,1,0,D1,D1_CLICK
20443,1,0,D1,D1_CLICK
20444,1,0,D1,D1_CLICK
20445,1,0,D1,D1_CLICK
20446,1,0,D1,D1_CLICK
20447,1,0,D1,D1_CLICK
20448,1,0,D1,D1_CLICK
20449,1,0,D1,D1_CLICK
20450,1,0,D1,D1_CLICK
20451,1,0,D1,D1_CLICK
20452,1,0,D1,D1_CLICK
20453,1,0,D1,D1_CLICK
20454,1,0,D1,D1_CLICK
20455,1,0,D1,D1_CLICK
20456,0,0,NONE,NO_CLICK
20457,0,0,NONE,NO_CLICK
20458,0,0,NONE,NO_CLICK
20459,0,0,NONE,NO_CLICK
20460,0,0,NONE,NO_CLICK
20461,0,0,NONE,NO_CLICK
20462,0,0,NONE,NO_CLICK
20463,0,0,NONE,NO_CLICK
20464,0,0,NONE,NO_CLICK
20465,0,0,NONE,NO_CLICK
20466,0,0,NONE,NO_CLICK
20467,0,0,NONE,NO_CLICK
20468,0,0,NONE,NO_CLICK
20469,0,0,NONE,NO_CLICK
20470,0,0,NONE,NO_CLICK
20471,0,0,NONE,NO_CLICK
20472,0,0,NONE,NO_CLICK
20473,0,0,NONE,NO_CLICK
20474,0,0,NONE,NO_CLICK
20475,0,0,NONE,NO_CLICK
20476,0,0,NONE,NO_CLICK
20477,0,0,NONE,NO_CLICK
20478,0,0,NONE,NO_CLICK
20479,0,0,NONE,NO_CLICK
20480,0,0,NONE,NO_CLICK
20481,0,0,NONE,NO_CLICK
20482,0,0,NONE,NO_CLICK
20483,0,0,NONE,NO_CLICK
20484,0,0,NONE,NO_CLICK
20485,0,0,NONE,NO_CLICK
20486,0,0,NONE,NO_CLICK
20487,0,0,NONE,NO_CLICK
20488,0,0,NONE,NO_CLICK
20489,0,0,NONE,NO_CLICK
20490,0,0,NONE,NO_CLICK
20491,0,0,NONE,NO_CLICK
20492,0,0,NONE,NO_CLICK
20493,0,0,NONE,NO_CLICK
20494,0,0,NONE,NO_CLICK
20495,0,0,NONE,NO_CLICK
20496,0,0,NONE,NO_CLICK
20497,0,0,NONE,NO_CLICK
20498,0,0,NONE,NO_CLICK
20499,0,0,NONE,NO_CLICK
20500,0,0,NONE,NO_CLICK
20501,0,0,NONE,NO_CLICK
20502,0,0,NONE,NO_CLICK
20503,0,0,NONE,NO_CLICK
20504,0,0,NONE,NO_CLICK
20505,0,0,NONE,NO_CLICK
20506,0,0,NONE,NO_CLICK
20507,0,0,NONE,NO_CLICK
20508,0,0,NONE,NO_CLICK
20509,0,0,NONE,NO_CLICK
20510,0,0,NONE,NO_CLICK
20511,0,0,NONE,NO_CLICK
20512,0,0,NONE,NO_CLICK
20513,0,0,NONE,NO_CLICK
20514,0,0,NONE,NO_CLICK
20515,0,0,NONE,NO_CLICK
20516,0,0,NONE,NO_CLICK
20517,0,0,NONE,NO_CLICK
20518,0,0,NONE,NO_CLICK
20519,0,0,NONE,NO_CLICK
20520,0,0,NONE,NO_CLICK
20521,0,0,NONE,NO_CLICK
20522,0,0,NONE,NO_CLICK
20523,0,0,NONE,NO_CLICK
20524,0,0,NONE,NO_CLICK
20525,0,0,NONE,NO_CLICK
20526,0,0,NONE,NO_CLICK
20527,0,0,NONE,NO_CLICK
20528,0,0,NONE,NO_CLICK
20529,0,0,NONE,NO_CLICK
20530,0,0,NONE,NO_CLICK
20531,0,0,NONE,NO_CLICK
20532,0,0,NONE,NO_CLICK
20533,0,0,NONE,NO_CLICK
20534,0,0,NONE,NO_CLICK
20535,0,0,NONE,NO_CLICK
20536,0,0,NONE,NO_CLICK
20537,0,0,NONE,NO_CLICK
20538,0,0,NONE,NO_CLICK
20539,0,0,NONE,NO_CLICK
20540,0,0,NONE,NO_CLICK
20541,0,0,NONE,NO_CLICK
20542,0,0,NONE,NO_CLICK
20543,0,0,NONE,NO_CLICK
20544,0,0,NONE,NO_CLICK
20545,0,0,NONE,NO_CLICK
20546,0,0,NONE,NO_CLICK
20547,0,0,NONE,NO_CLICK
20548,0,0,NONE,NO_CLICK
20549,0,0,NONE,NO_CLICK
20550,0,0,NONE,NO_CLICK
20551,0,0,NONE,NO_CLICK
20552,0,0,NONE,NO_CLICK
20553,0,0,NONE,NO_CLICK
20554,0,0,NONE,NO_CLICK
20555,0,0,NONE,NO_CLICK
20556,0,0,NONE,NO_CLICK
20557,0,0,NONE,NO_CLICK
20558,0,0,NONE,NO_CLICK
20559,0,0,NONE,NO_CLICK
20560,0,0,NONE,NO_CLICK
20561,0,0,NONE,NO_CLICK
20562,0,0,NONE,NO_CLICK
20563,0,0,NONE,NO_CLICK
20564,0,0,NONE,NO_CLICK
20565,0,0,NONE,NO_CLICK
20566,0,0,NONE,NO_CLICK
20567,0,0,NONE,NO_CLICK
20568,0,0,NONE,NO_CLICK
20569,0,0,NONE,NO_CLICK
20570,0,0,NONE,NO_CLICK
20571,0,0,NONE,NO_CLICK
20572,0,0,NONE,NO_CLICK
20573,0,0,NONE,NO_CLICK
20574,0,0,NONE,NO_CLICK
20575,0,0,NONE,NO_CLICK
20576,0,0,NONE,NO_CLICK
20577,0,0,NONE,NO_CLICK
20578,0,0,NONE,NO_CLICK
20579,0,0,NONE,NO_CLICK
20580,0,0,NONE,NO_CLICK
20581,0,0,NONE,NO_CLICK
20582,0,0,NONE,NO_CLICK
20583,0,0,NONE,NO_CLICK
20584,0,0,NONE,NO_CLICK
20585,0,0,NONE,NO_CLICK
20586,0,0,NONE,NO_CLICK
20587,0,0,NONE,NO_CLICK
20588,0,0,NONE,NO_CLICK
20589,0,0,NONE,NO_CLICK
20590,0,0,NONE,NO_CLICK
20591,0,0,NONE,NO_CLICK
20592,0,0,NONE,NO_CLICK
20593,0,0,NONE,NO_CLICK
20594,0,0,NONE,NO_CLICK
20595,0,0,NONE,NO_CLICK
20596,0,0,NONE,NO_CLICK
20597,0,0,NONE,NO_CLICK
20598,0,0,NONE,NO_CLICK
20599,0,0,NONE,NO_CLICK
20600,0,0,NONE,NO_CLICK
20601,0,0,NONE,NO_CLICK
20602,0,0,NONE,NO_CLICK
20603,0,0,NONE,NO_CLICK
20604,0,0,NONE,NO_CLICK
20605,0,0,NONE,NO_CLICK
20606,0,0,NONE,NO_CLICK
20607,0,0,NONE,NO_CLICK
20608,0,0,NONE,NO_CLICK
20609,0,0,NONE,NO_CLICK
20610,0,1,D2,D2_CLICK
20611,0,1,D2,D2_CLICK
20612,0,1,D2,D2_CLICK
20613,0,1,D2,D2_CLICK
20614,0,1,D2,D2_CLICK
20615,0,1,D2,D2_CLICK
20616,0,1,D2,D2_CLICK
20617,0,1,D2,D2_CLICK
20618,0,1,D2,D2_CLICK
20619,0,1,D2,D2_CLICK
20620,0,1,D2,D2_CLICK
20621,0,1,D2,D2_CLICK
20622,0,1,D2,D2_CLICK
20623,0,1,D2,D2_CLICK
20624,0,1,D2,D2_CLICK
20625,0,1,D2,D2_CLICK
20626,0,1,D2,D2_CLICK
20627,0,1,D2,D2_CLICK
20628,0,1,D2,D2_CLICK
20629,0,1,D2,D2_CLICK
20630,0,1,D2,D2_CLICK
20631,0,1,D2,D2_CLICK
20632,0,1,D2,D2_CLICK
20633,0,1,D2,D2_CLICK
20634,0,1,D2,D2_CLICK
20635,0,1,D2,D2_CLICK
20636,0,1,D2,D2_CLICK
20637,0,1,D2,D2_CLICK
20638,0,1,D2,D2_CLICK
20639,0,1,D2,D2_CLICK
20640,0,1,D2,D2_CLICK
20641,0,1,D2,D2_CLICK
20642,0,1,D2,D2_CLICK
20643,0,1,D2,D2_CLICK
20644,0,1,D2,D2_CLICK
20645,0,1,D2,D2_CLICK
20646,0,1,D2,D2_CLICK
20647,0,1,D2,D2_CLICK
20648,0,0,NONE,NO_CLICK
20649,0,0,NONE,NO_CLICK
20650,0,0,NONE,NO_CLICK
20651,0,0,NONE,NO_CLICK
20652,0,0,NONE,NO_CLICK
20653,0,0,NONE,NO_CLICK
20654,0,0,NONE,NO_CLICK
20655,0,0,NONE,NO_CLICK
20656,0,0,NONE,NO_CLICK
20657,0,0,NONE,NO_CLICK
20658,0,0,NONE,NO_CLICK
20659,0,0,NONE,NO_CLICK
20660,0,0,NONE,NO_CLICK
20661,0,0,NONE,NO_CLICK
20662,0,0,NONE,NO_CLICK
20663,0,0,NONE,NO_CLICK
20664,0,0,NONE,NO_CLICK
20665,0,0,NONE,NO_CLICK
20666,0,0,NONE,NO_CLICK
20667,0,0,NONE,NO_CLICK
20668,0,0,NONE,NO_CLICK
20669,0,0,NONE,NO_CLICK
20670,0,0,NONE,NO_CLICK
20671,0,0,NONE,NO_CLICK
20672,0,0,NONE,NO_CLICK
20673,0,0,NONE,NO_CLICK
20674,0,1,D2,D2_CLICK
20675,0,1,D2,D2_CLICK
20676,0,1,D2,D2_CLICK
20677,0,1,D2,D2_CLICK
20678,0,1,D2,D2_CLICK
20679,0,1,D2,D2_CLICK
20680,0,1,D2,D2_CLICK
20681,0,1,D2,D2_CLICK
20682,0,1,D2,D2_CLICK
20683,0,1,D2,D2_CLICK
20684,0,1,D2,D2_CLICK
20685,0,1,D2,D2_CLICK
20686,0,1,D2,D2_CLICK
20687,0,1,D2,D2_CLICK
20688,0,1,D2,D2_CLICK
20689,0,1,D2,D2_CLICK
20690,0,1,D2,D2_CLICK
20691,0,1,D2,D2_CLICK
20692,0,1,D2,D2_CLICK
20693,0,1,D2,D2_CLICK
20694,0,1,D2,D2_CLICK
20695,0,1,D2,D2_CLICK
20696,0,1,D2,D2_CLICK
20697,0,1,D2,D2_CLICK
20698,0,1,D2,D2_CLICK
20699,0,1,D2,D2_CLICK
20700,0,1,D2,D2_CLICK
20701,0,1,D2,D2_CLICK
20702,0,1,D2,D2_CLICK
20703,0,1,D2,D2_CLICK
20704,0,1,D2,D2_CLICK
20705,0,1,D2,D2_CLICK
20706,0,1,D2,D2_CLICK
20707,0,1,D2,D2_CLICK
20708,0,1,D2,D2_CLICK
20709,0,1,D2,D2_CLICK
20710,0,1,D2,D2_CLICK
20711,0,1,D2,D2_CLICK
20712,0,0,NONE,NO_CLICK
20713,0,0,NONE,NO_CLICK
20714,0,0,NONE,NO_CLICK
20715,0,0,NONE,NO_CLICK
20716,0,0,NONE,NO_CLICK
20717,0,0,NONE,NO_CLICK
20718,0,0,NONE,NO_CLICK
20719,0,0,NONE,NO_CLICK
20720,0,0,NONE,NO_CLICK
20721,0,0,NONE,NO_CLICK
20722,0,0,NONE,NO_CLICK
20723,0,0,NONE,NO_CLICK
20724,0,0,NONE,NO_CLICK
20725,0,0,NONE,NO_CLICK
20726,0,0,NONE,NO_CLICK
20727,0,0,NONE,NO_CLICK
20728,0,0,NONE,NO_CLICK
20729,0,0,NONE,NO_CLICK
20730,0,0,NONE,NO_CLICK
20731,0,0,NONE,NO_CLICK
20732,0,0,NONE,NO_CLICK
20733,0,0,NONE,NO_CLICK
20734,0,0,NONE,NO_CLICK
20735,0,0,NONE,NO_CLICK
20736,0,0,NONE,NO_CLICK
20737,0,0,NONE,NO_CLICK
20738,0,0,NONE,NO_CLICK
20739,0,0,NONE,NO_CLICK
20740,0,0,NONE,NO_CLICK
20741,0,0,NONE,NO_CLICK
20742,0,0,NONE,NO_CLICK
20743,0,0,NONE,NO_CLICK
20744,0,0,NONE,NO_CLICK
20745,0,0,NONE,NO_CLICK
20746,0,0,NONE,NO_CLICK
20747,0,0,NONE,NO_CLICK
20748,0,0,NONE,NO_CLICK
20749,0,0,NONE,NO_CLICK
20750,0,0,NONE,NO_CLICK
20751,0,0,NONE,NO_CLICK
20752,0,0,NONE,NO_CLICK
20753,0,0,NONE,NO_CLICK
20754,0,0,NONE,NO_CLICK
20755,0,0,NONE,NO_CLICK
20756,0,0,NONE,NO_CLICK
20757,0,0,NONE,NO_CLICK
20758,0,0,NONE,NO_CLICK
20759,0,0,NONE,NO_CLICK
20760,0,0,NONE,NO_CLICK
20761,0,0,NONE,NO_CLICK
20762,0,0,NONE,NO_CLICK
20763,0,0,NONE,NO_CLICK
20764,0,0,NONE,NO_CLICK
20765,0,0,NONE,NO_CLICK
20766,0,0,NONE,NO_CLICK
20767,0,0,NONE,NO_CLICK
20768,0,0,NONE,NO_CLICK
20769,0,0,NONE,NO_CLICK
20770,1,0,D1,D1_CLICK
20771,1,0,D1,D1_CLICK
20772,1,0,D1,D1_CLICK
20773,1,0,D1,D1_CLICK
20774,1,0,D1,D1_CLICK
20775,1,0,D1,D1_CLICK
20776,1,0,D1,D1_CLICK
20777,1,0,D1,D1_CLICK
20778,1,0,D1,D1_CLICK
20779,1,0,D1,D1_CLICK
20780,1,0,D1,D1_CLICK
20781,1,0,D1,D1_CLICK
20782,1,0,D1,D1_CLICK
20783,1,0,D1,D1_CLICK
20784,1,0,D1,D1_CLICK
20785,1,0,D1,D1_CLICK
20786,1,0,D1,D1_CLICK
20787,1,0,D1,D1_CLICK
20788,1,0,D1,D1_CLICK
20789,1,0,D1,D1_CLICK
20790,1,0,D1,D1_CLICK
20791,1,0,D1,D1_CLICK
20792,1,0,D1,D1_CLICK
20793,1,0,D1,D1_CLICK
20794,1,0,D1,D1_CLICK
20795,1,0,D1,D1_CLICK
20796,1,0,D1,D1_CLICK
20797,1,0,D1,D1_CLICK
20798,1,0,D1,D1_CLICK
20799,1,0,D1,D1_CLICK
20800,1,0,D1,D1_CLICK
20801,1,0,D1,D1_CLICK
20802,1,0,D1,D1_CLICK
20803,1,0,D1,D1_CLICK
20804,1,0,D1,D1_CLICK
20805,1,0,D1,D1_CLICK
20806,1,0,D1,D1_CLICK
20807,1,0,D1,D1_CLICK
20808,0,0,NONE,NO_CLICK
20809,0,0,NONE,NO_CLICK
20810,0,0,NONE,NO_CLICK
20811,0,0,NONE,NO_CLICK
20812,0,0,NONE,NO_CLICK
20813,0,0,NONE,NO_CLICK
20814,0,0,NONE,NO_CLICK
20815,0,0,NONE,NO_CLICK
20816,0,0,NONE,NO_CLICK
20817,0,0,NONE,NO_CLICK
20818,0,0,NONE,NO_CLICK
20819,0,0,NONE,NO_CLICK
20820,0,0,NONE,NO_CLICK
20821,0,0,NONE,NO_CLICK
20822,0,0,NONE,NO_CLICK
20823,0,0,NONE,NO_CLICK
20824,0,0,NONE,NO_CLICK
20825,0,0,NONE,NO_CLICK
20826,0,0,NONE,NO_CLICK
20827,0,0,NONE,NO_CLICK
20828,0,0,NONE,NO_CLICK
20829,0,0,NONE,NO_CLICK
20830,0,0,NONE,NO_CLICK
20831,0,0,NONE,NO_CLICK
20832,0,0,NONE,NO_CLICK
20833,0,0,NONE,NO_CLICK
20834,0,0,NONE,NO_CLICK
20835,0,0,NONE,NO_CLICK
20836,0,0,NONE,NO_CLICK
20837,0,0,NONE,NO_CLICK
20838,0,0,NONE,NO_CLICK
20839,0,0,NONE,NO_CLICK
20840,0,0,NONE,NO_CLICK
20841,0,0,NONE,NO_CLICK
20842,0,0,NONE,NO_CLICK
20843,0,0,NONE,NO_CLICK
20844,0,0,NONE,NO_CLICK
20845,0,0,NONE,NO_CLICK
20846,0,0,NONE,NO_CLICK
20847,0,0,NONE,NO_CLICK
20848,0,0,NONE,NO_CLICK
20849,0,0,NONE,NO_CLICK
20850,0,0,NONE,NO_CLICK
20851,0,0,NONE,NO_CLICK
20852,0,0,NONE,NO_CLICK
20853,0,0,NONE,NO_CLICK
20854,0,0,NONE,NO_CLICK
20855,0,0,NONE,NO_CLICK
20856,0,0,NONE,NO_CLICK
20857,0,0,NONE,NO_CLICK
20858,0,0,NONE,NO_CLICK
20859,0,0,NONE,NO_CLICK
20860,0,0,NONE,NO_CLICK
20861,0,0,NONE,NO_CLICK
20862,0,0,NONE,NO_CLICK
20863,0,0,NONE,NO_CLICK
20864,0,0,NONE,NO_CLICK
20865,0,0,NONE,NO_CLICK
20866,0,0,NONE,NO_CLICK
20867,0,0,NONE,NO_CLICK
20868,0,0,NONE,NO_CLICK
20869,0,0,NONE,NO_CLICK
20870,0,0,NONE,NO_CLICK
20871,0,0,NONE,NO_CLICK
20872,0,0,NONE,NO_CLICK
20873,0,0,NONE,NO_CLICK
20874,0,0,NONE,NO_CLICK
20875,0,0,NONE,NO_CLICK
20876,0,0,NONE,NO_CLICK
20877,0,0,NONE,NO_CLICK
20878,0,0,NONE,NO_CLICK
20879,0,0,NONE,NO_CLICK
20880,0,0,NONE,NO_CLICK
20881,0,0,NONE,NO_CLICK
20882,0,0,NONE,NO_CLICK
20883,0,0,NONE,NO_CLICK
20884,0,0,NONE,NO_CLICK
20885,0,0,NONE,NO_CLICK
20886,0,0,NONE,NO_CLICK
20887,0,0,NONE,NO_CLICK
20888,0,0,NONE,NO_CLICK
20889,0,0,NONE,NO_CLICK
20890,0,0,NONE,NO_CLICK
20891,0,0,NONE,NO_CLICK
20892,0,0,NONE,NO_CLICK
20893,0,0,NONE,NO_CLICK
20894,0,0,NONE,NO_CLICK
20895,0,0,NONE,NO_CLICK
20896,0,0,NONE,NO_CLICK
20897,0,0,NONE,NO_CLICK
20898,0,0,NONE,NO_CLICK
20899,0,0,NONE,NO_CLICK
20900,0,0,NONE,NO_CLICK
20901,0,0,NONE,NO_CLICK
20902,0,0,NONE,NO_CLICK
20903,0,0,NONE,NO_CLICK
20904,0,0,NONE,NO_CLICK
20905,0,0,NONE,NO_CLICK
20906,0,0,NONE,NO_CLICK
20907,0,0,NONE,NO_CLICK
20908,0,0,NONE,NO_CLICK
20909,0,0,NONE,NO_CLICK
20910,0,0,NONE,NO_CLICK
20911,0,0,NONE,NO_CLICK
20912,0,0,NONE,NO_CLICK
20913,0,0,NONE,NO_CLICK
20914,0,0,NONE,NO_CLICK
20915,0,0,NONE,NO_CLICK
20916,0,0,NONE,NO_CLICK
20917,0,0,NONE,NO_CLICK
20918,0,0,NONE,NO_CLICK
20919,0,0,NONE,NO_CLICK
20920,0,0,NONE,NO_CLICK
20921,0,0,NONE,NO_CLICK
20922,0,0,NONE,NO_CLICK
20923,0,0,NONE,NO_CLICK
20924,0,0,NONE,NO_CLICK
20925,0,0,NONE,NO_CLICK
20926,0,0,NONE,NO_CLICK
20927,0,0,NONE,NO_CLICK
20928,0,0,NONE,NO_CLICK
20929,0,0,NONE,NO_CLICK
20930,0,0,NONE,NO_CLICK
20931,0,0,NONE,NO_CLICK
20932,0,0,NONE,NO_CLICK
20933,0,0,NONE,NO_CLICK
20934,0,0,NONE,NO_CLICK
20935,0,0,NONE,NO_CLICK
20936,0,0,NONE,NO_CLICK
20937,0,0,NONE,NO_CLICK
20938,0,0,NONE,NO_CLICK
20939,0,0,NONE,NO_CLICK
20940,0,0,NONE,NO_CLICK
20941,0,0,NONE,NO_CLICK
20942,0,0,NONE,NO_CLICK
20943,0,0,NONE,NO_CLICK
20944,0,0,NONE,NO_CLICK
20945,0,0,NONE,NO_CLICK
20946,0,0,NONE,NO_CLICK
20947,0,0,NONE,NO_CLICK
20948,0,0,NONE,NO_CLICK
20949,0,0,NONE,NO_CLICK
20950,0,0,NONE,NO_CLICK
20951,0,0,NONE,NO_CLICK
20952,0,0,NONE,NO_CLICK
20953,0,0,NONE,NO_CLICK
20954,0,0,NONE,NO_CLICK
20955,0,0,NONE,NO_CLICK
20956,0,0,NONE,NO_CLICK
20957,0,0,NONE,NO_CLICK
20958,0,0,NONE,NO_CLICK
20959,0,0,NONE,NO_CLICK
20960,0,0,NONE,NO_CLICK
20961,0,0,NONE,NO_CLICK
20962,0,0,NONE,NO_CLICK
20963,0,0,NONE,NO_CLICK
20964,0,0,NONE,NO_CLICK
20965,0,0,NONE,NO_CLICK
20966,0,0,NONE,NO_CLICK
20967,0,0,NONE,NO_CLICK
20968,0,0,NONE,NO_CLICK
20969,0,0,NONE,NO_CLICK
20970,0,0,NONE,NO_CLICK
20971,0,0,NONE,NO_CLICK
20972,0,0,NONE,NO_CLICK
20973,0,0,NONE,NO_CLICK
20974,0,0,NONE,NO_CLICK
20975,0,0,NONE,NO_CLICK
20976,0,0,NONE,NO_CLICK
20977,0,0,NONE,NO_CLICK
20978,0,0,NONE,NO_CLICK
20979,0,0,NONE,NO_CLICK
20980,0,0,NONE,NO_CLICK
20981,0,0,NONE,NO_CLICK
20982,0,0,NONE,NO_CLICK
20983,0,0,NONE,NO_CLICK
20984,0,0,NONE,NO_CLICK
20985,0,0,NONE,NO_CLICK
20986,0,0,NONE,NO_CLICK
20987,0,0,NONE,NO_CLICK
20988,0,0,NONE,NO_CLICK
20989,0,0,NONE,NO_CLICK
20990,0,0,NONE,NO_CLICK
20991,0,0,NONE,NO_CLICK
20992,0,0,NONE,NO_CLICK
20993,0,0,NONE,NO_CLICK
20994,0,0,NONE,NO_CLICK
20995,0,0,NONE,NO_CLICK
20996,0,0,NONE,NO_CLICK
20997,0,0,NONE,NO_CLICK
20998,0,0,NONE,NO_CLICK
20999,0,0,NONE,NO_CLICK
21000,0,0,NONE,NO_CLICK
21001,0,0,NONE,NO_CLICK
21002,0,0,NONE,NO_CLICK
21003,0,0,NONE,NO_CLICK
21004,0,0,NONE,NO_CLICK
21005,0,0,NONE,NO_CLICK
21006,0,0,NONE,NO_CLICK
21007,0,0,NONE,NO_CLICK
21008,0,0,NONE,NO_CLICK
21009,0,0,NONE,NO_CLICK
21010,0,0,NONE,NO_CLICK
21011,0,0,NONE,NO_CLICK
21012,0,0,NONE,NO_CLICK
21013,0,0,NONE,NO_CLICK
21014,0,0,NONE,NO_CLICK
21015,0,0,NONE,NO_CLICK
21016,0,0,NONE,NO_CLICK
21017,0,0,NONE,NO_CLICK
21018,0,0,NONE,NO_CLICK
21019,0,0,NONE,NO_CLICK
21020,0,0,NONE,NO_CLICK
21021,0,0,NONE,NO_CLICK
21022,0,0,NONE,NO_CLICK
21023,0,0,NONE,NO_CLICK
21024,0,0,NONE,NO_CLICK
21025,0,0,NONE,NO_CLICK
21026,0,1,D2,D2_CLICK
21027,0,1,D2,D2_CLICK
21028,0,1,D2,D2_CLICK
21029,0,1,D2,D2_CLICK
21030,0,1,D2,D2_CLICK
21031,0,1,D2,D2_CLICK
21032,0,1,D2,D2_CLICK
21033,0,1,D2,D2_CLICK
21034,0,1,D2,D2_CLICK
21035,0,1,D2,D2_CLICK
21036,0,1,D2,D2_CLICK
21037,0,1,D2,D2_CLICK
21038,0,1,D2,D2_CLICK
21039,0,1,D2,D2_CLICK
21040,0,1,D2,D2_CLICK
21041,0,1,D2,D2_CLICK
21042,0,1,D2,D2_CLICK
21043,0,1,D2,D2_CLICK
21044,0,1,D2,D2_CLICK
21045,0,1,D2,D2_CLICK
21046,0,1,D2,D2_CLICK
21047,0,1,D2,D2_CLICK
21048,0,1,D2,D2_CLICK
21049,0,1,D2,D2_CLICK
21050,0,1,D2,D2_CLICK
21051,0,1,D2,D2_CLICK
21052,0,1,D2,D2_CLICK
21053,0,1,D2,D2_CLICK
21054,0,1,D2,D2_CLICK
21055,0,1,D2,D2_CLICK
21056,0,1,D2,D2_CLICK
21057,0,1,D2,D2_CLICK
21058,0,1,D2,D2_CLICK
21059,0,1,D2,D2_CLICK
21060,0,1,D2,D2_CLICK
21061,0,1,D2,D2_CLICK
21062,0,1,D2,D2_CLICK
21063,0,1,D2,D2_CLICK
21064,0,0,NONE,NO_CLICK
21065,0,0,NONE,NO_CLICK
21066,0,0,NONE,NO_CLICK
21067,0,0,NONE,NO_CLICK
21068,0,0,NONE,NO_CLICK
21069,0,0,NONE,NO_CLICK
21070,0,0,NONE,NO_CLICK
21071,0,0,NONE,NO_CLICK
21072,0,0,NONE,NO_CLICK
21073,0,0,NONE,NO_CLICK
21074,0,0,NONE,NO_CLICK
21075,0,0,NONE,NO_CLICK
21076,0,0,NONE,NO_CLICK
21077,0,0,NONE,NO_CLICK
21078,0,0,NONE,NO_CLICK
21079,0,0,NONE,NO_CLICK
21080,0,0,NONE,NO_CLICK
21081,0,0,NONE,NO_CLICK
21082,0,0,NONE,NO_CLICK
21083,0,0,NONE,NO_CLICK
21084,0,0,NONE,NO_CLICK
21085,0,0,NONE,NO_CLICK
21086,0,0,NONE,NO_CLICK
21087,0,0,NONE,NO_CLICK
21088,0,0,NONE,NO_CLICK
21089,0,0,NONE,NO_CLICK
21090,1,0,D1,D1_CLICK
21091,1,0,D1,D1_CLICK
21092,1,0,D1,D1_CLICK
21093,1,0,D1,D1_CLICK
21094,1,0,D1,D1_CLICK
21095,1,0,D1,D1_CLICK
21096,1,0,D1,D1_CLICK
21097,1,0,D1,D1_CLICK
21098,1,0,D1,D1_CLICK
21099,1,0,D1,D1_CLICK
21100,1,0,D1,D1_CLICK
21101,1,0,D1,D1_CLICK
21102,1,0,D1,D1_CLICK
21103,1,0,D1,D1_CLICK
21104,1,0,D1,D1_CLICK
21105,1,0,D1,D1_CLICK
21106,1,0,D1,D1_CLICK
21107,1,0,D1,D1_CLICK
21108,1,0,D1,D1_CLICK
21109,1,0,D1,D1_CLICK
21110,1,0,D1,D1_CLICK
21111,1,0,D1,D1_CLICK
21112,1,0,D1,D1_CLICK
21113,1,0,D1,D1_CLICK
21114,1,0,D1,D1_CLICK
21115,1,0,D1,D1_CLICK
21116,1,0,D1,D1_CLICK
21117,1,0,D1,D1_CLICK
21118,1,0,D1,D1_CLICK
21119,1,0,D1,D1_CLICK
21120,1,0,D1,D1_CLICK
21121,1,0,D1,D1_CLICK
21122,1,0,D1,D1_CLICK
21123,1,0,D1,D1_CLICK
21124,1,0,D1,D1_CLICK
21125,1,0,D1,D1_CLICK
21126,1,0,D1,D1_CLICK
21127,1,0,D1,D1_CLICK
21128,0,0,NONE,NO_CLICK
21129,0,0,NONE,NO_CLICK
21130,0,0,NONE,NO_CLICK
21131,0,0,NONE,NO_CLICK
21132,0,0,NONE,NO_CLICK
21133,0,0,NONE,NO_CLICK
21134,0,0,NONE,NO_CLICK
21135,0,0,NONE,NO_CLICK
21136,0,0,NONE,NO_CLICK
21137,0,0,NONE,NO_CLICK
21138,0,0,NONE,NO_CLICK
21139,0,0,NONE,NO_CLICK
21140,0,0,NONE,NO_CLICK
21141,0,0,NONE,NO_CLICK
21142,0,0,NONE,NO_CLICK
21143,0,0,NONE,NO_CLICK
21144,0,0,NONE,NO_CLICK
21145,0,0,NONE,NO_CLICK
21146,0,0,NONE,NO_CLICK
21147,0,0,NONE,NO_CLICK
21148,0,0,NONE,NO_CLICK
21149,0,0,NONE,NO_CLICK
21150,0,0,NONE,NO_CLICK
21151,0,0,NONE,NO_CLICK
21152,0,0,NONE,NO_CLICK
21153,0,0,NONE,NO_CLICK
21154,0,0,NONE,NO_CLICK
21155,0,0,NONE,NO_CLICK
21156,0,0,NONE,NO_CLICK
21157,0,0,NONE,NO_CLICK
21158,0,0,NONE,NO_CLICK
21159,0,0,NONE,NO_CLICK
21160,0,0,NONE,NO_CLICK
21161,0,0,NONE,NO_CLICK
21162,0,0,NONE,NO_CLICK
21163,0,0,NONE,NO_CLICK
21164,0,0,NONE,NO_CLICK
21165,0,0,NONE,NO_CLICK
21166,0,0,NONE,NO_CLICK
21167,0,0,NONE,NO_CLICK
21168,0,0,NONE,NO_CLICK
21169,0,0,NONE,NO_CLICK
21170,0,0,NONE,NO_CLICK
21171,0,0,NONE,NO_CLICK
21172,0,0,NONE,NO_CLICK
21173,0,0,NONE,NO_CLICK
21174,0,0,NONE,NO_CLICK
21175,0,0,NONE,NO_CLICK
21176,0,0,NONE,NO_CLICK
21177,0,0,NONE,NO_CLICK
21178,0,0,NONE,NO_CLICK
21179,0,0,NONE,NO_CLICK
21180,0,0,NONE,NO_CLICK
21181,0,0,NONE,NO_CLICK
21182,0,0,NONE,NO_CLICK
21183,0,0,NONE,NO_CLICK
21184,0,0,NONE,NO_CLICK
21185,0,0,NONE,NO_CLICK
21186,0,0,NONE,NO_CLICK
21187,0,0,NONE,NO_CLICK
21188,0,0,NONE,NO_CLICK
21189,0,0,NONE,NO_CLICK
21190,0,0,NONE,NO_CLICK
21191,0,0,NONE,NO_CLICK
21192,0,0,NONE,NO_CLICK
21193,0,0,NONE,NO_CLICK
21194,0,0,NONE,NO_CLICK
21195,0,0,NONE,NO_CLICK
21196,0,0,NONE,NO_CLICK
21197,0,0,NONE,NO_CLICK
21198,0,0,NONE,NO_CLICK
21199,0,0,NONE,NO_CLICK
21200,0,0,NONE,NO_CLICK
21201,0,0,NONE,NO_CLICK
21202,0,0,NONE,NO_CLICK
21203,0,0,NONE,NO_CLICK
21204,0,0,NONE,NO_CLICK
21205,0,0,NONE,NO_CLICK
21206,0,0,NONE,NO_CLICK
21207,0,0,NONE,NO_CLICK
21208,0,0,NONE,NO_CLICK
21209,0,0,NONE,NO_CLICK
21210,0,0,NONE,NO_CLICK
21211,0,0,NONE,NO_CLICK
21212,0,0,NONE,NO_CLICK
21213,0,0,NONE,NO_CLICK
21214,0,0,NONE,NO_CLICK
21215,0,0,NONE,NO_CLICK
21216,0,0,NONE,NO_CLICK
21217,0,0,NONE,NO_CLICK
21218,0,0,NONE,NO_CLICK
21219,0,0,NONE,NO_CLICK
21220,0,0,NONE,NO_CLICK
21221,0,0,NONE,NO_CLICK
21222,0,0,NONE,NO_CLICK
21223,0,0,NONE,NO_CLICK
21224,0,0,NONE,NO_CLICK
21225,0,0,NONE,NO_CLICK
21226,0,0,NONE,NO_CLICK
21227,0,0,NONE,NO_CLICK
21228,0,0,NONE,NO_CLICK
21229,0,0,NONE,NO_CLICK
21230,0,0,NONE,NO_CLICK
21231,0,0,NONE,NO_CLICK
21232,0,0,NONE,NO_CLICK
21233,0,0,NONE,NO_CLICK
21234,0,0,NONE,NO_CLICK
21235,0,0,NONE,NO_CLICK
21236,0,0,NONE,NO_CLICK
21237,0,0,NONE,NO_CLICK
21238,0,0,NONE,NO_CLICK
21239,0,0,NONE,NO_CLICK
21240,0,0,NONE,NO_CLICK
21241,0,0,NONE,NO_CLICK
21242,0,0,NONE,NO_CLICK
21243,0,0,NONE,NO_CLICK
21244,0,0,NONE,NO_CLICK
21245,0,0,NONE,NO_CLICK
21246,0,0,NONE,NO_CLICK
21247,0,0,NONE,NO_CLICK
21248,0,0,NONE,NO_CLICK
21249,0,0,NONE,NO_CLICK
21250,0,0,NONE,NO_CLICK
21251,0,0,NONE,NO_CLICK
21252,0,0,NONE,NO_CLICK
21253,0,0,NONE,NO_CLICK
21254,0,0,NONE,NO_CLICK
21255,0,0,NONE,NO_CLICK
21256,0,0,NONE,NO_CLICK
21257,0,0,NONE,NO_CLICK
21258,0,0,NONE,NO_CLICK
21259,0,0,NONE,NO_CLICK
21260,0,0,NONE,NO_CLICK
21261,0,0,NONE,NO_CLICK
21262,0,0,NONE,NO_CLICK
21263,0,0,NONE,NO_CLICK
21264,0,0,NONE,NO_CLICK
21265,0,0,NONE,NO_CLICK
21266,0,0,NONE,NO_CLICK
21267,0,0,NONE,NO_CLICK
21268,0,0,NONE,NO_CLICK
21269,0,0,NONE,NO_CLICK
21270,0,0,NONE,NO_CLICK
21271,0,0,NONE,NO_CLICK
21272,0,0,NONE,NO_CLICK
21273,0,0,NONE,NO_CLICK
21274,0,0,NONE,NO_CLICK
21275,0,0,NONE,NO_CLICK
21276,0,0,NONE,NO_CLICK
21277,0,0,NONE,NO_CLICK
21278,0,0,NONE,NO_CLICK
21279,0,0,NONE,NO_CLICK
21280,0,0,NONE,NO_CLICK
21281,0,0,NONE,NO_CLICK
21282,0,0,NONE,NO_CLICK
21283,0,0,NONE,NO_CLICK
21284,0,0,NONE,NO_CLICK
21285,0,0,NONE,NO_CLICK
21286,0,0,NONE,NO_CLICK
21287,0,0,NONE,NO_CLICK
21288,0,0,NONE,NO_CLICK
21289,0,0,NONE,NO_CLICK
21290,0,0,NONE,NO_CLICK
21291,0,0,NONE,NO_CLICK
21292,0,0,NONE,NO_CLICK
21293,0,0,NONE,NO_CLICK
21294,0,0,NONE,NO_CLICK
21295,0,0,NONE,NO_CLICK
21296,0,0,NONE,NO_CLICK
21297,0,0,NONE,NO_CLICK
21298,0,0,NONE,NO_CLICK
21299,0,0,NONE,NO_CLICK
21300,0,0,NONE,NO_CLICK
21301,0,0,NONE,NO_CLICK
21302,0,0,NONE,NO_CLICK
21303,0,0,NONE,NO_CLICK
21304,0,0,NONE,NO_CLICK
21305,0,0,NONE,NO_CLICK
21306,0,0,NONE,NO_CLICK
21307,0,0,NONE,NO_CLICK
21308,0,0,NONE,NO_CLICK
21309,0,0,NONE,NO_CLICK
21310,0,0,NONE,NO_CLICK
21311,0,0,NONE,NO_CLICK
21312,0,0,NONE,NO_CLICK
21313,0,0,NONE,NO_CLICK
21314,0,0,NONE,NO_CLICK
21315,0,0,NONE,NO_CLICK
21316,0,0,NONE,NO_CLICK
21317,0,0,NONE,NO_CLICK
21318,0,0,NONE,NO_CLICK
21319,0,0,NONE,NO_CLICK
21320,0,0,NONE,NO_CLICK
21321,0,0,NONE,NO_CLICK
21322,0,0,NONE,NO_CLICK
21323,0,0,NONE,NO_CLICK
21324,0,0,NONE,NO_CLICK
21325,0,0,NONE,NO_CLICK
21326,0,0,NONE,NO_CLICK
21327,0,0,NONE,NO_CLICK
21328,0,0,NONE,NO_CLICK
21329,0,0,NONE,NO_CLICK
21330,0,0,NONE,NO_CLICK
21331,0,0,NONE,NO_CLICK
21332,0,0,NONE,NO_CLICK
21333,0,0,NONE,NO_CLICK
21334,0,0,NONE,NO_CLICK
21335,0,0,NONE,NO_CLICK
21336,0,0,NONE,NO_CLICK
21337,0,0,NONE,NO_CLICK
21338,0,0,NONE,NO_CLICK
21339,0,0,NONE,NO_CLICK
21340,0,0,NONE,NO_CLICK
21341,0,0,NONE,NO_CLICK
21342,0,0,NONE,NO_CLICK
21343,0,0,NONE,NO_CLICK
21344,0,0,NONE,NO_CLICK
21345,0,0,NONE,NO_CLICK
21346,0,0,NONE,NO_CLICK
21347,0,0,NONE,NO_CLICK
21348,0,0,NONE,NO_CLICK
21349,0,0,NONE,NO_CLICK
21350,0,0,NONE,NO_CLICK
21351,0,0,NONE,NO_CLICK
21352,0,0,NONE,NO_CLICK
21353,0,0,NONE,NO_CLICK
21354,0,0,NONE,NO_CLICK
21355,0,0,NONE,NO_CLICK
21356,0,0,NONE,NO_CLICK
21357,0,0,NONE,NO_CLICK
21358,0,0,NONE,NO_CLICK
21359,0,0,NONE,NO_CLICK
21360,0,0,NONE,NO_CLICK
21361,0,0,NONE,NO_CLICK
21362,0,0,NONE,NO_CLICK
21363,0,0,NONE,NO_CLICK
21364,0,0,NONE,NO_CLICK
21365,0,0,NONE,NO_CLICK
21366,0,0,NONE,NO_CLICK
21367,0,0,NONE,NO_CLICK
21368,0,0,NONE,NO_CLICK
21369,0,0,NONE,NO_CLICK
21370,0,0,NONE,NO_CLICK
21371,0,0,NONE,NO_CLICK
21372,0,0,NONE,NO_CLICK
21373,0,0,NONE,NO_CLICK
21374,0,0,NONE,NO_CLICK
21375,0,0,NONE,NO_CLICK
21376,0,0,NONE,NO_CLICK
21377,0,0,NONE,NO_CLICK
21378,0,0,NONE,NO_CLICK
21379,0,0,NONE,NO_CLICK
21380,0,0,NONE,NO_CLICK
21381,0,0,NONE,NO_CLICK
21382,0,0,NONE,NO_CLICK
21383,0,0,NONE,NO_CLICK
21384,0,0,NONE,NO_CLICK
21385,0,0,NONE,NO_CLICK
21386,0,0,NONE,NO_CLICK
21387,0,0,NONE,NO_CLICK
21388,0,0,NONE,NO_CLICK
21389,0,0,NONE,NO_CLICK
21390,0,0,NONE,NO_CLICK
21391,0,0,NONE,NO_CLICK
21392,0,0,NONE,NO_CLICK
21393,0,0,NONE,NO_CLICK
21394,0,0,NONE,NO_CLICK
21395,0,0,NONE,NO_CLICK
21396,0,0,NONE,NO_CLICK
21397,0,0,NONE,NO_CLICK
21398,0,0,NONE,NO_CLICK
21399,0,0,NONE,NO_CLICK
21400,0,0,NONE,NO_CLICK
21401,0,0,NONE,NO_CLICK
21402,0,0,NONE,NO_CLICK
21403,0,0,NONE,NO_CLICK
21404,0,0,NONE,NO_CLICK
21405,0,0,NONE,NO_CLICK
21406,0,0,NONE,NO_CLICK
21407,0,0,NONE,NO_CLICK
21408,0,0,NONE,NO_CLICK
21409,0,0,NONE,NO_CLICK
21410,0,0,NONE,NO_CLICK
21411,0,0,NONE,NO_CLICK
21412,0,0,NONE,NO_CLICK
21413,0,0,NONE,NO_CLICK
21414,0,0,NONE,NO_CLICK
21415,0,0,NONE,NO_CLICK
21416,0,0,NONE,NO_CLICK
21417,0,0,NONE,NO_CLICK
21418,0,0,NONE,NO_CLICK
21419,0,0,NONE,NO_CLICK
21420,0,0,NONE,NO_CLICK
21421,0,0,NONE,NO_CLICK
21422,0,0,NONE,NO_CLICK
21423,0,0,NONE,NO_CLICK
21424,0,0,NONE,NO_CLICK
21425,0,0,NONE,NO_CLICK
21426,0,0,NONE,NO_CLICK
21427,0,0,NONE,NO_CLICK
21428,0,0,NONE,NO_CLICK
21429,0,0,NONE,NO_CLICK
21430,0,0,NONE,NO_CLICK
21431,0,0,NONE,NO_CLICK
21432,0,0,NONE,NO_CLICK
21433,0,0,NONE,NO_CLICK
21434,0,0,NONE,NO_CLICK
21435,0,0,NONE,NO_CLICK
21436,0,0,NONE,NO_CLICK
21437,0,0,NONE,NO_CLICK
21438,0,0,NONE,NO_CLICK
21439,0,0,NONE,NO_CLICK
21440,0,0,NONE,NO_CLICK
21441,0,0,NONE,NO_CLICK
21442,0,0,NONE,NO_CLICK
21443,0,0,NONE,NO_CLICK
21444,0,0,NONE,NO_CLICK
21445,0,0,NONE,NO_CLICK
21446,0,0,NONE,NO_CLICK
21447,0,0,NONE,NO_CLICK
21448,0,0,NONE,NO_CLICK
21449,0,0,NONE,NO_CLICK
21450,0,0,NONE,NO_CLICK
21451,0,0,NONE,NO_CLICK
21452,0,0,NONE,NO_CLICK
21453,0,0,NONE,NO_CLICK
21454,0,0,NONE,NO_CLICK
21455,0,0,NONE,NO_CLICK
21456,0,0,NONE,NO_CLICK
21457,0,0,NONE,NO_CLICK
21458,0,0,NONE,NO_CLICK
21459,0,0,NONE,NO_CLICK
21460,0,0,NONE,NO_CLICK
21461,0,0,NONE,NO_CLICK
21462,0,0,NONE,NO_CLICK
21463,0,0,NONE,NO_CLICK
21464,0,0,NONE,NO_CLICK
21465,0,0,NONE,NO_CLICK
21466,0,0,NONE,NO_CLICK
21467,0,0,NONE,NO_CLICK
21468,0,0,NONE,NO_CLICK
21469,0,0,NONE,NO_CLICK
21470,0,0,NONE,NO_CLICK
21471,0,0,NONE,NO_CLICK
21472,0,0,NONE,NO_CLICK
21473,0,0,NONE,NO_CLICK
21474,1,0,D1,D1_CLICK
21475,1,0,D1,D1_CLICK
21476,1,0,D1,D1_CLICK
21477,1,0,D1,D1_CLICK
21478,1,0,D1,D1_CLICK
21479,1,0,D1,D1_CLICK
21480,1,0,D1,D1_CLICK
21481,1,0,D1,D1_CLICK
21482,1,0,D1,D1_CLICK
21483,1,0,D1,D1_CLICK
21484,1,0,D1,D1_CLICK
21485,1,0,D1,D1_CLICK
21486,1,0,D1,D1_CLICK
21487,1,0,D1,D1_CLICK
21488,1,0,D1,D1_CLICK
21489,1,0,D1,D1_CLICK
21490,1,0,D1,D1_CLICK
21491,1,0,D1,D1_CLICK
21492,1,0,D1,D1_CLICK
21493,1,0,D1,D1_CLICK
21494,1,0,D1,D1_CLICK
21495,1,0,D1,D1_CLICK
21496,1,0,D1,D1_CLICK
21497,1,0,D1,D1_CLICK
21498,1,0,D1,D1_CLICK
21499,1,0,D1,D1_CLICK
21500,1,0,D1,D1_CLICK
21501,1,0,D1,D1_CLICK
21502,1,0,D1,D1_CLICK
21503,1,0,D1,D1_CLICK
21504,1,0,D1,D1_CLICK
21505,1,0,D1,D1_CLICK
21506,1,0,D1,D1_CLICK
21507,1,0,D1,D1_CLICK
21508,1,0,D1,D1_CLICK
21509,1,0,D1,D1_CLICK
21510,1,0,D1,D1_CLICK
21511,1,0,D1,D1_CLICK
21512,0,0,NONE,NO_CLICK
21513,0,0,NONE,NO_CLICK
21514,0,0,NONE,NO_CLICK
21515,0,0,NONE,NO_CLICK
21516,0,0,NONE,NO_CLICK
21517,0,0,NONE,NO_CLICK
21518,0,0,NONE,NO_CLICK
21519,0,0,NONE,NO_CLICK
21520,0,0,NONE,NO_CLICK
21521,0,0,NONE,NO_CLICK
21522,0,0,NONE,NO_CLICK
21523,0,0,NONE,NO_CLICK
21524,0,0,NONE,NO_CLICK
21525,0,0,NONE,NO_CLICK
21526,0,0,NONE,NO_CLICK
21527,0,0,NONE,NO_CLICK
21528,0,0,NONE,NO_CLICK
21529,0,0,NONE,NO_CLICK
21530,0,0,NONE,NO_CLICK
21531,0,0,NONE,NO_CLICK
21532,0,0,NONE,NO_CLICK
21533,0,0,NONE,NO_CLICK
21534,0,0,NONE,NO_CLICK
21535,0,0,NONE,NO_CLICK
21536,0,0,NONE,NO_CLICK
21537,0,0,NONE,NO_CLICK
21538,0,0,NONE,NO_CLICK
21539,0,0,NONE,NO_CLICK
21540,0,0,NONE,NO_CLICK
21541,0,0,NONE,NO_CLICK
21542,0,0,NONE,NO_CLICK
21543,0,0,NONE,NO_CLICK
21544,0,0,NONE,NO_CLICK
21545,0,0,NONE,NO_CLICK
21546,0,0,NONE,NO_CLICK
21547,0,0,NONE,NO_CLICK
21548,0,0,NONE,NO_CLICK
21549,0,0,NONE,NO_CLICK
21550,0,0,NONE,NO_CLICK
21551,0,0,NONE,NO_CLICK
21552,0,0,NONE,NO_CLICK
21553,0,0,NONE,NO_CLICK
21554,0,0,NONE,NO_CLICK
21555,0,0,NONE,NO_CLICK
21556,0,0,NONE,NO_CLICK
21557,0,0,NONE,NO_CLICK
21558,0,0,NONE,NO_CLICK
21559,0,0,NONE,NO_CLICK
21560,0,0,NONE,NO_CLICK
21561,0,0,NONE,NO_CLICK
21562,0,0,NONE,NO_CLICK
21563,0,0,NONE,NO_CLICK
21564,0,0,NONE,NO_CLICK
21565,0,0,NONE,NO_CLICK
21566,0,0,NONE,NO_CLICK
21567,0,0,NONE,NO_CLICK
21568,0,0,NONE,NO_CLICK
21569,0,0,NONE,NO_CLICK
21570,0,0,NONE,NO_CLICK
21571,0,0,NONE,NO_CLICK
21572,0,0,NONE,NO_CLICK
21573,0,0,NONE,NO_CLICK
21574,0,0,NONE,NO_CLICK
21575,0,0,NONE,NO_CLICK
21576,0,0,NONE,NO_CLICK
21577,0,0,NONE,NO_CLICK
21578,0,0,NONE,NO_CLICK
21579,0,0,NONE,NO_CLICK
21580,0,0,NONE,NO_CLICK
21581,0,0,NONE,NO_CLICK
21582,0,0,NONE,NO_CLICK
21583,0,0,NONE,NO_CLICK
21584,0,0,NONE,NO_CLICK
21585,0,0,NONE,NO_CLICK
21586,0,0,NONE,NO_CLICK
21587,0,0,NONE,NO_CLICK
21588,0,0,NONE,NO_CLICK
21589,0,0,NONE,NO_CLICK
21590,0,0,NONE,NO_CLICK
21591,0,0,NONE,NO_CLICK
21592,0,0,NONE,NO_CLICK
21593,0,0,NONE,NO_CLICK
21594,0,0,NONE,NO_CLICK
21595,0,0,NONE,NO_CLICK
21596,0,0,NONE,NO_CLICK
21597,0,0,NONE,NO_CLICK
21598,0,0,NONE,NO_CLICK
21599,0,0,NONE,NO_CLICK
21600,0,0,NONE,NO_CLICK
21601,0,0,NONE,NO_CLICK
21602,0,0,NONE,NO_CLICK
21603,0,0,NONE,NO_CLICK
21604,0,0,NONE,NO_CLICK
21605,0,0,NONE,NO_CLICK
21606,0,0,NONE,NO_CLICK
21607,0,0,NONE,NO_CLICK
21608,0,0,NONE,NO_CLICK
21609,0,0,NONE,NO_CLICK
21610,0,0,NONE,NO_CLICK
21611,0,0,NONE,NO_CLICK
21612,0,0,NONE,NO_CLICK
21613,0,0,NONE,NO_CLICK
21614,0,0,NONE,NO_CLICK
21615,0,0,NONE,NO_CLICK
21616,0,0,NONE,NO_CLICK
21617,0,0,NONE,NO_CLICK
21618,0,0,NONE,NO_CLICK
21619,0,0,NONE,NO_CLICK
21620,0,0,NONE,NO_CLICK
21621,0,0,NONE,NO_CLICK
21622,0,0,NONE,NO_CLICK
21623,0,0,NONE,NO_CLICK
21624,0,0,NONE,NO_CLICK
21625,0,0,NONE,NO_CLICK
21626,0,0,NONE,NO_CLICK
21627,0,0,NONE,NO_CLICK
21628,0,0,NONE,NO_CLICK
21629,0,0,NONE,NO_CLICK
21630,0,0,NONE,NO_CLICK
21631,0,0,NONE,NO_CLICK
21632,0,0,NONE,NO_CLICK
21633,0,0,NONE,NO_CLICK
21634,0,0,NONE,NO_CLICK
21635,0,0,NONE,NO_CLICK
21636,0,0,NONE,NO_CLICK
21637,0,0,NONE,NO_CLICK
21638,0,0,NONE,NO_CLICK
21639,0,0,NONE,NO_CLICK
21640,0,0,NONE,NO_CLICK
21641,0,0,NONE,NO_CLICK
21642,0,0,NONE,NO_CLICK
21643,0,0,NONE,NO_CLICK
21644,0,0,NONE,NO_CLICK
21645,0,0,NONE,NO_CLICK
21646,0,0,NONE,NO_CLICK
21647,0,0,NONE,NO_CLICK
21648,0,0,NONE,NO_CLICK
21649,0,0,NONE,NO_CLICK
21650,0,0,NONE,NO_CLICK
21651,0,0,NONE,NO_CLICK
21652,0,0,NONE,NO_CLICK
21653,0,0,NONE,NO_CLICK
21654,0,0,NONE,NO_CLICK
21655,0,0,NONE,NO_CLICK
21656,0,0,NONE,NO_CLICK
21657,0,0,NONE,NO_CLICK
21658,0,0,NONE,NO_CLICK
21659,0,0,NONE,NO_CLICK
21660,0,0,NONE,NO_CLICK
21661,0,0,NONE,NO_CLICK
21662,0,0,NONE,NO_CLICK
21663,0,0,NONE,NO_CLICK
21664,0,0,NONE,NO_CLICK
21665,0,0,NONE,NO_CLICK
21666,0,0,NONE,NO_CLICK
21667,0,0,NONE,NO_CLICK
21668,0,0,NONE,NO_CLICK
21669,0,0,NONE,NO_CLICK
21670,0,0,NONE,NO_CLICK
21671,0,0,NONE,NO_CLICK
21672,0,0,NONE,NO_CLICK
21673,0,0,NONE,NO_CLICK
21674,0,0,NONE,NO_CLICK
21675,0,0,NONE,NO_CLICK
21676,0,0,NONE,NO_CLICK
21677,0,0,NONE,NO_CLICK
21678,0,0,NONE,NO_CLICK
21679,0,0,NONE,NO_CLICK
21680,0,0,NONE,NO_CLICK
21681,0,0,NONE,NO_CLICK
21682,0,0,NONE,NO_CLICK
21683,0,0,NONE,NO_CLICK
21684,0,0,NONE,NO_CLICK
21685,0,0,NONE,NO_CLICK
21686,0,0,NONE,NO_CLICK
21687,0,0,NONE,NO_CLICK
21688,0,0,NONE,NO_CLICK
21689,0,0,NONE,NO_CLICK
21690,0,0,NONE,NO_CLICK
21691,0,0,NONE,NO_CLICK
21692,0,0,NONE,NO_CLICK
21693,0,0,NONE,NO_CLICK
21694,0,0,NONE,NO_CLICK
21695,0,0,NONE,NO_CLICK
21696,0,0,NONE,NO_CLICK
21697,0,0,NONE,NO_CLICK
21698,0,0,NONE,NO_CLICK
21699,0,0,NONE,NO_CLICK
21700,0,0,NONE,NO_CLICK
21701,0,0,NONE,NO_CLICK
21702,0,0,NONE,NO_CLICK
21703,0,0,NONE,NO_CLICK
21704,0,0,NONE,NO_CLICK
21705,0,0,NONE,NO_CLICK
21706,0,0,NONE,NO_CLICK
21707,0,0,NONE,NO_CLICK
21708,0,0,NONE,NO_CLICK
21709,0,0,NONE,NO_CLICK
21710,0,0,NONE,NO_CLICK
21711,0,0,NONE,NO_CLICK
21712,0,0,NONE,NO_CLICK
21713,0,0,NONE,NO_CLICK
21714,0,0,NONE,NO_CLICK
21715,0,0,NONE,NO_CLICK
21716,0,0,NONE,NO_CLICK
21717,0,0,NONE,NO_CLICK
21718,0,0,NONE,NO_CLICK
21719,0,0,NONE,NO_CLICK
21720,0,0,NONE,NO_CLICK
21721,0,0,NONE,NO_CLICK
21722,0,0,NONE,NO_CLICK
21723,0,0,NONE,NO_CLICK
21724,0,0,NONE,NO_CLICK
21725,0,0,NONE,NO_CLICK
21726,0,0,NONE,NO_CLICK
21727,0,0,NONE,NO_CLICK
21728,0,0,NONE,NO_CLICK
21729,0,0,NONE,NO_CLICK
21730,0,0,NONE,NO_CLICK
21731,0,0,NONE,NO_CLICK
21732,0,0,NONE,NO_CLICK
21733,0,0,NONE,NO_CLICK
21734,0,0,NONE,NO_CLICK
21735,0,0,NONE,NO_CLICK
21736,0,0,NONE,NO_CLICK
21737,0,0,NONE,NO_CLICK
21738,0,0,NONE,NO_CLICK
21739,0,0,NONE,NO_CLICK
21740,0,0,NONE,NO_CLICK
21741,0,0,NONE,NO_CLICK
21742,0,0,NONE,NO_CLICK
21743,0,0,NONE,NO_CLICK
21744,0,0,NONE,NO_CLICK
21745,0,0,NONE,NO_CLICK
21746,0,0,NONE,NO_CLICK
21747,0,0,NONE,NO_CLICK
21748,0,0,NONE,NO_CLICK
21749,0,0,NONE,NO_CLICK
21750,0,0,NONE,NO_CLICK
21751,0,0,NONE,NO_CLICK
21752,0,0,NONE,NO_CLICK
21753,0,0,NONE,NO_CLICK
21754,0,0,NONE,NO_CLICK
21755,0,0,NONE,NO_CLICK
21756,0,0,NONE,NO_CLICK
21757,0,0,NONE,NO_CLICK
21758,0,0,NONE,NO_CLICK
21759,0,0,NONE,NO_CLICK
21760,0,0,NONE,NO_CLICK
21761,0,0,NONE,NO_CLICK
21762,0,1,D2,D2_CLICK
21763,0,1,D2,D2_CLICK
21764,0,1,D2,D2_CLICK
21765,0,1,D2,D2_CLICK
21766,0,1,D2,D2_CLICK
21767,0,1,D2,D2_CLICK
21768,0,1,D2,D2_CLICK
21769,0,1,D2,D2_CLICK
21770,0,1,D2,D2_CLICK
21771,0,1,D2,D2_CLICK
21772,0,1,D2,D2_CLICK
21773,0,1,D2,D2_CLICK
21774,0,1,D2,D2_CLICK
21775,0,1,D2,D2_CLICK
21776,0,1,D2,D2_CLICK
21777,0,1,D2,D2_CLICK
21778,0,1,D2,D2_CLICK
21779,0,1,D2,D2_CLICK
21780,0,1,D2,D2_CLICK
21781,0,1,D2,D2_CLICK
21782,0,1,D2,D2_CLICK
21783,0,1,D2,D2_CLICK
21784,0,1,D2,D2_CLICK
21785,0,1,D2,D2_CLICK
21786,0,1,D2,D2_CLICK
21787,0,1,D2,D2_CLICK
21788,0,1,D2,D2_CLICK
21789,0,1,D2,D2_CLICK
21790,0,1,D2,D2_CLICK
21791,0,1,D2,D2_CLICK
21792,0,1,D2,D2_CLICK
21793,0,1,D2,D2_CLICK
21794,0,1,D2,D2_CLICK
21795,0,1,D2,D2_CLICK
21796,0,1,D2,D2_CLICK
21797,0,1,D2,D2_CLICK
21798,0,1,D2,D2_CLICK
21799,0,1,D2,D2_CLICK
21800,0,0,NONE,NO_CLICK
21801,0,0,NONE,NO_CLICK
21802,0,0,NONE,NO_CLICK
21803,0,0,NONE,NO_CLICK
21804,0,0,NONE,NO_CLICK
21805,0,0,NONE,NO_CLICK
21806,0,0,NONE,NO_CLICK
21807,0,0,NONE,NO_CLICK
21808,0,0,NONE,NO_CLICK
21809,0,0,NONE,NO_CLICK
21810,0,0,NONE,NO_CLICK
21811,0,0,NONE,NO_CLICK
21812,0,0,NONE,NO_CLICK
21813,0,0,NONE,NO_CLICK
21814,0,0,NONE,NO_CLICK
21815,0,0,NONE,NO_CLICK
21816,0,0,NONE,NO_CLICK
21817,0,0,NONE,NO_CLICK
21818,0,0,NONE,NO_CLICK
21819,0,0,NONE,NO_CLICK
21820,0,0,NONE,NO_CLICK
21821,0,0,NONE,NO_CLICK
21822,0,0,NONE,NO_CLICK
21823,0,0,NONE,NO_CLICK
21824,0,0,NONE,NO_CLICK
21825,0,0,NONE,NO_CLICK
21826,0,0,NONE,NO_CLICK
21827,0,0,NONE,NO_CLICK
21828,0,0,NONE,NO_CLICK
21829,0,0,NONE,NO_CLICK
21830,0,0,NONE,NO_CLICK
21831,0,0,NONE,NO_CLICK
21832,0,0,NONE,NO_CLICK
21833,0,0,NONE,NO_CLICK
21834,0,0,NONE,NO_CLICK
21835,0,0,NONE,NO_CLICK
21836,0,0,NONE,NO_CLICK
21837,0,0,NONE,NO_CLICK
21838,0,0,NONE,NO_CLICK
21839,0,0,NONE,NO_CLICK
21840,0,0,NONE,NO_CLICK
21841,0,0,NONE,NO_CLICK
21842,0,0,NONE,NO_CLICK
21843,0,0,NONE,NO_CLICK
21844,0,0,NONE,NO_CLICK
21845,0,0,NONE,NO_CLICK
21846,0,0,NONE,NO_CLICK
21847,0,0,NONE,NO_CLICK
21848,0,0,NONE,NO_CLICK
21849,0,0,NONE,NO_CLICK
21850,0,0,NONE,NO_CLICK
21851,0,0,NONE,NO_CLICK
21852,0,0,NONE,NO_CLICK
21853,0,0,NONE,NO_CLICK
21854,0,0,NONE,NO_CLICK
21855,0,0,NONE,NO_CLICK
21856,0,0,NONE,NO_CLICK
21857,0,0,NONE,NO_CLICK
21858,1,0,D1,D1_CLICK
21859,1,0,D1,D1_CLICK
21860,1,0,D1,D1_CLICK
21861,1,0,D1,D1_CLICK
21862,1,0,D1,D1_CLICK
21863,1,0,D1,D1_CLICK
21864,1,0,D1,D1_CLICK
21865,1,0,D1,D1_CLICK
21866,1,0,D1,D1_CLICK
21867,1,0,D1,D1_CLICK
21868,1,0,D1,D1_CLICK
21869,1,0,D1,D1_CLICK
21870,1,0,D1,D1_CLICK
21871,1,0,D1,D1_CLICK
21872,1,0,D1,D1_CLICK
21873,1,0,D1,D1_CLICK
21874,1,0,D1,D1_CLICK
21875,1,0,D1,D1_CLICK
21876,1,0,D1,D1_CLICK
21877,1,0,D1,D1_CLICK
21878,1,0,D1,D1_CLICK
21879,1,0,D1,D1_CLICK
21880,1,0,D1,D1_CLICK
21881,1,0,D1,D1_CLICK
21882,1,0,D1,D1_CLICK
21883,1,0,D1,D1_CLICK
21884,1,0,D1,D1_CLICK
21885,1,0,D1,D1_CLICK
21886,1,0,D1,D1_CLICK
21887,1,0,D1,D1_CLICK
21888,1,0,D1,D1_CLICK
21889,1,0,D1,D1_CLICK
21890,1,0,D1,D1_CLICK
21891,1,0,D1,D1_CLICK
21892,1,0,D1,D1_CLICK
21893,1,0,D1,D1_CLICK
21894,1,0,D1,D1_CLICK
21895,1,0,D1,D1_CLICK
21896,0,0,NONE,NO_CLICK
21897,0,0,NONE,NO_CLICK
21898,0,0,NONE,NO_CLICK
21899,0,0,NONE,NO_CLICK
21900,0,0,NONE,NO_CLICK
21901,0,0,NONE,NO_CLICK
21902,0,0,NONE,NO_CLICK
21903,0,0,NONE,NO_CLICK
21904,0,0,NONE,NO_CLICK
21905,0,0,NONE,NO_CLICK
21906,0,0,NONE,NO_CLICK
21907,0,0,NONE,NO_CLICK
21908,0,0,NONE,NO_CLICK
21909,0,0,NONE,NO_CLICK
21910,0,0,NONE,NO_CLICK
21911,0,0,NONE,NO_CLICK
21912,0,0,NONE,NO_CLICK
21913,0,0,NONE,NO_CLICK
21914,0,0,NONE,NO_CLICK
21915,0,0,NONE,NO_CLICK
21916,0,0,NONE,NO_CLICK
21917,0,0,NONE,NO_CLICK
21918,0,0,NONE,NO_CLICK
21919,0,0,NONE,NO_CLICK
21920,0,0,NONE,NO_CLICK
21921,0,0,NONE,NO_CLICK
21922,0,0,NONE,NO_CLICK
21923,0,0,NONE,NO_CLICK
21924,0,0,NONE,NO_CLICK
21925,0,0,NONE,NO_CLICK
21926,0,0,NONE,NO_CLICK
21927,0,0,NONE,NO_CLICK
21928,0,0,NONE,NO_CLICK
21929,0,0,NONE,NO_CLICK
21930,0,0,NONE,NO_CLICK
21931,0,0,NONE,NO_CLICK
21932,0,0,NONE,NO_CLICK
21933,0,0,NONE,NO_CLICK
21934,0,0,NONE,NO_CLICK
21935,0,0,NONE,NO_CLICK
21936,0,0,NONE,NO_CLICK
21937,0,0,NONE,NO_CLICK
21938,0,0,NONE,NO_CLICK
21939,0,0,NONE,NO_CLICK
21940,0,0,NONE,NO_CLICK
21941,0,0,NONE,NO_CLICK
21942,0,0,NONE,NO_CLICK
21943,0,0,NONE,NO_CLICK
21944,0,0,NONE,NO_CLICK
21945,0,0,NONE,NO_CLICK
21946,0,0,NONE,NO_CLICK
21947,0,0,NONE,NO_CLICK
21948,0,0,NONE,NO_CLICK
21949,0,0,NONE,NO_CLICK
21950,0,0,NONE,NO_CLICK
21951,0,0,NONE,NO_CLICK
21952,0,0,NONE,NO_CLICK
21953,0,0,NONE,NO_CLICK
21954,0,0,NONE,NO_CLICK
21955,0,0,NONE,NO_CLICK
21956,0,0,NONE,NO_CLICK
21957,0,0,NONE,NO_CLICK
21958,0,0,NONE,NO_CLICK
21959,0,0,NONE,NO_CLICK
21960,0,0,NONE,NO_CLICK
21961,0,0,NONE,NO_CLICK
21962,0,0,NONE,NO_CLICK
21963,0,0,NONE,NO_CLICK
21964,0,0,NONE,NO_CLICK
21965,0,0,NONE,NO_CLICK
21966,0,0,NONE,NO_CLICK
21967,0,0,NONE,NO_CLICK
21968,0,0,NONE,NO_CLICK
21969,0,0,NONE,NO_CLICK
21970,0,0,NONE,NO_CLICK
21971,0,0,NONE,NO_CLICK
21972,0,0,NONE,NO_CLICK
21973,0,0,NONE,NO_CLICK
21974,0,0,NONE,NO_CLICK
21975,0,0,NONE,NO_CLICK
21976,0,0,NONE,NO_CLICK
21977,0,0,NONE,NO_CLICK
21978,0,0,NONE,NO_CLICK
21979,0,0,NONE,NO_CLICK
21980,0,0,NONE,NO_CLICK
21981,0,0,NONE,NO_CLICK
21982,0,0,NONE,NO_CLICK
21983,0,0,NONE,NO_CLICK
21984,0,0,NONE,NO_CLICK
21985,0,0,NONE,NO_CLICK
21986,0,1,D2,D2_CLICK
21987,0,1,D2,D2_CLICK
21988,0,1,D2,D2_CLICK
21989,0,1,D2,D2_CLICK
21990,0,1,D2,D2_CLICK
21991,0,1,D2,D2_CLICK
21992,0,1,D2,D2_CLICK
21993,0,1,D2,D2_CLICK
21994,0,1,D2,D2_CLICK
21995,0,1,D2,D2_CLICK
21996,0,1,D2,D2_CLICK
21997,0,1,D2,D2_CLICK
21998,0,1,D2,D2_CLICK
21999,0,1,D2,D2_CLICK
22000,0,1,D2,D2_CLICK
22001,0,1,D2,D2_CLICK
22002,0,1,D2,D2_CLICK
22003,0,1,D2,D2_CLICK
22004,0,1,D2,D2_CLICK
22005,0,1,D2,D2_CLICK
22006,0,1,D2,D2_CLICK
22007,0,1,D2,D2_CLICK
22008,0,1,D2,D2_CLICK
22009,0,1,D2,D2_CLICK
22010,0,1,D2,D2_CLICK
22011,0,1,D2,D2_CLICK
22012,0,1,D2,D2_CLICK
22013,0,1,D2,D2_CLICK
22014,0,1,D2,D2_CLICK
22015,0,1,D2,D2_CLICK
22016,0,1,D2,D2_CLICK
22017,0,1,D2,D2_CLICK
22018,0,1,D2,D2_CLICK
22019,0,1,D2,D2_CLICK
22020,0,1,D2,D2_CLICK
22021,0,1,D2,D2_CLICK
22022,0,1,D2,D2_CLICK
22023,0,1,D2,D2_CLICK
22024,0,0,NONE,NO_CLICK
22025,0,0,NONE,NO_CLICK
22026,0,0,NONE,NO_CLICK
22027,0,0,NONE,NO_CLICK
22028,0,0,NONE,NO_CLICK
22029,0,0,NONE,NO_CLICK
22030,0,0,NONE,NO_CLICK
22031,0,0,NONE,NO_CLICK
22032,0,0,NONE,NO_CLICK
22033,0,0,NONE,NO_CLICK
22034,0,0,NONE,NO_CLICK
22035,0,0,NONE,NO_CLICK
22036,0,0,NONE,NO_CLICK
22037,0,0,NONE,NO_CLICK
22038,0,0,NONE,NO_CLICK
22039,0,0,NONE,NO_CLICK
22040,0,0,NONE,NO_CLICK
22041,0,0,NONE,NO_CLICK
22042,0,0,NONE,NO_CLICK
22043,0,0,NONE,NO_CLICK
22044,0,0,NONE,NO_CLICK
22045,0,0,NONE,NO_CLICK
22046,0,0,NONE,NO_CLICK
22047,0,0,NONE,NO_CLICK
22048,0,0,NONE,NO_CLICK
22049,0,0,NONE,NO_CLICK
22050,0,0,NONE,NO_CLICK
22051,0,0,NONE,NO_CLICK
22052,0,0,NONE,NO_CLICK
22053,0,0,NONE,NO_CLICK
22054,0,0,NONE,NO_CLICK
22055,0,0,NONE,NO_CLICK
22056,0,0,NONE,NO_CLICK
22057,0,0,NONE,NO_CLICK
22058,0,0,NONE,NO_CLICK
22059,0,0,NONE,NO_CLICK
22060,0,0,NONE,NO_CLICK
22061,0,0,NONE,NO_CLICK
22062,0,0,NONE,NO_CLICK
22063,0,0,NONE,NO_CLICK
22064,0,0,NONE,NO_CLICK
22065,0,0,NONE,NO_CLICK
22066,0,0,NONE,NO_CLICK
22067,0,0,NONE,NO_CLICK
22068,0,0,NONE,NO_CLICK
22069,0,0,NONE,NO_CLICK
22070,0,0,NONE,NO_CLICK
22071,0,0,NONE,NO_CLICK
22072,0,0,NONE,NO_CLICK
22073,0,0,NONE,NO_CLICK
22074,0,0,NONE,NO_CLICK
22075,0,0,NONE,NO_CLICK
22076,0,0,NONE,NO_CLICK
22077,0,0,NONE,NO_CLICK
22078,0,0,NONE,NO_CLICK
22079,0,0,NONE,NO_CLICK
22080,0,0,NONE,NO_CLICK
22081,0,0,NONE,NO_CLICK
22082,0,0,NONE,NO_CLICK
22083,0,0,NONE,NO_CLICK
22084,0,0,NONE,NO_CLICK
22085,0,0,NONE,NO_CLICK
22086,0,0,NONE,NO_CLICK
22087,0,0,NONE,NO_CLICK
22088,0,0,NONE,NO_CLICK
22089,0,0,NONE,NO_CLICK
22090,0,0,NONE,NO_CLICK
22091,0,0,NONE,NO_CLICK
22092,0,0,NONE,NO_CLICK
22093,0,0,NONE,NO_CLICK
22094,0,0,NONE,NO_CLICK
22095,0,0,NONE,NO_CLICK
22096,0,0,NONE,NO_CLICK
22097,0,0,NONE,NO_CLICK
22098,0,0,NONE,NO_CLICK
22099,0,0,NONE,NO_CLICK
22100,0,0,NONE,NO_CLICK
22101,0,0,NONE,NO_CLICK
22102,0,0,NONE,NO_CLICK
22103,0,0,NONE,NO_CLICK
22104,0,0,NONE,NO_CLICK
22105,0,0,NONE,NO_CLICK
22106,0,0,NONE,NO_CLICK
22107,0,0,NONE,NO_CLICK
22108,0,0,NONE,NO_CLICK
22109,0,0,NONE,NO_CLICK
22110,0,0,NONE,NO_CLICK
22111,0,0,NONE,NO_CLICK
22112,0,0,NONE,NO_CLICK
22113,0,0,NONE,NO_CLICK
22114,0,1,D2,D2_CLICK
22115,0,1,D2,D2_CLICK
22116,0,1,D2,D2_CLICK
22117,0,1,D2,D2_CLICK
22118,0,1,D2,D2_CLICK
22119,0,1,D2,D2_CLICK
22120,0,1,D2,D2_CLICK
22121,0,1,D2,D2_CLICK
22122,0,1,D2,D2_CLICK
22123,0,1,D2,D2_CLICK
22124,0,1,D2,D2_CLICK
22125,0,1,D2,D2_CLICK
22126,0,1,D2,D2_CLICK
22127,0,1,D2,D2_CLICK
22128,0,1,D2,D2_CLICK
22129,0,1,D2,D2_CLICK
22130,0,1,D2,D2_CLICK
22131,0,1,D2,D2_CLICK
22132,0,1,D2,D2_CLICK
22133,0,1,D2,D2_CLICK
22134,0,1,D2,D2_CLICK
22135,0,1,D2,D2_CLICK
22136,0,1,D2,D2_CLICK
22137,0,1,D2,D2_CLICK
22138,0,1,D2,D2_CLICK
22139,0,1,D2,D2_CLICK
22140,0,1,D2,D2_CLICK
22141,0,1,D2,D2_CLICK
22142,0,1,D2,D2_CLICK
22143,0,1,D2,D2_CLICK
22144,0,1,D2,D2_CLICK
22145,0,1,D2,D2_CLICK
22146,0,1,D2,D2_CLICK
22147,0,1,D2,D2_CLICK
22148,0,1,D2,D2_CLICK
22149,0,1,D2,D2_CLICK
22150,0,1,D2,D2_CLICK
22151,0,1,D2,D2_CLICK
22152,0,0,NONE,NO_CLICK
22153,0,0,NONE,NO_CLICK
22154,0,0,NONE,NO_CLICK
22155,0,0,NONE,NO_CLICK
22156,0,0,NONE,NO_CLICK
22157,0,0,NONE,NO_CLICK
22158,0,0,NONE,NO_CLICK
22159,0,0,NONE,NO_CLICK
22160,0,0,NONE,NO_CLICK
22161,0,0,NONE,NO_CLICK
22162,0,0,NONE,NO_CLICK
22163,0,0,NONE,NO_CLICK
22164,0,0,NONE,NO_CLICK
22165,0,0,NONE,NO_CLICK
22166,0,0,NONE,NO_CLICK
22167,0,0,NONE,NO_CLICK
22168,0,0,NONE,NO_CLICK
22169,0,0,NONE,NO_CLICK
22170,0,0,NONE,NO_CLICK
22171,0,0,NONE,NO_CLICK
22172,0,0,NONE,NO_CLICK
22173,0,0,NONE,NO_CLICK
22174,0,0,NONE,NO_CLICK
22175,0,0,NONE,NO_CLICK
22176,0,0,NONE,NO_CLICK
22177,0,0,NONE,NO_CLICK
22178,0,0,NONE,NO_CLICK
22179,0,0,NONE,NO_CLICK
22180,0,0,NONE,NO_CLICK
22181,0,0,NONE,NO_CLICK
22182,0,0,NONE,NO_CLICK
22183,0,0,NONE,NO_CLICK
22184,0,0,NONE,NO_CLICK
22185,0,0,NONE,NO_CLICK
22186,0,0,NONE,NO_CLICK
22187,0,0,NONE,NO_CLICK
22188,0,0,NONE,NO_CLICK
22189,0,0,NONE,NO_CLICK
22190,0,0,NONE,NO_CLICK
22191,0,0,NONE,NO_CLICK
22192,0,0,NONE,NO_CLICK
22193,0,0,NONE,NO_CLICK
22194,0,0,NONE,NO_CLICK
22195,0,0,NONE,NO_CLICK
22196,0,0,NONE,NO_CLICK
22197,0,0,NONE,NO_CLICK
22198,0,0,NONE,NO_CLICK
22199,0,0,NONE,NO_CLICK
22200,0,0,NONE,NO_CLICK
22201,0,0,NONE,NO_CLICK
22202,0,0,NONE,NO_CLICK
22203,0,0,NONE,NO_CLICK
22204,0,0,NONE,NO_CLICK
22205,0,0,NONE,NO_CLICK
22206,0,0,NONE,NO_CLICK
22207,0,0,NONE,NO_CLICK
22208,0,0,NONE,NO_CLICK
22209,0,0,NONE,NO_CLICK
22210,0,0,NONE,NO_CLICK
22211,0,0,NONE,NO_CLICK
22212,0,0,NONE,NO_CLICK
22213,0,0,NONE,NO_CLICK
22214,0,0,NONE,NO_CLICK
22215,0,0,NONE,NO_CLICK
22216,0,0,NONE,NO_CLICK
22217,0,0,NONE,NO_CLICK
22218,0,0,NONE,NO_CLICK
22219,0,0,NONE,NO_CLICK
22220,0,0,NONE,NO_CLICK
22221,0,0,NONE,NO_CLICK
22222,0,0,NONE,NO_CLICK
22223,0,0,NONE,NO_CLICK
22224,0,0,NONE,NO_CLICK
22225,0,0,NONE,NO_CLICK
22226,0,0,NONE,NO_CLICK
22227,0,0,NONE,NO_CLICK
22228,0,0,NONE,NO_CLICK
22229,0,0,NONE,NO_CLICK
22230,0,0,NONE,NO_CLICK
22231,0,0,NONE,NO_CLICK
22232,0,0,NONE,NO_CLICK
22233,0,0,NONE,NO_CLICK
22234,0,0,NONE,NO_CLICK
22235,0,0,NONE,NO_CLICK
22236,0,0,NONE,NO_CLICK
22237,0,0,NONE,NO_CLICK
22238,0,0,NONE,NO_CLICK
22239,0,0,NONE,NO_CLICK
22240,0,0,NONE,NO_CLICK
22241,0,0,NONE,NO_CLICK
22242,1,0,D1,D1_CLICK
22243,1,0,D1,D1_CLICK
22244,1,0,D1,D1_CLICK
22245,1,0,D1,D1_CLICK
22246,1,0,D1,D1_CLICK
22247,1,0,D1,D1_CLICK
22248,1,0,D1,D1_CLICK
22249,1,0,D1,D1_CLICK
22250,1,0,D1,D1_CLICK
22251,1,0,D1,D1_CLICK
22252,1,0,D1,D1_CLICK
22253,1,0,D1,D1_CLICK
22254,1,0,D1,D1_CLICK
22255,1,0,D1,D1_CLICK
22256,1,0,D1,D1_CLICK
22257,1,0,D1,D1_CLICK
22258,1,0,D1,D1_CLICK
22259,1,0,D1,D1_CLICK
22260,1,0,D1,D1_CLICK
22261,1,0,D1,D1_CLICK
22262,1,0,D1,D1_CLICK
22263,1,0,D1,D1_CLICK
22264,1,0,D1,D1_CLICK
22265,1,0,D1,D1_CLICK
22266,1,0,D1,D1_CLICK
22267,1,0,D1,D1_CLICK
22268,1,0,D1,D1_CLICK
22269,1,0,D1,D1_CLICK
22270,1,0,D1,D1_CLICK
22271,1,0,D1,D1_CLICK
22272,1,0,D1,D1_CLICK
22273,1,0,D1,D1_CLICK
22274,1,0,D1,D1_CLICK
22275,1,0,D1,D1_CLICK
22276,1,0,D1,D1_CLICK
22277,1,0,D1,D1_CLICK
22278,1,0,D1,D1_CLICK
22279,1,0,D1,D1_CLICK
22280,0,0,NONE,NO_CLICK
22281,0,0,NONE,NO_CLICK
22282,0,0,NONE,NO_CLICK
22283,0,0,NONE,NO_CLICK
22284,0,0,NONE,NO_CLICK
22285,0,0,NONE,NO_CLICK
22286,0,0,NONE,NO_CLICK
22287,0,0,NONE,NO_CLICK
22288,0,0,NONE,NO_CLICK
22289,0,0,NONE,NO_CLICK
22290,0,0,NONE,NO_CLICK
22291,0,0,NONE,NO_CLICK
22292,0,0,NONE,NO_CLICK
22293,0,0,NONE,NO_CLICK
22294,0,0,NONE,NO_CLICK
22295,0,0,NONE,NO_CLICK
22296,0,0,NONE,NO_CLICK
22297,0,0,NONE,NO_CLICK
22298,0,0,NONE,NO_CLICK
22299,0,0,NONE,NO_CLICK
22300,0,0,NONE,NO_CLICK
22301,0,0,NONE,NO_CLICK
22302,0,0,NONE,NO_CLICK
22303,0,0,NONE,NO_CLICK
22304,0,0,NONE,NO_CLICK
22305,0,0,NONE,NO_CLICK
22306,0,1,D2,D2_CLICK
22307,0,1,D2,D2_CLICK
22308,0,1,D2,D2_CLICK
22309,0,1,D2,D2_CLICK
22310,0,1,D2,D2_CLICK
22311,0,1,D2,D2_CLICK
22312,0,1,D2,D2_CLICK
22313,0,1,D2,D2_CLICK
22314,0,1,D2,D2_CLICK
22315,0,1,D2,D2_CLICK
22316,0,1,D2,D2_CLICK
22317,0,1,D2,D2_CLICK
22318,0,1,D2,D2_CLICK
22319,0,1,D2,D2_CLICK
22320,0,1,D2,D2_CLICK
22321,0,1,D2,D2_CLICK
22322,0,1,D2,D2_CLICK
22323,0,1,D2,D2_CLICK
22324,0,1,D2,D2_CLICK
22325,0,1,D2,D2_CLICK
22326,0,1,D2,D2_CLICK
22327,0,1,D2,D2_CLICK
22328,0,1,D2,D2_CLICK
22329,0,1,D2,D2_CLICK
22330,0,1,D2,D2_CLICK
22331,0,1,D2,D2_CLICK
22332,0,1,D2,D2_CLICK
22333,0,1,D2,D2_CLICK
22334,0,1,D2,D2_CLICK
22335,0,1,D2,D2_CLICK
22336,0,1,D2,D2_CLICK
22337,0,1,D2,D2_CLICK
22338,0,1,D2,D2_CLICK
22339,0,1,D2,D2_CLICK
22340,0,1,D2,D2_CLICK
22341,0,1,D2,D2_CLICK
22342,0,1,D2,D2_CLICK
22343,0,1,D2,D2_CLICK
22344,0,0,NONE,NO_CLICK
22345,0,0,NONE,NO_CLICK
22346,0,0,NONE,NO_CLICK
22347,0,0,NONE,NO_CLICK
22348,0,0,NONE,NO_CLICK
22349,0,0,NONE,NO_CLICK
22350,0,0,NONE,NO_CLICK
22351,0,0,NONE,NO_CLICK
22352,0,0,NONE,NO_CLICK
22353,0,0,NONE,NO_CLICK
22354,0,0,NONE,NO_CLICK
22355,0,0,NONE,NO_CLICK
22356,0,0,NONE,NO_CLICK
22357,0,0,NONE,NO_CLICK
22358,0,0,NONE,NO_CLICK
22359,0,0,NONE,NO_CLICK
22360,0,0,NONE,NO_CLICK
22361,0,0,NONE,NO_CLICK
22362,0,0,NONE,NO_CLICK
22363,0,0,NONE,NO_CLICK
22364,0,0,NONE,NO_CLICK
22365,0,0,NONE,NO_CLICK
22366,0,0,NONE,NO_CLICK
22367,0,0,NONE,NO_CLICK
22368,0,0,NONE,NO_CLICK
22369,0,0,NONE,NO_CLICK
22370,0,0,NONE,NO_CLICK
22371,0,0,NONE,NO_CLICK
22372,0,0,NONE,NO_CLICK
22373,0,0,NONE,NO_CLICK
22374,0,0,NONE,NO_CLICK
22375,0,0,NONE,NO_CLICK
22376,0,0,NONE,NO_CLICK
22377,0,0,NONE,NO_CLICK
22378,0,0,NONE,NO_CLICK
22379,0,0,NONE,NO_CLICK
22380,0,0,NONE,NO_CLICK
22381,0,0,NONE,NO_CLICK
22382,0,0,NONE,NO_CLICK
22383,0,0,NONE,NO_CLICK
22384,0,0,NONE,NO_CLICK
22385,0,0,NONE,NO_CLICK
22386,0,0,NONE,NO_CLICK
22387,0,0,NONE,NO_CLICK
22388,0,0,NONE,NO_CLICK
22389,0,0,NONE,NO_CLICK
22390,0,0,NONE,NO_CLICK
22391,0,0,NONE,NO_CLICK
22392,0,0,NONE,NO_CLICK
22393,0,0,NONE,NO_CLICK
22394,0,0,NONE,NO_CLICK
22395,0,0,NONE,NO_CLICK
22396,0,0,NONE,NO_CLICK
22397,0,0,NONE,NO_CLICK
22398,0,0,NONE,NO_CLICK
22399,0,0,NONE,NO_CLICK
22400,0,0,NONE,NO_CLICK
22401,0,0,NONE,NO_CLICK
22402,0,0,NONE,NO_CLICK
22403,0,0,NONE,NO_CLICK
22404,0,0,NONE,NO_CLICK
22405,0,0,NONE,NO_CLICK
22406,0,0,NONE,NO_CLICK
22407,0,0,NONE,NO_CLICK
22408,0,0,NONE,NO_CLICK
22409,0,0,NONE,NO_CLICK
22410,0,0,NONE,NO_CLICK
22411,0,0,NONE,NO_CLICK
22412,0,0,NONE,NO_CLICK
22413,0,0,NONE,NO_CLICK
22414,0,0,NONE,NO_CLICK
22415,0,0,NONE,NO_CLICK
22416,0,0,NONE,NO_CLICK
22417,0,0,NONE,NO_CLICK
22418,0,0,NONE,NO_CLICK
22419,0,0,NONE,NO_CLICK
22420,0,0,NONE,NO_CLICK
22421,0,0,NONE,NO_CLICK
22422,0,0,NONE,NO_CLICK
22423,0,0,NONE,NO_CLICK
22424,0,0,NONE,NO_CLICK
22425,0,0,NONE,NO_CLICK
22426,0,0,NONE,NO_CLICK
22427,0,0,NONE,NO_CLICK
22428,0,0,NONE,NO_CLICK
22429,0,0,NONE,NO_CLICK
22430,0,0,NONE,NO_CLICK
22431,0,0,NONE,NO_CLICK
22432,0,0,NONE,NO_CLICK
22433,0,0,NONE,NO_CLICK
22434,0,0,NONE,NO_CLICK
22435,0,0,NONE,NO_CLICK
22436,0,0,NONE,NO_CLICK
22437,0,0,NONE,NO_CLICK
22438,0,0,NONE,NO_CLICK
22439,0,0,NONE,NO_CLICK
22440,0,0,NONE,NO_CLICK
22441,0,0,NONE,NO_CLICK
22442,0,0,NONE,NO_CLICK
22443,0,0,NONE,NO_CLICK
22444,0,0,NONE,NO_CLICK
22445,0,0,NONE,NO_CLICK
22446,0,0,NONE,NO_CLICK
22447,0,0,NONE,NO_CLICK
22448,0,0,NONE,NO_CLICK
22449,0,0,NONE,NO_CLICK
22450,0,0,NONE,NO_CLICK
22451,0,0,NONE,NO_CLICK
22452,0,0,NONE,NO_CLICK
22453,0,0,NONE,NO_CLICK
22454,0,0,NONE,NO_CLICK
22455,0,0,NONE,NO_CLICK
22456,0,0,NONE,NO_CLICK
22457,0,0,NONE,NO_CLICK
22458,0,0,NONE,NO_CLICK
22459,0,0,NONE,NO_CLICK
22460,0,0,NONE,NO_CLICK
22461,0,0,NONE,NO_CLICK
22462,0,0,NONE,NO_CLICK
22463,0,0,NONE,NO_CLICK
22464,0,0,NONE,NO_CLICK
22465,0,0,NONE,NO_CLICK
22466,0,1,D2,D2_CLICK
22467,0,1,D2,D2_CLICK
22468,0,1,D2,D2_CLICK
22469,0,1,D2,D2_CLICK
22470,0,1,D2,D2_CLICK
22471,0,1,D2,D2_CLICK
22472,0,1,D2,D2_CLICK
22473,0,1,D2,D2_CLICK
22474,0,1,D2,D2_CLICK
22475,0,1,D2,D2_CLICK
22476,0,1,D2,D2_CLICK
22477,0,1,D2,D2_CLICK
22478,0,1,D2,D2_CLICK
22479,0,1,D2,D2_CLICK
22480,0,1,D2,D2_CLICK
22481,0,1,D2,D2_CLICK
22482,0,1,D2,D2_CLICK
22483,0,1,D2,D2_CLICK
22484,0,1,D2,D2_CLICK
22485,0,1,D2,D2_CLICK
22486,0,1,D2,D2_CLICK
22487,0,1,D2,D2_CLICK
22488,0,1,D2,D2_CLICK
22489,0,1,D2,D2_CLICK
22490,0,1,D2,D2_CLICK
22491,0,1,D2,D2_CLICK
22492,0,1,D2,D2_CLICK
22493,0,1,D2,D2_CLICK
22494,0,1,D2,D2_CLICK
22495,0,1,D2,D2_CLICK
22496,0,1,D2,D2_CLICK
22497,0,1,D2,D2_CLICK
22498,0,1,D2,D2_CLICK
22499,0,1,D2,D2_CLICK
22500,0,1,D2,D2_CLICK
22501,0,1,D2,D2_CLICK
22502,0,1,D2,D2_CLICK
22503,0,1,D2,D2_CLICK
22504,0,0,NONE,NO_CLICK
22505,0,0,NONE,NO_CLICK
22506,0,0,NONE,NO_CLICK
22507,0,0,NONE,NO_CLICK
22508,0,0,NONE,NO_CLICK
22509,0,0,NONE,NO_CLICK
22510,0,0,NONE,NO_CLICK
22511,0,0,NONE,NO_CLICK
22512,0,0,NONE,NO_CLICK
22513,0,0,NONE,NO_CLICK
22514,0,0,NONE,NO_CLICK
22515,0,0,NONE,NO_CLICK
22516,0,0,NONE,NO_CLICK
22517,0,0,NONE,NO_CLICK
22518,0,0,NONE,NO_CLICK
22519,0,0,NONE,NO_CLICK
22520,0,0,NONE,NO_CLICK
22521,0,0,NONE,NO_CLICK
22522,0,0,NONE,NO_CLICK
22523,0,0,NONE,NO_CLICK
22524,0,0,NONE,NO_CLICK
22525,0,0,NONE,NO_CLICK
22526,0,0,NONE,NO_CLICK
22527,0,0,NONE,NO_CLICK
22528,0,0,NONE,NO_CLICK
22529,0,0,NONE,NO_CLICK
22530,0,0,NONE,NO_CLICK
22531,0,0,NONE,NO_CLICK
22532,0,0,NONE,NO_CLICK
22533,0,0,NONE,NO_CLICK
22534,0,0,NONE,NO_CLICK
22535,0,0,NONE,NO_CLICK
22536,0,0,NONE,NO_CLICK
22537,0,0,NONE,NO_CLICK
22538,0,0,NONE,NO_CLICK
22539,0,0,NONE,NO_CLICK
22540,0,0,NONE,NO_CLICK
22541,0,0,NONE,NO_CLICK
22542,0,0,NONE,NO_CLICK
22543,0,0,NONE,NO_CLICK
22544,0,0,NONE,NO_CLICK
22545,0,0,NONE,NO_CLICK
22546,0,0,NONE,NO_CLICK
22547,0,0,NONE,NO_CLICK
22548,0,0,NONE,NO_CLICK
22549,0,0,NONE,NO_CLICK
22550,0,0,NONE,NO_CLICK
22551,0,0,NONE,NO_CLICK
22552,0,0,NONE,NO_CLICK
22553,0,0,NONE,NO_CLICK
22554,0,0,NONE,NO_CLICK
22555,0,0,NONE,NO_CLICK
22556,0,0,NONE,NO_CLICK
22557,0,0,NONE,NO_CLICK
22558,0,0,NONE,NO_CLICK
22559,0,0,NONE,NO_CLICK
22560,0,0,NONE,NO_CLICK
22561,0,0,NONE,NO_CLICK
22562,0,0,NONE,NO_CLICK
22563,0,0,NONE,NO_CLICK
22564,0,0,NONE,NO_CLICK
22565,0,0,NONE,NO_CLICK
22566,0,0,NONE,NO_CLICK
22567,0,0,NONE,NO_CLICK
22568,0,0,NONE,NO_CLICK
22569,0,0,NONE,NO_CLICK
22570,0,0,NONE,NO_CLICK
22571,0,0,NONE,NO_CLICK
22572,0,0,NONE,NO_CLICK
22573,0,0,NONE,NO_CLICK
22574,0,0,NONE,NO_CLICK
22575,0,0,NONE,NO_CLICK
22576,0,0,NONE,NO_CLICK
22577,0,0,NONE,NO_CLICK
22578,0,0,NONE,NO_CLICK
22579,0,0,NONE,NO_CLICK
22580,0,0,NONE,NO_CLICK
22581,0,0,NONE,NO_CLICK
22582,0,0,NONE,NO_CLICK
22583,0,0,NONE,NO_CLICK
22584,0,0,NONE,NO_CLICK
22585,0,0,NONE,NO_CLICK
22586,0,0,NONE,NO_CLICK
22587,0,0,NONE,NO_CLICK
22588,0,0,NONE,NO_CLICK
22589,0,0,NONE,NO_CLICK
22590,0,0,NONE,NO_CLICK
22591,0,0,NONE,NO_CLICK
22592,0,0,NONE,NO_CLICK
22593,0,0,NONE,NO_CLICK
22594,0,0,NONE,NO_CLICK
22595,0,0,NONE,NO_CLICK
22596,0,0,NONE,NO_CLICK
22597,0,0,NONE,NO_CLICK
22598,0,0,NONE,NO_CLICK
22599,0,0,NONE,NO_CLICK
22600,0,0,NONE,NO_CLICK
22601,0,0,NONE,NO_CLICK
22602,0,0,NONE,NO_CLICK
22603,0,0,NONE,NO_CLICK
22604,0,0,NONE,NO_CLICK
22605,0,0,NONE,NO_CLICK
22606,0,0,NONE,NO_CLICK
22607,0,0,NONE,NO_CLICK
22608,0,0,NONE,NO_CLICK
22609,0,0,NONE,NO_CLICK
22610,0,0,NONE,NO_CLICK
22611,0,0,NONE,NO_CLICK
22612,0,0,NONE,NO_CLICK
22613,0,0,NONE,NO_CLICK
22614,0,0,NONE,NO_CLICK
22615,0,0,NONE,NO_CLICK
22616,0,0,NONE,NO_CLICK
22617,0,0,NONE,NO_CLICK
22618,0,0,NONE,NO_CLICK
22619,0,0,NONE,NO_CLICK
22620,0,0,NONE,NO_CLICK
22621,0,0,NONE,NO_CLICK
22622,0,0,NONE,NO_CLICK
22623,0,0,NONE,NO_CLICK
22624,0,0,NONE,NO_CLICK
22625,0,0,NONE,NO_CLICK
22626,0,0,NONE,NO_CLICK
22627,0,0,NONE,NO_CLICK
22628,0,0,NONE,NO_CLICK
22629,0,0,NONE,NO_CLICK
22630,0,0,NONE,NO_CLICK
22631,0,0,NONE,NO_CLICK
22632,0,0,NONE,NO_CLICK
22633,0,0,NONE,NO_CLICK
22634,0,0,NONE,NO_CLICK
22635,0,0,NONE,NO_CLICK
22636,0,0,NONE,NO_CLICK
22637,0,0,NONE,NO_CLICK
22638,0,0,NONE,NO_CLICK
22639,0,0,NONE,NO_CLICK
22640,0,0,NONE,NO_CLICK
22641,0,0,NONE,NO_CLICK
22642,0,0,NONE,NO_CLICK
22643,0,0,NONE,NO_CLICK
22644,0,0,NONE,NO_CLICK
22645,0,0,NONE,NO_CLICK
22646,0,0,NONE,NO_CLICK
22647,0,0,NONE,NO_CLICK
22648,0,0,NONE,NO_CLICK
22649,0,0,NONE,NO_CLICK
22650,0,0,NONE,NO_CLICK
22651,0,0,NONE,NO_CLICK
22652,0,0,NONE,NO_CLICK
22653,0,0,NONE,NO_CLICK
22654,0,0,NONE,NO_CLICK
22655,0,0,NONE,NO_CLICK
22656,0,0,NONE,NO_CLICK
22657,0,0,NONE,NO_CLICK
22658,1,0,D1,D1_CLICK
22659,1,0,D1,D1_CLICK
22660,1,0,D1,D1_CLICK
22661,1,0,D1,D1_CLICK
22662,1,0,D1,D1_CLICK
22663,1,0,D1,D1_CLICK
22664,1,0,D1,D1_CLICK
22665,1,0,D1,D1_CLICK
22666,1,0,D1,D1_CLICK
22667,1,0,D1,D1_CLICK
22668,1,0,D1,D1_CLICK
22669,1,0,D1,D1_CLICK
22670,1,0,D1,D1_CLICK
22671,1,0,D1,D1_CLICK
22672,1,0,D1,D1_CLICK
22673,1,0,D1,D1_CLICK
22674,1,0,D1,D1_CLICK
22675,1,0,D1,D1_CLICK
22676,1,0,D1,D1_CLICK
22677,1,0,D1,D1_CLICK
22678,1,0,D1,D1_CLICK
22679,1,0,D1,D1_CLICK
22680,1,0,D1,D1_CLICK
22681,1,0,D1,D1_CLICK
22682,1,0,D1,D1_CLICK
22683,1,0,D1,D1_CLICK
22684,1,0,D1,D1_CLICK
22685,1,0,D1,D1_CLICK
22686,1,0,D1,D1_CLICK
22687,1,0,D1,D1_CLICK
22688,1,0,D1,D1_CLICK
22689,1,0,D1,D1_CLICK
22690,1,0,D1,D1_CLICK
22691,1,0,D1,D1_CLICK
22692,1,0,D1,D1_CLICK
22693,1,0,D1,D1_CLICK
22694,1,0,D1,D1_CLICK
22695,1,0,D1,D1_CLICK
22696,0,0,NONE,NO_CLICK
22697,0,0,NONE,NO_CLICK
22698,0,0,NONE,NO_CLICK
22699,0,0,NONE,NO_CLICK
22700,0,0,NONE,NO_CLICK
22701,0,0,NONE,NO_CLICK
22702,0,0,NONE,NO_CLICK
22703,0,0,NONE,NO_CLICK
22704,0,0,NONE,NO_CLICK
22705,0,0,NONE,NO_CLICK
22706,0,0,NONE,NO_CLICK
22707,0,0,NONE,NO_CLICK
22708,0,0,NONE,NO_CLICK
22709,0,0,NONE,NO_CLICK
22710,0,0,NONE,NO_CLICK
22711,0,0,NONE,NO_CLICK
22712,0,0,NONE,NO_CLICK
22713,0,0,NONE,NO_CLICK
22714,0,0,NONE,NO_CLICK
22715,0,0,NONE,NO_CLICK
22716,0,0,NONE,NO_CLICK
22717,0,0,NONE,NO_CLICK
22718,0,0,NONE,NO_CLICK
22719,0,0,NONE,NO_CLICK
22720,0,0,NONE,NO_CLICK
22721,0,0,NONE,NO_CLICK
22722,0,0,NONE,NO_CLICK
22723,0,0,NONE,NO_CLICK
22724,0,0,NONE,NO_CLICK
22725,0,0,NONE,NO_CLICK
22726,0,0,NONE,NO_CLICK
22727,0,0,NONE,NO_CLICK
22728,0,0,NONE,NO_CLICK
22729,0,0,NONE,NO_CLICK
22730,0,0,NONE,NO_CLICK
22731,0,0,NONE,NO_CLICK
22732,0,0,NONE,NO_CLICK
22733,0,0,NONE,NO_CLICK
22734,0,0,NONE,NO_CLICK
22735,0,0,NONE,NO_CLICK
22736,0,0,NONE,NO_CLICK
22737,0,0,NONE,NO_CLICK
22738,0,0,NONE,NO_CLICK
22739,0,0,NONE,NO_CLICK
22740,0,0,NONE,NO_CLICK
22741,0,0,NONE,NO_CLICK
22742,0,0,NONE,NO_CLICK
22743,0,0,NONE,NO_CLICK
22744,0,0,NONE,NO_CLICK
22745,0,0,NONE,NO_CLICK
22746,0,0,NONE,NO_CLICK
22747,0,0,NONE,NO_CLICK
22748,0,0,NONE,NO_CLICK
22749,0,0,NONE,NO_CLICK
22750,0,0,NONE,NO_CLICK
22751,0,0,NONE,NO_CLICK
22752,0,0,NONE,NO_CLICK
22753,0,0,NONE,NO_CLICK
22754,0,0,NONE,NO_CLICK
22755,0,0,NONE,NO_CLICK
22756,0,0,NONE,NO_CLICK
22757,0,0,NONE,NO_CLICK
22758,0,0,NONE,NO_CLICK
22759,0,0,NONE,NO_CLICK
22760,0,0,NONE,NO_CLICK
22761,0,0,NONE,NO_CLICK
22762,0,0,NONE,NO_CLICK
22763,0,0,NONE,NO_CLICK
22764,0,0,NONE,NO_CLICK
22765,0,0,NONE,NO_CLICK
22766,0,0,NONE,NO_CLICK
22767,0,0,NONE,NO_CLICK
22768,0,0,NONE,NO_CLICK
22769,0,0,NONE,NO_CLICK
22770,0,0,NONE,NO_CLICK
22771,0,0,NONE,NO_CLICK
22772,0,0,NONE,NO_CLICK
22773,0,0,NONE,NO_CLICK
22774,0,0,NONE,NO_CLICK
22775,0,0,NONE,NO_CLICK
22776,0,0,NONE,NO_CLICK
22777,0,0,NONE,NO_CLICK
22778,0,0,NONE,NO_CLICK
22779,0,0,NONE,NO_CLICK
22780,0,0,NONE,NO_CLICK
22781,0,0,NONE,NO_CLICK
22782,0,0,NONE,NO_CLICK
22783,0,0,NONE,NO_CLICK
22784,0,0,NONE,NO_CLICK
22785,0,0,NONE,NO_CLICK
22786,0,0,NONE,NO_CLICK
22787,0,0,NONE,NO_CLICK
22788,0,0,NONE,NO_CLICK
22789,0,0,NONE,NO_CLICK
22790,0,0,NONE,NO_CLICK
22791,0,0,NONE,NO_CLICK
22792,0,0,NONE,NO_CLICK
22793,0,0,NONE,NO_CLICK
22794,0,0,NONE,NO_CLICK
22795,0,0,NONE,NO_CLICK
22796,0,0,NONE,NO_CLICK
22797,0,0,NONE,NO_CLICK
22798,0,0,NONE,NO_CLICK
22799,0,0,NONE,NO_CLICK
22800,0,0,NONE,NO_CLICK
22801,0,0,NONE,NO_CLICK
22802,0,0,NONE,NO_CLICK
22803,0,0,NONE,NO_CLICK
22804,0,0,NONE,NO_CLICK
22805,0,0,NONE,NO_CLICK
22806,0,0,NONE,NO_CLICK
22807,0,0,NONE,NO_CLICK
22808,0,0,NONE,NO_CLICK
22809,0,0,NONE,NO_CLICK
22810,0,0,NONE,NO_CLICK
22811,0,0,NONE,NO_CLICK
22812,0,0,NONE,NO_CLICK
22813,0,0,NONE,NO_CLICK
22814,0,0,NONE,NO_CLICK
22815,0,0,NONE,NO_CLICK
22816,0,0,NONE,NO_CLICK
22817,0,0,NONE,NO_CLICK
22818,0,0,NONE,NO_CLICK
22819,0,0,NONE,NO_CLICK
22820,0,0,NONE,NO_CLICK
22821,0,0,NONE,NO_CLICK
22822,0,0,NONE,NO_CLICK
22823,0,0,NONE,NO_CLICK
22824,0,0,NONE,NO_CLICK
22825,0,0,NONE,NO_CLICK
22826,0,0,NONE,NO_CLICK
22827,0,0,NONE,NO_CLICK
22828,0,0,NONE,NO_CLICK
22829,0,0,NONE,NO_CLICK
22830,0,0,NONE,NO_CLICK
22831,0,0,NONE,NO_CLICK
22832,0,0,NONE,NO_CLICK
22833,0,0,NONE,NO_CLICK
22834,0,0,NONE,NO_CLICK
22835,0,0,NONE,NO_CLICK
22836,0,0,NONE,NO_CLICK
22837,0,0,NONE,NO_CLICK
22838,0,0,NONE,NO_CLICK
22839,0,0,NONE,NO_CLICK
22840,0,0,NONE,NO_CLICK
22841,0,0,NONE,NO_CLICK
22842,0,0,NONE,NO_CLICK
22843,0,0,NONE,NO_CLICK
22844,0,0,NONE,NO_CLICK
22845,0,0,NONE,NO_CLICK
22846,0,0,NONE,NO_CLICK
22847,0,0,NONE,NO_CLICK
22848,0,0,NONE,NO_CLICK
22849,0,0,NONE,NO_CLICK
22850,0,0,NONE,NO_CLICK
22851,0,0,NONE,NO_CLICK
22852,0,0,NONE,NO_CLICK
22853,0,0,NONE,NO_CLICK
22854,0,0,NONE,NO_CLICK
22855,0,0,NONE,NO_CLICK
22856,0,0,NONE,NO_CLICK
22857,0,0,NONE,NO_CLICK
22858,0,0,NONE,NO_CLICK
22859,0,0,NONE,NO_CLICK
22860,0,0,NONE,NO_CLICK
22861,0,0,NONE,NO_CLICK
22862,0,0,NONE,NO_CLICK
22863,0,0,NONE,NO_CLICK
22864,0,0,NONE,NO_CLICK
22865,0,0,NONE,NO_CLICK
22866,0,0,NONE,NO_CLICK
22867,0,0,NONE,NO_CLICK
22868,0,0,NONE,NO_CLICK
22869,0,0,NONE,NO_CLICK
22870,0,0,NONE,NO_CLICK
22871,0,0,NONE,NO_CLICK
22872,0,0,NONE,NO_CLICK
22873,0,0,NONE,NO_CLICK
22874,0,0,NONE,NO_CLICK
22875,0,0,NONE,NO_CLICK
22876,0,0,NONE,NO_CLICK
22877,0,0,NONE,NO_CLICK
22878,0,0,NONE,NO_CLICK
22879,0,0,NONE,NO_CLICK
22880,0,0,NONE,NO_CLICK
22881,0,0,NONE,NO_CLICK
22882,0,0,NONE,NO_CLICK
22883,0,0,NONE,NO_CLICK
22884,0,0,NONE,NO_CLICK
22885,0,0,NONE,NO_CLICK
22886,0,0,NONE,NO_CLICK
22887,0,0,NONE,NO_CLICK
22888,0,0,NONE,NO_CLICK
22889,0,0,NONE,NO_CLICK
22890,0,0,NONE,NO_CLICK
22891,0,0,NONE,NO_CLICK
22892,0,0,NONE,NO_CLICK
22893,0,0,NONE,NO_CLICK
22894,0,0,NONE,NO_CLICK
22895,0,0,NONE,NO_CLICK
22896,0,0,NONE,NO_CLICK
22897,0,0,NONE,NO_CLICK
22898,0,0,NONE,NO_CLICK
22899,0,0,NONE,NO_CLICK
22900,0,0,NONE,NO_CLICK
22901,0,0,NONE,NO_CLICK
22902,0,0,NONE,NO_CLICK
22903,0,0,NONE,NO_CLICK
22904,0,0,NONE,NO_CLICK
22905,0,0,NONE,NO_CLICK
22906,0,0,NONE,NO_CLICK
22907,0,0,NONE,NO_CLICK
22908,0,0,NONE,NO_CLICK
22909,0,0,NONE,NO_CLICK
22910,0,0,NONE,NO_CLICK
22911,0,0,NONE,NO_CLICK
22912,0,0,NONE,NO_CLICK
22913,0,0,NONE,NO_CLICK
22914,0,0,NONE,NO_CLICK
22915,0,0,NONE,NO_CLICK
22916,0,0,NONE,NO_CLICK
22917,0,0,NONE,NO_CLICK
22918,0,0,NONE,NO_CLICK
22919,0,0,NONE,NO_CLICK
22920,0,0,NONE,NO_CLICK
22921,0,0,NONE,NO_CLICK
22922,0,0,NONE,NO_CLICK
22923,0,0,NONE,NO_CLICK
22924,0,0,NONE,NO_CLICK
22925,0,0,NONE,NO_CLICK
22926,0,0,NONE,NO_CLICK
22927,0,0,NONE,NO_CLICK
22928,0,0,NONE,NO_CLICK
22929,0,0,NONE,NO_CLICK
22930,0,0,NONE,NO_CLICK
22931,0,0,NONE,NO_CLICK
22932,0,0,NONE,NO_CLICK
22933,0,0,NONE,NO_CLICK
22934,0,0,NONE,NO_CLICK
22935,0,0,NONE,NO_CLICK
22936,0,0,NONE,NO_CLICK
22937,0,0,NONE,NO_CLICK
22938,0,0,NONE,NO_CLICK
22939,0,0,NONE,NO_CLICK
22940,0,0,NONE,NO_CLICK
22941,0,0,NONE,NO_CLICK
22942,0,0,NONE,NO_CLICK
22943,0,0,NONE,NO_CLICK
22944,0,0,NONE,NO_CLICK
22945,0,0,NONE,NO_CLICK
22946,0,0,NONE,NO_CLICK
22947,0,0,NONE,NO_CLICK
22948,0,0,NONE,NO_CLICK
22949,0,0,NONE,NO_CLICK
22950,0,0,NONE,NO_CLICK
22951,0,0,NONE,NO_CLICK
22952,0,0,NONE,NO_CLICK
22953,0,0,NONE,NO_CLICK
22954,0,0,NONE,NO_CLICK
22955,0,0,NONE,NO_CLICK
22956,0,0,NONE,NO_CLICK
22957,0,0,NONE,NO_CLICK
22958,0,0,NONE,NO_CLICK
22959,0,0,NONE,NO_CLICK
22960,0,0,NONE,NO_CLICK
22961,0,0,NONE,NO_CLICK
22962,0,0,NONE,NO_CLICK
22963,0,0,NONE,NO_CLICK
22964,0,0,NONE,NO_CLICK
22965,0,0,NONE,NO_CLICK
22966,0,0,NONE,NO_CLICK
22967,0,0,NONE,NO_CLICK
22968,0,0,NONE,NO_CLICK
22969,0,0,NONE,NO_CLICK
22970,0,0,NONE,NO_CLICK
22971,0,0,NONE,NO_CLICK
22972,0,0,NONE,NO_CLICK
22973,0,0,NONE,NO_CLICK
22974,0,0,NONE,NO_CLICK
22975,0,0,NONE,NO_CLICK
22976,0,0,NONE,NO_CLICK
22977,0,0,NONE,NO_CLICK
22978,0,1,D2,D2_CLICK
22979,0,1,D2,D2_CLICK
22980,0,1,D2,D2_CLICK
22981,0,1,D2,D2_CLICK
22982,0,1,D2,D2_CLICK
22983,0,1,D2,D2_CLICK
22984,0,1,D2,D2_CLICK
22985,0,1,D2,D2_CLICK
22986,0,1,D2,D2_CLICK
22987,0,1,D2,D2_CLICK
22988,0,1,D2,D2_CLICK
22989,0,1,D2,D2_CLICK
22990,0,1,D2,D2_CLICK
22991,0,1,D2,D2_CLICK
22992,0,1,D2,D2_CLICK
22993,0,1,D2,D2_CLICK
22994,0,1,D2,D2_CLICK
22995,0,1,D2,D2_CLICK
22996,0,1,D2,D2_CLICK
22997,0,1,D2,D2_CLICK
22998,0,1,D2,D2_CLICK
22999,0,1,D2,D2_CLICK
23000,0,1,D2,D2_CLICK
23001,0,1,D2,D2_CLICK
23002,0,1,D2,D2_CLICK
23003,0,1,D2,D2_CLICK
23004,0,1,D2,D2_CLICK
23005,0,1,D2,D2_CLICK
23006,0,1,D2,D2_CLICK
23007,0,1,D2,D2_CLICK
23008,0,1,D2,D2_CLICK
23009,0,1,D2,D2_CLICK
23010,0,1,D2,D2_CLICK
23011,0,1,D2,D2_CLICK
23012,0,1,D2,D2_CLICK
23013,0,1,D2,D2_CLICK
23014,0,1,D2,D2_CLICK
23015,0,1,D2,D2_CLICK
23016,0,0,NONE,NO_CLICK
23017,0,0,NONE,NO_CLICK
23018,0,0,NONE,NO_CLICK
23019,0,0,NONE,NO_CLICK
23020,0,0,NONE,NO_CLICK
23021,0,0,NONE,NO_CLICK
23022,0,0,NONE,NO_CLICK
23023,0,0,NONE,NO_CLICK
23024,0,0,NONE,NO_CLICK
23025,0,0,NONE,NO_CLICK
23026,0,0,NONE,NO_CLICK
23027,0,0,NONE,NO_CLICK
23028,0,0,NONE,NO_CLICK
23029,0,0,NONE,NO_CLICK
23030,0,0,NONE,NO_CLICK
23031,0,0,NONE,NO_CLICK
23032,0,0,NONE,NO_CLICK
23033,0,0,NONE,NO_CLICK
23034,0,0,NONE,NO_CLICK
23035,0,0,NONE,NO_CLICK
23036,0,0,NONE,NO_CLICK
23037,0,0,NONE,NO_CLICK
23038,0,0,NONE,NO_CLICK
23039,0,0,NONE,NO_CLICK
23040,0,0,NONE,NO_CLICK
23041,0,0,NONE,NO_CLICK
23042,0,0,NONE,NO_CLICK
23043,0,0,NONE,NO_CLICK
23044,0,0,NONE,NO_CLICK
23045,0,0,NONE,NO_CLICK
23046,0,0,NONE,NO_CLICK
23047,0,0,NONE,NO_CLICK
23048,0,0,NONE,NO_CLICK
23049,0,0,NONE,NO_CLICK
23050,0,0,NONE,NO_CLICK
23051,0,0,NONE,NO_CLICK
23052,0,0,NONE,NO_CLICK
23053,0,0,NONE,NO_CLICK
23054,0,0,NONE,NO_CLICK
23055,0,0,NONE,NO_CLICK
23056,0,0,NONE,NO_CLICK
23057,0,0,NONE,NO_CLICK
23058,0,0,NONE,NO_CLICK
23059,0,0,NONE,NO_CLICK
23060,0,0,NONE,NO_CLICK
23061,0,0,NONE,NO_CLICK
23062,0,0,NONE,NO_CLICK
23063,0,0,NONE,NO_CLICK
23064,0,0,NONE,NO_CLICK
23065,0,0,NONE,NO_CLICK
23066,0,0,NONE,NO_CLICK
23067,0,0,NONE,NO_CLICK
23068,0,0,NONE,NO_CLICK
23069,0,0,NONE,NO_CLICK
23070,0,0,NONE,NO_CLICK
23071,0,0,NONE,NO_CLICK
23072,0,0,NONE,NO_CLICK
23073,0,0,NONE,NO_CLICK
23074,0,0,NONE,NO_CLICK
23075,0,0,NONE,NO_CLICK
23076,0,0,NONE,NO_CLICK
23077,0,0,NONE,NO_CLICK
23078,0,0,NONE,NO_CLICK
23079,0,0,NONE,NO_CLICK
23080,0,0,NONE,NO_CLICK
23081,0,0,NONE,NO_CLICK
23082,0,0,NONE,NO_CLICK
23083,0,0,NONE,NO_CLICK
23084,0,0,NONE,NO_CLICK
23085,0,0,NONE,NO_CLICK
23086,0,0,NONE,NO_CLICK
23087,0,0,NONE,NO_CLICK
23088,0,0,NONE,NO_CLICK
23089,0,0,NONE,NO_CLICK
23090,0,0,NONE,NO_CLICK
23091,0,0,NONE,NO_CLICK
23092,0,0,NONE,NO_CLICK
23093,0,0,NONE,NO_CLICK
23094,0,0,NONE,NO_CLICK
23095,0,0,NONE,NO_CLICK
23096,0,0,NONE,NO_CLICK
23097,0,0,NONE,NO_CLICK
23098,0,0,NONE,NO_CLICK
23099,0,0,NONE,NO_CLICK
23100,0,0,NONE,NO_CLICK
23101,0,0,NONE,NO_CLICK
23102,0,0,NONE,NO_CLICK
23103,0,0,NONE,NO_CLICK
23104,0,0,NONE,NO_CLICK
23105,0,0,NONE,NO_CLICK
23106,0,0,NONE,NO_CLICK
23107,0,0,NONE,NO_CLICK
23108,0,0,NONE,NO_CLICK
23109,0,0,NONE,NO_CLICK
23110,0,0,NONE,NO_CLICK
23111,0,0,NONE,NO_CLICK
23112,0,0,NONE,NO_CLICK
23113,0,0,NONE,NO_CLICK
23114,0,0,NONE,NO_CLICK
23115,0,0,NONE,NO_CLICK
23116,0,0,NONE,NO_CLICK
23117,0,0,NONE,NO_CLICK
23118,0,0,NONE,NO_CLICK
23119,0,0,NONE,NO_CLICK
23120,0,0,NONE,NO_CLICK
23121,0,0,NONE,NO_CLICK
23122,0,0,NONE,NO_CLICK
23123,0,0,NONE,NO_CLICK
23124,0,0,NONE,NO_CLICK
23125,0,0,NONE,NO_CLICK
23126,0,0,NONE,NO_CLICK
23127,0,0,NONE,NO_CLICK
23128,0,0,NONE,NO_CLICK
23129,0,0,NONE,NO_CLICK
23130,0,0,NONE,NO_CLICK
23131,0,0,NONE,NO_CLICK
23132,0,0,NONE,NO_CLICK
23133,0,0,NONE,NO_CLICK
23134,0,0,NONE,NO_CLICK
23135,0,0,NONE,NO_CLICK
23136,0,0,NONE,NO_CLICK
23137,0,0,NONE,NO_CLICK
23138,0,0,NONE,NO_CLICK
23139,0,0,NONE,NO_CLICK
23140,0,0,NONE,NO_CLICK
23141,0,0,NONE,NO_CLICK
23142,0,0,NONE,NO_CLICK
23143,0,0,NONE,NO_CLICK
23144,0,0,NONE,NO_CLICK
23145,0,0,NONE,NO_CLICK
23146,0,0,NONE,NO_CLICK
23147,0,0,NONE,NO_CLICK
23148,0,0,NONE,NO_CLICK
23149,0,0,NONE,NO_CLICK
23150,0,0,NONE,NO_CLICK
23151,0,0,NONE,NO_CLICK
23152,0,0,NONE,NO_CLICK
23153,0,0,NONE,NO_CLICK
23154,0,0,NONE,NO_CLICK
23155,0,0,NONE,NO_CLICK
23156,0,0,NONE,NO_CLICK
23157,0,0,NONE,NO_CLICK
23158,0,0,NONE,NO_CLICK
23159,0,0,NONE,NO_CLICK
23160,0,0,NONE,NO_CLICK
23161,0,0,NONE,NO_CLICK
23162,0,0,NONE,NO_CLICK
23163,0,0,NONE,NO_CLICK
23164,0,0,NONE,NO_CLICK
23165,0,0,NONE,NO_CLICK
23166,0,0,NONE,NO_CLICK
23167,0,0,NONE,NO_CLICK
23168,0,0,NONE,NO_CLICK
23169,0,0,NONE,NO_CLICK
23170,0,0,NONE,NO_CLICK
23171,0,0,NONE,NO_CLICK
23172,0,0,NONE,NO_CLICK
23173,0,0,NONE,NO_CLICK
23174,0,0,NONE,NO_CLICK
23175,0,0,NONE,NO_CLICK
23176,0,0,NONE,NO_CLICK
23177,0,0,NONE,NO_CLICK
23178,0,0,NONE,NO_CLICK
23179,0,0,NONE,NO_CLICK
23180,0,0,NONE,NO_CLICK
23181,0,0,NONE,NO_CLICK
23182,0,0,NONE,NO_CLICK
23183,0,0,NONE,NO_CLICK
23184,0,0,NONE,NO_CLICK
23185,0,0,NONE,NO_CLICK
23186,0,0,NONE,NO_CLICK
23187,0,0,NONE,NO_CLICK
23188,0,0,NONE,NO_CLICK
23189,0,0,NONE,NO_CLICK
23190,0,0,NONE,NO_CLICK
23191,0,0,NONE,NO_CLICK
23192,0,0,NONE,NO_CLICK
23193,0,0,NONE,NO_CLICK
23194,0,0,NONE,NO_CLICK
23195,0,0,NONE,NO_CLICK
23196,0,0,NONE,NO_CLICK
23197,0,0,NONE,NO_CLICK
23198,0,0,NONE,NO_CLICK
23199,0,0,NONE,NO_CLICK
23200,0,0,NONE,NO_CLICK
23201,0,0,NONE,NO_CLICK
23202,0,0,NONE,NO_CLICK
23203,0,0,NONE,NO_CLICK
23204,0,0,NONE,NO_CLICK
23205,0,0,NONE,NO_CLICK
23206,0,0,NONE,NO_CLICK
23207,0,0,NONE,NO_CLICK
23208,0,0,NONE,NO_CLICK
23209,0,0,NONE,NO_CLICK
23210,0,0,NONE,NO_CLICK
23211,0,0,NONE,NO_CLICK
23212,0,0,NONE,NO_CLICK
23213,0,0,NONE,NO_CLICK
23214,0,0,NONE,NO_CLICK
23215,0,0,NONE,NO_CLICK
23216,0,0,NONE,NO_CLICK
23217,0,0,NONE,NO_CLICK
23218,0,0,NONE,NO_CLICK
23219,0,0,NONE,NO_CLICK
23220,0,0,NONE,NO_CLICK
23221,0,0,NONE,NO_CLICK
23222,0,0,NONE,NO_CLICK
23223,0,0,NONE,NO_CLICK
23224,0,0,NONE,NO_CLICK
23225,0,0,NONE,NO_CLICK
23226,0,0,NONE,NO_CLICK
23227,0,0,NONE,NO_CLICK
23228,0,0,NONE,NO_CLICK
23229,0,0,NONE,NO_CLICK
23230,0,0,NONE,NO_CLICK
23231,0,0,NONE,NO_CLICK
23232,0,0,NONE,NO_CLICK
23233,0,0,NONE,NO_CLICK
23234,0,0,NONE,NO_CLICK
23235,0,0,NONE,NO_CLICK
23236,0,0,NONE,NO_CLICK
23237,0,0,NONE,NO_CLICK
23238,0,0,NONE,NO_CLICK
23239,0,0,NONE,NO_CLICK
23240,0,0,NONE,NO_CLICK
23241,0,0,NONE,NO_CLICK
23242,0,0,NONE,NO_CLICK
23243,0,0,NONE,NO_CLICK
23244,0,0,NONE,NO_CLICK
23245,0,0,NONE,NO_CLICK
23246,0,0,NONE,NO_CLICK
23247,0,0,NONE,NO_CLICK
23248,0,0,NONE,NO_CLICK
23249,0,0,NONE,NO_CLICK
23250,0,0,NONE,NO_CLICK
23251,0,0,NONE,NO_CLICK
23252,0,0,NONE,NO_CLICK
23253,0,0,NONE,NO_CLICK
23254,0,0,NONE,NO_CLICK
23255,0,0,NONE,NO_CLICK
23256,0,0,NONE,NO_CLICK
23257,0,0,NONE,NO_CLICK
23258,0,0,NONE,NO_CLICK
23259,0,0,NONE,NO_CLICK
23260,0,0,NONE,NO_CLICK
23261,0,0,NONE,NO_CLICK
23262,0,0,NONE,NO_CLICK
23263,0,0,NONE,NO_CLICK
23264,0,0,NONE,NO_CLICK
23265,0,0,NONE,NO_CLICK
23266,0,0,NONE,NO_CLICK
23267,0,0,NONE,NO_CLICK
23268,0,0,NONE,NO_CLICK
23269,0,0,NONE,NO_CLICK
23270,0,0,NONE,NO_CLICK
23271,0,0,NONE,NO_CLICK
23272,0,0,NONE,NO_CLICK
23273,0,0,NONE,NO_CLICK
23274,0,0,NONE,NO_CLICK
23275,0,0,NONE,NO_CLICK
23276,0,0,NONE,NO_CLICK
23277,0,0,NONE,NO_CLICK
23278,0,0,NONE,NO_CLICK
23279,0,0,NONE,NO_CLICK
23280,0,0,NONE,NO_CLICK
23281,0,0,NONE,NO_CLICK
23282,0,0,NONE,NO_CLICK
23283,0,0,NONE,NO_CLICK
23284,0,0,NONE,NO_CLICK
23285,0,0,NONE,NO_CLICK
23286,0,0,NONE,NO_CLICK
23287,0,0,NONE,NO_CLICK
23288,0,0,NONE,NO_CLICK
23289,0,0,NONE,NO_CLICK
23290,0,0,NONE,NO_CLICK
23291,0,0,NONE,NO_CLICK
23292,0,0,NONE,NO_CLICK
23293,0,0,NONE,NO_CLICK
23294,0,0,NONE,NO_CLICK
23295,0,0,NONE,NO_CLICK
23296,0,0,NONE,NO_CLICK
23297,0,0,NONE,NO_CLICK
23298,0,1,D2,D2_CLICK
23299,0,1,D2,D2_CLICK
23300,0,1,D2,D2_CLICK
23301,0,1,D2,D2_CLICK
23302,0,1,D2,D2_CLICK
23303,0,1,D2,D2_CLICK
23304,0,1,D2,D2_CLICK
23305,0,1,D2,D2_CLICK
23306,0,1,D2,D2_CLICK
23307,0,1,D2,D2_CLICK
23308,0,1,D2,D2_CLICK
23309,0,1,D2,D2_CLICK
23310,0,1,D2,D2_CLICK
23311,0,1,D2,D2_CLICK
23312,0,1,D2,D2_CLICK
23313,0,1,D2,D2_CLICK
23314,0,1,D2,D2_CLICK
23315,0,1,D2,D2_CLICK
23316,0,1,D2,D2_CLICK
23317,0,1,D2,D2_CLICK
23318,0,1,D2,D2_CLICK
23319,0,1,D2,D2_CLICK
23320,0,1,D2,D2_CLICK
23321,0,1,D2,D2_CLICK
23322,0,1,D2,D2_CLICK
23323,0,1,D2,D2_CLICK
23324,0,1,D2,D2_CLICK
23325,0,1,D2,D2_CLICK
23326,0,1,D2,D2_CLICK
23327,0,1,D2,D2_CLICK
23328,0,1,D2,D2_CLICK
23329,0,1,D2,D2_CLICK
23330,1,1,BOTH,DOUBLE_CLICK
23331,1,1,BOTH,DOUBLE_CLICK
23332,1,1,BOTH,DOUBLE_CLICK
23333,1,1,BOTH,DOUBLE_CLICK
23334,1,1,BOTH,DOUBLE_CLICK
23335,1,1,BOTH,DOUBLE_CLICK
23336,1,0,D1,D1_CLICK
23337,1,0,D1,D1_CLICK
23338,1,0,D1,D1_CLICK
23339,1,0,D1,D1_CLICK
23340,1,0,D1,D1_CLICK
23341,1,0,D1,D1_CLICK
23342,1,0,D1,D1_CLICK
23343,1,0,D1,D1_CLICK
23344,1,0,D1,D1_CLICK
23345,1,0,D1,D1_CLICK
23346,1,0,D1,D1_CLICK
23347,1,0,D1,D1_CLICK
23348,1,0,D1,D1_CLICK
23349,1,0,D1,D1_CLICK
23350,1,0,D1,D1_CLICK
23351,1,0,D1,D1_CLICK
23352,1,0,D1,D1_CLICK
23353,1,0,D1,D1_CLICK
23354,1,0,D1,D1_CLICK
23355,1,0,D1,D1_CLICK
23356,1,0,D1,D1_CLICK
23357,1,0,D1,D1_CLICK
23358,1,0,D1,D1_CLICK
23359,1,0,D1,D1_CLICK
23360,1,0,D1,D1_CLICK
23361,1,0,D1,D1_CLICK
23362,1,0,D1,D1_CLICK
23363,1,0,D1,D1_CLICK
23364,1,0,D1,D1_CLICK
23365,1,0,D1,D1_CLICK
23366,1,0,D1,D1_CLICK
23367,1,0,D1,D1_CLICK
23368,0,0,NONE,NO_CLICK
23369,0,0,NONE,NO_CLICK
23370,0,0,NONE,NO_CLICK
23371,0,0,NONE,NO_CLICK
23372,0,0,NONE,NO_CLICK
23373,0,0,NONE,NO_CLICK
23374,0,0,NONE,NO_CLICK
23375,0,0,NONE,NO_CLICK
23376,0,0,NONE,NO_CLICK
23377,0,0,NONE,NO_CLICK
23378,0,0,NONE,NO_CLICK
23379,0,0,NONE,NO_CLICK
23380,0,0,NONE,NO_CLICK
23381,0,0,NONE,NO_CLICK
23382,0,0,NONE,NO_CLICK
23383,0,0,NONE,NO_CLICK
23384,0,0,NONE,NO_CLICK
23385,0,0,NONE,NO_CLICK
23386,0,0,NONE,NO_CLICK
23387,0,0,NONE,NO_CLICK
23388,0,0,NONE,NO_CLICK
23389,0,0,NONE,NO_CLICK
23390,0,0,NONE,NO_CLICK
23391,0,0,NONE,NO_CLICK
23392,0,0,NONE,NO_CLICK
23393,0,0,NONE,NO_CLICK
23394,0,0,NONE,NO_CLICK
23395,0,0,NONE,NO_CLICK
23396,0,0,NONE,NO_CLICK
23397,0,0,NONE,NO_CLICK
23398,0,0,NONE,NO_CLICK
23399,0,0,NONE,NO_CLICK
23400,0,0,NONE,NO_CLICK
23401,0,0,NONE,NO_CLICK
23402,0,0,NONE,NO_CLICK
23403,0,0,NONE,NO_CLICK
23404,0,0,NONE,NO_CLICK
23405,0,0,NONE,NO_CLICK
23406,0,0,NONE,NO_CLICK
23407,0,0,NONE,NO_CLICK
23408,0,0,NONE,NO_CLICK
23409,0,0,NONE,NO_CLICK
23410,0,0,NONE,NO_CLICK
23411,0,0,NONE,NO_CLICK
23412,0,0,NONE,NO_CLICK
23413,0,0,NONE,NO_CLICK
23414,0,0,NONE,NO_CLICK
23415,0,0,NONE,NO_CLICK
23416,0,0,NONE,NO_CLICK
23417,0,0,NONE,NO_CLICK
23418,0,0,NONE,NO_CLICK
23419,0,0,NONE,NO_CLICK
23420,0,0,NONE,NO_CLICK
23421,0,0,NONE,NO_CLICK
23422,0,0,NONE,NO_CLICK
23423,0,0,NONE,NO_CLICK
23424,0,0,NONE,NO_CLICK
23425,0,0,NONE,NO_CLICK
23426,0,0,NONE,NO_CLICK
23427,0,0,NONE,NO_CLICK
23428,0,0,NONE,NO_CLICK
23429,0,0,NONE,NO_CLICK
23430,0,0,NONE,NO_CLICK
23431,0,0,NONE,NO_CLICK
23432,0,0,NONE,NO_CLICK
23433,0,0,NONE,NO_CLICK
23434,0,0,NONE,NO_CLICK
23435,0,0,NONE,NO_CLICK
23436,0,0,NONE,NO_CLICK
23437,0,0,NONE,NO_CLICK
23438,0,0,NONE,NO_CLICK
23439,0,0,NONE,NO_CLICK
23440,0,0,NONE,NO_CLICK
23441,0,0,NONE,NO_CLICK
23442,0,0,NONE,NO_CLICK
23443,0,0,NONE,NO_CLICK
23444,0,0,NONE,NO_CLICK
23445,0,0,NONE,NO_CLICK
23446,0,0,NONE,NO_CLICK
23447,0,0,NONE,NO_CLICK
23448,0,0,NONE,NO_CLICK
23449,0,0,NONE,NO_CLICK
23450,0,0,NONE,NO_CLICK
23451,0,0,NONE,NO_CLICK
23452,0,0,NONE,NO_CLICK
23453,0,0,NONE,NO_CLICK
23454,0,0,NONE,NO_CLICK
23455,0,0,NONE,NO_CLICK
23456,0,0,NONE,NO_CLICK
23457,0,0,NONE,NO_CLICK
23458,0,0,NONE,NO_CLICK
23459,0,0,NONE,NO_CLICK
23460,0,0,NONE,NO_CLICK
23461,0,0,NONE,NO_CLICK
23462,0,0,NONE,NO_CLICK
23463,0,0,NONE,NO_CLICK
23464,0,0,NONE,NO_CLICK
23465,0,0,NONE,NO_CLICK
23466,0,0,NONE,NO_CLICK
23467,0,0,NONE,NO_CLICK
23468,0,0,NONE,NO_CLICK
23469,0,0,NONE,NO_CLICK
23470,0,0,NONE,NO_CLICK
23471,0,0,NONE,NO_CLICK
23472,0,0,NONE,NO_CLICK
23473,0,0,NONE,NO_CLICK
23474,0,0,NONE,NO_CLICK
23475,0,0,NONE,NO_CLICK
23476,0,0,NONE,NO_CLICK
23477,0,0,NONE,NO_CLICK
23478,0,0,NONE,NO_CLICK
23479,0,0,NONE,NO_CLICK
23480,0,0,NONE,NO_CLICK
23481,0,0,NONE,NO_CLICK
23482,0,0,NONE,NO_CLICK
23483,0,0,NONE,NO_CLICK
23484,0,0,NONE,NO_CLICK
23485,0,0,NONE,NO_CLICK
23486,0,0,NONE,NO_CLICK
23487,0,0,NONE,NO_CLICK
23488,0,0,NONE,NO_CLICK
23489,0,0,NONE,NO_CLICK
23490,0,0,NONE,NO_CLICK
23491,0,0,NONE,NO_CLICK
23492,0,0,NONE,NO_CLICK
23493,0,0,NONE,NO_CLICK
23494,0,0,NONE,NO_CLICK
23495,0,0,NONE,NO_CLICK
23496,0,0,NONE,NO_CLICK
23497,0,0,NONE,NO_CLICK
23498,0,0,NONE,NO_CLICK
23499,0,0,NONE,NO_CLICK
23500,0,0,NONE,NO_CLICK
23501,0,0,NONE,NO_CLICK
23502,0,0,NONE,NO_CLICK
23503,0,0,NONE,NO_CLICK
23504,0,0,NONE,NO_CLICK
23505,0,0,NONE,NO_CLICK
23506,0,0,NONE,NO_CLICK
23507,0,0,NONE,NO_CLICK
23508,0,0,NONE,NO_CLICK
23509,0,0,NONE,NO_CLICK
23510,0,0,NONE,NO_CLICK
23511,0,0,NONE,NO_CLICK
23512,0,0,NONE,NO_CLICK
23513,0,0,NONE,NO_CLICK
23514,0,0,NONE,NO_CLICK
23515,0,0,NONE,NO_CLICK
23516,0,0,NONE,NO_CLICK
23517,0,0,NONE,NO_CLICK
23518,0,0,NONE,NO_CLICK
23519,0,0,NONE,NO_CLICK
23520,0,0,NONE,NO_CLICK
23521,0,0,NONE,NO_CLICK
23522,0,0,NONE,NO_CLICK
23523,0,0,NONE,NO_CLICK
23524,0,0,NONE,NO_CLICK
23525,0,0,NONE,NO_CLICK
23526,0,0,NONE,NO_CLICK
23527,0,0,NONE,NO_CLICK
23528,0,0,NONE,NO_CLICK
23529,0,0,NONE,NO_CLICK
23530,0,0,NONE,NO_CLICK
23531,0,0,NONE,NO_CLICK
23532,0,0,NONE,NO_CLICK
23533,0,0,NONE,NO_CLICK
23534,0,0,NONE,NO_CLICK
23535,0,0,NONE,NO_CLICK
23536,0,0,NONE,NO_CLICK
23537,0,0,NONE,NO_CLICK
23538,0,0,NONE,NO_CLICK
23539,0,0,NONE,NO_CLICK
23540,0,0,NONE,NO_CLICK
23541,0,0,NONE,NO_CLICK
23542,0,0,NONE,NO_CLICK
23543,0,0,NONE,NO_CLICK
23544,0,0,NONE,NO_CLICK
23545,0,0,NONE,NO_CLICK
23546,0,0,NONE,NO_CLICK
23547,0,0,NONE,NO_CLICK
23548,0,0,NONE,NO_CLICK
23549,0,0,NONE,NO_CLICK
23550,0,0,NONE,NO_CLICK
23551,0,0,NONE,NO_CLICK
23552,0,0,NONE,NO_CLICK
23553,0,0,NONE,NO_CLICK
23554,0,0,NONE,NO_CLICK
23555,0,0,NONE,NO_CLICK
23556,0,0,NONE,NO_CLICK
23557,0,0,NONE,NO_CLICK
23558,0,0,NONE,NO_CLICK
23559,0,0,NONE,NO_CLICK
23560,0,0,NONE,NO_CLICK
23561,0,0,NONE,NO_CLICK
23562,0,0,NONE,NO_CLICK
23563,0,0,NONE,NO_CLICK
23564,0,0,NONE,NO_CLICK
23565,0,0,NONE,NO_CLICK
23566,0,0,NONE,NO_CLICK
23567,0,0,NONE,NO_CLICK
23568,0,0,NONE,NO_CLICK
23569,0,0,NONE,NO_CLICK
23570,0,0,NONE,NO_CLICK
23571,0,0,NONE,NO_CLICK
23572,0,0,NONE,NO_CLICK
23573,0,0,NONE,NO_CLICK
23574,0,0,NONE,NO_CLICK
23575,0,0,NONE,NO_CLICK
23576,0,0,NONE,NO_CLICK
23577,0,0,NONE,NO_CLICK
23578,0,0,NONE,NO_CLICK
23579,0,0,NONE,NO_CLICK
23580,0,0,NONE,NO_CLICK
23581,0,0,NONE,NO_CLICK
23582,0,0,NONE,NO_CLICK
23583,0,0,NONE,NO_CLICK
23584,0,0,NONE,NO_CLICK
23585,0,0,NONE,NO_CLICK
23586,1,0,D1,D1_CLICK
23587,1,0,D1,D1_CLICK
23588,1,0,D1,D1_CLICK
23589,1,0,D1,D1_CLICK
23590,1,0,D1,D1_CLICK
23591,1,0,D1,D1_CLICK
23592,1,0,D1,D1_CLICK
23593,1,0,D1,D1_CLICK
23594,1,0,D1,D1_CLICK
23595,1,0,D1,D1_CLICK
23596,1,0,D1,D1_CLICK
23597,1,0,D1,D1_CLICK
23598,1,0,D1,D1_CLICK
23599,1,0,D1,D1_CLICK
23600,1,0,D1,D1_CLICK
23601,1,0,D1,D1_CLICK
23602,1,0,D1,D1_CLICK
23603,1,0,D1,D1_CLICK
23604,1,0,D1,D1_CLICK
23605,1,0,D1,D1_CLICK
23606,1,0,D1,D1_CLICK
23607,1,0,D1,D1_CLICK
23608,1,0,D1,D1_CLICK
23609,1,0,D1,D1_CLICK
23610,1,0,D1,D1_CLICK
23611,1,0,D1,D1_CLICK
23612,1,0,D1,D1_CLICK
23613,1,0,D1,D1_CLICK
23614,1,0,D1,D1_CLICK
23615,1,0,D1,D1_CLICK
23616,1,0,D1,D1_CLICK
23617,1,0,D1,D1_CLICK
23618,1,0,D1,D1_CLICK
23619,1,0,D1,D1_CLICK
23620,1,0,D1,D1_CLICK
23621,1,0,D1,D1_CLICK
23622,1,0,D1,D1_CLICK
23623,1,0,D1,D1_CLICK
23624,0,0,NONE,NO_CLICK
23625,0,0,NONE,NO_CLICK
23626,0,0,NONE,NO_CLICK
23627,0,0,NONE,NO_CLICK
23628,0,0,NONE,NO_CLICK
23629,0,0,NONE,NO_CLICK
23630,0,0,NONE,NO_CLICK
23631,0,0,NONE,NO_CLICK
23632,0,0,NONE,NO_CLICK
23633,0,0,NONE,NO_CLICK
23634,0,0,NONE,NO_CLICK
23635,0,0,NONE,NO_CLICK
23636,0,0,NONE,NO_CLICK
23637,0,0,NONE,NO_CLICK
23638,0,0,NONE,NO_CLICK
23639,0,0,NONE,NO_CLICK
23640,0,0,NONE,NO_CLICK
23641,0,0,NONE,NO_CLICK
23642,0,0,NONE,NO_CLICK
23643,0,0,NONE,NO_CLICK
23644,0,0,NONE,NO_CLICK
23645,0,0,NONE,NO_CLICK
23646,0,0,NONE,NO_CLICK
23647,0,0,NONE,NO_CLICK
23648,0,0,NONE,NO_CLICK
23649,0,0,NONE,NO_CLICK
23650,0,0,NONE,NO_CLICK
23651,0,0,NONE,NO_CLICK
23652,0,0,NONE,NO_CLICK
23653,0,0,NONE,NO_CLICK
23654,0,0,NONE,NO_CLICK
23655,0,0,NONE,NO_CLICK
23656,0,0,NONE,NO_CLICK
23657,0,0,NONE,NO_CLICK
23658,0,0,NONE,NO_CLICK
23659,0,0,NONE,NO_CLICK
23660,0,0,NONE,NO_CLICK
23661,0,0,NONE,NO_CLICK
23662,0,0,NONE,NO_CLICK
23663,0,0,NONE,NO_CLICK
23664,0,0,NONE,NO_CLICK
23665,0,0,NONE,NO_CLICK
23666,0,0,NONE,NO_CLICK
23667,0,0,NONE,NO_CLICK
23668,0,0,NONE,NO_CLICK
23669,0,0,NONE,NO_CLICK
23670,0,0,NONE,NO_CLICK
23671,0,0,NONE,NO_CLICK
23672,0,0,NONE,NO_CLICK
23673,0,0,NONE,NO_CLICK
23674,0,0,NONE,NO_CLICK
23675,0,0,NONE,NO_CLICK
23676,0,0,NONE,NO_CLICK
23677,0,0,NONE,NO_CLICK
23678,0,0,NONE,NO_CLICK
23679,0,0,NONE,NO_CLICK
23680,0,0,NONE,NO_CLICK
23681,0,0,NONE,NO_CLICK
23682,0,0,NONE,NO_CLICK
23683,0,0,NONE,NO_CLICK
23684,0,0,NONE,NO_CLICK
23685,0,0,NONE,NO_CLICK
23686,0,0,NONE,NO_CLICK
23687,0,0,NONE,NO_CLICK
23688,0,0,NONE,NO_CLICK
23689,0,0,NONE,NO_CLICK
23690,0,0,NONE,NO_CLICK
23691,0,0,NONE,NO_CLICK
23692,0,0,NONE,NO_CLICK
23693,0,0,NONE,NO_CLICK
23694,0,0,NONE,NO_CLICK
23695,0,0,NONE,NO_CLICK
23696,0,0,NONE,NO_CLICK
23697,0,0,NONE,NO_CLICK
23698,0,0,NONE,NO_CLICK
23699,0,0,NONE,NO_CLICK
23700,0,0,NONE,NO_CLICK
23701,0,0,NONE,NO_CLICK
23702,0,0,NONE,NO_CLICK
23703,0,0,NONE,NO_CLICK
23704,0,0,NONE,NO_CLICK
23705,0,0,NONE,NO_CLICK
23706,0,0,NONE,NO_CLICK
23707,0,0,NONE,NO_CLICK
23708,0,0,NONE,NO_CLICK
23709,0,0,NONE,NO_CLICK
23710,0,0,NONE,NO_CLICK
23711,0,0,NONE,NO_CLICK
23712,0,0,NONE,NO_CLICK
23713,0,0,NONE,NO_CLICK
23714,0,0,NONE,NO_CLICK
23715,0,0,NONE,NO_CLICK
23716,0,0,NONE,NO_CLICK
23717,0,0,NONE,NO_CLICK
23718,0,0,NONE,NO_CLICK
23719,0,0,NONE,NO_CLICK
23720,0,0,NONE,NO_CLICK
23721,0,0,NONE,NO_CLICK
23722,0,0,NONE,NO_CLICK
23723,0,0,NONE,NO_CLICK
23724,0,0,NONE,NO_CLICK
23725,0,0,NONE,NO_CLICK
23726,0,0,NONE,NO_CLICK
23727,0,0,NONE,NO_CLICK
23728,0,0,NONE,NO_CLICK
23729,0,0,NONE,NO_CLICK
23730,0,0,NONE,NO_CLICK
23731,0,0,NONE,NO_CLICK
23732,0,0,NONE,NO_CLICK
23733,0,0,NONE,NO_CLICK
23734,0,0,NONE,NO_CLICK
23735,0,0,NONE,NO_CLICK
23736,0,0,NONE,NO_CLICK
23737,0,0,NONE,NO_CLICK
23738,0,0,NONE,NO_CLICK
23739,0,0,NONE,NO_CLICK
23740,0,0,NONE,NO_CLICK
23741,0,0,NONE,NO_CLICK
23742,0,0,NONE,NO_CLICK
23743,0,0,NONE,NO_CLICK
23744,0,0,NONE,NO_CLICK
23745,0,0,NONE,NO_CLICK
23746,1,0,D1,D1_CLICK
23747,1,0,D1,D1_CLICK
23748,1,0,D1,D1_CLICK
23749,1,0,D1,D1_CLICK
23750,1,0,D1,D1_CLICK
23751,1,0,D1,D1_CLICK
23752,1,0,D1,D1_CLICK
23753,1,0,D1,D1_CLICK
23754,1,0,D1,D1_CLICK
23755,1,0,D1,D1_CLICK
23756,1,0,D1,D1_CLICK
23757,1,0,D1,D1_CLICK
23758,1,0,D1,D1_CLICK
23759,1,0,D1,D1_CLICK
23760,1,0,D1,D1_CLICK
23761,1,0,D1,D1_CLICK
23762,1,0,D1,D1_CLICK
23763,1,0,D1,D1_CLICK
23764,1,0,D1,D1_CLICK
23765,1,0,D1,D1_CLICK
23766,1,0,D1,D1_CLICK
23767,1,0,D1,D1_CLICK
23768,1,0,D1,D1_CLICK
23769,1,0,D1,D1_CLICK
23770,1,0,D1,D1_CLICK
23771,1,0,D1,D1_CLICK
23772,1,0,D1,D1_CLICK
23773,1,0,D1,D1_CLICK
23774,1,0,D1,D1_CLICK
23775,1,0,D1,D1_CLICK
23776,1,0,D1,D1_CLICK
23777,1,0,D1,D1_CLICK
23778,1,1,BOTH,DOUBLE_CLICK
23779,1,1,BOTH,DOUBLE_CLICK
23780,1,1,BOTH,DOUBLE_CLICK
23781,1,1,BOTH,DOUBLE_CLICK
23782,1,1,BOTH,DOUBLE_CLICK
23783,1,1,BOTH,DOUBLE_CLICK
23784,0,1,D2,D2_CLICK
23785,0,1,D2,D2_CLICK
23786,0,1,D2,D2_CLICK
23787,0,1,D2,D2_CLICK
23788,0,1,D2,D2_CLICK
23789,0,1,D2,D2_CLICK
23790,0,1,D2,D2_CLICK
23791,0,1,D2,D2_CLICK
23792,0,1,D2,D2_CLICK
23793,0,1,D2,D2_CLICK
23794,0,1,D2,D2_CLICK
23795,0,1,D2,D2_CLICK
23796,0,1,D2,D2_CLICK
23797,0,1,D2,D2_CLICK
23798,0,1,D2,D2_CLICK
23799,0,1,D2,D2_CLICK
23800,0,1,D2,D2_CLICK
23801,0,1,D2,D2_CLICK
23802,0,1,D2,D2_CLICK
23803,0,1,D2,D2_CLICK
23804,0,1,D2,D2_CLICK
23805,0,1,D2,D2_CLICK
23806,0,1,D2,D2_CLICK
23807,0,1,D2,D2_CLICK
23808,0,1,D2,D2_CLICK
23809,0,1,D2,D2_CLICK
23810,0,1,D2,D2_CLICK
23811,0,1,D2,D2_CLICK
23812,0,1,D2,D2_CLICK
23813,0,1,D2,D2_CLICK
23814,0,1,D2,D2_CLICK
23815,0,1,D2,D2_CLICK
23816,0,0,NONE,NO_CLICK
23817,0,0,NONE,NO_CLICK
23818,0,0,NONE,NO_CLICK
23819,0,0,NONE,NO_CLICK
23820,0,0,NONE,NO_CLICK
23821,0,0,NONE,NO_CLICK
23822,0,0,NONE,NO_CLICK
23823,0,0,NONE,NO_CLICK
23824,0,0,NONE,NO_CLICK
23825,0,0,NONE,NO_CLICK
23826,0,0,NONE,NO_CLICK
23827,0,0,NONE,NO_CLICK
23828,0,0,NONE,NO_CLICK
23829,0,0,NONE,NO_CLICK
23830,0,0,NONE,NO_CLICK
23831,0,0,NONE,NO_CLICK
23832,0,0,NONE,NO_CLICK
23833,0,0,NONE,NO_CLICK
23834,0,0,NONE,NO_CLICK
23835,0,0,NONE,NO_CLICK
23836,0,0,NONE,NO_CLICK
23837,0,0,NONE,NO_CLICK
23838,0,0,NONE,NO_CLICK
23839,0,0,NONE,NO_CLICK
23840,0,0,NONE,NO_CLICK
23841,0,0,NONE,NO_CLICK
23842,0,0,NONE,NO_CLICK
23843,0,0,NONE,NO_CLICK
23844,0,0,NONE,NO_CLICK
23845,0,0,NONE,NO_CLICK
23846,0,0,NONE,NO_CLICK
23847,0,0,NONE,NO_CLICK
23848,0,0,NONE,NO_CLICK
23849,0,0,NONE,NO_CLICK
23850,0,0,NONE,NO_CLICK
23851,0,0,NONE,NO_CLICK
23852,0,0,NONE,NO_CLICK
23853,0,0,NONE,NO_CLICK
23854,0,0,NONE,NO_CLICK
23855,0,0,NONE,NO_CLICK
23856,0,0,NONE,NO_CLICK
23857,0,0,NONE,NO_CLICK
23858,0,0,NONE,NO_CLICK
23859,0,0,NONE,NO_CLICK
23860,0,0,NONE,NO_CLICK
23861,0,0,NONE,NO_CLICK
23862,0,0,NONE,NO_CLICK
23863,0,0,NONE,NO_CLICK
23864,0,0,NONE,NO_CLICK
23865,0,0,NONE,NO_CLICK
23866,0,0,NONE,NO_CLICK
23867,0,0,NONE,NO_CLICK
23868,0,0,NONE,NO_CLICK
23869,0,0,NONE,NO_CLICK
23870,0,0,NONE,NO_CLICK
23871,0,0,NONE,NO_CLICK
23872,0,0,NONE,NO_CLICK
23873,0,0,NONE,NO_CLICK
23874,0,0,NONE,NO_CLICK
23875,0,0,NONE,NO_CLICK
23876,0,0,NONE,NO_CLICK
23877,0,0,NONE,NO_CLICK
23878,0,0,NONE,NO_CLICK
23879,0,0,NONE,NO_CLICK
23880,0,0,NONE,NO_CLICK
23881,0,0,NONE,NO_CLICK
23882,0,0,NONE,NO_CLICK
23883,0,0,NONE,NO_CLICK
23884,0,0,NONE,NO_CLICK
23885,0,0,NONE,NO_CLICK
23886,0,0,NONE,NO_CLICK
23887,0,0,NONE,NO_CLICK
23888,0,0,NONE,NO_CLICK
23889,0,0,NONE,NO_CLICK
23890,0,0,NONE,NO_CLICK
23891,0,0,NONE,NO_CLICK
23892,0,0,NONE,NO_CLICK
23893,0,0,NONE,NO_CLICK
23894,0,0,NONE,NO_CLICK
23895,0,0,NONE,NO_CLICK
23896,0,0,NONE,NO_CLICK
23897,0,0,NONE,NO_CLICK
23898,0,0,NONE,NO_CLICK
23899,0,0,NONE,NO_CLICK
23900,0,0,NONE,NO_CLICK
23901,0,0,NONE,NO_CLICK
23902,0,0,NONE,NO_CLICK
23903,0,0,NONE,NO_CLICK
23904,0,0,NONE,NO_CLICK
23905,0,0,NONE,NO_CLICK
23906,0,0,NONE,NO_CLICK
23907,0,0,NONE,NO_CLICK
23908,0,0,NONE,NO_CLICK
23909,0,0,NONE,NO_CLICK
23910,0,0,NONE,NO_CLICK
23911,0,0,NONE,NO_CLICK
23912,0,0,NONE,NO_CLICK
23913,0,0,NONE,NO_CLICK
23914,0,0,NONE,NO_CLICK
23915,0,0,NONE,NO_CLICK
23916,0,0,NONE,NO_CLICK
23917,0,0,NONE,NO_CLICK
23918,0,0,NONE,NO_CLICK
23919,0,0,NONE,NO_CLICK
23920,0,0,NONE,NO_CLICK
23921,0,0,NONE,NO_CLICK
23922,0,0,NONE,NO_CLICK
23923,0,0,NONE,NO_CLICK
23924,0,0,NONE,NO_CLICK
23925,0,0,NONE,NO_CLICK
23926,0,0,NONE,NO_CLICK
23927,0,0,NONE,NO_CLICK
23928,0,0,NONE,NO_CLICK
23929,0,0,NONE,NO_CLICK
23930,0,0,NONE,NO_CLICK
23931,0,0,NONE,NO_CLICK
23932,0,0,NONE,NO_CLICK
23933,0,0,NONE,NO_CLICK
23934,0,0,NONE,NO_CLICK
23935,0,0,NONE,NO_CLICK
23936,0,0,NONE,NO_CLICK
23937,0,0,NONE,NO_CLICK
23938,1,0,D1,D1_CLICK
23939,1,0,D1,D1_CLICK
23940,1,0,D1,D1_CLICK
23941,1,0,D1,D1_CLICK
23942,1,0,D1,D1_CLICK
23943,1,0,D1,D1_CLICK
23944,1,0,D1,D1_CLICK
23945,1,0,D1,D1_CLICK
23946,1,0,D1,D1_CLICK
23947,1,0,D1,D1_CLICK
23948,1,0,D1,D1_CLICK
23949,1,0,D1,D1_CLICK
23950,1,0,D1,D1_CLICK
23951,1,0,D1,D1_CLICK
23952,1,0,D1,D1_CLICK
23953,1,0,D1,D1_CLICK
23954,1,0,D1,D1_CLICK
23955,1,0,D1,D1_CLICK
23956,1,0,D1,D1_CLICK
23957,1,0,D1,D1_CLICK
23958,1,0,D1,D1_CLICK
23959,1,0,D1,D1_CLICK
23960,1,0,D1,D1_CLICK
23961,1,0,D1,D1_CLICK
23962,1,0,D1,D1_CLICK
23963,1,0,D1,D1_CLICK
23964,1,0,D1,D1_CLICK
23965,1,0,D1,D1_CLICK
23966,1,0,D1,D1_CLICK
23967,1,0,D1,D1_CLICK
23968,1,0,D1,D1_CLICK
23969,1,0,D1,D1_CLICK
23970,1,0,D1,D1_CLICK
23971,1,0,D1,D1_CLICK
23972,1,0,D1,D1_CLICK
23973,1,0,D1,D1_CLICK
23974,1,0,D1,D1_CLICK
23975,1,0,D1,D1_CLICK
23976,0,0,NONE,NO_CLICK
23977,0,0,NONE,NO_CLICK
23978,0,0,NONE,NO_CLICK
23979,0,0,NONE,NO_CLICK
23980,0,0,NONE,NO_CLICK
23981,0,0,NONE,NO_CLICK
23982,0,0,NONE,NO_CLICK
23983,0,0,NONE,NO_CLICK
23984,0,0,NONE,NO_CLICK
23985,0,0,NONE,NO_CLICK
23986,0,0,NONE,NO_CLICK
23987,0,0,NONE,NO_CLICK
23988,0,0,NONE,NO_CLICK
23989,0,0,NONE,NO_CLICK
23990,0,0,NONE,NO_CLICK
23991,0,0,NONE,NO_CLICK
23992,0,0,NONE,NO_CLICK
23993,0,0,NONE,NO_CLICK
23994,0,0,NONE,NO_CLICK
23995,0,0,NONE,NO_CLICK
23996,0,0,NONE,NO_CLICK
23997,0,0,NONE,NO_CLICK
23998,0,0,NONE,NO_CLICK
23999,0,0,NONE,NO_CLICK
24000,0,0,NONE,NO_CLICK
24001,0,0,NONE,NO_CLICK
24002,0,0,NONE,NO_CLICK
24003,0,0,NONE,NO_CLICK
24004,0,0,NONE,NO_CLICK
24005,0,0,NONE,NO_CLICK
24006,0,0,NONE,NO_CLICK
24007,0,0,NONE,NO_CLICK
24008,0,0,NONE,NO_CLICK
24009,0,0,NONE,NO_CLICK
24010,0,0,NONE,NO_CLICK
24011,0,0,NONE,NO_CLICK
24012,0,0,NONE,NO_CLICK
24013,0,0,NONE,NO_CLICK
24014,0,0,NONE,NO_CLICK
24015,0,0,NONE,NO_CLICK
24016,0,0,NONE,NO_CLICK
24017,0,0,NONE,NO_CLICK
24018,0,0,NONE,NO_CLICK
24019,0,0,NONE,NO_CLICK
24020,0,0,NONE,NO_CLICK
24021,0,0,NONE,NO_CLICK
24022,0,0,NONE,NO_CLICK
24023,0,0,NONE,NO_CLICK
24024,0,0,NONE,NO_CLICK
24025,0,0,NONE,NO_CLICK
24026,0,0,NONE,NO_CLICK
24027,0,0,NONE,NO_CLICK
24028,0,0,NONE,NO_CLICK
24029,0,0,NONE,NO_CLICK
24030,0,0,NONE,NO_CLICK
24031,0,0,NONE,NO_CLICK
24032,0,0,NONE,NO_CLICK
24033,0,0,NONE,NO_CLICK
24034,0,0,NONE,NO_CLICK
24035,0,0,NONE,NO_CLICK
24036,0,0,NONE,NO_CLICK
24037,0,0,NONE,NO_CLICK
24038,0,0,NONE,NO_CLICK
24039,0,0,NONE,NO_CLICK
24040,0,0,NONE,NO_CLICK
24041,0,0,NONE,NO_CLICK
24042,0,0,NONE,NO_CLICK
24043,0,0,NONE,NO_CLICK
24044,0,0,NONE,NO_CLICK
24045,0,0,NONE,NO_CLICK
24046,0,0,NONE,NO_CLICK
24047,0,0,NONE,NO_CLICK
24048,0,0,NONE,NO_CLICK
24049,0,0,NONE,NO_CLICK
24050,0,0,NONE,NO_CLICK
24051,0,0,NONE,NO_CLICK
24052,0,0,NONE,NO_CLICK
24053,0,0,NONE,NO_CLICK
24054,0,0,NONE,NO_CLICK
24055,0,0,NONE,NO_CLICK
24056,0,0,NONE,NO_CLICK
24057,0,0,NONE,NO_CLICK
24058,0,0,NONE,NO_CLICK
24059,0,0,NONE,NO_CLICK
24060,0,0,NONE,NO_CLICK
24061,0,0,NONE,NO_CLICK
24062,0,0,NONE,NO_CLICK
24063,0,0,NONE,NO_CLICK
24064,0,0,NONE,NO_CLICK
24065,0,0,NONE,NO_CLICK
24066,0,0,NONE,NO_CLICK
24067,0,0,NONE,NO_CLICK
24068,0,0,NONE,NO_CLICK
24069,0,0,NONE,NO_CLICK
24070,0,0,NONE,NO_CLICK
24071,0,0,NONE,NO_CLICK
24072,0,0,NONE,NO_CLICK
24073,0,0,NONE,NO_CLICK
24074,0,0,NONE,NO_CLICK
24075,0,0,NONE,NO_CLICK
24076,0,0,NONE,NO_CLICK
24077,0,0,NONE,NO_CLICK
24078,0,0,NONE,NO_CLICK
24079,0,0,NONE,NO_CLICK
24080,0,0,NONE,NO_CLICK
24081,0,0,NONE,NO_CLICK
24082,0,0,NONE,NO_CLICK
24083,0,0,NONE,NO_CLICK
24084,0,0,NONE,NO_CLICK
24085,0,0,NONE,NO_CLICK
24086,0,0,NONE,NO_CLICK
24087,0,0,NONE,NO_CLICK
24088,0,0,NONE,NO_CLICK
24089,0,0,NONE,NO_CLICK
24090,0,0,NONE,NO_CLICK
24091,0,0,NONE,NO_CLICK
24092,0,0,NONE,NO_CLICK
24093,0,0,NONE,NO_CLICK
24094,0,0,NONE,NO_CLICK
24095,0,0,NONE,NO_CLICK
24096,0,0,NONE,NO_CLICK
24097,0,0,NONE,NO_CLICK
24098,0,1,D2,D2_CLICK
24099,0,1,D2,D2_CLICK
24100,0,1,D2,D2_CLICK
24101,0,1,D2,D2_CLICK
24102,0,1,D2,D2_CLICK
24103,0,1,D2,D2_CLICK
24104,0,1,D2,D2_CLICK
24105,0,1,D2,D2_CLICK
24106,0,1,D2,D2_CLICK
24107,0,1,D2,D2_CLICK
24108,0,1,D2,D2_CLICK
24109,0,1,D2,D2_CLICK
24110,0,1,D2,D2_CLICK
24111,0,1,D2,D2_CLICK
24112,0,1,D2,D2_CLICK
24113,0,1,D2,D2_CLICK
24114,0,1,D2,D2_CLICK
24115,0,1,D2,D2_CLICK
24116,0,1,D2,D2_CLICK
24117,0,1,D2,D2_CLICK
24118,0,1,D2,D2_CLICK
24119,0,1,D2,D2_CLICK
24120,0,1,D2,D2_CLICK
24121,0,1,D2,D2_CLICK
24122,0,1,D2,D2_CLICK
24123,0,1,D2,D2_CLICK
24124,0,1,D2,D2_CLICK
24125,0,1,D2,D2_CLICK
24126,0,1,D2,D2_CLICK
24127,0,1,D2,D2_CLICK
24128,0,1,D2,D2_CLICK
24129,0,1,D2,D2_CLICK
24130,0,1,D2,D2_CLICK
24131,0,1,D2,D2_CLICK
24132,0,1,D2,D2_CLICK
24133,0,1,D2,D2_CLICK
24134,0,1,D2,D2_CLICK
24135,0,1,D2,D2_CLICK
24136,0,0,NONE,NO_CLICK
24137,0,0,NONE,NO_CLICK
24138,0,0,NONE,NO_CLICK
24139,0,0,NONE,NO_CLICK
24140,0,0,NONE,NO_CLICK
24141,0,0,NONE,NO_CLICK
24142,0,0,NONE,NO_CLICK
24143,0,0,NONE,NO_CLICK
24144,0,0,NONE,NO_CLICK
24145,0,0,NONE,NO_CLICK
24146,0,0,NONE,NO_CLICK
24147,0,0,NONE,NO_CLICK
24148,0,0,NONE,NO_CLICK
24149,0,0,NONE,NO_CLICK
24150,0,0,NONE,NO_CLICK
24151,0,0,NONE,NO_CLICK
24152,0,0,NONE,NO_CLICK
24153,0,0,NONE,NO_CLICK
24154,0,0,NONE,NO_CLICK
24155,0,0,NONE,NO_CLICK
24156,0,0,NONE,NO_CLICK
24157,0,0,NONE,NO_CLICK
24158,0,0,NONE,NO_CLICK
24159,0,0,NONE,NO_CLICK
24160,0,0,NONE,NO_CLICK
24161,0,0,NONE,NO_CLICK
24162,0,0,NONE,NO_CLICK
24163,0,0,NONE,NO_CLICK
24164,0,0,NONE,NO_CLICK
24165,0,0,NONE,NO_CLICK
24166,0,0,NONE,NO_CLICK
24167,0,0,NONE,NO_CLICK
24168,0,0,NONE,NO_CLICK
24169,0,0,NONE,NO_CLICK
24170,0,0,NONE,NO_CLICK
24171,0,0,NONE,NO_CLICK
24172,0,0,NONE,NO_CLICK
24173,0,0,NONE,NO_CLICK
24174,0,0,NONE,NO_CLICK
24175,0,0,NONE,NO_CLICK
24176,0,0,NONE,NO_CLICK
24177,0,0,NONE,NO_CLICK
24178,0,0,NONE,NO_CLICK
24179,0,0,NONE,NO_CLICK
24180,0,0,NONE,NO_CLICK
24181,0,0,NONE,NO_CLICK
24182,0,0,NONE,NO_CLICK
24183,0,0,NONE,NO_CLICK
24184,0,0,NONE,NO_CLICK
24185,0,0,NONE,NO_CLICK
24186,0,0,NONE,NO_CLICK
24187,0,0,NONE,NO_CLICK
24188,0,0,NONE,NO_CLICK
24189,0,0,NONE,NO_CLICK
24190,0,0,NONE,NO_CLICK
24191,0,0,NONE,NO_CLICK
24192,0,0,NONE,NO_CLICK
24193,0,0,NONE,NO_CLICK
24194,0,0,NONE,NO_CLICK
24195,0,0,NONE,NO_CLICK
24196,0,0,NONE,NO_CLICK
24197,0,0,NONE,NO_CLICK
24198,0,0,NONE,NO_CLICK
24199,0,0,NONE,NO_CLICK
24200,0,0,NONE,NO_CLICK
24201,0,0,NONE,NO_CLICK
24202,0,0,NONE,NO_CLICK
24203,0,0,NONE,NO_CLICK
24204,0,0,NONE,NO_CLICK
24205,0,0,NONE,NO_CLICK
24206,0,0,NONE,NO_CLICK
24207,0,0,NONE,NO_CLICK
24208,0,0,NONE,NO_CLICK
24209,0,0,NONE,NO_CLICK
24210,0,0,NONE,NO_CLICK
24211,0,0,NONE,NO_CLICK
24212,0,0,NONE,NO_CLICK
24213,0,0,NONE,NO_CLICK
24214,0,0,NONE,NO_CLICK
24215,0,0,NONE,NO_CLICK
24216,0,0,NONE,NO_CLICK
24217,0,0,NONE,NO_CLICK
24218,0,0,NONE,NO_CLICK
24219,0,0,NONE,NO_CLICK
24220,0,0,NONE,NO_CLICK
24221,0,0,NONE,NO_CLICK
24222,0,0,NONE,NO_CLICK
24223,0,0,NONE,NO_CLICK
24224,0,0,NONE,NO_CLICK
24225,0,0,NONE,NO_CLICK
24226,0,0,NONE,NO_CLICK
24227,0,0,NONE,NO_CLICK
24228,0,0,NONE,NO_CLICK
24229,0,0,NONE,NO_CLICK
24230,0,0,NONE,NO_CLICK
24231,0,0,NONE,NO_CLICK
24232,0,0,NONE,NO_CLICK
24233,0,0,NONE,NO_CLICK
24234,0,0,NONE,NO_CLICK
24235,0,0,NONE,NO_CLICK
24236,0,0,NONE,NO_CLICK
24237,0,0,NONE,NO_CLICK
24238,0,0,NONE,NO_CLICK
24239,0,0,NONE,NO_CLICK
24240,0,0,NONE,NO_CLICK
24241,0,0,NONE,NO_CLICK
24242,0,0,NONE,NO_CLICK
24243,0,0,NONE,NO_CLICK
24244,0,0,NONE,NO_CLICK
24245,0,0,NONE,NO_CLICK
24246,0,0,NONE,NO_CLICK
24247,0,0,NONE,NO_CLICK
24248,0,0,NONE,NO_CLICK
24249,0,0,NONE,NO_CLICK
24250,0,0,NONE,NO_CLICK
24251,0,0,NONE,NO_CLICK
24252,0,0,NONE,NO_CLICK
24253,0,0,NONE,NO_CLICK
24254,0,0,NONE,NO_CLICK
24255,0,0,NONE,NO_CLICK
24256,0,0,NONE,NO_CLICK
24257,0,0,NONE,NO_CLICK
24258,0,0,NONE,NO_CLICK
24259,0,0,NONE,NO_CLICK
24260,0,0,NONE,NO_CLICK
24261,0,0,NONE,NO_CLICK
24262,0,0,NONE,NO_CLICK
24263,0,0,NONE,NO_CLICK
24264,0,0,NONE,NO_CLICK
24265,0,0,NONE,NO_CLICK
24266,0,0,NONE,NO_CLICK
24267,0,0,NONE,NO_CLICK
24268,0,0,NONE,NO_CLICK
24269,0,0,NONE,NO_CLICK
24270,0,0,NONE,NO_CLICK
24271,0,0,NONE,NO_CLICK
24272,0,0,NONE,NO_CLICK
24273,0,0,NONE,NO_CLICK
24274,0,0,NONE,NO_CLICK
24275,0,0,NONE,NO_CLICK
24276,0,0,NONE,NO_CLICK
24277,0,0,NONE,NO_CLICK
24278,0,0,NONE,NO_CLICK
24279,0,0,NONE,NO_CLICK
24280,0,0,NONE,NO_CLICK
24281,0,0,NONE,NO_CLICK
24282,0,0,NONE,NO_CLICK
24283,0,0,NONE,NO_CLICK
24284,0,0,NONE,NO_CLICK
24285,0,0,NONE,NO_CLICK
24286,0,0,NONE,NO_CLICK
24287,0,0,NONE,NO_CLICK
24288,0,0,NONE,NO_CLICK
24289,0,0,NONE,NO_CLICK
24290,0,0,NONE,NO_CLICK
24291,0,0,NONE,NO_CLICK
24292,0,0,NONE,NO_CLICK
24293,0,0,NONE,NO_CLICK
24294,0,0,NONE,NO_CLICK
24295,0,0,NONE,NO_CLICK
24296,0,0,NONE,NO_CLICK
24297,0,0,NONE,NO_CLICK
24298,0,0,NONE,NO_CLICK
24299,0,0,NONE,NO_CLICK
24300,0,0,NONE,NO_CLICK
24301,0,0,NONE,NO_CLICK
24302,0,0,NONE,NO_CLICK
24303,0,0,NONE,NO_CLICK
24304,0,0,NONE,NO_CLICK
24305,0,0,NONE,NO_CLICK
24306,0,0,NONE,NO_CLICK
24307,0,0,NONE,NO_CLICK
24308,0,0,NONE,NO_CLICK
24309,0,0,NONE,NO_CLICK
24310,0,0,NONE,NO_CLICK
24311,0,0,NONE,NO_CLICK
24312,0,0,NONE,NO_CLICK
24313,0,0,NONE,NO_CLICK
24314,0,0,NONE,NO_CLICK
24315,0,0,NONE,NO_CLICK
24316,0,0,NONE,NO_CLICK
24317,0,0,NONE,NO_CLICK
24318,0,0,NONE,NO_CLICK
24319,0,0,NONE,NO_CLICK
24320,0,0,NONE,NO_CLICK
24321,0,0,NONE,NO_CLICK
24322,0,0,NONE,NO_CLICK
24323,0,0,NONE,NO_CLICK
24324,0,0,NONE,NO_CLICK
24325,0,0,NONE,NO_CLICK
24326,0,0,NONE,NO_CLICK
24327,0,0,NONE,NO_CLICK
24328,0,0,NONE,NO_CLICK
24329,0,0,NONE,NO_CLICK
24330,0,0,NONE,NO_CLICK
24331,0,0,NONE,NO_CLICK
24332,0,0,NONE,NO_CLICK
24333,0,0,NONE,NO_CLICK
24334,0,0,NONE,NO_CLICK
24335,0,0,NONE,NO_CLICK
24336,0,0,NONE,NO_CLICK
24337,0,0,NONE,NO_CLICK
24338,0,0,NONE,NO_CLICK
24339,0,0,NONE,NO_CLICK
24340,0,0,NONE,NO_CLICK
24341,0,0,NONE,NO_CLICK
24342,0,0,NONE,NO_CLICK
24343,0,0,NONE,NO_CLICK
24344,0,0,NONE,NO_CLICK
24345,0,0,NONE,NO_CLICK
24346,0,0,NONE,NO_CLICK
24347,0,0,NONE,NO_CLICK
24348,0,0,NONE,NO_CLICK
24349,0,0,NONE,NO_CLICK
24350,0,0,NONE,NO_CLICK
24351,0,0,NONE,NO_CLICK
24352,0,0,NONE,NO_CLICK
24353,0,0,NONE,NO_CLICK
24354,1,0,D1,D1_CLICK
24355,1,0,D1,D1_CLICK
24356,1,0,D1,D1_CLICK
24357,1,0,D1,D1_CLICK
24358,1,0,D1,D1_CLICK
24359,1,0,D1,D1_CLICK
24360,1,0,D1,D1_CLICK
24361,1,0,D1,D1_CLICK
24362,1,0,D1,D1_CLICK
24363,1,0,D1,D1_CLICK
24364,1,0,D1,D1_CLICK
24365,1,0,D1,D1_CLICK
24366,1,0,D1,D1_CLICK
24367,1,0,D1,D1_CLICK
24368,1,0,D1,D1_CLICK
24369,1,0,D1,D1_CLICK
24370,1,0,D1,D1_CLICK
24371,1,0,D1,D1_CLICK
24372,1,0,D1,D1_CLICK
24373,1,0,D1,D1_CLICK
24374,1,0,D1,D1_CLICK
24375,1,0,D1,D1_CLICK
24376,1,0,D1,D1_CLICK
24377,1,0,D1,D1_CLICK
24378,1,0,D1,D1_CLICK
24379,1,0,D1,D1_CLICK
24380,1,0,D1,D1_CLICK
24381,1,0,D1,D1_CLICK
24382,1,0,D1,D1_CLICK
24383,1,0,D1,D1_CLICK
24384,1,0,D1,D1_CLICK
24385,1,0,D1,D1_CLICK
24386,1,0,D1,D1_CLICK
24387,1,0,D1,D1_CLICK
24388,1,0,D1,D1_CLICK
24389,1,0,D1,D1_CLICK
24390,1,0,D1,D1_CLICK
24391,1,0,D1,D1_CLICK
24392,0,0,NONE,NO_CLICK
24393,0,0,NONE,NO_CLICK
24394,0,0,NONE,NO_CLICK
24395,0,0,NONE,NO_CLICK
24396,0,0,NONE,NO_CLICK
24397,0,0,NONE,NO_CLICK
24398,0,0,NONE,NO_CLICK
24399,0,0,NONE,NO_CLICK
24400,0,0,NONE,NO_CLICK
24401,0,0,NONE,NO_CLICK
24402,0,0,NONE,NO_CLICK
24403,0,0,NONE,NO_CLICK
24404,0,0,NONE,NO_CLICK
24405,0,0,NONE,NO_CLICK
24406,0,0,NONE,NO_CLICK
24407,0,0,NONE,NO_CLICK
24408,0,0,NONE,NO_CLICK
24409,0,0,NONE,NO_CLICK
24410,0,0,NONE,NO_CLICK
24411,0,0,NONE,NO_CLICK
24412,0,0,NONE,NO_CLICK
24413,0,0,NONE,NO_CLICK
24414,0,0,NONE,NO_CLICK
24415,0,0,NONE,NO_CLICK
24416,0,0,NONE,NO_CLICK
24417,0,0,NONE,NO_CLICK
24418,0,0,NONE,NO_CLICK
24419,0,0,NONE,NO_CLICK
24420,0,0,NONE,NO_CLICK
24421,0,0,NONE,NO_CLICK
24422,0,0,NONE,NO_CLICK
24423,0,0,NONE,NO_CLICK
24424,0,0,NONE,NO_CLICK
24425,0,0,NONE,NO_CLICK
24426,0,0,NONE,NO_CLICK
24427,0,0,NONE,NO_CLICK
24428,0,0,NONE,NO_CLICK
24429,0,0,NONE,NO_CLICK
24430,0,0,NONE,NO_CLICK
24431,0,0,NONE,NO_CLICK
24432,0,0,NONE,NO_CLICK
24433,0,0,NONE,NO_CLICK
24434,0,0,NONE,NO_CLICK
24435,0,0,NONE,NO_CLICK
24436,0,0,NONE,NO_CLICK
24437,0,0,NONE,NO_CLICK
24438,0,0,NONE,NO_CLICK
24439,0,0,NONE,NO_CLICK
24440,0,0,NONE,NO_CLICK
24441,0,0,NONE,NO_CLICK
24442,0,0,NONE,NO_CLICK
24443,0,0,NONE,NO_CLICK
24444,0,0,NONE,NO_CLICK
24445,0,0,NONE,NO_CLICK
24446,0,0,NONE,NO_CLICK
24447,0,0,NONE,NO_CLICK
24448,0,0,NONE,NO_CLICK
24449,0,0,NONE,NO_CLICK
24450,0,0,NONE,NO_CLICK
24451,0,0,NONE,NO_CLICK
24452,0,0,NONE,NO_CLICK
24453,0,0,NONE,NO_CLICK
24454,0,0,NONE,NO_CLICK
24455,0,0,NONE,NO_CLICK
24456,0,0,NONE,NO_CLICK
24457,0,0,NONE,NO_CLICK
24458,0,0,NONE,NO_CLICK
24459,0,0,NONE,NO_CLICK
24460,0,0,NONE,NO_CLICK
24461,0,0,NONE,NO_CLICK
24462,0,0,NONE,NO_CLICK
24463,0,0,NONE,NO_CLICK
24464,0,0,NONE,NO_CLICK
24465,0,0,NONE,NO_CLICK
24466,0,0,NONE,NO_CLICK
24467,0,0,NONE,NO_CLICK
24468,0,0,NONE,NO_CLICK
24469,0,0,NONE,NO_CLICK
24470,0,0,NONE,NO_CLICK
24471,0,0,NONE,NO_CLICK
24472,0,0,NONE,NO_CLICK
24473,0,0,NONE,NO_CLICK
24474,0,0,NONE,NO_CLICK
24475,0,0,NONE,NO_CLICK
24476,0,0,NONE,NO_CLICK
24477,0,0,NONE,NO_CLICK
24478,0,0,NONE,NO_CLICK
24479,0,0,NONE,NO_CLICK
24480,0,0,NONE,NO_CLICK
24481,0,0,NONE,NO_CLICK
24482,0,0,NONE,NO_CLICK
24483,0,0,NONE,NO_CLICK
24484,0,0,NONE,NO_CLICK
24485,0,0,NONE,NO_CLICK
24486,0,0,NONE,NO_CLICK
24487,0,0,NONE,NO_CLICK
24488,0,0,NONE,NO_CLICK
24489,0,0,NONE,NO_CLICK
24490,0,0,NONE,NO_CLICK
24491,0,0,NONE,NO_CLICK
24492,0,0,NONE,NO_CLICK
24493,0,0,NONE,NO_CLICK
24494,0,0,NONE,NO_CLICK
24495,0,0,NONE,NO_CLICK
24496,0,0,NONE,NO_CLICK
24497,0,0,NONE,NO_CLICK
24498,0,0,NONE,NO_CLICK
24499,0,0,NONE,NO_CLICK
24500,0,0,NONE,NO_CLICK
24501,0,0,NONE,NO_CLICK
24502,0,0,NONE,NO_CLICK
24503,0,0,NONE,NO_CLICK
24504,0,0,NONE,NO_CLICK
24505,0,0,NONE,NO_CLICK
24506,0,0,NONE,NO_CLICK
24507,0,0,NONE,NO_CLICK
24508,0,0,NONE,NO_CLICK
24509,0,0,NONE,NO_CLICK
24510,0,0,NONE,NO_CLICK
24511,0,0,NONE,NO_CLICK
24512,0,0,NONE,NO_CLICK
24513,0,0,NONE,NO_CLICK
24514,0,0,NONE,NO_CLICK
24515,0,0,NONE,NO_CLICK
24516,0,0,NONE,NO_CLICK
24517,0,0,NONE,NO_CLICK
24518,0,0,NONE,NO_CLICK
24519,0,0,NONE,NO_CLICK
24520,0,0,NONE,NO_CLICK
24521,0,0,NONE,NO_CLICK
24522,0,0,NONE,NO_CLICK
24523,0,0,NONE,NO_CLICK
24524,0,0,NONE,NO_CLICK
24525,0,0,NONE,NO_CLICK
24526,0,0,NONE,NO_CLICK
24527,0,0,NONE,NO_CLICK
24528,0,0,NONE,NO_CLICK
24529,0,0,NONE,NO_CLICK
24530,0,0,NONE,NO_CLICK
24531,0,0,NONE,NO_CLICK
24532,0,0,NONE,NO_CLICK
24533,0,0,NONE,NO_CLICK
24534,0,0,NONE,NO_CLICK
24535,0,0,NONE,NO_CLICK
24536,0,0,NONE,NO_CLICK
24537,0,0,NONE,NO_CLICK
24538,0,0,NONE,NO_CLICK
24539,0,0,NONE,NO_CLICK
24540,0,0,NONE,NO_CLICK
24541,0,0,NONE,NO_CLICK
24542,0,0,NONE,NO_CLICK
24543,0,0,NONE,NO_CLICK
24544,0,0,NONE,NO_CLICK
24545,0,0,NONE,NO_CLICK
24546,0,1,D2,D2_CLICK
24547,0,1,D2,D2_CLICK
24548,0,1,D2,D2_CLICK
24549,0,1,D2,D2_CLICK
24550,0,1,D2,D2_CLICK
24551,0,1,D2,D2_CLICK
24552,0,1,D2,D2_CLICK
24553,0,1,D2,D2_CLICK
24554,0,1,D2,D2_CLICK
24555,0,1,D2,D2_CLICK
24556,0,1,D2,D2_CLICK
24557,0,1,D2,D2_CLICK
24558,0,1,D2,D2_CLICK
24559,0,1,D2,D2_CLICK
24560,0,1,D2,D2_CLICK
24561,0,1,D2,D2_CLICK
24562,0,1,D2,D2_CLICK
24563,0,1,D2,D2_CLICK
24564,0,1,D2,D2_CLICK
24565,0,1,D2,D2_CLICK
24566,0,1,D2,D2_CLICK
24567,0,1,D2,D2_CLICK
24568,0,1,D2,D2_CLICK
24569,0,1,D2,D2_CLICK
24570,0,1,D2,D2_CLICK
24571,0,1,D2,D2_CLICK
24572,0,1,D2,D2_CLICK
24573,0,1,D2,D2_CLICK
24574,0,1,D2,D2_CLICK
24575,0,1,D2,D2_CLICK
24576,0,1,D2,D2_CLICK
24577,0,1,D2,D2_CLICK
24578,0,1,D2,D2_CLICK
24579,0,1,D2,D2_CLICK
24580,0,1,D2,D2_CLICK
24581,0,1,D2,D2_CLICK
24582,0,1,D2,D2_CLICK
24583,0,1,D2,D2_CLICK
24584,0,0,NONE,NO_CLICK
24585,0,0,NONE,NO_CLICK
24586,0,0,NONE,NO_CLICK
24587,0,0,NONE,NO_CLICK
24588,0,0,NONE,NO_CLICK
24589,0,0,NONE,NO_CLICK
24590,0,0,NONE,NO_CLICK
24591,0,0,NONE,NO_CLICK
24592,0,0,NONE,NO_CLICK
24593,0,0,NONE,NO_CLICK
24594,0,0,NONE,NO_CLICK
24595,0,0,NONE,NO_CLICK
24596,0,0,NONE,NO_CLICK
24597,0,0,NONE,NO_CLICK
24598,0,0,NONE,NO_CLICK
24599,0,0,NONE,NO_CLICK
24600,0,0,NONE,NO_CLICK
24601,0,0,NONE,NO_CLICK
24602,0,0,NONE,NO_CLICK
24603,0,0,NONE,NO_CLICK
24604,0,0,NONE,NO_CLICK
24605,0,0,NONE,NO_CLICK
24606,0,0,NONE,NO_CLICK
24607,0,0,NONE,NO_CLICK
24608,0,0,NONE,NO_CLICK
24609,0,0,NONE,NO_CLICK
24610,0,0,NONE,NO_CLICK
24611,0,0,NONE,NO_CLICK
24612,0,0,NONE,NO_CLICK
24613,0,0,NONE,NO_CLICK
24614,0,0,NONE,NO_CLICK
24615,0,0,NONE,NO_CLICK
24616,0,0,NONE,NO_CLICK
24617,0,0,NONE,NO_CLICK
24618,0,0,NONE,NO_CLICK
24619,0,0,NONE,NO_CLICK
24620,0,0,NONE,NO_CLICK
24621,0,0,NONE,NO_CLICK
24622,0,0,NONE,NO_CLICK
24623,0,0,NONE,NO_CLICK
24624,0,0,NONE,NO_CLICK
24625,0,0,NONE,NO_CLICK
24626,0,0,NONE,NO_CLICK
24627,0,0,NONE,NO_CLICK
24628,0,0,NONE,NO_CLICK
24629,0,0,NONE,NO_CLICK
24630,0,0,NONE,NO_CLICK
24631,0,0,NONE,NO_CLICK
24632,0,0,NONE,NO_CLICK
24633,0,0,NONE,NO_CLICK
24634,0,0,NONE,NO_CLICK
24635,0,0,NONE,NO_CLICK
24636,0,0,NONE,NO_CLICK
24637,0,0,NONE,NO_CLICK
24638,0,0,NONE,NO_CLICK
24639,0,0,NONE,NO_CLICK
24640,0,0,NONE,NO_CLICK
24641,0,0,NONE,NO_CLICK
24642,0,0,NONE,NO_CLICK
24643,0,0,NONE,NO_CLICK
24644,0,0,NONE,NO_CLICK
24645,0,0,NONE,NO_CLICK
24646,0,0,NONE,NO_CLICK
24647,0,0,NONE,NO_CLICK
24648,0,0,NONE,NO_CLICK
24649,0,0,NONE,NO_CLICK
24650,0,0,NONE,NO_CLICK
24651,0,0,NONE,NO_CLICK
24652,0,0,NONE,NO_CLICK
24653,0,0,NONE,NO_CLICK
24654,0,0,NONE,NO_CLICK
24655,0,0,NONE,NO_CLICK
24656,0,0,NONE,NO_CLICK
24657,0,0,NONE,NO_CLICK
24658,0,0,NONE,NO_CLICK
24659,0,0,NONE,NO_CLICK
24660,0,0,NONE,NO_CLICK
24661,0,0,NONE,NO_CLICK
24662,0,0,NONE,NO_CLICK
24663,0,0,NONE,NO_CLICK
24664,0,0,NONE,NO_CLICK
24665,0,0,NONE,NO_CLICK
24666,0,0,NONE,NO_CLICK
24667,0,0,NONE,NO_CLICK
24668,0,0,NONE,NO_CLICK
24669,0,0,NONE,NO_CLICK
24670,0,0,NONE,NO_CLICK
24671,0,0,NONE,NO_CLICK
24672,0,0,NONE,NO_CLICK
24673,0,0,NONE,NO_CLICK
24674,0,0,NONE,NO_CLICK
24675,0,0,NONE,NO_CLICK
24676,0,0,NONE,NO_CLICK
24677,0,0,NONE,NO_CLICK
24678,0,0,NONE,NO_CLICK
24679,0,0,NONE,NO_CLICK
24680,0,0,NONE,NO_CLICK
24681,0,0,NONE,NO_CLICK
24682,0,0,NONE,NO_CLICK
24683,0,0,NONE,NO_CLICK
24684,0,0,NONE,NO_CLICK
24685,0,0,NONE,NO_CLICK
24686,0,0,NONE,NO_CLICK
24687,0,0,NONE,NO_CLICK
24688,0,0,NONE,NO_CLICK
24689,0,0,NONE,NO_CLICK
24690,0,0,NONE,NO_CLICK
24691,0,0,NONE,NO_CLICK
24692,0,0,NONE,NO_CLICK
24693,0,0,NONE,NO_CLICK
24694,0,0,NONE,NO_CLICK
24695,0,0,NONE,NO_CLICK
24696,0,0,NONE,NO_CLICK
24697,0,0,NONE,NO_CLICK
24698,0,0,NONE,NO_CLICK
24699,0,0,NONE,NO_CLICK
24700,0,0,NONE,NO_CLICK
24701,0,0,NONE,NO_CLICK
24702,0,0,NONE,NO_CLICK
24703,0,0,NONE,NO_CLICK
24704,0,0,NONE,NO_CLICK
24705,0,0,NONE,NO_CLICK
24706,0,0,NONE,NO_CLICK
24707,0,0,NONE,NO_CLICK
24708,0,0,NONE,NO_CLICK
24709,0,0,NONE,NO_CLICK
24710,0,0,NONE,NO_CLICK
24711,0,0,NONE,NO_CLICK
24712,0,0,NONE,NO_CLICK
24713,0,0,NONE,NO_CLICK
24714,0,0,NONE,NO_CLICK
24715,0,0,NONE,NO_CLICK
24716,0,0,NONE,NO_CLICK
24717,0,0,NONE,NO_CLICK
24718,0,0,NONE,NO_CLICK
24719,0,0,NONE,NO_CLICK
24720,0,0,NONE,NO_CLICK
24721,0,0,NONE,NO_CLICK
24722,0,0,NONE,NO_CLICK
24723,0,0,NONE,NO_CLICK
24724,0,0,NONE,NO_CLICK
24725,0,0,NONE,NO_CLICK
24726,0,0,NONE,NO_CLICK
24727,0,0,NONE,NO_CLICK
24728,0,0,NONE,NO_CLICK
24729,0,0,NONE,NO_CLICK
24730,0,0,NONE,NO_CLICK
24731,0,0,NONE,NO_CLICK
24732,0,0,NONE,NO_CLICK
24733,0,0,NONE,NO_CLICK
24734,0,0,NONE,NO_CLICK
24735,0,0,NONE,NO_CLICK
24736,0,0,NONE,NO_CLICK
24737,0,0,NONE,NO_CLICK
24738,0,0,NONE,NO_CLICK
24739,0,0,NONE,NO_CLICK
24740,0,0,NONE,NO_CLICK
24741,0,0,NONE,NO_CLICK
24742,0,0,NONE,NO_CLICK
24743,0,0,NONE,NO_CLICK
24744,0,0,NONE,NO_CLICK
24745,0,0,NONE,NO_CLICK
24746,0,0,NONE,NO_CLICK
24747,0,0,NONE,NO_CLICK
24748,0,0,NONE,NO_CLICK
24749,0,0,NONE,NO_CLICK
24750,0,0,NONE,NO_CLICK
24751,0,0,NONE,NO_CLICK
24752,0,0,NONE,NO_CLICK
24753,0,0,NONE,NO_CLICK
24754,0,0,NONE,NO_CLICK
24755,0,0,NONE,NO_CLICK
24756,0,0,NONE,NO_CLICK
24757,0,0,NONE,NO_CLICK
24758,0,0,NONE,NO_CLICK
24759,0,0,NONE,NO_CLICK
24760,0,0,NONE,NO_CLICK
24761,0,0,NONE,NO_CLICK
24762,0,0,NONE,NO_CLICK
24763,0,0,NONE,NO_CLICK
24764,0,0,NONE,NO_CLICK
24765,0,0,NONE,NO_CLICK
24766,0,0,NONE,NO_CLICK
24767,0,0,NONE,NO_CLICK
24768,0,0,NONE,NO_CLICK
24769,0,0,NONE,NO_CLICK
24770,0,0,NONE,NO_CLICK
24771,0,0,NONE,NO_CLICK
24772,0,0,NONE,NO_CLICK
24773,0,0,NONE,NO_CLICK
24774,0,0,NONE,NO_CLICK
24775,0,0,NONE,NO_CLICK
24776,0,0,NONE,NO_CLICK
24777,0,0,NONE,NO_CLICK
24778,0,0,NONE,NO_CLICK
24779,0,0,NONE,NO_CLICK
24780,0,0,NONE,NO_CLICK
24781,0,0,NONE,NO_CLICK
24782,0,0,NONE,NO_CLICK
24783,0,0,NONE,NO_CLICK
24784,0,0,NONE,NO_CLICK
24785,0,0,NONE,NO_CLICK
24786,0,0,NONE,NO_CLICK
24787,0,0,NONE,NO_CLICK
24788,0,0,NONE,NO_CLICK
24789,0,0,NONE,NO_CLICK
24790,0,0,NONE,NO_CLICK
24791,0,0,NONE,NO_CLICK
24792,0,0,NONE,NO_CLICK
24793,0,0,NONE,NO_CLICK
24794,0,0,NONE,NO_CLICK
24795,0,0,NONE,NO_CLICK
24796,0,0,NONE,NO_CLICK
24797,0,0,NONE,NO_CLICK
24798,0,0,NONE,NO_CLICK
24799,0,0,NONE,NO_CLICK
24800,0,0,NONE,NO_CLICK
24801,0,0,NONE,NO_CLICK
24802,1,0,D1,D1_CLICK
24803,1,0,D1,D1_CLICK
24804,1,0,D1,D1_CLICK
24805,1,0,D1,D1_CLICK
24806,1,0,D1,D1_CLICK
24807,1,0,D1,D1_CLICK
24808,1,0,D1,D1_CLICK
24809,1,0,D1,D1_CLICK
24810,1,0,D1,D1_CLICK
24811,1,0,D1,D1_CLICK
24812,1,0,D1,D1_CLICK
24813,1,0,D1,D1_CLICK
24814,1,0,D1,D1_CLICK
24815,1,0,D1,D1_CLICK
24816,1,0,D1,D1_CLICK
24817,1,0,D1,D1_CLICK
24818,1,0,D1,D1_CLICK
24819,1,0,D1,D1_CLICK
24820,1,0,D1,D1_CLICK
24821,1,0,D1,D1_CLICK
24822,1,0,D1,D1_CLICK
24823,1,0,D1,D1_CLICK
24824,1,0,D1,D1_CLICK
24825,1,0,D1,D1_CLICK
24826,1,0,D1,D1_CLICK
24827,1,0,D1,D1_CLICK
24828,1,0,D1,D1_CLICK
24829,1,0,D1,D1_CLICK
24830,1,0,D1,D1_CLICK
24831,1,0,D1,D1_CLICK
24832,1,0,D1,D1_CLICK
24833,1,0,D1,D1_CLICK
24834,1,0,D1,D1_CLICK
24835,1,0,D1,D1_CLICK
24836,1,0,D1,D1_CLICK
24837,1,0,D1,D1_CLICK
24838,1,0,D1,D1_CLICK
24839,1,0,D1,D1_CLICK
24840,0,0,NONE,NO_CLICK
24841,0,0,NONE,NO_CLICK
24842,0,0,NONE,NO_CLICK
24843,0,0,NONE,NO_CLICK
24844,0,0,NONE,NO_CLICK
24845,0,0,NONE,NO_CLICK
24846,0,0,NONE,NO_CLICK
24847,0,0,NONE,NO_CLICK
24848,0,0,NONE,NO_CLICK
24849,0,0,NONE,NO_CLICK
24850,0,0,NONE,NO_CLICK
24851,0,0,NONE,NO_CLICK
24852,0,0,NONE,NO_CLICK
24853,0,0,NONE,NO_CLICK
24854,0,0,NONE,NO_CLICK
24855,0,0,NONE,NO_CLICK
24856,0,0,NONE,NO_CLICK
24857,0,0,NONE,NO_CLICK
24858,0,0,NONE,NO_CLICK
24859,0,0,NONE,NO_CLICK
24860,0,0,NONE,NO_CLICK
24861,0,0,NONE,NO_CLICK
24862,0,0,NONE,NO_CLICK
24863,0,0,NONE,NO_CLICK
24864,0,0,NONE,NO_CLICK
24865,0,0,NONE,NO_CLICK
24866,0,0,NONE,NO_CLICK
24867,0,0,NONE,NO_CLICK
24868,0,0,NONE,NO_CLICK
24869,0,0,NONE,NO_CLICK
24870,0,0,NONE,NO_CLICK
24871,0,0,NONE,NO_CLICK
24872,0,0,NONE,NO_CLICK
24873,0,0,NONE,NO_CLICK
24874,0,0,NONE,NO_CLICK
24875,0,0,NONE,NO_CLICK
24876,0,0,NONE,NO_CLICK
24877,0,0,NONE,NO_CLICK
24878,0,0,NONE,NO_CLICK
24879,0,0,NONE,NO_CLICK
24880,0,0,NONE,NO_CLICK
24881,0,0,NONE,NO_CLICK
24882,0,0,NONE,NO_CLICK
24883,0,0,NONE,NO_CLICK
24884,0,0,NONE,NO_CLICK
24885,0,0,NONE,NO_CLICK
24886,0,0,NONE,NO_CLICK
24887,0,0,NONE,NO_CLICK
24888,0,0,NONE,NO_CLICK
24889,0,0,NONE,NO_CLICK
24890,0,0,NONE,NO_CLICK
24891,0,0,NONE,NO_CLICK
24892,0,0,NONE,NO_CLICK
24893,0,0,NONE,NO_CLICK
24894,0,0,NONE,NO_CLICK
24895,0,0,NONE,NO_CLICK
24896,0,0,NONE,NO_CLICK
24897,0,0,NONE,NO_CLICK
24898,0,1,D2,D2_CLICK
24899,0,1,D2,D2_CLICK
24900,0,1,D2,D2_CLICK
24901,0,1,D2,D2_CLICK
24902,0,1,D2,D2_CLICK
24903,0,1,D2,D2_CLICK
24904,0,1,D2,D2_CLICK
24905,0,1,D2,D2_CLICK
24906,0,1,D2,D2_CLICK
24907,0,1,D2,D2_CLICK
24908,0,1,D2,D2_CLICK
24909,0,1,D2,D2_CLICK
24910,0,1,D2,D2_CLICK
24911,0,1,D2,D2_CLICK
24912,0,1,D2,D2_CLICK
24913,0,1,D2,D2_CLICK
24914,0,1,D2,D2_CLICK
24915,0,1,D2,D2_CLICK
24916,0,1,D2,D2_CLICK
24917,0,1,D2,D2_CLICK
24918,0,1,D2,D2_CLICK
24919,0,1,D2,D2_CLICK
24920,0,1,D2,D2_CLICK
24921,0,1,D2,D2_CLICK
24922,0,1,D2,D2_CLICK
24923,0,1,D2,D2_CLICK
24924,0,1,D2,D2_CLICK
24925,0,1,D2,D2_CLICK
24926,0,1,D2,D2_CLICK
24927,0,1,D2,D2_CLICK
24928,0,1,D2,D2_CLICK
24929,0,1,D2,D2_CLICK
24930,0,1,D2,D2_CLICK
24931,0,1,D2,D2_CLICK
24932,0,1,D2,D2_CLICK
24933,0,1,D2,D2_CLICK
24934,0,1,D2,D2_CLICK
24935,0,1,D2,D2_CLICK
24936,0,0,NONE,NO_CLICK
24937,0,0,NONE,NO_CLICK
24938,0,0,NONE,NO_CLICK
24939,0,0,NONE,NO_CLICK
24940,0,0,NONE,NO_CLICK
24941,0,0,NONE,NO_CLICK
24942,0,0,NONE,NO_CLICK
24943,0,0,NONE,NO_CLICK
24944,0,0,NONE,NO_CLICK
24945,0,0,NONE,NO_CLICK
24946,0,0,NONE,NO_CLICK
24947,0,0,NONE,NO_CLICK
24948,0,0,NONE,NO_CLICK
24949,0,0,NONE,NO_CLICK
24950,0,0,NONE,NO_CLICK
24951,0,0,NONE,NO_CLICK
24952,0,0,NONE,NO_CLICK
24953,0,0,NONE,NO_CLICK
24954,0,0,NONE,NO_CLICK
24955,0,0,NONE,NO_CLICK
24956,0,0,NONE,NO_CLICK
24957,0,0,NONE,NO_CLICK
24958,0,0,NONE,NO_CLICK
24959,0,0,NONE,NO_CLICK
24960,0,0,NONE,NO_CLICK
24961,0,0,NONE,NO_CLICK
24962,0,0,NONE,NO_CLICK
24963,0,0,NONE,NO_CLICK
24964,0,0,NONE,NO_CLICK
24965,0,0,NONE,NO_CLICK
24966,0,0,NONE,NO_CLICK
24967,0,0,NONE,NO_CLICK
24968,0,0,NONE,NO_CLICK
24969,0,0,NONE,NO_CLICK
24970,0,0,NONE,NO_CLICK
24971,0,0,NONE,NO_CLICK
24972,0,0,NONE,NO_CLICK
24973,0,0,NONE,NO_CLICK
24974,0,0,NONE,NO_CLICK
24975,0,0,NONE,NO_CLICK
24976,0,0,NONE,NO_CLICK
24977,0,0,NONE,NO_CLICK
24978,0,0,NONE,NO_CLICK
24979,0,0,NONE,NO_CLICK
24980,0,0,NONE,NO_CLICK
24981,0,0,NONE,NO_CLICK
24982,0,0,NONE,NO_CLICK
24983,0,0,NONE,NO_CLICK
24984,0,0,NONE,NO_CLICK
24985,0,0,NONE,NO_CLICK
24986,0,0,NONE,NO_CLICK
24987,0,0,NONE,NO_CLICK
24988,0,0,NONE,NO_CLICK
24989,0,0,NONE,NO_CLICK
24990,0,0,NONE,NO_CLICK
24991,0,0,NONE,NO_CLICK
24992,0,0,NONE,NO_CLICK
24993,0,0,NONE,NO_CLICK
24994,0,0,NONE,NO_CLICK
24995,0,0,NONE,NO_CLICK
24996,0,0,NONE,NO_CLICK
24997,0,0,NONE,NO_CLICK
24998,0,0,NONE,NO_CLICK
24999,0,0,NONE,NO_CLICK
25000,0,0,NONE,NO_CLICK
25001,0,0,NONE,NO_CLICK
25002,0,0,NONE,NO_CLICK
25003,0,0,NONE,NO_CLICK
25004,0,0,NONE,NO_CLICK
25005,0,0,NONE,NO_CLICK
25006,0,0,NONE,NO_CLICK
25007,0,0,NONE,NO_CLICK
25008,0,0,NONE,NO_CLICK
25009,0,0,NONE,NO_CLICK
25010,0,0,NONE,NO_CLICK
25011,0,0,NONE,NO_CLICK
25012,0,0,NONE,NO_CLICK
25013,0,0,NONE,NO_CLICK
25014,0,0,NONE,NO_CLICK
25015,0,0,NONE,NO_CLICK
25016,0,0,NONE,NO_CLICK
25017,0,0,NONE,NO_CLICK
25018,0,0,NONE,NO_CLICK
25019,0,0,NONE,NO_CLICK
25020,0,0,NONE,NO_CLICK
25021,0,0,NONE,NO_CLICK
25022,0,0,NONE,NO_CLICK
25023,0,0,NONE,NO_CLICK
25024,0,0,NONE,NO_CLICK
25025,0,0,NONE,NO_CLICK
25026,0,0,NONE,NO_CLICK
25027,0,0,NONE,NO_CLICK
25028,0,0,NONE,NO_CLICK
25029,0,0,NONE,NO_CLICK
25030,0,0,NONE,NO_CLICK
25031,0,0,NONE,NO_CLICK
25032,0,0,NONE,NO_CLICK
25033,0,0,NONE,NO_CLICK
25034,0,0,NONE,NO_CLICK
25035,0,0,NONE,NO_CLICK
25036,0,0,NONE,NO_CLICK
25037,0,0,NONE,NO_CLICK
25038,0,0,NONE,NO_CLICK
25039,0,0,NONE,NO_CLICK
25040,0,0,NONE,NO_CLICK
25041,0,0,NONE,NO_CLICK
25042,0,0,NONE,NO_CLICK
25043,0,0,NONE,NO_CLICK
25044,0,0,NONE,NO_CLICK
25045,0,0,NONE,NO_CLICK
25046,0,0,NONE,NO_CLICK
25047,0,0,NONE,NO_CLICK
25048,0,0,NONE,NO_CLICK
25049,0,0,NONE,NO_CLICK
25050,0,0,NONE,NO_CLICK
25051,0,0,NONE,NO_CLICK
25052,0,0,NONE,NO_CLICK
25053,0,0,NONE,NO_CLICK
25054,0,0,NONE,NO_CLICK
25055,0,0,NONE,NO_CLICK
25056,0,0,NONE,NO_CLICK
25057,0,0,NONE,NO_CLICK
25058,0,0,NONE,NO_CLICK
25059,0,0,NONE,NO_CLICK
25060,0,0,NONE,NO_CLICK
25061,0,0,NONE,NO_CLICK
25062,0,0,NONE,NO_CLICK
25063,0,0,NONE,NO_CLICK
25064,0,0,NONE,NO_CLICK
25065,0,0,NONE,NO_CLICK
25066,0,0,NONE,NO_CLICK
25067,0,0,NONE,NO_CLICK
25068,0,0,NONE,NO_CLICK
25069,0,0,NONE,NO_CLICK
25070,0,0,NONE,NO_CLICK
25071,0,0,NONE,NO_CLICK
25072,0,0,NONE,NO_CLICK
25073,0,0,NONE,NO_CLICK
25074,0,0,NONE,NO_CLICK
25075,0,0,NONE,NO_CLICK
25076,0,0,NONE,NO_CLICK
25077,0,0,NONE,NO_CLICK
25078,0,0,NONE,NO_CLICK
25079,0,0,NONE,NO_CLICK
25080,0,0,NONE,NO_CLICK
25081,0,0,NONE,NO_CLICK
25082,0,0,NONE,NO_CLICK
25083,0,0,NONE,NO_CLICK
25084,0,0,NONE,NO_CLICK
25085,0,0,NONE,NO_CLICK
25086,0,0,NONE,NO_CLICK
25087,0,0,NONE,NO_CLICK
25088,0,0,NONE,NO_CLICK
25089,0,0,NONE,NO_CLICK
25090,0,0,NONE,NO_CLICK
25091,0,0,NONE,NO_CLICK
25092,0,0,NONE,NO_CLICK
25093,0,0,NONE,NO_CLICK
25094,0,0,NONE,NO_CLICK
25095,0,0,NONE,NO_CLICK
25096,0,0,NONE,NO_CLICK
25097,0,0,NONE,NO_CLICK
25098,0,0,NONE,NO_CLICK
25099,0,0,NONE,NO_CLICK
25100,0,0,NONE,NO_CLICK
25101,0,0,NONE,NO_CLICK
25102,0,0,NONE,NO_CLICK
25103,0,0,NONE,NO_CLICK
25104,0,0,NONE,NO_CLICK
25105,0,0,NONE,NO_CLICK
25106,0,0,NONE,NO_CLICK
25107,0,0,NONE,NO_CLICK
25108,0,0,NONE,NO_CLICK
25109,0,0,NONE,NO_CLICK
25110,0,0,NONE,NO_CLICK
25111,0,0,NONE,NO_CLICK
25112,0,0,NONE,NO_CLICK
25113,0,0,NONE,NO_CLICK
25114,0,0,NONE,NO_CLICK
25115,0,0,NONE,NO_CLICK
25116,0,0,NONE,NO_CLICK
25117,0,0,NONE,NO_CLICK
25118,0,0,NONE,NO_CLICK
25119,0,0,NONE,NO_CLICK
25120,0,0,NONE,NO_CLICK
25121,0,0,NONE,NO_CLICK
25122,0,0,NONE,NO_CLICK
25123,0,0,NONE,NO_CLICK
25124,0,0,NONE,NO_CLICK
25125,0,0,NONE,NO_CLICK
25126,0,0,NONE,NO_CLICK
25127,0,0,NONE,NO_CLICK
25128,0,0,NONE,NO_CLICK
25129,0,0,NONE,NO_CLICK
25130,0,0,NONE,NO_CLICK
25131,0,0,NONE,NO_CLICK
25132,0,0,NONE,NO_CLICK
25133,0,0,NONE,NO_CLICK
25134,0,0,NONE,NO_CLICK
25135,0,0,NONE,NO_CLICK
25136,0,0,NONE,NO_CLICK
25137,0,0,NONE,NO_CLICK
25138,0,0,NONE,NO_CLICK
25139,0,0,NONE,NO_CLICK
25140,0,0,NONE,NO_CLICK
25141,0,0,NONE,NO_CLICK
25142,0,0,NONE,NO_CLICK
25143,0,0,NONE,NO_CLICK
25144,0,0,NONE,NO_CLICK
25145,0,0,NONE,NO_CLICK
25146,0,0,NONE,NO_CLICK
25147,0,0,NONE,NO_CLICK
25148,0,0,NONE,NO_CLICK
25149,0,0,NONE,NO_CLICK
25150,0,0,NONE,NO_CLICK
25151,0,0,NONE,NO_CLICK
25152,0,0,NONE,NO_CLICK
25153,0,0,NONE,NO_CLICK
25154,1,0,D1,D1_CLICK
25155,1,0,D1,D1_CLICK
25156,1,0,D1,D1_CLICK
25157,1,0,D1,D1_CLICK
25158,1,0,D1,D1_CLICK
25159,1,0,D1,D1_CLICK
25160,1,0,D1,D1_CLICK
25161,1,0,D1,D1_CLICK
25162,1,0,D1,D1_CLICK
25163,1,0,D1,D1_CLICK
25164,1,0,D1,D1_CLICK
25165,1,0,D1,D1_CLICK
25166,1,0,D1,D1_CLICK
25167,1,0,D1,D1_CLICK
25168,1,0,D1,D1_CLICK
25169,1,0,D1,D1_CLICK
25170,1,0,D1,D1_CLICK
25171,1,0,D1,D1_CLICK
25172,1,0,D1,D1_CLICK
25173,1,0,D1,D1_CLICK
25174,1,0,D1,D1_CLICK
25175,1,0,D1,D1_CLICK
25176,1,0,D1,D1_CLICK
25177,1,0,D1,D1_CLICK
25178,1,0,D1,D1_CLICK
25179,1,0,D1,D1_CLICK
25180,1,0,D1,D1_CLICK
25181,1,0,D1,D1_CLICK
25182,1,0,D1,D1_CLICK
25183,1,0,D1,D1_CLICK
25184,1,0,D1,D1_CLICK
25185,1,0,D1,D1_CLICK
25186,1,0,D1,D1_CLICK
25187,1,0,D1,D1_CLICK
25188,1,0,D1,D1_CLICK
25189,1,0,D1,D1_CLICK
25190,1,0,D1,D1_CLICK
25191,1,0,D1,D1_CLICK
25192,0,0,NONE,NO_CLICK
25193,0,0,NONE,NO_CLICK
25194,0,0,NONE,NO_CLICK
25195,0,0,NONE,NO_CLICK
25196,0,0,NONE,NO_CLICK
25197,0,0,NONE,NO_CLICK
25198,0,0,NONE,NO_CLICK
25199,0,0,NONE,NO_CLICK
25200,0,0,NONE,NO_CLICK
25201,0,0,NONE,NO_CLICK
25202,0,0,NONE,NO_CLICK
25203,0,0,NONE,NO_CLICK
25204,0,0,NONE,NO_CLICK
25205,0,0,NONE,NO_CLICK
25206,0,0,NONE,NO_CLICK
25207,0,0,NONE,NO_CLICK
25208,0,0,NONE,NO_CLICK
25209,0,0,NONE,NO_CLICK
25210,0,0,NONE,NO_CLICK
25211,0,0,NONE,NO_CLICK
25212,0,0,NONE,NO_CLICK
25213,0,0,NONE,NO_CLICK
25214,0,0,NONE,NO_CLICK
25215,0,0,NONE,NO_CLICK
25216,0,0,NONE,NO_CLICK
25217,0,0,NONE,NO_CLICK
25218,0,0,NONE,NO_CLICK
25219,0,0,NONE,NO_CLICK
25220,0,0,NONE,NO_CLICK
25221,0,0,NONE,NO_CLICK
25222,0,0,NONE,NO_CLICK
25223,0,0,NONE,NO_CLICK
25224,0,0,NONE,NO_CLICK
25225,0,0,NONE,NO_CLICK
25226,0,0,NONE,NO_CLICK
25227,0,0,NONE,NO_CLICK
25228,0,0,NONE,NO_CLICK
25229,0,0,NONE,NO_CLICK
25230,0,0,NONE,NO_CLICK
25231,0,0,NONE,NO_CLICK
25232,0,0,NONE,NO_CLICK
25233,0,0,NONE,NO_CLICK
25234,0,0,NONE,NO_CLICK
25235,0,0,NONE,NO_CLICK
25236,0,0,NONE,NO_CLICK
25237,0,0,NONE,NO_CLICK
25238,0,0,NONE,NO_CLICK
25239,0,0,NONE,NO_CLICK
25240,0,0,NONE,NO_CLICK
25241,0,0,NONE,NO_CLICK
25242,0,0,NONE,NO_CLICK
25243,0,0,NONE,NO_CLICK
25244,0,0,NONE,NO_CLICK
25245,0,0,NONE,NO_CLICK
25246,0,0,NONE,NO_CLICK
25247,0,0,NONE,NO_CLICK
25248,0,0,NONE,NO_CLICK
25249,0,0,NONE,NO_CLICK
25250,0,1,D2,D2_CLICK
25251,0,1,D2,D2_CLICK
25252,0,1,D2,D2_CLICK
25253,0,1,D2,D2_CLICK
25254,0,1,D2,D2_CLICK
25255,0,1,D2,D2_CLICK
25256,0,1,D2,D2_CLICK
25257,0,1,D2,D2_CLICK
25258,0,1,D2,D2_CLICK
25259,0,1,D2,D2_CLICK
25260,0,1,D2,D2_CLICK
25261,0,1,D2,D2_CLICK
25262,0,1,D2,D2_CLICK
25263,0,1,D2,D2_CLICK
25264,0,1,D2,D2_CLICK
25265,0,1,D2,D2_CLICK
25266,0,1,D2,D2_CLICK
25267,0,1,D2,D2_CLICK
25268,0,1,D2,D2_CLICK
25269,0,1,D2,D2_CLICK
25270,0,1,D2,D2_CLICK
25271,0,1,D2,D2_CLICK
25272,0,1,D2,D2_CLICK
25273,0,1,D2,D2_CLICK
25274,0,1,D2,D2_CLICK
25275,0,1,D2,D2_CLICK
25276,0,1,D2,D2_CLICK
25277,0,1,D2,D2_CLICK
25278,0,1,D2,D2_CLICK
25279,0,1,D2,D2_CLICK
25280,0,1,D2,D2_CLICK
25281,0,1,D2,D2_CLICK
25282,0,1,D2,D2_CLICK
25283,0,1,D2,D2_CLICK
25284,0,1,D2,D2_CLICK
25285,0,1,D2,D2_CLICK
25286,0,1,D2,D2_CLICK
25287,0,1,D2,D2_CLICK
25288,0,0,NONE,NO_CLICK
25289,0,0,NONE,NO_CLICK
25290,0,0,NONE,NO_CLICK
25291,0,0,NONE,NO_CLICK
25292,0,0,NONE,NO_CLICK
25293,0,0,NONE,NO_CLICK
25294,0,0,NONE,NO_CLICK
25295,0,0,NONE,NO_CLICK
25296,0,0,NONE,NO_CLICK
25297,0,0,NONE,NO_CLICK
25298,0,0,NONE,NO_CLICK
25299,0,0,NONE,NO_CLICK
25300,0,0,NONE,NO_CLICK
25301,0,0,NONE,NO_CLICK
25302,0,0,NONE,NO_CLICK
25303,0,0,NONE,NO_CLICK
25304,0,0,NONE,NO_CLICK
25305,0,0,NONE,NO_CLICK
25306,0,0,NONE,NO_CLICK
25307,0,0,NONE,NO_CLICK
25308,0,0,NONE,NO_CLICK
25309,0,0,NONE,NO_CLICK
25310,0,0,NONE,NO_CLICK
25311,0,0,NONE,NO_CLICK
25312,0,0,NONE,NO_CLICK
25313,0,0,NONE,NO_CLICK
25314,0,0,NONE,NO_CLICK
25315,0,0,NONE,NO_CLICK
25316,0,0,NONE,NO_CLICK
25317,0,0,NONE,NO_CLICK
25318,0,0,NONE,NO_CLICK
25319,0,0,NONE,NO_CLICK
25320,0,0,NONE,NO_CLICK
25321,0,0,NONE,NO_CLICK
25322,0,0,NONE,NO_CLICK
25323,0,0,NONE,NO_CLICK
25324,0,0,NONE,NO_CLICK
25325,0,0,NONE,NO_CLICK
25326,0,0,NONE,NO_CLICK
25327,0,0,NONE,NO_CLICK
25328,0,0,NONE,NO_CLICK
25329,0,0,NONE,NO_CLICK
25330,0,0,NONE,NO_CLICK
25331,0,0,NONE,NO_CLICK
25332,0,0,NONE,NO_CLICK
25333,0,0,NONE,NO_CLICK
25334,0,0,NONE,NO_CLICK
25335,0,0,NONE,NO_CLICK
25336,0,0,NONE,NO_CLICK
25337,0,0,NONE,NO_CLICK
25338,0,0,NONE,NO_CLICK
25339,0,0,NONE,NO_CLICK
25340,0,0,NONE,NO_CLICK
25341,0,0,NONE,NO_CLICK
25342,0,0,NONE,NO_CLICK
25343,0,0,NONE,NO_CLICK
25344,0,0,NONE,NO_CLICK
25345,0,0,NONE,NO_CLICK
25346,0,0,NONE,NO_CLICK
25347,0,0,NONE,NO_CLICK
25348,0,0,NONE,NO_CLICK
25349,0,0,NONE,NO_CLICK
25350,0,0,NONE,NO_CLICK
25351,0,0,NONE,NO_CLICK
25352,0,0,NONE,NO_CLICK
25353,0,0,NONE,NO_CLICK
25354,0,0,NONE,NO_CLICK
25355,0,0,NONE,NO_CLICK
25356,0,0,NONE,NO_CLICK
25357,0,0,NONE,NO_CLICK
25358,0,0,NONE,NO_CLICK
25359,0,0,NONE,NO_CLICK
25360,0,0,NONE,NO_CLICK
25361,0,0,NONE,NO_CLICK
25362,0,0,NONE,NO_CLICK
25363,0,0,NONE,NO_CLICK
25364,0,0,NONE,NO_CLICK
25365,0,0,NONE,NO_CLICK
25366,0,0,NONE,NO_CLICK
25367,0,0,NONE,NO_CLICK
25368,0,0,NONE,NO_CLICK
25369,0,0,NONE,NO_CLICK
25370,0,0,NONE,NO_CLICK
25371,0,0,NONE,NO_CLICK
25372,0,0,NONE,NO_CLICK
25373,0,0,NONE,NO_CLICK
25374,0,0,NONE,NO_CLICK
25375,0,0,NONE,NO_CLICK
25376,0,0,NONE,NO_CLICK
25377,0,0,NONE,NO_CLICK
25378,0,0,NONE,NO_CLICK
25379,0,0,NONE,NO_CLICK
25380,0,0,NONE,NO_CLICK
25381,0,0,NONE,NO_CLICK
25382,0,0,NONE,NO_CLICK
25383,0,0,NONE,NO_CLICK
25384,0,0,NONE,NO_CLICK
25385,0,0,NONE,NO_CLICK
25386,0,0,NONE,NO_CLICK
25387,0,0,NONE,NO_CLICK
25388,0,0,NONE,NO_CLICK
25389,0,0,NONE,NO_CLICK
25390,0,0,NONE,NO_CLICK
25391,0,0,NONE,NO_CLICK
25392,0,0,NONE,NO_CLICK
25393,0,0,NONE,NO_CLICK
25394,0,0,NONE,NO_CLICK
25395,0,0,NONE,NO_CLICK
25396,0,0,NONE,NO_CLICK
25397,0,0,NONE,NO_CLICK
25398,0,0,NONE,NO_CLICK
25399,0,0,NONE,NO_CLICK
25400,0,0,NONE,NO_CLICK
25401,0,0,NONE,NO_CLICK
25402,0,0,NONE,NO_CLICK
25403,0,0,NONE,NO_CLICK
25404,0,0,NONE,NO_CLICK
25405,0,0,NONE,NO_CLICK
25406,0,0,NONE,NO_CLICK
25407,0,0,NONE,NO_CLICK
25408,0,0,NONE,NO_CLICK
25409,0,0,NONE,NO_CLICK
25410,0,0,NONE,NO_CLICK
25411,0,0,NONE,NO_CLICK
25412,0,0,NONE,NO_CLICK
25413,0,0,NONE,NO_CLICK
25414,0,0,NONE,NO_CLICK
25415,0,0,NONE,NO_CLICK
25416,0,0,NONE,NO_CLICK
25417,0,0,NONE,NO_CLICK
25418,0,0,NONE,NO_CLICK
25419,0,0,NONE,NO_CLICK
25420,0,0,NONE,NO_CLICK
25421,0,0,NONE,NO_CLICK
25422,0,0,NONE,NO_CLICK
25423,0,0,NONE,NO_CLICK
25424,0,0,NONE,NO_CLICK
25425,0,0,NONE,NO_CLICK
25426,0,0,NONE,NO_CLICK
25427,0,0,NONE,NO_CLICK
25428,0,0,NONE,NO_CLICK
25429,0,0,NONE,NO_CLICK
25430,0,0,NONE,NO_CLICK
25431,0,0,NONE,NO_CLICK
25432,0,0,NONE,NO_CLICK
25433,0,0,NONE,NO_CLICK
25434,0,0,NONE,NO_CLICK
25435,0,0,NONE,NO_CLICK
25436,0,0,NONE,NO_CLICK
25437,0,0,NONE,NO_CLICK
25438,0,0,NONE,NO_CLICK
25439,0,0,NONE,NO_CLICK
25440,0,0,NONE,NO_CLICK
25441,0,0,NONE,NO_CLICK
25442,0,0,NONE,NO_CLICK
25443,0,0,NONE,NO_CLICK
25444,0,0,NONE,NO_CLICK
25445,0,0,NONE,NO_CLICK
25446,0,0,NONE,NO_CLICK
25447,0,0,NONE,NO_CLICK
25448,0,0,NONE,NO_CLICK
25449,0,0,NONE,NO_CLICK
25450,0,0,NONE,NO_CLICK
25451,0,0,NONE,NO_CLICK
25452,0,0,NONE,NO_CLICK
25453,0,0,NONE,NO_CLICK
25454,0,0,NONE,NO_CLICK
25455,0,0,NONE,NO_CLICK
25456,0,0,NONE,NO_CLICK
25457,0,0,NONE,NO_CLICK
25458,0,0,NONE,NO_CLICK
25459,0,0,NONE,NO_CLICK
25460,0,0,NONE,NO_CLICK
25461,0,0,NONE,NO_CLICK
25462,0,0,NONE,NO_CLICK
25463,0,0,NONE,NO_CLICK
25464,0,0,NONE,NO_CLICK
25465,0,0,NONE,NO_CLICK
25466,0,0,NONE,NO_CLICK
25467,0,0,NONE,NO_CLICK
25468,0,0,NONE,NO_CLICK
25469,0,0,NONE,NO_CLICK
25470,0,0,NONE,NO_CLICK
25471,0,0,NONE,NO_CLICK
25472,0,0,NONE,NO_CLICK
25473,0,0,NONE,NO_CLICK
25474,0,0,NONE,NO_CLICK
25475,0,0,NONE,NO_CLICK
25476,0,0,NONE,NO_CLICK
25477,0,0,NONE,NO_CLICK
25478,0,0,NONE,NO_CLICK
25479,0,0,NONE,NO_CLICK
25480,0,0,NONE,NO_CLICK
25481,0,0,NONE,NO_CLICK
25482,0,0,NONE,NO_CLICK
25483,0,0,NONE,NO_CLICK
25484,0,0,NONE,NO_CLICK
25485,0,0,NONE,NO_CLICK
25486,0,0,NONE,NO_CLICK
25487,0,0,NONE,NO_CLICK
25488,0,0,NONE,NO_CLICK
25489,0,0,NONE,NO_CLICK
25490,0,0,NONE,NO_CLICK
25491,0,0,NONE,NO_CLICK
25492,0,0,NONE,NO_CLICK
25493,0,0,NONE,NO_CLICK
25494,0,0,NONE,NO_CLICK
25495,0,0,NONE,NO_CLICK
25496,0,0,NONE,NO_CLICK
25497,0,0,NONE,NO_CLICK
25498,0,0,NONE,NO_CLICK
25499,0,0,NONE,NO_CLICK
25500,0,0,NONE,NO_CLICK
25501,0,0,NONE,NO_CLICK
25502,0,0,NONE,NO_CLICK
25503,0,0,NONE,NO_CLICK
25504,0,0,NONE,NO_CLICK
25505,0,0,NONE,NO_CLICK
25506,1,0,D1,D1_CLICK
25507,1,0,D1,D1_CLICK
25508,1,0,D1,D1_CLICK
25509,1,0,D1,D1_CLICK
25510,1,0,D1,D1_CLICK
25511,1,0,D1,D1_CLICK
25512,1,0,D1,D1_CLICK
25513,1,0,D1,D1_CLICK
25514,1,0,D1,D1_CLICK
25515,1,0,D1,D1_CLICK
25516,1,0,D1,D1_CLICK
25517,1,0,D1,D1_CLICK
25518,1,0,D1,D1_CLICK
25519,1,0,D1,D1_CLICK
25520,1,0,D1,D1_CLICK
25521,1,0,D1,D1_CLICK
25522,1,0,D1,D1_CLICK
25523,1,0,D1,D1_CLICK
25524,1,0,D1,D1_CLICK
25525,1,0,D1,D1_CLICK
25526,1,0,D1,D1_CLICK
25527,1,0,D1,D1_CLICK
25528,1,0,D1,D1_CLICK
25529,1,0,D1,D1_CLICK
25530,1,0,D1,D1_CLICK
25531,1,0,D1,D1_CLICK
25532,1,0,D1,D1_CLICK
25533,1,0,D1,D1_CLICK
25534,1,0,D1,D1_CLICK
25535,1,0,D1,D1_CLICK
25536,1,0,D1,D1_CLICK
25537,1,0,D1,D1_CLICK
25538,1,0,D1,D1_CLICK
25539,1,0,D1,D1_CLICK
25540,1,0,D1,D1_CLICK
25541,1,0,D1,D1_CLICK
25542,1,0,D1,D1_CLICK
25543,1,0,D1,D1_CLICK
25544,0,0,NONE,NO_CLICK
25545,0,0,NONE,NO_CLICK
25546,0,0,NONE,NO_CLICK
25547,0,0,NONE,NO_CLICK
25548,0,0,NONE,NO_CLICK
25549,0,0,NONE,NO_CLICK
25550,0,0,NONE,NO_CLICK
25551,0,0,NONE,NO_CLICK
25552,0,0,NONE,NO_CLICK
25553,0,0,NONE,NO_CLICK
25554,0,0,NONE,NO_CLICK
25555,0,0,NONE,NO_CLICK
25556,0,0,NONE,NO_CLICK
25557,0,0,NONE,NO_CLICK
25558,0,0,NONE,NO_CLICK
25559,0,0,NONE,NO_CLICK
25560,0,0,NONE,NO_CLICK
25561,0,0,NONE,NO_CLICK
25562,0,0,NONE,NO_CLICK
25563,0,0,NONE,NO_CLICK
25564,0,0,NONE,NO_CLICK
25565,0,0,NONE,NO_CLICK
25566,0,0,NONE,NO_CLICK
25567,0,0,NONE,NO_CLICK
25568,0,0,NONE,NO_CLICK
25569,0,0,NONE,NO_CLICK
25570,0,1,D2,D2_CLICK
25571,0,1,D2,D2_CLICK
25572,0,1,D2,D2_CLICK
25573,0,1,D2,D2_CLICK
25574,0,1,D2,D2_CLICK
25575,0,1,D2,D2_CLICK
25576,0,1,D2,D2_CLICK
25577,0,1,D2,D2_CLICK
25578,0,1,D2,D2_CLICK
25579,0,1,D2,D2_CLICK
25580,0,1,D2,D2_CLICK
25581,0,1,D2,D2_CLICK
25582,0,1,D2,D2_CLICK
25583,0,1,D2,D2_CLICK
25584,0,1,D2,D2_CLICK
25585,0,1,D2,D2_CLICK
25586,0,1,D2,D2_CLICK
25587,0,1,D2,D2_CLICK
25588,0,1,D2,D2_CLICK
25589,0,1,D2,D2_CLICK
25590,0,1,D2,D2_CLICK
25591,0,1,D2,D2_CLICK
25592,0,1,D2,D2_CLICK
25593,0,1,D2,D2_CLICK
25594,0,1,D2,D2_CLICK
25595,0,1,D2,D2_CLICK
25596,0,1,D2,D2_CLICK
25597,0,1,D2,D2_CLICK
25598,0,1,D2,D2_CLICK
25599,0,1,D2,D2_CLICK
25600,0,1,D2,D2_CLICK
25601,0,1,D2,D2_CLICK
25602,0,1,D2,D2_CLICK
25603,0,1,D2,D2_CLICK
25604,0,1,D2,D2_CLICK
25605,0,1,D2,D2_CLICK
25606,0,1,D2,D2_CLICK
25607,0,1,D2,D2_CLICK
25608,0,0,NONE,NO_CLICK
25609,0,0,NONE,NO_CLICK
25610,0,0,NONE,NO_CLICK
25611,0,0,NONE,NO_CLICK
25612,0,0,NONE,NO_CLICK
25613,0,0,NONE,NO_CLICK
25614,0,0,NONE,NO_CLICK
25615,0,0,NONE,NO_CLICK
25616,0,0,NONE,NO_CLICK
25617,0,0,NONE,NO_CLICK
25618,0,0,NONE,NO_CLICK
25619,0,0,NONE,NO_CLICK
25620,0,0,NONE,NO_CLICK
25621,0,0,NONE,NO_CLICK
25622,0,0,NONE,NO_CLICK
25623,0,0,NONE,NO_CLICK
25624,0,0,NONE,NO_CLICK
25625,0,0,NONE,NO_CLICK
25626,0,0,NONE,NO_CLICK
25627,0,0,NONE,NO_CLICK
25628,0,0,NONE,NO_CLICK
25629,0,0,NONE,NO_CLICK
25630,0,0,NONE,NO_CLICK
25631,0,0,NONE,NO_CLICK
25632,0,0,NONE,NO_CLICK
25633,0,0,NONE,NO_CLICK
25634,0,0,NONE,NO_CLICK
25635,0,0,NONE,NO_CLICK
25636,0,0,NONE,NO_CLICK
25637,0,0,NONE,NO_CLICK
25638,0,0,NONE,NO_CLICK
25639,0,0,NONE,NO_CLICK
25640,0,0,NONE,NO_CLICK
25641,0,0,NONE,NO_CLICK
25642,0,0,NONE,NO_CLICK
25643,0,0,NONE,NO_CLICK
25644,0,0,NONE,NO_CLICK
25645,0,0,NONE,NO_CLICK
25646,0,0,NONE,NO_CLICK
25647,0,0,NONE,NO_CLICK
25648,0,0,NONE,NO_CLICK
25649,0,0,NONE,NO_CLICK
25650,0,0,NONE,NO_CLICK
25651,0,0,NONE,NO_CLICK
25652,0,0,NONE,NO_CLICK
25653,0,0,NONE,NO_CLICK
25654,0,0,NONE,NO_CLICK
25655,0,0,NONE,NO_CLICK
25656,0,0,NONE,NO_CLICK
25657,0,0,NONE,NO_CLICK
25658,0,0,NONE,NO_CLICK
25659,0,0,NONE,NO_CLICK
25660,0,0,NONE,NO_CLICK
25661,0,0,NONE,NO_CLICK
25662,0,0,NONE,NO_CLICK
25663,0,0,NONE,NO_CLICK
25664,0,0,NONE,NO_CLICK
25665,0,0,NONE,NO_CLICK
25666,0,0,NONE,NO_CLICK
25667,0,0,NONE,NO_CLICK
25668,0,0,NONE,NO_CLICK
25669,0,0,NONE,NO_CLICK
25670,0,0,NONE,NO_CLICK
25671,0,0,NONE,NO_CLICK
25672,0,0,NONE,NO_CLICK
25673,0,0,NONE,NO_CLICK
25674,0,0,NONE,NO_CLICK
25675,0,0,NONE,NO_CLICK
25676,0,0,NONE,NO_CLICK
25677,0,0,NONE,NO_CLICK
25678,0,0,NONE,NO_CLICK
25679,0,0,NONE,NO_CLICK
25680,0,0,NONE,NO_CLICK
25681,0,0,NONE,NO_CLICK
25682,0,0,NONE,NO_CLICK
25683,0,0,NONE,NO_CLICK
25684,0,0,NONE,NO_CLICK
25685,0,0,NONE,NO_CLICK
25686,0,0,NONE,NO_CLICK
25687,0,0,NONE,NO_CLICK
25688,0,0,NONE,NO_CLICK
25689,0,0,NONE,NO_CLICK
25690,0,0,NONE,NO_CLICK
25691,0,0,NONE,NO_CLICK
25692,0,0,NONE,NO_CLICK
25693,0,0,NONE,NO_CLICK
25694,0,0,NONE,NO_CLICK
25695,0,0,NONE,NO_CLICK
25696,0,0,NONE,NO_CLICK
25697,0,0,NONE,NO_CLICK
25698,0,0,NONE,NO_CLICK
25699,0,0,NONE,NO_CLICK
25700,0,0,NONE,NO_CLICK
25701,0,0,NONE,NO_CLICK
25702,0,0,NONE,NO_CLICK
25703,0,0,NONE,NO_CLICK
25704,0,0,NONE,NO_CLICK
25705,0,0,NONE,NO_CLICK
25706,0,0,NONE,NO_CLICK
25707,0,0,NONE,NO_CLICK
25708,0,0,NONE,NO_CLICK
25709,0,0,NONE,NO_CLICK
25710,0,0,NONE,NO_CLICK
25711,0,0,NONE,NO_CLICK
25712,0,0,NONE,NO_CLICK
25713,0,0,NONE,NO_CLICK
25714,0,0,NONE,NO_CLICK
25715,0,0,NONE,NO_CLICK
25716,0,0,NONE,NO_CLICK
25717,0,0,NONE,NO_CLICK
25718,0,0,NONE,NO_CLICK
25719,0,0,NONE,NO_CLICK
25720,0,0,NONE,NO_CLICK
25721,0,0,NONE,NO_CLICK
25722,0,0,NONE,NO_CLICK
25723,0,0,NONE,NO_CLICK
25724,0,0,NONE,NO_CLICK
25725,0,0,NONE,NO_CLICK
25726,0,0,NONE,NO_CLICK
25727,0,0,NONE,NO_CLICK
25728,0,0,NONE,NO_CLICK
25729,0,0,NONE,NO_CLICK
25730,0,0,NONE,NO_CLICK
25731,0,0,NONE,NO_CLICK
25732,0,0,NONE,NO_CLICK
25733,0,0,NONE,NO_CLICK
25734,0,0,NONE,NO_CLICK
25735,0,0,NONE,NO_CLICK
25736,0,0,NONE,NO_CLICK
25737,0,0,NONE,NO_CLICK
25738,0,0,NONE,NO_CLICK
25739,0,0,NONE,NO_CLICK
25740,0,0,NONE,NO_CLICK
25741,0,0,NONE,NO_CLICK
25742,0,0,NONE,NO_CLICK
25743,0,0,NONE,NO_CLICK
25744,0,0,NONE,NO_CLICK
25745,0,0,NONE,NO_CLICK
25746,0,0,NONE,NO_CLICK
25747,0,0,NONE,NO_CLICK
25748,0,0,NONE,NO_CLICK
25749,0,0,NONE,NO_CLICK
25750,0,0,NONE,NO_CLICK
25751,0,0,NONE,NO_CLICK
25752,0,0,NONE,NO_CLICK
25753,0,0,NONE,NO_CLICK
25754,0,0,NONE,NO_CLICK
25755,0,0,NONE,NO_CLICK
25756,0,0,NONE,NO_CLICK
25757,0,0,NONE,NO_CLICK
25758,0,0,NONE,NO_CLICK
25759,0,0,NONE,NO_CLICK
25760,0,0,NONE,NO_CLICK
25761,0,0,NONE,NO_CLICK
25762,0,0,NONE,NO_CLICK
25763,0,0,NONE,NO_CLICK
25764,0,0,NONE,NO_CLICK
25765,0,0,NONE,NO_CLICK
25766,0,0,NONE,NO_CLICK
25767,0,0,NONE,NO_CLICK
25768,0,0,NONE,NO_CLICK
25769,0,0,NONE,NO_CLICK
25770,0,0,NONE,NO_CLICK
25771,0,0,NONE,NO_CLICK
25772,0,0,NONE,NO_CLICK
25773,0,0,NONE,NO_CLICK
25774,0,0,NONE,NO_CLICK
25775,0,0,NONE,NO_CLICK
25776,0,0,NONE,NO_CLICK
25777,0,0,NONE,NO_CLICK
25778,0,0,NONE,NO_CLICK
25779,0,0,NONE,NO_CLICK
25780,0,0,NONE,NO_CLICK
25781,0,0,NONE,NO_CLICK
25782,0,0,NONE,NO_CLICK
25783,0,0,NONE,NO_CLICK
25784,0,0,NONE,NO_CLICK
25785,0,0,NONE,NO_CLICK
25786,0,0,NONE,NO_CLICK
25787,0,0,NONE,NO_CLICK
25788,0,0,NONE,NO_CLICK
25789,0,0,NONE,NO_CLICK
25790,0,0,NONE,NO_CLICK
25791,0,0,NONE,NO_CLICK
25792,0,0,NONE,NO_CLICK
25793,0,0,NONE,NO_CLICK
25794,0,0,NONE,NO_CLICK
25795,0,0,NONE,NO_CLICK
25796,0,0,NONE,NO_CLICK
25797,0,0,NONE,NO_CLICK
25798,0,0,NONE,NO_CLICK
25799,0,0,NONE,NO_CLICK
25800,0,0,NONE,NO_CLICK
25801,0,0,NONE,NO_CLICK
25802,0,0,NONE,NO_CLICK
25803,0,0,NONE,NO_CLICK
25804,0,0,NONE,NO_CLICK
25805,0,0,NONE,NO_CLICK
25806,0,0,NONE,NO_CLICK
25807,0,0,NONE,NO_CLICK
25808,0,0,NONE,NO_CLICK
25809,0,0,NONE,NO_CLICK
25810,0,0,NONE,NO_CLICK
25811,0,0,NONE,NO_CLICK
25812,0,0,NONE,NO_CLICK
25813,0,0,NONE,NO_CLICK
25814,0,0,NONE,NO_CLICK
25815,0,0,NONE,NO_CLICK
25816,0,0,NONE,NO_CLICK
25817,0,0,NONE,NO_CLICK
25818,0,0,NONE,NO_CLICK
25819,0,0,NONE,NO_CLICK
25820,0,0,NONE,NO_CLICK
25821,0,0,NONE,NO_CLICK
25822,0,0,NONE,NO_CLICK
25823,0,0,NONE,NO_CLICK
25824,0,0,NONE,NO_CLICK
25825,0,0,NONE,NO_CLICK
25826,0,0,NONE,NO_CLICK
25827,0,0,NONE,NO_CLICK
25828,0,0,NONE,NO_CLICK
25829,0,0,NONE,NO_CLICK
25830,0,0,NONE,NO_CLICK
25831,0,0,NONE,NO_CLICK
25832,0,0,NONE,NO_CLICK
25833,0,0,NONE,NO_CLICK
25834,0,0,NONE,NO_CLICK
25835,0,0,NONE,NO_CLICK
25836,0,0,NONE,NO_CLICK
25837,0,0,NONE,NO_CLICK
25838,0,0,NONE,NO_CLICK
25839,0,0,NONE,NO_CLICK
25840,0,0,NONE,NO_CLICK
25841,0,0,NONE,NO_CLICK
25842,0,0,NONE,NO_CLICK
25843,0,0,NONE,NO_CLICK
25844,0,0,NONE,NO_CLICK
25845,0,0,NONE,NO_CLICK
25846,0,0,NONE,NO_CLICK
25847,0,0,NONE,NO_CLICK
25848,0,0,NONE,NO_CLICK
25849,0,0,NONE,NO_CLICK
25850,0,0,NONE,NO_CLICK
25851,0,0,NONE,NO_CLICK
25852,0,0,NONE,NO_CLICK
25853,0,0,NONE,NO_CLICK
25854,0,0,NONE,NO_CLICK
25855,0,0,NONE,NO_CLICK
25856,0,0,NONE,NO_CLICK
25857,0,0,NONE,NO_CLICK
25858,1,0,D1,D1_CLICK
25859,1,0,D1,D1_CLICK
25860,1,0,D1,D1_CLICK
25861,1,0,D1,D1_CLICK
25862,1,0,D1,D1_CLICK
25863,1,0,D1,D1_CLICK
25864,1,0,D1,D1_CLICK
25865,1,0,D1,D1_CLICK
25866,1,0,D1,D1_CLICK
25867,1,0,D1,D1_CLICK
25868,1,0,D1,D1_CLICK
25869,1,0,D1,D1_CLICK
25870,1,0,D1,D1_CLICK
25871,1,0,D1,D1_CLICK
25872,1,0,D1,D1_CLICK
25873,1,0,D1,D1_CLICK
25874,1,0,D1,D1_CLICK
25875,1,0,D1,D1_CLICK
25876,1,0,D1,D1_CLICK
25877,1,0,D1,D1_CLICK
25878,1,0,D1,D1_CLICK
25879,1,0,D1,D1_CLICK
25880,1,0,D1,D1_CLICK
25881,1,0,D1,D1_CLICK
25882,1,0,D1,D1_CLICK
25883,1,0,D1,D1_CLICK
25884,1,0,D1,D1_CLICK
25885,1,0,D1,D1_CLICK
25886,1,0,D1,D1_CLICK
25887,1,0,D1,D1_CLICK
25888,1,0,D1,D1_CLICK
25889,1,0,D1,D1_CLICK
25890,1,0,D1,D1_CLICK
25891,1,0,D1,D1_CLICK
25892,1,0,D1,D1_CLICK
25893,1,0,D1,D1_CLICK
25894,1,0,D1,D1_CLICK
25895,1,0,D1,D1_CLICK
25896,0,0,NONE,NO_CLICK
25897,0,0,NONE,NO_CLICK
25898,0,0,NONE,NO_CLICK
25899,0,0,NONE,NO_CLICK
25900,0,0,NONE,NO_CLICK
25901,0,0,NONE,NO_CLICK
25902,0,0,NONE,NO_CLICK
25903,0,0,NONE,NO_CLICK
25904,0,0,NONE,NO_CLICK
25905,0,0,NONE,NO_CLICK
25906,0,0,NONE,NO_CLICK
25907,0,0,NONE,NO_CLICK
25908,0,0,NONE,NO_CLICK
25909,0,0,NONE,NO_CLICK
25910,0,0,NONE,NO_CLICK
25911,0,0,NONE,NO_CLICK
25912,0,0,NONE,NO_CLICK
25913,0,0,NONE,NO_CLICK
25914,0,0,NONE,NO_CLICK
25915,0,0,NONE,NO_CLICK
25916,0,0,NONE,NO_CLICK
25917,0,0,NONE,NO_CLICK
25918,0,0,NONE,NO_CLICK
25919,0,0,NONE,NO_CLICK
25920,0,0,NONE,NO_CLICK
25921,0,0,NONE,NO_CLICK
25922,0,1,D2,D2_CLICK
25923,0,1,D2,D2_CLICK
25924,0,1,D2,D2_CLICK
25925,0,1,D2,D2_CLICK
25926,0,1,D2,D2_CLICK
25927,0,1,D2,D2_CLICK
25928,0,1,D2,D2_CLICK
25929,0,1,D2,D2_CLICK
25930,0,1,D2,D2_CLICK
25931,0,1,D2,D2_CLICK
25932,0,1,D2,D2_CLICK
25933,0,1,D2,D2_CLICK
25934,0,1,D2,D2_CLICK
25935,0,1,D2,D2_CLICK
25936,0,1,D2,D2_CLICK
25937,0,1,D2,D2_CLICK
25938,0,1,D2,D2_CLICK
25939,0,1,D2,D2_CLICK
25940,0,1,D2,D2_CLICK
25941,0,1,D2,D2_CLICK
25942,0,1,D2,D2_CLICK
25943,0,1,D2,D2_CLICK
25944,0,1,D2,D2_CLICK
25945,0,1,D2,D2_CLICK
25946,0,1,D2,D2_CLICK
25947,0,1,D2,D2_CLICK
25948,0,1,D2,D2_CLICK
25949,0,1,D2,D2_CLICK
25950,0,1,D2,D2_CLICK
25951,0,1,D2,D2_CLICK
25952,0,1,D2,D2_CLICK
25953,0,1,D2,D2_CLICK
25954,0,1,D2,D2_CLICK
25955,0,1,D2,D2_CLICK
25956,0,1,D2,D2_CLICK
25957,0,1,D2,D2_CLICK
25958,0,1,D2,D2_CLICK
25959,0,1,D2,D2_CLICK
25960,0,0,NONE,NO_CLICK
25961,0,0,NONE,NO_CLICK
25962,0,0,NONE,NO_CLICK
25963,0,0,NONE,NO_CLICK
25964,0,0,NONE,NO_CLICK
25965,0,0,NONE,NO_CLICK
25966,0,0,NONE,NO_CLICK
25967,0,0,NONE,NO_CLICK
25968,0,0,NONE,NO_CLICK
25969,0,0,NONE,NO_CLICK
25970,0,0,NONE,NO_CLICK
25971,0,0,NONE,NO_CLICK
25972,0,0,NONE,NO_CLICK
25973,0,0,NONE,NO_CLICK
25974,0,0,NONE,NO_CLICK
25975,0,0,NONE,NO_CLICK
25976,0,0,NONE,NO_CLICK
25977,0,0,NONE,NO_CLICK
25978,0,0,NONE,NO_CLICK
25979,0,0,NONE,NO_CLICK
25980,0,0,NONE,NO_CLICK
25981,0,0,NONE,NO_CLICK
25982,0,0,NONE,NO_CLICK
25983,0,0,NONE,NO_CLICK
25984,0,0,NONE,NO_CLICK
25985,0,0,NONE,NO_CLICK
25986,0,0,NONE,NO_CLICK
25987,0,0,NONE,NO_CLICK
25988,0,0,NONE,NO_CLICK
25989,0,0,NONE,NO_CLICK
25990,0,0,NONE,NO_CLICK
25991,0,0,NONE,NO_CLICK
25992,0,0,NONE,NO_CLICK
25993,0,0,NONE,NO_CLICK
25994,0,0,NONE,NO_CLICK
25995,0,0,NONE,NO_CLICK
25996,0,0,NONE,NO_CLICK
25997,0,0,NONE,NO_CLICK
25998,0,0,NONE,NO_CLICK
25999,0,0,NONE,NO_CLICK
26000,0,0,NONE,NO_CLICK
26001,0,0,NONE,NO_CLICK
26002,0,0,NONE,NO_CLICK
26003,0,0,NONE,NO_CLICK
26004,0,0,NONE,NO_CLICK
26005,0,0,NONE,NO_CLICK
26006,0,0,NONE,NO_CLICK
26007,0,0,NONE,NO_CLICK
26008,0,0,NONE,NO_CLICK
26009,0,0,NONE,NO_CLICK
26010,0,0,NONE,NO_CLICK
26011,0,0,NONE,NO_CLICK
26012,0,0,NONE,NO_CLICK
26013,0,0,NONE,NO_CLICK
26014,0,0,NONE,NO_CLICK
26015,0,0,NONE,NO_CLICK
26016,0,0,NONE,NO_CLICK
26017,0,0,NONE,NO_CLICK
26018,0,0,NONE,NO_CLICK
26019,0,0,NONE,NO_CLICK
26020,0,0,NONE,NO_CLICK
26021,0,0,NONE,NO_CLICK
26022,0,0,NONE,NO_CLICK
26023,0,0,NONE,NO_CLICK
26024,0,0,NONE,NO_CLICK
26025,0,0,NONE,NO_CLICK
26026,0,0,NONE,NO_CLICK
26027,0,0,NONE,NO_CLICK
26028,0,0,NONE,NO_CLICK
26029,0,0,NONE,NO_CLICK
26030,0,0,NONE,NO_CLICK
26031,0,0,NONE,NO_CLICK
26032,0,0,NONE,NO_CLICK
26033,0,0,NONE,NO_CLICK
26034,0,0,NONE,NO_CLICK
26035,0,0,NONE,NO_CLICK
26036,0,0,NONE,NO_CLICK
26037,0,0,NONE,NO_CLICK
26038,0,0,NONE,NO_CLICK
26039,0,0,NONE,NO_CLICK
26040,0,0,NONE,NO_CLICK
26041,0,0,NONE,NO_CLICK
26042,0,0,NONE,NO_CLICK
26043,0,0,NONE,NO_CLICK
26044,0,0,NONE,NO_CLICK
26045,0,0,NONE,NO_CLICK
26046,0,0,NONE,NO_CLICK
26047,0,0,NONE,NO_CLICK
26048,0,0,NONE,NO_CLICK
26049,0,0,NONE,NO_CLICK
26050,0,0,NONE,NO_CLICK
26051,0,0,NONE,NO_CLICK
26052,0,0,NONE,NO_CLICK
26053,0,0,NONE,NO_CLICK
26054,0,0,NONE,NO_CLICK
26055,0,0,NONE,NO_CLICK
26056,0,0,NONE,NO_CLICK
26057,0,0,NONE,NO_CLICK
26058,0,0,NONE,NO_CLICK
26059,0,0,NONE,NO_CLICK
26060,0,0,NONE,NO_CLICK
26061,0,0,NONE,NO_CLICK
26062,0,0,NONE,NO_CLICK
26063,0,0,NONE,NO_CLICK
26064,0,0,NONE,NO_CLICK
26065,0,0,NONE,NO_CLICK
26066,0,0,NONE,NO_CLICK
26067,0,0,NONE,NO_CLICK
26068,0,0,NONE,NO_CLICK
26069,0,0,NONE,NO_CLICK
26070,0,0,NONE,NO_CLICK
26071,0,0,NONE,NO_CLICK
26072,0,0,NONE,NO_CLICK
26073,0,0,NONE,NO_CLICK
26074,0,0,NONE,NO_CLICK
26075,0,0,NONE,NO_CLICK
26076,0,0,NONE,NO_CLICK
26077,0,0,NONE,NO_CLICK
26078,0,0,NONE,NO_CLICK
26079,0,0,NONE,NO_CLICK
26080,0,0,NONE,NO_CLICK
26081,0,0,NONE,NO_CLICK
26082,0,0,NONE,NO_CLICK
26083,0,0,NONE,NO_CLICK
26084,0,0,NONE,NO_CLICK
26085,0,0,NONE,NO_CLICK
26086,0,0,NONE,NO_CLICK
26087,0,0,NONE,NO_CLICK
26088,0,0,NONE,NO_CLICK
26089,0,0,NONE,NO_CLICK
26090,0,0,NONE,NO_CLICK
26091,0,0,NONE,NO_CLICK
26092,0,0,NONE,NO_CLICK
26093,0,0,NONE,NO_CLICK
26094,0,0,NONE,NO_CLICK
26095,0,0,NONE,NO_CLICK
26096,0,0,NONE,NO_CLICK
26097,0,0,NONE,NO_CLICK
26098,0,0,NONE,NO_CLICK
26099,0,0,NONE,NO_CLICK
26100,0,0,NONE,NO_CLICK
26101,0,0,NONE,NO_CLICK
26102,0,0,NONE,NO_CLICK
26103,0,0,NONE,NO_CLICK
26104,0,0,NONE,NO_CLICK
26105,0,0,NONE,NO_CLICK
26106,0,0,NONE,NO_CLICK
26107,0,0,NONE,NO_CLICK
26108,0,0,NONE,NO_CLICK
26109,0,0,NONE,NO_CLICK
26110,0,0,NONE,NO_CLICK
26111,0,0,NONE,NO_CLICK
26112,0,0,NONE,NO_CLICK
26113,0,0,NONE,NO_CLICK
26114,0,0,NONE,NO_CLICK
26115,0,0,NONE,NO_CLICK
26116,0,0,NONE,NO_CLICK
26117,0,0,NONE,NO_CLICK
26118,0,0,NONE,NO_CLICK
26119,0,0,NONE,NO_CLICK
26120,0,0,NONE,NO_CLICK
26121,0,0,NONE,NO_CLICK
26122,0,0,NONE,NO_CLICK
26123,0,0,NONE,NO_CLICK
26124,0,0,NONE,NO_CLICK
26125,0,0,NONE,NO_CLICK
26126,0,0,NONE,NO_CLICK
26127,0,0,NONE,NO_CLICK
26128,0,0,NONE,NO_CLICK
26129,0,0,NONE,NO_CLICK
26130,0,0,NONE,NO_CLICK
26131,0,0,NONE,NO_CLICK
26132,0,0,NONE,NO_CLICK
26133,0,0,NONE,NO_CLICK
26134,0,0,NONE,NO_CLICK
26135,0,0,NONE,NO_CLICK
26136,0,0,NONE,NO_CLICK
26137,0,0,NONE,NO_CLICK
26138,0,0,NONE,NO_CLICK
26139,0,0,NONE,NO_CLICK
26140,0,0,NONE,NO_CLICK
26141,0,0,NONE,NO_CLICK
26142,0,0,NONE,NO_CLICK
26143,0,0,NONE,NO_CLICK
26144,0,0,NONE,NO_CLICK
26145,0,0,NONE,NO_CLICK
26146,0,0,NONE,NO_CLICK
26147,0,0,NONE,NO_CLICK
26148,0,0,NONE,NO_CLICK
26149,0,0,NONE,NO_CLICK
26150,0,0,NONE,NO_CLICK
26151,0,0,NONE,NO_CLICK
26152,0,0,NONE,NO_CLICK
26153,0,0,NONE,NO_CLICK
26154,0,0,NONE,NO_CLICK
26155,0,0,NONE,NO_CLICK
26156,0,0,NONE,NO_CLICK
26157,0,0,NONE,NO_CLICK
26158,0,0,NONE,NO_CLICK
26159,0,0,NONE,NO_CLICK
26160,0,0,NONE,NO_CLICK
26161,0,0,NONE,NO_CLICK
26162,0,0,NONE,NO_CLICK
26163,0,0,NONE,NO_CLICK
26164,0,0,NONE,NO_CLICK
26165,0,0,NONE,NO_CLICK
26166,0,0,NONE,NO_CLICK
26167,0,0,NONE,NO_CLICK
26168,0,0,NONE,NO_CLICK
26169,0,0,NONE,NO_CLICK
26170,0,0,NONE,NO_CLICK
26171,0,0,NONE,NO_CLICK
26172,0,0,NONE,NO_CLICK
26173,0,0,NONE,NO_CLICK
26174,0,0,NONE,NO_CLICK
26175,0,0,NONE,NO_CLICK
26176,0,0,NONE,NO_CLICK
26177,0,0,NONE,NO_CLICK
26178,0,0,NONE,NO_CLICK
26179,0,0,NONE,NO_CLICK
26180,0,0,NONE,NO_CLICK
26181,0,0,NONE,NO_CLICK
26182,0,0,NONE,NO_CLICK
26183,0,0,NONE,NO_CLICK
26184,0,0,NONE,NO_CLICK
26185,0,0,NONE,NO_CLICK
26186,0,0,NONE,NO_CLICK
26187,0,0,NONE,NO_CLICK
26188,0,0,NONE,NO_CLICK
26189,0,0,NONE,NO_CLICK
26190,0,0,NONE,NO_CLICK
26191,0,0,NONE,NO_CLICK
26192,0,0,NONE,NO_CLICK
26193,0,0,NONE,NO_CLICK
26194,0,0,NONE,NO_CLICK
26195,0,0,NONE,NO_CLICK
26196,0,0,NONE,NO_CLICK
26197,0,0,NONE,NO_CLICK
26198,0,0,NONE,NO_CLICK
26199,0,0,NONE,NO_CLICK
26200,0,0,NONE,NO_CLICK
26201,0,0,NONE,NO_CLICK
26202,0,0,NONE,NO_CLICK
26203,0,0,NONE,NO_CLICK
26204,0,0,NONE,NO_CLICK
26205,0,0,NONE,NO_CLICK
26206,0,0,NONE,NO_CLICK
26207,0,0,NONE,NO_CLICK
26208,0,0,NONE,NO_CLICK
26209,0,0,NONE,NO_CLICK
26210,1,0,D1,D1_CLICK
26211,1,0,D1,D1_CLICK
26212,1,0,D1,D1_CLICK
26213,1,0,D1,D1_CLICK
26214,1,0,D1,D1_CLICK
26215,1,0,D1,D1_CLICK
26216,1,0,D1,D1_CLICK
26217,1,0,D1,D1_CLICK
26218,1,0,D1,D1_CLICK
26219,1,0,D1,D1_CLICK
26220,1,0,D1,D1_CLICK
26221,1,0,D1,D1_CLICK
26222,1,0,D1,D1_CLICK
26223,1,0,D1,D1_CLICK
26224,1,0,D1,D1_CLICK
26225,1,0,D1,D1_CLICK
26226,1,0,D1,D1_CLICK
26227,1,0,D1,D1_CLICK
26228,1,0,D1,D1_CLICK
26229,1,0,D1,D1_CLICK
26230,1,0,D1,D1_CLICK
26231,1,0,D1,D1_CLICK
26232,1,0,D1,D1_CLICK
26233,1,0,D1,D1_CLICK
26234,1,0,D1,D1_CLICK
26235,1,0,D1,D1_CLICK
26236,1,0,D1,D1_CLICK
26237,1,0,D1,D1_CLICK
26238,1,0,D1,D1_CLICK
26239,1,0,D1,D1_CLICK
26240,1,0,D1,D1_CLICK
26241,1,0,D1,D1_CLICK
26242,1,1,BOTH,DOUBLE_CLICK
26243,1,1,BOTH,DOUBLE_CLICK
26244,1,1,BOTH,DOUBLE_CLICK
26245,1,1,BOTH,DOUBLE_CLICK
26246,1,1,BOTH,DOUBLE_CLICK
26247,1,1,BOTH,DOUBLE_CLICK
26248,0,1,D2,D2_CLICK
26249,0,1,D2,D2_CLICK
26250,0,1,D2,D2_CLICK
26251,0,1,D2,D2_CLICK
26252,0,1,D2,D2_CLICK
26253,0,1,D2,D2_CLICK
26254,0,1,D2,D2_CLICK
26255,0,1,D2,D2_CLICK
26256,0,1,D2,D2_CLICK
26257,0,1,D2,D2_CLICK
26258,0,1,D2,D2_CLICK
26259,0,1,D2,D2_CLICK
26260,0,1,D2,D2_CLICK
26261,0,1,D2,D2_CLICK
26262,0,1,D2,D2_CLICK
26263,0,1,D2,D2_CLICK
26264,0,1,D2,D2_CLICK
26265,0,1,D2,D2_CLICK
26266,0,1,D2,D2_CLICK
26267,0,1,D2,D2_CLICK
26268,0,1,D2,D2_CLICK
26269,0,1,D2,D2_CLICK
26270,0,1,D2,D2_CLICK
26271,0,1,D2,D2_CLICK
26272,0,1,D2,D2_CLICK
26273,0,1,D2,D2_CLICK
26274,0,1,D2,D2_CLICK
26275,0,1,D2,D2_CLICK
26276,0,1,D2,D2_CLICK
26277,0,1,D2,D2_CLICK
26278,0,1,D2,D2_CLICK
26279,0,1,D2,D2_CLICK
26280,0,0,NONE,NO_CLICK
26281,0,0,NONE,NO_CLICK
26282,0,0,NONE,NO_CLICK
26283,0,0,NONE,NO_CLICK
26284,0,0,NONE,NO_CLICK
26285,0,0,NONE,NO_CLICK
26286,0,0,NONE,NO_CLICK
26287,0,0,NONE,NO_CLICK
26288,0,0,NONE,NO_CLICK
26289,0,0,NONE,NO_CLICK
26290,0,0,NONE,NO_CLICK
26291,0,0,NONE,NO_CLICK
26292,0,0,NONE,NO_CLICK
26293,0,0,NONE,NO_CLICK
26294,0,0,NONE,NO_CLICK
26295,0,0,NONE,NO_CLICK
26296,0,0,NONE,NO_CLICK
26297,0,0,NONE,NO_CLICK
26298,0,0,NONE,NO_CLICK
26299,0,0,NONE,NO_CLICK
26300,0,0,NONE,NO_CLICK
26301,0,0,NONE,NO_CLICK
26302,0,0,NONE,NO_CLICK
26303,0,0,NONE,NO_CLICK
26304,0,0,NONE,NO_CLICK
26305,0,0,NONE,NO_CLICK
26306,0,0,NONE,NO_CLICK
26307,0,0,NONE,NO_CLICK
26308,0,0,NONE,NO_CLICK
26309,0,0,NONE,NO_CLICK
26310,0,0,NONE,NO_CLICK
26311,0,0,NONE,NO_CLICK
26312,0,0,NONE,NO_CLICK
26313,0,0,NONE,NO_CLICK
26314,0,0,NONE,NO_CLICK
26315,0,0,NONE,NO_CLICK
26316,0,0,NONE,NO_CLICK
26317,0,0,NONE,NO_CLICK
26318,0,0,NONE,NO_CLICK
26319,0,0,NONE,NO_CLICK
26320,0,0,NONE,NO_CLICK
26321,0,0,NONE,NO_CLICK
26322,0,0,NONE,NO_CLICK
26323,0,0,NONE,NO_CLICK
26324,0,0,NONE,NO_CLICK
26325,0,0,NONE,NO_CLICK
26326,0,0,NONE,NO_CLICK
26327,0,0,NONE,NO_CLICK
26328,0,0,NONE,NO_CLICK
26329,0,0,NONE,NO_CLICK
26330,0,0,NONE,NO_CLICK
26331,0,0,NONE,NO_CLICK
26332,0,0,NONE,NO_CLICK
26333,0,0,NONE,NO_CLICK
26334,0,0,NONE,NO_CLICK
26335,0,0,NONE,NO_CLICK
26336,0,0,NONE,NO_CLICK
26337,0,0,NONE,NO_CLICK
26338,0,0,NONE,NO_CLICK
26339,0,0,NONE,NO_CLICK
26340,0,0,NONE,NO_CLICK
26341,0,0,NONE,NO_CLICK
26342,0,0,NONE,NO_CLICK
26343,0,0,NONE,NO_CLICK
26344,0,0,NONE,NO_CLICK
26345,0,0,NONE,NO_CLICK
26346,0,0,NONE,NO_CLICK
26347,0,0,NONE,NO_CLICK
26348,0,0,NONE,NO_CLICK
26349,0,0,NONE,NO_CLICK
26350,0,0,NONE,NO_CLICK
26351,0,0,NONE,NO_CLICK
26352,0,0,NONE,NO_CLICK
26353,0,0,NONE,NO_CLICK
26354,0,0,NONE,NO_CLICK
26355,0,0,NONE,NO_CLICK
26356,0,0,NONE,NO_CLICK
26357,0,0,NONE,NO_CLICK
26358,0,0,NONE,NO_CLICK
26359,0,0,NONE,NO_CLICK
26360,0,0,NONE,NO_CLICK
26361,0,0,NONE,NO_CLICK
26362,0,0,NONE,NO_CLICK
26363,0,0,NONE,NO_CLICK
26364,0,0,NONE,NO_CLICK
26365,0,0,NONE,NO_CLICK
26366,0,0,NONE,NO_CLICK
26367,0,0,NONE,NO_CLICK
26368,0,0,NONE,NO_CLICK
26369,0,0,NONE,NO_CLICK
26370,0,0,NONE,NO_CLICK
26371,0,0,NONE,NO_CLICK
26372,0,0,NONE,NO_CLICK
26373,0,0,NONE,NO_CLICK
26374,0,0,NONE,NO_CLICK
26375,0,0,NONE,NO_CLICK
26376,0,0,NONE,NO_CLICK
26377,0,0,NONE,NO_CLICK
26378,0,0,NONE,NO_CLICK
26379,0,0,NONE,NO_CLICK
26380,0,0,NONE,NO_CLICK
26381,0,0,NONE,NO_CLICK
26382,0,0,NONE,NO_CLICK
26383,0,0,NONE,NO_CLICK
26384,0,0,NONE,NO_CLICK
26385,0,0,NONE,NO_CLICK
26386,0,0,NONE,NO_CLICK
26387,0,0,NONE,NO_CLICK
26388,0,0,NONE,NO_CLICK
26389,0,0,NONE,NO_CLICK
26390,0,0,NONE,NO_CLICK
26391,0,0,NONE,NO_CLICK
26392,0,0,NONE,NO_CLICK
26393,0,0,NONE,NO_CLICK
26394,0,0,NONE,NO_CLICK
26395,0,0,NONE,NO_CLICK
26396,0,0,NONE,NO_CLICK
26397,0,0,NONE,NO_CLICK
26398,0,0,NONE,NO_CLICK
26399,0,0,NONE,NO_CLICK
26400,0,0,NONE,NO_CLICK
26401,0,0,NONE,NO_CLICK
26402,0,0,NONE,NO_CLICK
26403,0,0,NONE,NO_CLICK
26404,0,0,NONE,NO_CLICK
26405,0,0,NONE,NO_CLICK
26406,0,0,NONE,NO_CLICK
26407,0,0,NONE,NO_CLICK
26408,0,0,NONE,NO_CLICK
26409,0,0,NONE,NO_CLICK
26410,0,0,NONE,NO_CLICK
26411,0,0,NONE,NO_CLICK
26412,0,0,NONE,NO_CLICK
26413,0,0,NONE,NO_CLICK
26414,0,0,NONE,NO_CLICK
26415,0,0,NONE,NO_CLICK
26416,0,0,NONE,NO_CLICK
26417,0,0,NONE,NO_CLICK
26418,0,0,NONE,NO_CLICK
26419,0,0,NONE,NO_CLICK
26420,0,0,NONE,NO_CLICK
26421,0,0,NONE,NO_CLICK
26422,0,0,NONE,NO_CLICK
26423,0,0,NONE,NO_CLICK
26424,0,0,NONE,NO_CLICK
26425,0,0,NONE,NO_CLICK
26426,0,0,NONE,NO_CLICK
26427,0,0,NONE,NO_CLICK
26428,0,0,NONE,NO_CLICK
26429,0,0,NONE,NO_CLICK
26430,0,0,NONE,NO_CLICK
26431,0,0,NONE,NO_CLICK
26432,0,0,NONE,NO_CLICK
26433,0,0,NONE,NO_CLICK
26434,0,0,NONE,NO_CLICK
26435,0,0,NONE,NO_CLICK
26436,0,0,NONE,NO_CLICK
26437,0,0,NONE,NO_CLICK
26438,0,0,NONE,NO_CLICK
26439,0,0,NONE,NO_CLICK
26440,0,0,NONE,NO_CLICK
26441,0,0,NONE,NO_CLICK
26442,0,0,NONE,NO_CLICK
26443,0,0,NONE,NO_CLICK
26444,0,0,NONE,NO_CLICK
26445,0,0,NONE,NO_CLICK
26446,0,0,NONE,NO_CLICK
26447,0,0,NONE,NO_CLICK
26448,0,0,NONE,NO_CLICK
26449,0,0,NONE,NO_CLICK
26450,0,0,NONE,NO_CLICK
26451,0,0,NONE,NO_CLICK
26452,0,0,NONE,NO_CLICK
26453,0,0,NONE,NO_CLICK
26454,0,0,NONE,NO_CLICK
26455,0,0,NONE,NO_CLICK
26456,0,0,NONE,NO_CLICK
26457,0,0,NONE,NO_CLICK
26458,0,0,NONE,NO_CLICK
26459,0,0,NONE,NO_CLICK
26460,0,0,NONE,NO_CLICK
26461,0,0,NONE,NO_CLICK
26462,0,0,NONE,NO_CLICK
26463,0,0,NONE,NO_CLICK
26464,0,0,NONE,NO_CLICK
26465,0,0,NONE,NO_CLICK
26466,0,0,NONE,NO_CLICK
26467,0,0,NONE,NO_CLICK
26468,0,0,NONE,NO_CLICK
26469,0,0,NONE,NO_CLICK
26470,0,0,NONE,NO_CLICK
26471,0,0,NONE,NO_CLICK
26472,0,0,NONE,NO_CLICK
26473,0,0,NONE,NO_CLICK
26474,0,0,NONE,NO_CLICK
26475,0,0,NONE,NO_CLICK
26476,0,0,NONE,NO_CLICK
26477,0,0,NONE,NO_CLICK
26478,0,0,NONE,NO_CLICK
26479,0,0,NONE,NO_CLICK
26480,0,0,NONE,NO_CLICK
26481,0,0,NONE,NO_CLICK
26482,0,0,NONE,NO_CLICK
26483,0,0,NONE,NO_CLICK
26484,0,0,NONE,NO_CLICK
26485,0,0,NONE,NO_CLICK
26486,0,0,NONE,NO_CLICK
26487,0,0,NONE,NO_CLICK
26488,0,0,NONE,NO_CLICK
26489,0,0,NONE,NO_CLICK
26490,0,0,NONE,NO_CLICK
26491,0,0,NONE,NO_CLICK
26492,0,0,NONE,NO_CLICK
26493,0,0,NONE,NO_CLICK
26494,0,0,NONE,NO_CLICK
26495,0,0,NONE,NO_CLICK
26496,0,0,NONE,NO_CLICK
26497,0,0,NONE,NO_CLICK
26498,0,0,NONE,NO_CLICK
26499,0,0,NONE,NO_CLICK
26500,0,0,NONE,NO_CLICK
26501,0,0,NONE,NO_CLICK
26502,0,0,NONE,NO_CLICK
26503,0,0,NONE,NO_CLICK
26504,0,0,NONE,NO_CLICK
26505,0,0,NONE,NO_CLICK
26506,0,0,NONE,NO_CLICK
26507,0,0,NONE,NO_CLICK
26508,0,0,NONE,NO_CLICK
26509,0,0,NONE,NO_CLICK
26510,0,0,NONE,NO_CLICK
26511,0,0,NONE,NO_CLICK
26512,0,0,NONE,NO_CLICK
26513,0,0,NONE,NO_CLICK
26514,0,0,NONE,NO_CLICK
26515,0,0,NONE,NO_CLICK
26516,0,0,NONE,NO_CLICK
26517,0,0,NONE,NO_CLICK
26518,0,0,NONE,NO_CLICK
26519,0,0,NONE,NO_CLICK
26520,0,0,NONE,NO_CLICK
26521,0,0,NONE,NO_CLICK
26522,0,0,NONE,NO_CLICK
26523,0,0,NONE,NO_CLICK
26524,0,0,NONE,NO_CLICK
26525,0,0,NONE,NO_CLICK
26526,0,0,NONE,NO_CLICK
26527,0,0,NONE,NO_CLICK
26528,0,0,NONE,NO_CLICK
26529,0,0,NONE,NO_CLICK
26530,1,0,D1,D1_CLICK
26531,1,0,D1,D1_CLICK
26532,1,0,D1,D1_CLICK
26533,1,0,D1,D1_CLICK
26534,1,0,D1,D1_CLICK
26535,1,0,D1,D1_CLICK
26536,1,0,D1,D1_CLICK
26537,1,0,D1,D1_CLICK
26538,1,0,D1,D1_CLICK
26539,1,0,D1,D1_CLICK
26540,1,0,D1,D1_CLICK
26541,1,0,D1,D1_CLICK
26542,1,0,D1,D1_CLICK
26543,1,0,D1,D1_CLICK
26544,1,0,D1,D1_CLICK
26545,1,0,D1,D1_CLICK
26546,1,0,D1,D1_CLICK
26547,1,0,D1,D1_CLICK
26548,1,0,D1,D1_CLICK
26549,1,0,D1,D1_CLICK
26550,1,0,D1,D1_CLICK
26551,1,0,D1,D1_CLICK
26552,1,0,D1,D1_CLICK
26553,1,0,D1,D1_CLICK
26554,1,0,D1,D1_CLICK
26555,1,0,D1,D1_CLICK
26556,1,0,D1,D1_CLICK
26557,1,0,D1,D1_CLICK
26558,1,0,D1,D1_CLICK
26559,1,0,D1,D1_CLICK
26560,1,0,D1,D1_CLICK
26561,1,0,D1,D1_CLICK
26562,1,1,BOTH,DOUBLE_CLICK
26563,1,1,BOTH,DOUBLE_CLICK
26564,1,1,BOTH,DOUBLE_CLICK
26565,1,1,BOTH,DOUBLE_CLICK
26566,1,1,BOTH,DOUBLE_CLICK
26567,1,1,BOTH,DOUBLE_CLICK
26568,0,1,D2,D2_CLICK
26569,0,1,D2,D2_CLICK
26570,0,1,D2,D2_CLICK
26571,0,1,D2,D2_CLICK
26572,0,1,D2,D2_CLICK
26573,0,1,D2,D2_CLICK
26574,0,1,D2,D2_CLICK
26575,0,1,D2,D2_CLICK
26576,0,1,D2,D2_CLICK
26577,0,1,D2,D2_CLICK
26578,0,1,D2,D2_CLICK
26579,0,1,D2,D2_CLICK
26580,0,1,D2,D2_CLICK
26581,0,1,D2,D2_CLICK
26582,0,1,D2,D2_CLICK
26583,0,1,D2,D2_CLICK
26584,0,1,D2,D2_CLICK
26585,0,1,D2,D2_CLICK
26586,0,1,D2,D2_CLICK
26587,0,1,D2,D2_CLICK
26588,0,1,D2,D2_CLICK
26589,0,1,D2,D2_CLICK
26590,0,1,D2,D2_CLICK
26591,0,1,D2,D2_CLICK
26592,0,1,D2,D2_CLICK
26593,0,1,D2,D2_CLICK
26594,0,1,D2,D2_CLICK
26595,0,1,D2,D2_CLICK
26596,0,1,D2,D2_CLICK
26597,0,1,D2,D2_CLICK
26598,0,1,D2,D2_CLICK
26599,0,1,D2,D2_CLICK
26600,0,0,NONE,NO_CLICK
26601,0,0,NONE,NO_CLICK
26602,0,0,NONE,NO_CLICK
26603,0,0,NONE,NO_CLICK
26604,0,0,NONE,NO_CLICK
26605,0,0,NONE,NO_CLICK
26606,0,0,NONE,NO_CLICK
26607,0,0,NONE,NO_CLICK
26608,0,0,NONE,NO_CLICK
26609,0,0,NONE,NO_CLICK
26610,0,0,NONE,NO_CLICK
26611,0,0,NONE,NO_CLICK
26612,0,0,NONE,NO_CLICK
26613,0,0,NONE,NO_CLICK
26614,0,0,NONE,NO_CLICK
26615,0,0,NONE,NO_CLICK
26616,0,0,NONE,NO_CLICK
26617,0,0,NONE,NO_CLICK
26618,0,0,NONE,NO_CLICK
26619,0,0,NONE,NO_CLICK
26620,0,0,NONE,NO_CLICK
26621,0,0,NONE,NO_CLICK
26622,0,0,NONE,NO_CLICK
26623,0,0,NONE,NO_CLICK
26624,0,0,NONE,NO_CLICK
26625,0,0,NONE,NO_CLICK
26626,0,0,NONE,NO_CLICK
26627,0,0,NONE,NO_CLICK
26628,0,0,NONE,NO_CLICK
26629,0,0,NONE,NO_CLICK
26630,0,0,NONE,NO_CLICK
26631,0,0,NONE,NO_CLICK
26632,0,0,NONE,NO_CLICK
26633,0,0,NONE,NO_CLICK
26634,0,0,NONE,NO_CLICK
26635,0,0,NONE,NO_CLICK
26636,0,0,NONE,NO_CLICK
26637,0,0,NONE,NO_CLICK
26638,0,0,NONE,NO_CLICK
26639,0,0,NONE,NO_CLICK
26640,0,0,NONE,NO_CLICK
26641,0,0,NONE,NO_CLICK
26642,0,0,NONE,NO_CLICK
26643,0,0,NONE,NO_CLICK
26644,0,0,NONE,NO_CLICK
26645,0,0,NONE,NO_CLICK
26646,0,0,NONE,NO_CLICK
26647,0,0,NONE,NO_CLICK
26648,0,0,NONE,NO_CLICK
26649,0,0,NONE,NO_CLICK
26650,0,0,NONE,NO_CLICK
26651,0,0,NONE,NO_CLICK
26652,0,0,NONE,NO_CLICK
26653,0,0,NONE,NO_CLICK
26654,0,0,NONE,NO_CLICK
26655,0,0,NONE,NO_CLICK
26656,0,0,NONE,NO_CLICK
26657,0,0,NONE,NO_CLICK
26658,0,0,NONE,NO_CLICK
26659,0,0,NONE,NO_CLICK
26660,0,0,NONE,NO_CLICK
26661,0,0,NONE,NO_CLICK
26662,0,0,NONE,NO_CLICK
26663,0,0,NONE,NO_CLICK
26664,0,0,NONE,NO_CLICK
26665,0,0,NONE,NO_CLICK
26666,0,0,NONE,NO_CLICK
26667,0,0,NONE,NO_CLICK
26668,0,0,NONE,NO_CLICK
26669,0,0,NONE,NO_CLICK
26670,0,0,NONE,NO_CLICK
26671,0,0,NONE,NO_CLICK
26672,0,0,NONE,NO_CLICK
26673,0,0,NONE,NO_CLICK
26674,0,0,NONE,NO_CLICK
26675,0,0,NONE,NO_CLICK
26676,0,0,NONE,NO_CLICK
26677,0,0,NONE,NO_CLICK
26678,0,0,NONE,NO_CLICK
26679,0,0,NONE,NO_CLICK
26680,0,0,NONE,NO_CLICK
26681,0,0,NONE,NO_CLICK
26682,0,0,NONE,NO_CLICK
26683,0,0,NONE,NO_CLICK
26684,0,0,NONE,NO_CLICK
26685,0,0,NONE,NO_CLICK
26686,0,0,NONE,NO_CLICK
26687,0,0,NONE,NO_CLICK
26688,0,0,NONE,NO_CLICK
26689,0,0,NONE,NO_CLICK
26690,0,0,NONE,NO_CLICK
26691,0,0,NONE,NO_CLICK
26692,0,0,NONE,NO_CLICK
26693,0,0,NONE,NO_CLICK
26694,0,0,NONE,NO_CLICK
26695,0,0,NONE,NO_CLICK
26696,0,0,NONE,NO_CLICK
26697,0,0,NONE,NO_CLICK
26698,0,0,NONE,NO_CLICK
26699,0,0,NONE,NO_CLICK
26700,0,0,NONE,NO_CLICK
26701,0,0,NONE,NO_CLICK
26702,0,0,NONE,NO_CLICK
26703,0,0,NONE,NO_CLICK
26704,0,0,NONE,NO_CLICK
26705,0,0,NONE,NO_CLICK
26706,0,0,NONE,NO_CLICK
26707,0,0,NONE,NO_CLICK
26708,0,0,NONE,NO_CLICK
26709,0,0,NONE,NO_CLICK
26710,0,0,NONE,NO_CLICK
26711,0,0,NONE,NO_CLICK
26712,0,0,NONE,NO_CLICK
26713,0,0,NONE,NO_CLICK
26714,0,0,NONE,NO_CLICK
26715,0,0,NONE,NO_CLICK
26716,0,0,NONE,NO_CLICK
26717,0,0,NONE,NO_CLICK
26718,0,0,NONE,NO_CLICK
26719,0,0,NONE,NO_CLICK
26720,0,0,NONE,NO_CLICK
26721,0,0,NONE,NO_CLICK
26722,0,0,NONE,NO_CLICK
26723,0,0,NONE,NO_CLICK
26724,0,0,NONE,NO_CLICK
26725,0,0,NONE,NO_CLICK
26726,0,0,NONE,NO_CLICK
26727,0,0,NONE,NO_CLICK
26728,0,0,NONE,NO_CLICK
26729,0,0,NONE,NO_CLICK
26730,0,0,NONE,NO_CLICK
26731,0,0,NONE,NO_CLICK
26732,0,0,NONE,NO_CLICK
26733,0,0,NONE,NO_CLICK
26734,0,0,NONE,NO_CLICK
26735,0,0,NONE,NO_CLICK
26736,0,0,NONE,NO_CLICK
26737,0,0,NONE,NO_CLICK
26738,0,0,NONE,NO_CLICK
26739,0,0,NONE,NO_CLICK
26740,0,0,NONE,NO_CLICK
26741,0,0,NONE,NO_CLICK
26742,0,0,NONE,NO_CLICK
26743,0,0,NONE,NO_CLICK
26744,0,0,NONE,NO_CLICK
26745,0,0,NONE,NO_CLICK
26746,0,0,NONE,NO_CLICK
26747,0,0,NONE,NO_CLICK
26748,0,0,NONE,NO_CLICK
26749,0,0,NONE,NO_CLICK
26750,0,0,NONE,NO_CLICK
26751,0,0,NONE,NO_CLICK
26752,0,0,NONE,NO_CLICK
26753,0,0,NONE,NO_CLICK
26754,0,0,NONE,NO_CLICK
26755,0,0,NONE,NO_CLICK
26756,0,0,NONE,NO_CLICK
26757,0,0,NONE,NO_CLICK
26758,0,0,NONE,NO_CLICK
26759,0,0,NONE,NO_CLICK
26760,0,0,NONE,NO_CLICK
26761,0,0,NONE,NO_CLICK
26762,0,0,NONE,NO_CLICK
26763,0,0,NONE,NO_CLICK
26764,0,0,NONE,NO_CLICK
26765,0,0,NONE,NO_CLICK
26766,0,0,NONE,NO_CLICK
26767,0,0,NONE,NO_CLICK
26768,0,0,NONE,NO_CLICK
26769,0,0,NONE,NO_CLICK
26770,0,0,NONE,NO_CLICK
26771,0,0,NONE,NO_CLICK
26772,0,0,NONE,NO_CLICK
26773,0,0,NONE,NO_CLICK
26774,0,0,NONE,NO_CLICK
26775,0,0,NONE,NO_CLICK
26776,0,0,NONE,NO_CLICK
26777,0,0,NONE,NO_CLICK
26778,0,0,NONE,NO_CLICK
26779,0,0,NONE,NO_CLICK
26780,0,0,NONE,NO_CLICK
26781,0,0,NONE,NO_CLICK
26782,0,0,NONE,NO_CLICK
26783,0,0,NONE,NO_CLICK
26784,0,0,NONE,NO_CLICK
26785,0,0,NONE,NO_CLICK
26786,0,0,NONE,NO_CLICK
26787,0,0,NONE,NO_CLICK
26788,0,0,NONE,NO_CLICK
26789,0,0,NONE,NO_CLICK
26790,0,0,NONE,NO_CLICK
26791,0,0,NONE,NO_CLICK
26792,0,0,NONE,NO_CLICK
26793,0,0,NONE,NO_CLICK
26794,0,0,NONE,NO_CLICK
26795,0,0,NONE,NO_CLICK
26796,0,0,NONE,NO_CLICK
26797,0,0,NONE,NO_CLICK
26798,0,0,NONE,NO_CLICK
26799,0,0,NONE,NO_CLICK
26800,0,0,NONE,NO_CLICK
26801,0,0,NONE,NO_CLICK
26802,0,0,NONE,NO_CLICK
26803,0,0,NONE,NO_CLICK
26804,0,0,NONE,NO_CLICK
26805,0,0,NONE,NO_CLICK
26806,0,0,NONE,NO_CLICK
26807,0,0,NONE,NO_CLICK
26808,0,0,NONE,NO_CLICK
26809,0,0,NONE,NO_CLICK
26810,0,0,NONE,NO_CLICK
26811,0,0,NONE,NO_CLICK
26812,0,0,NONE,NO_CLICK
26813,0,0,NONE,NO_CLICK
26814,0,0,NONE,NO_CLICK
26815,0,0,NONE,NO_CLICK
26816,0,0,NONE,NO_CLICK
26817,0,0,NONE,NO_CLICK
26818,0,0,NONE,NO_CLICK
26819,0,0,NONE,NO_CLICK
26820,0,0,NONE,NO_CLICK
26821,0,0,NONE,NO_CLICK
26822,0,0,NONE,NO_CLICK
26823,0,0,NONE,NO_CLICK
26824,0,0,NONE,NO_CLICK
26825,0,0,NONE,NO_CLICK
26826,0,0,NONE,NO_CLICK
26827,0,0,NONE,NO_CLICK
26828,0,0,NONE,NO_CLICK
26829,0,0,NONE,NO_CLICK
26830,0,0,NONE,NO_CLICK
26831,0,0,NONE,NO_CLICK
26832,0,0,NONE,NO_CLICK
26833,0,0,NONE,NO_CLICK
26834,0,0,NONE,NO_CLICK
26835,0,0,NONE,NO_CLICK
26836,0,0,NONE,NO_CLICK
26837,0,0,NONE,NO_CLICK
26838,0,0,NONE,NO_CLICK
26839,0,0,NONE,NO_CLICK
26840,0,0,NONE,NO_CLICK
26841,0,0,NONE,NO_CLICK
26842,0,0,NONE,NO_CLICK
26843,0,0,NONE,NO_CLICK
26844,0,0,NONE,NO_CLICK
26845,0,0,NONE,NO_CLICK
26846,0,0,NONE,NO_CLICK
26847,0,0,NONE,NO_CLICK
26848,0,0,NONE,NO_CLICK
26849,0,0,NONE,NO_CLICK
26850,0,0,NONE,NO_CLICK
26851,0,0,NONE,NO_CLICK
26852,0,0,NONE,NO_CLICK
26853,0,0,NONE,NO_CLICK
26854,0,0,NONE,NO_CLICK
26855,0,0,NONE,NO_CLICK
26856,0,0,NONE,NO_CLICK
26857,0,0,NONE,NO_CLICK
26858,0,0,NONE,NO_CLICK
26859,0,0,NONE,NO_CLICK
26860,0,0,NONE,NO_CLICK
26861,0,0,NONE,NO_CLICK
26862,0,0,NONE,NO_CLICK
26863,0,0,NONE,NO_CLICK
26864,0,0,NONE,NO_CLICK
26865,0,0,NONE,NO_CLICK
26866,0,0,NONE,NO_CLICK
26867,0,0,NONE,NO_CLICK
26868,0,0,NONE,NO_CLICK
26869,0,0,NONE,NO_CLICK
26870,0,0,NONE,NO_CLICK
26871,0,0,NONE,NO_CLICK
26872,0,0,NONE,NO_CLICK
26873,0,0,NONE,NO_CLICK
26874,0,0,NONE,NO_CLICK
26875,0,0,NONE,NO_CLICK
26876,0,0,NONE,NO_CLICK
26877,0,0,NONE,NO_CLICK
26878,0,0,NONE,NO_CLICK
26879,0,0,NONE,NO_CLICK
26880,0,0,NONE,NO_CLICK
26881,0,0,NONE,NO_CLICK
26882,1,1,BOTH,DOUBLE_CLICK
26883,1,1,BOTH,DOUBLE_CLICK
26884,1,1,BOTH,DOUBLE_CLICK
26885,1,1,BOTH,DOUBLE_CLICK
26886,1,1,BOTH,DOUBLE_CLICK
26887,1,1,BOTH,DOUBLE_CLICK
26888,1,1,BOTH,DOUBLE_CLICK
26889,1,1,BOTH,DOUBLE_CLICK
26890,1,1,BOTH,DOUBLE_CLICK
26891,1,1,BOTH,DOUBLE_CLICK
26892,1,1,BOTH,DOUBLE_CLICK
26893,1,1,BOTH,DOUBLE_CLICK
26894,1,1,BOTH,DOUBLE_CLICK
26895,1,1,BOTH,DOUBLE_CLICK
26896,1,1,BOTH,DOUBLE_CLICK
26897,1,1,BOTH,DOUBLE_CLICK
26898,1,1,BOTH,DOUBLE_CLICK
26899,1,1,BOTH,DOUBLE_CLICK
26900,1,1,BOTH,DOUBLE_CLICK
26901,1,1,BOTH,DOUBLE_CLICK
26902,1,1,BOTH,DOUBLE_CLICK
26903,1,1,BOTH,DOUBLE_CLICK
26904,1,1,BOTH,DOUBLE_CLICK
26905,1,1,BOTH,DOUBLE_CLICK
26906,1,1,BOTH,DOUBLE_CLICK
26907,1,1,BOTH,DOUBLE_CLICK
26908,1,1,BOTH,DOUBLE_CLICK
26909,1,1,BOTH,DOUBLE_CLICK
26910,1,1,BOTH,DOUBLE_CLICK
26911,1,1,BOTH,DOUBLE_CLICK
26912,1,1,BOTH,DOUBLE_CLICK
26913,1,1,BOTH,DOUBLE_CLICK
26914,1,1,BOTH,DOUBLE_CLICK
26915,1,1,BOTH,DOUBLE_CLICK
26916,1,1,BOTH,DOUBLE_CLICK
26917,1,1,BOTH,DOUBLE_CLICK
26918,1,1,BOTH,DOUBLE_CLICK
26919,1,1,BOTH,DOUBLE_CLICK
26920,0,0,NONE,NO_CLICK
26921,0,0,NONE,NO_CLICK
26922,0,0,NONE,NO_CLICK
26923,0,0,NONE,NO_CLICK
26924,0,0,NONE,NO_CLICK
26925,0,0,NONE,NO_CLICK
26926,0,0,NONE,NO_CLICK
26927,0,0,NONE,NO_CLICK
26928,0,0,NONE,NO_CLICK
26929,0,0,NONE,NO_CLICK
26930,0,0,NONE,NO_CLICK
26931,0,0,NONE,NO_CLICK
26932,0,0,NONE,NO_CLICK
26933,0,0,NONE,NO_CLICK
26934,0,0,NONE,NO_CLICK
26935,0,0,NONE,NO_CLICK
26936,0,0,NONE,NO_CLICK
26937,0,0,NONE,NO_CLICK
26938,0,0,NONE,NO_CLICK
26939,0,0,NONE,NO_CLICK
26940,0,0,NONE,NO_CLICK
26941,0,0,NONE,NO_CLICK
26942,0,0,NONE,NO_CLICK
26943,0,0,NONE,NO_CLICK
26944,0,0,NONE,NO_CLICK
26945,0,0,NONE,NO_CLICK
26946,0,0,NONE,NO_CLICK
26947,0,0,NONE,NO_CLICK
26948,0,0,NONE,NO_CLICK
26949,0,0,NONE,NO_CLICK
26950,0,0,NONE,NO_CLICK
26951,0,0,NONE,NO_CLICK
26952,0,0,NONE,NO_CLICK
26953,0,0,NONE,NO_CLICK
26954,0,0,NONE,NO_CLICK
26955,0,0,NONE,NO_CLICK
26956,0,0,NONE,NO_CLICK
26957,0,0,NONE,NO_CLICK
26958,0,0,NONE,NO_CLICK
26959,0,0,NONE,NO_CLICK
26960,0,0,NONE,NO_CLICK
26961,0,0,NONE,NO_CLICK
26962,0,0,NONE,NO_CLICK
26963,0,0,NONE,NO_CLICK
26964,0,0,NONE,NO_CLICK
26965,0,0,NONE,NO_CLICK
26966,0,0,NONE,NO_CLICK
26967,0,0,NONE,NO_CLICK
26968,0,0,NONE,NO_CLICK
26969,0,0,NONE,NO_CLICK
26970,0,0,NONE,NO_CLICK
26971,0,0,NONE,NO_CLICK
26972,0,0,NONE,NO_CLICK
26973,0,0,NONE,NO_CLICK
26974,0,0,NONE,NO_CLICK
26975,0,0,NONE,NO_CLICK
26976,0,0,NONE,NO_CLICK
26977,0,0,NONE,NO_CLICK
26978,0,0,NONE,NO_CLICK
26979,0,0,NONE,NO_CLICK
26980,0,0,NONE,NO_CLICK
26981,0,0,NONE,NO_CLICK
26982,0,0,NONE,NO_CLICK
26983,0,0,NONE,NO_CLICK
26984,0,0,NONE,NO_CLICK
26985,0,0,NONE,NO_CLICK
26986,0,0,NONE,NO_CLICK
26987,0,0,NONE,NO_CLICK
26988,0,0,NONE,NO_CLICK
26989,0,0,NONE,NO_CLICK
26990,0,0,NONE,NO_CLICK
26991,0,0,NONE,NO_CLICK
26992,0,0,NONE,NO_CLICK
26993,0,0,NONE,NO_CLICK
26994,0,0,NONE,NO_CLICK
26995,0,0,NONE,NO_CLICK
26996,0,0,NONE,NO_CLICK
26997,0,0,NONE,NO_CLICK
26998,0,0,NONE,NO_CLICK
26999,0,0,NONE,NO_CLICK
27000,0,0,NONE,NO_CLICK
27001,0,0,NONE,NO_CLICK
27002,0,0,NONE,NO_CLICK
27003,0,0,NONE,NO_CLICK
27004,0,0,NONE,NO_CLICK
27005,0,0,NONE,NO_CLICK
27006,0,0,NONE,NO_CLICK
27007,0,0,NONE,NO_CLICK
27008,0,0,NONE,NO_CLICK
27009,0,0,NONE,NO_CLICK
27010,0,0,NONE,NO_CLICK
27011,0,0,NONE,NO_CLICK
27012,0,0,NONE,NO_CLICK
27013,0,0,NONE,NO_CLICK
27014,0,0,NONE,NO_CLICK
27015,0,0,NONE,NO_CLICK
27016,0,0,NONE,NO_CLICK
27017,0,0,NONE,NO_CLICK
27018,0,0,NONE,NO_CLICK
27019,0,0,NONE,NO_CLICK
27020,0,0,NONE,NO_CLICK
27021,0,0,NONE,NO_CLICK
27022,0,0,NONE,NO_CLICK
27023,0,0,NONE,NO_CLICK
27024,0,0,NONE,NO_CLICK
27025,0,0,NONE,NO_CLICK
27026,0,0,NONE,NO_CLICK
27027,0,0,NONE,NO_CLICK
27028,0,0,NONE,NO_CLICK
27029,0,0,NONE,NO_CLICK
27030,0,0,NONE,NO_CLICK
27031,0,0,NONE,NO_CLICK
27032,0,0,NONE,NO_CLICK
27033,0,0,NONE,NO_CLICK
27034,0,0,NONE,NO_CLICK
27035,0,0,NONE,NO_CLICK
27036,0,0,NONE,NO_CLICK
27037,0,0,NONE,NO_CLICK
27038,0,0,NONE,NO_CLICK
27039,0,0,NONE,NO_CLICK
27040,0,0,NONE,NO_CLICK
27041,0,0,NONE,NO_CLICK
27042,0,0,NONE,NO_CLICK
27043,0,0,NONE,NO_CLICK
27044,0,0,NONE,NO_CLICK
27045,0,0,NONE,NO_CLICK
27046,0,0,NONE,NO_CLICK
27047,0,0,NONE,NO_CLICK
27048,0,0,NONE,NO_CLICK
27049,0,0,NONE,NO_CLICK
27050,0,0,NONE,NO_CLICK
27051,0,0,NONE,NO_CLICK
27052,0,0,NONE,NO_CLICK
27053,0,0,NONE,NO_CLICK
27054,0,0,NONE,NO_CLICK
27055,0,0,NONE,NO_CLICK
27056,0,0,NONE,NO_CLICK
27057,0,0,NONE,NO_CLICK
27058,0,0,NONE,NO_CLICK
27059,0,0,NONE,NO_CLICK
27060,0,0,NONE,NO_CLICK
27061,0,0,NONE,NO_CLICK
27062,0,0,NONE,NO_CLICK
27063,0,0,NONE,NO_CLICK
27064,0,0,NONE,NO_CLICK
27065,0,0,NONE,NO_CLICK
27066,0,0,NONE,NO_CLICK
27067,0,0,NONE,NO_CLICK
27068,0,0,NONE,NO_CLICK
27069,0,0,NONE,NO_CLICK
27070,0,0,NONE,NO_CLICK
27071,0,0,NONE,NO_CLICK
27072,0,0,NONE,NO_CLICK
27073,0,0,NONE,NO_CLICK
27074,0,0,NONE,NO_CLICK
27075,0,0,NONE,NO_CLICK
27076,0,0,NONE,NO_CLICK
27077,0,0,NONE,NO_CLICK
27078,0,0,NONE,NO_CLICK
27079,0,0,NONE,NO_CLICK
27080,0,0,NONE,NO_CLICK
27081,0,0,NONE,NO_CLICK
27082,0,0,NONE,NO_CLICK
27083,0,0,NONE,NO_CLICK
27084,0,0,NONE,NO_CLICK
27085,0,0,NONE,NO_CLICK
27086,0,0,NONE,NO_CLICK
27087,0,0,NONE,NO_CLICK
27088,0,0,NONE,NO_CLICK
27089,0,0,NONE,NO_CLICK
27090,0,0,NONE,NO_CLICK
27091,0,0,NONE,NO_CLICK
27092,0,0,NONE,NO_CLICK
27093,0,0,NONE,NO_CLICK
27094,0,0,NONE,NO_CLICK
27095,0,0,NONE,NO_CLICK
27096,0,0,NONE,NO_CLICK
27097,0,0,NONE,NO_CLICK
27098,0,0,NONE,NO_CLICK
27099,0,0,NONE,NO_CLICK
27100,0,0,NONE,NO_CLICK
27101,0,0,NONE,NO_CLICK
27102,0,0,NONE,NO_CLICK
27103,0,0,NONE,NO_CLICK
27104,0,0,NONE,NO_CLICK
27105,0,0,NONE,NO_CLICK
27106,0,0,NONE,NO_CLICK
27107,0,0,NONE,NO_CLICK
27108,0,0,NONE,NO_CLICK
27109,0,0,NONE,NO_CLICK
27110,0,0,NONE,NO_CLICK
27111,0,0,NONE,NO_CLICK
27112,0,0,NONE,NO_CLICK
27113,0,0,NONE,NO_CLICK
27114,0,0,NONE,NO_CLICK
27115,0,0,NONE,NO_CLICK
27116,0,0,NONE,NO_CLICK
27117,0,0,NONE,NO_CLICK
27118,0,0,NONE,NO_CLICK
27119,0,0,NONE,NO_CLICK
27120,0,0,NONE,NO_CLICK
27121,0,0,NONE,NO_CLICK
27122,0,0,NONE,NO_CLICK
27123,0,0,NONE,NO_CLICK
27124,0,0,NONE,NO_CLICK
27125,0,0,NONE,NO_CLICK
27126,0,0,NONE,NO_CLICK
27127,0,0,NONE,NO_CLICK
27128,0,0,NONE,NO_CLICK
27129,0,0,NONE,NO_CLICK
27130,0,0,NONE,NO_CLICK
27131,0,0,NONE,NO_CLICK
27132,0,0,NONE,NO_CLICK
27133,0,0,NONE,NO_CLICK
27134,0,0,NONE,NO_CLICK
27135,0,0,NONE,NO_CLICK
27136,0,0,NONE,NO_CLICK
27137,0,0,NONE,NO_CLICK
27138,0,0,NONE,NO_CLICK
27139,0,0,NONE,NO_CLICK
27140,0,0,NONE,NO_CLICK
27141,0,0,NONE,NO_CLICK
27142,0,0,NONE,NO_CLICK
27143,0,0,NONE,NO_CLICK
27144,0,0,NONE,NO_CLICK
27145,0,0,NONE,NO_CLICK
27146,0,0,NONE,NO_CLICK
27147,0,0,NONE,NO_CLICK
27148,0,0,NONE,NO_CLICK
27149,0,0,NONE,NO_CLICK
27150,0,0,NONE,NO_CLICK
27151,0,0,NONE,NO_CLICK
27152,0,0,NONE,NO_CLICK
27153,0,0,NONE,NO_CLICK
27154,0,0,NONE,NO_CLICK
27155,0,0,NONE,NO_CLICK
27156,0,0,NONE,NO_CLICK
27157,0,0,NONE,NO_CLICK
27158,0,0,NONE,NO_CLICK
27159,0,0,NONE,NO_CLICK
27160,0,0,NONE,NO_CLICK
27161,0,0,NONE,NO_CLICK
27162,0,0,NONE,NO_CLICK
27163,0,0,NONE,NO_CLICK
27164,0,0,NONE,NO_CLICK
27165,0,0,NONE,NO_CLICK
27166,0,0,NONE,NO_CLICK
27167,0,0,NONE,NO_CLICK
27168,0,0,NONE,NO_CLICK
27169,0,0,NONE,NO_CLICK
27170,0,0,NONE,NO_CLICK
27171,0,0,NONE,NO_CLICK
27172,0,0,NONE,NO_CLICK
27173,0,0,NONE,NO_CLICK
27174,0,0,NONE,NO_CLICK
27175,0,0,NONE,NO_CLICK
27176,0,0,NONE,NO_CLICK
27177,0,0,NONE,NO_CLICK
27178,0,0,NONE,NO_CLICK
27179,0,0,NONE,NO_CLICK
27180,0,0,NONE,NO_CLICK
27181,0,0,NONE,NO_CLICK
27182,0,0,NONE,NO_CLICK
27183,0,0,NONE,NO_CLICK
27184,0,0,NONE,NO_CLICK
27185,0,0,NONE,NO_CLICK
27186,0,0,NONE,NO_CLICK
27187,0,0,NONE,NO_CLICK
27188,0,0,NONE,NO_CLICK
27189,0,0,NONE,NO_CLICK
27190,0,0,NONE,NO_CLICK
27191,0,0,NONE,NO_CLICK
27192,0,0,NONE,NO_CLICK
27193,0,0,NONE,NO_CLICK
27194,0,0,NONE,NO_CLICK
27195,0,0,NONE,NO_CLICK
27196,0,0,NONE,NO_CLICK
27197,0,0,NONE,NO_CLICK
27198,0,0,NONE,NO_CLICK
27199,0,0,NONE,NO_CLICK
27200,0,0,NONE,NO_CLICK
27201,0,0,NONE,NO_CLICK
27202,0,0,NONE,NO_CLICK
27203,0,0,NONE,NO_CLICK
27204,0,0,NONE,NO_CLICK
27205,0,0,NONE,NO_CLICK
27206,0,0,NONE,NO_CLICK
27207,0,0,NONE,NO_CLICK
27208,0,0,NONE,NO_CLICK
27209,0,0,NONE,NO_CLICK
27210,0,0,NONE,NO_CLICK
27211,0,0,NONE,NO_CLICK
27212,0,0,NONE,NO_CLICK
27213,0,0,NONE,NO_CLICK
27214,0,0,NONE,NO_CLICK
27215,0,0,NONE,NO_CLICK
27216,0,0,NONE,NO_CLICK
27217,0,0,NONE,NO_CLICK
27218,0,0,NONE,NO_CLICK
27219,0,0,NONE,NO_CLICK
27220,0,0,NONE,NO_CLICK
27221,0,0,NONE,NO_CLICK
27222,0,0,NONE,NO_CLICK
27223,0,0,NONE,NO_CLICK
27224,0,0,NONE,NO_CLICK
27225,0,0,NONE,NO_CLICK
27226,0,0,NONE,NO_CLICK
27227,0,0,NONE,NO_CLICK
27228,0,0,NONE,NO_CLICK
27229,0,0,NONE,NO_CLICK
27230,0,0,NONE,NO_CLICK
27231,0,0,NONE,NO_CLICK
27232,0,0,NONE,NO_CLICK
27233,0,0,NONE,NO_CLICK
27234,0,0,NONE,NO_CLICK
27235,0,0,NONE,NO_CLICK
27236,0,0,NONE,NO_CLICK
27237,0,0,NONE,NO_CLICK
27238,0,0,NONE,NO_CLICK
27239,0,0,NONE,NO_CLICK
27240,0,0,NONE,NO_CLICK
27241,0,0,NONE,NO_CLICK
27242,0,0,NONE,NO_CLICK
27243,0,0,NONE,NO_CLICK
27244,0,0,NONE,NO_CLICK
27245,0,0,NONE,NO_CLICK
27246,0,0,NONE,NO_CLICK
27247,0,0,NONE,NO_CLICK
27248,0,0,NONE,NO_CLICK
27249,0,0,NONE,NO_CLICK
27250,0,0,NONE,NO_CLICK
27251,0,0,NONE,NO_CLICK
27252,0,0,NONE,NO_CLICK
27253,0,0,NONE,NO_CLICK
27254,0,0,NONE,NO_CLICK
27255,0,0,NONE,NO_CLICK
27256,0,0,NONE,NO_CLICK
27257,0,0,NONE,NO_CLICK
27258,0,0,NONE,NO_CLICK
27259,0,0,NONE,NO_CLICK
27260,0,0,NONE,NO_CLICK
27261,0,0,NONE,NO_CLICK
27262,0,0,NONE,NO_CLICK
27263,0,0,NONE,NO_CLICK
27264,0,0,NONE,NO_CLICK
27265,0,0,NONE,NO_CLICK
27266,0,0,NONE,NO_CLICK
27267,0,0,NONE,NO_CLICK
27268,0,0,NONE,NO_CLICK
27269,0,0,NONE,NO_CLICK
27270,0,0,NONE,NO_CLICK
27271,0,0,NONE,NO_CLICK
27272,0,0,NONE,NO_CLICK
27273,0,0,NONE,NO_CLICK
27274,0,0,NONE,NO_CLICK
27275,0,0,NONE,NO_CLICK
27276,0,0,NONE,NO_CLICK
27277,0,0,NONE,NO_CLICK
27278,0,0,NONE,NO_CLICK
27279,0,0,NONE,NO_CLICK
27280,0,0,NONE,NO_CLICK
27281,0,0,NONE,NO_CLICK
27282,0,0,NONE,NO_CLICK
27283,0,0,NONE,NO_CLICK
27284,0,0,NONE,NO_CLICK
27285,0,0,NONE,NO_CLICK
27286,0,0,NONE,NO_CLICK
27287,0,0,NONE,NO_CLICK
27288,0,0,NONE,NO_CLICK
27289,0,0,NONE,NO_CLICK
27290,0,0,NONE,NO_CLICK
27291,0,0,NONE,NO_CLICK
27292,0,0,NONE,NO_CLICK
27293,0,0,NONE,NO_CLICK
27294,0,0,NONE,NO_CLICK
27295,0,0,NONE,NO_CLICK
27296,0,0,NONE,NO_CLICK
27297,0,0,NONE,NO_CLICK
27298,0,0,NONE,NO_CLICK
27299,0,0,NONE,NO_CLICK
27300,0,0,NONE,NO_CLICK
27301,0,0,NONE,NO_CLICK
27302,0,0,NONE,NO_CLICK
27303,0,0,NONE,NO_CLICK
27304,0,0,NONE,NO_CLICK
27305,0,0,NONE,NO_CLICK
27306,0,0,NONE,NO_CLICK
27307,0,0,NONE,NO_CLICK
27308,0,0,NONE,NO_CLICK
27309,0,0,NONE,NO_CLICK
27310,0,0,NONE,NO_CLICK
27311,0,0,NONE,NO_CLICK
27312,0,0,NONE,NO_CLICK
27313,0,0,NONE,NO_CLICK
27314,0,0,NONE,NO_CLICK
27315,0,0,NONE,NO_CLICK
27316,0,0,NONE,NO_CLICK
27317,0,0,NONE,NO_CLICK
27318,0,0,NONE,NO_CLICK
27319,0,0,NONE,NO_CLICK
27320,0,0,NONE,NO_CLICK
27321,0,0,NONE,NO_CLICK
27322,0,0,NONE,NO_CLICK
27323,0,0,NONE,NO_CLICK
27324,0,0,NONE,NO_CLICK
27325,0,0,NONE,NO_CLICK
27326,0,0,NONE,NO_CLICK
27327,0,0,NONE,NO_CLICK
27328,0,0,NONE,NO_CLICK
27329,0,0,NONE,NO_CLICK
27330,1,1,BOTH,DOUBLE_CLICK
27331,1,1,BOTH,DOUBLE_CLICK
27332,1,1,BOTH,DOUBLE_CLICK
27333,1,1,BOTH,DOUBLE_CLICK
27334,1,1,BOTH,DOUBLE_CLICK
27335,1,1,BOTH,DOUBLE_CLICK
27336,1,1,BOTH,DOUBLE_CLICK
27337,1,1,BOTH,DOUBLE_CLICK
27338,1,1,BOTH,DOUBLE_CLICK
27339,1,1,BOTH,DOUBLE_CLICK
27340,1,1,BOTH,DOUBLE_CLICK
27341,1,1,BOTH,DOUBLE_CLICK
27342,1,1,BOTH,DOUBLE_CLICK
27343,1,1,BOTH,DOUBLE_CLICK
27344,1,1,BOTH,DOUBLE_CLICK
27345,1,1,BOTH,DOUBLE_CLICK
27346,1,1,BOTH,DOUBLE_CLICK
27347,1,1,BOTH,DOUBLE_CLICK
27348,1,1,BOTH,DOUBLE_CLICK
27349,1,1,BOTH,DOUBLE_CLICK
27350,1,1,BOTH,DOUBLE_CLICK
27351,1,1,BOTH,DOUBLE_CLICK
27352,1,1,BOTH,DOUBLE_CLICK
27353,1,1,BOTH,DOUBLE_CLICK
27354,1,1,BOTH,DOUBLE_CLICK
27355,1,1,BOTH,DOUBLE_CLICK
27356,1,1,BOTH,DOUBLE_CLICK
27357,1,1,BOTH,DOUBLE_CLICK
27358,1,1,BOTH,DOUBLE_CLICK
27359,1,1,BOTH,DOUBLE_CLICK
27360,1,1,BOTH,DOUBLE_CLICK
27361,1,1,BOTH,DOUBLE_CLICK
27362,1,1,BOTH,DOUBLE_CLICK
27363,1,1,BOTH,DOUBLE_CLICK
27364,1,1,BOTH,DOUBLE_CLICK
27365,1,1,BOTH,DOUBLE_CLICK
27366,1,1,BOTH,DOUBLE_CLICK
27367,1,1,BOTH,DOUBLE_CLICK
27368,0,1,D2,D2_CLICK
27369,0,1,D2,D2_CLICK
27370,0,1,D2,D2_CLICK
27371,0,1,D2,D2_CLICK
27372,0,1,D2,D2_CLICK
27373,0,1,D2,D2_CLICK
27374,0,1,D2,D2_CLICK
27375,0,1,D2,D2_CLICK
27376,0,1,D2,D2_CLICK
27377,0,1,D2,D2_CLICK
27378,0,1,D2,D2_CLICK
27379,0,1,D2,D2_CLICK
27380,0,1,D2,D2_CLICK
27381,0,1,D2,D2_CLICK
27382,0,1,D2,D2_CLICK
27383,0,1,D2,D2_CLICK
27384,0,1,D2,D2_CLICK
27385,0,1,D2,D2_CLICK
27386,0,1,D2,D2_CLICK
27387,0,1,D2,D2_CLICK
27388,0,1,D2,D2_CLICK
27389,0,1,D2,D2_CLICK
27390,0,1,D2,D2_CLICK
27391,0,1,D2,D2_CLICK
27392,0,1,D2,D2_CLICK
27393,0,1,D2,D2_CLICK
27394,0,1,D2,D2_CLICK
27395,0,1,D2,D2_CLICK
27396,0,1,D2,D2_CLICK
27397,0,1,D2,D2_CLICK
27398,0,1,D2,D2_CLICK
27399,0,1,D2,D2_CLICK
27400,0,0,NONE,NO_CLICK
27401,0,0,NONE,NO_CLICK
27402,0,0,NONE,NO_CLICK
27403,0,0,NONE,NO_CLICK
27404,0,0,NONE,NO_CLICK
27405,0,0,NONE,NO_CLICK
27406,0,0,NONE,NO_CLICK
27407,0,0,NONE,NO_CLICK
27408,0,0,NONE,NO_CLICK
27409,0,0,NONE,NO_CLICK
27410,0,0,NONE,NO_CLICK
27411,0,0,NONE,NO_CLICK
27412,0,0,NONE,NO_CLICK
27413,0,0,NONE,NO_CLICK
27414,0,0,NONE,NO_CLICK
27415,0,0,NONE,NO_CLICK
27416,0,0,NONE,NO_CLICK
27417,0,0,NONE,NO_CLICK
27418,0,0,NONE,NO_CLICK
27419,0,0,NONE,NO_CLICK
27420,0,0,NONE,NO_CLICK
27421,0,0,NONE,NO_CLICK
27422,0,0,NONE,NO_CLICK
27423,0,0,NONE,NO_CLICK
27424,0,0,NONE,NO_CLICK
27425,0,0,NONE,NO_CLICK
27426,0,0,NONE,NO_CLICK
27427,0,0,NONE,NO_CLICK
27428,0,0,NONE,NO_CLICK
27429,0,0,NONE,NO_CLICK
27430,0,0,NONE,NO_CLICK
27431,0,0,NONE,NO_CLICK
27432,0,0,NONE,NO_CLICK
27433,0,0,NONE,NO_CLICK
27434,0,0,NONE,NO_CLICK
27435,0,0,NONE,NO_CLICK
27436,0,0,NONE,NO_CLICK
27437,0,0,NONE,NO_CLICK
27438,0,0,NONE,NO_CLICK
27439,0,0,NONE,NO_CLICK
27440,0,0,NONE,NO_CLICK
27441,0,0,NONE,NO_CLICK
27442,0,0,NONE,NO_CLICK
27443,0,0,NONE,NO_CLICK
27444,0,0,NONE,NO_CLICK
27445,0,0,NONE,NO_CLICK
27446,0,0,NONE,NO_CLICK
27447,0,0,NONE,NO_CLICK
27448,0,0,NONE,NO_CLICK
27449,0,0,NONE,NO_CLICK
27450,0,0,NONE,NO_CLICK
27451,0,0,NONE,NO_CLICK
27452,0,0,NONE,NO_CLICK
27453,0,0,NONE,NO_CLICK
27454,0,0,NONE,NO_CLICK
27455,0,0,NONE,NO_CLICK
27456,0,0,NONE,NO_CLICK
27457,0,0,NONE,NO_CLICK
27458,0,0,NONE,NO_CLICK
27459,0,0,NONE,NO_CLICK
27460,0,0,NONE,NO_CLICK
27461,0,0,NONE,NO_CLICK
27462,0,0,NONE,NO_CLICK
27463,0,0,NONE,NO_CLICK
27464,0,0,NONE,NO_CLICK
27465,0,0,NONE,NO_CLICK
27466,0,0,NONE,NO_CLICK
27467,0,0,NONE,NO_CLICK
27468,0,0,NONE,NO_CLICK
27469,0,0,NONE,NO_CLICK
27470,0,0,NONE,NO_CLICK
27471,0,0,NONE,NO_CLICK
27472,0,0,NONE,NO_CLICK
27473,0,0,NONE,NO_CLICK
27474,0,0,NONE,NO_CLICK
27475,0,0,NONE,NO_CLICK
27476,0,0,NONE,NO_CLICK
27477,0,0,NONE,NO_CLICK
27478,0,0,NONE,NO_CLICK
27479,0,0,NONE,NO_CLICK
27480,0,0,NONE,NO_CLICK
27481,0,0,NONE,NO_CLICK
27482,0,0,NONE,NO_CLICK
27483,0,0,NONE,NO_CLICK
27484,0,0,NONE,NO_CLICK
27485,0,0,NONE,NO_CLICK
27486,0,0,NONE,NO_CLICK
27487,0,0,NONE,NO_CLICK
27488,0,0,NONE,NO_CLICK
27489,0,0,NONE,NO_CLICK
27490,0,0,NONE,NO_CLICK
27491,0,0,NONE,NO_CLICK
27492,0,0,NONE,NO_CLICK
27493,0,0,NONE,NO_CLICK
27494,0,0,NONE,NO_CLICK
27495,0,0,NONE,NO_CLICK
27496,0,0,NONE,NO_CLICK
27497,0,0,NONE,NO_CLICK
27498,0,0,NONE,NO_CLICK
27499,0,0,NONE,NO_CLICK
27500,0,0,NONE,NO_CLICK
27501,0,0,NONE,NO_CLICK
27502,0,0,NONE,NO_CLICK
27503,0,0,NONE,NO_CLICK
27504,0,0,NONE,NO_CLICK
27505,0,0,NONE,NO_CLICK
27506,0,0,NONE,NO_CLICK
27507,0,0,NONE,NO_CLICK
27508,0,0,NONE,NO_CLICK
27509,0,0,NONE,NO_CLICK
27510,0,0,NONE,NO_CLICK
27511,0,0,NONE,NO_CLICK
27512,0,0,NONE,NO_CLICK
27513,0,0,NONE,NO_CLICK
27514,0,0,NONE,NO_CLICK
27515,0,0,NONE,NO_CLICK
27516,0,0,NONE,NO_CLICK
27517,0,0,NONE,NO_CLICK
27518,0,0,NONE,NO_CLICK
27519,0,0,NONE,NO_CLICK
27520,0,0,NONE,NO_CLICK
27521,0,0,NONE,NO_CLICK
27522,0,0,NONE,NO_CLICK
27523,0,0,NONE,NO_CLICK
27524,0,0,NONE,NO_CLICK
27525,0,0,NONE,NO_CLICK
27526,0,0,NONE,NO_CLICK
27527,0,0,NONE,NO_CLICK
27528,0,0,NONE,NO_CLICK
27529,0,0,NONE,NO_CLICK
27530,0,0,NONE,NO_CLICK
27531,0,0,NONE,NO_CLICK
27532,0,0,NONE,NO_CLICK
27533,0,0,NONE,NO_CLICK
27534,0,0,NONE,NO_CLICK
27535,0,0,NONE,NO_CLICK
27536,0,0,NONE,NO_CLICK
27537,0,0,NONE,NO_CLICK
27538,0,0,NONE,NO_CLICK
27539,0,0,NONE,NO_CLICK
27540,0,0,NONE,NO_CLICK
27541,0,0,NONE,NO_CLICK
27542,0,0,NONE,NO_CLICK
27543,0,0,NONE,NO_CLICK
27544,0,0,NONE,NO_CLICK
27545,0,0,NONE,NO_CLICK
27546,0,0,NONE,NO_CLICK
27547,0,0,NONE,NO_CLICK
27548,0,0,NONE,NO_CLICK
27549,0,0,NONE,NO_CLICK
27550,0,0,NONE,NO_CLICK
27551,0,0,NONE,NO_CLICK
27552,0,0,NONE,NO_CLICK
27553,0,0,NONE,NO_CLICK
27554,0,0,NONE,NO_CLICK
27555,0,0,NONE,NO_CLICK
27556,0,0,NONE,NO_CLICK
27557,0,0,NONE,NO_CLICK
27558,0,0,NONE,NO_CLICK
27559,0,0,NONE,NO_CLICK
27560,0,0,NONE,NO_CLICK
27561,0,0,NONE,NO_CLICK
27562,0,0,NONE,NO_CLICK
27563,0,0,NONE,NO_CLICK
27564,0,0,NONE,NO_CLICK
27565,0,0,NONE,NO_CLICK
27566,0,0,NONE,NO_CLICK
27567,0,0,NONE,NO_CLICK
27568,0,0,NONE,NO_CLICK
27569,0,0,NONE,NO_CLICK
27570,0,0,NONE,NO_CLICK
27571,0,0,NONE,NO_CLICK
27572,0,0,NONE,NO_CLICK
27573,0,0,NONE,NO_CLICK
27574,0,0,NONE,NO_CLICK
27575,0,0,NONE,NO_CLICK
27576,0,0,NONE,NO_CLICK
27577,0,0,NONE,NO_CLICK
27578,0,0,NONE,NO_CLICK
27579,0,0,NONE,NO_CLICK
27580,0,0,NONE,NO_CLICK
27581,0,0,NONE,NO_CLICK
27582,0,0,NONE,NO_CLICK
27583,0,0,NONE,NO_CLICK
27584,0,0,NONE,NO_CLICK
27585,0,0,NONE,NO_CLICK
27586,0,0,NONE,NO_CLICK
27587,0,0,NONE,NO_CLICK
27588,0,0,NONE,NO_CLICK
27589,0,0,NONE,NO_CLICK
27590,0,0,NONE,NO_CLICK
27591,0,0,NONE,NO_CLICK
27592,0,0,NONE,NO_CLICK
27593,0,0,NONE,NO_CLICK
27594,0,0,NONE,NO_CLICK
27595,0,0,NONE,NO_CLICK
27596,0,0,NONE,NO_CLICK
27597,0,0,NONE,NO_CLICK
27598,0,0,NONE,NO_CLICK
27599,0,0,NONE,NO_CLICK
27600,0,0,NONE,NO_CLICK
27601,0,0,NONE,NO_CLICK
27602,0,0,NONE,NO_CLICK
27603,0,0,NONE,NO_CLICK
27604,0,0,NONE,NO_CLICK
27605,0,0,NONE,NO_CLICK
27606,0,0,NONE,NO_CLICK
27607,0,0,NONE,NO_CLICK
27608,0,0,NONE,NO_CLICK
27609,0,0,NONE,NO_CLICK
27610,0,0,NONE,NO_CLICK
27611,0,0,NONE,NO_CLICK
27612,0,0,NONE,NO_CLICK
27613,0,0,NONE,NO_CLICK
27614,0,0,NONE,NO_CLICK
27615,0,0,NONE,NO_CLICK
27616,0,0,NONE,NO_CLICK
27617,0,0,NONE,NO_CLICK
27618,0,0,NONE,NO_CLICK
27619,0,0,NONE,NO_CLICK
27620,0,0,NONE,NO_CLICK
27621,0,0,NONE,NO_CLICK
27622,0,0,NONE,NO_CLICK
27623,0,0,NONE,NO_CLICK
27624,0,0,NONE,NO_CLICK
27625,0,0,NONE,NO_CLICK
27626,0,0,NONE,NO_CLICK
27627,0,0,NONE,NO_CLICK
27628,0,0,NONE,NO_CLICK
27629,0,0,NONE,NO_CLICK
27630,0,0,NONE,NO_CLICK
27631,0,0,NONE,NO_CLICK
27632,0,0,NONE,NO_CLICK
27633,0,0,NONE,NO_CLICK
27634,0,0,NONE,NO_CLICK
27635,0,0,NONE,NO_CLICK
27636,0,0,NONE,NO_CLICK
27637,0,0,NONE,NO_CLICK
27638,0,0,NONE,NO_CLICK
27639,0,0,NONE,NO_CLICK
27640,0,0,NONE,NO_CLICK
27641,0,0,NONE,NO_CLICK
27642,0,0,NONE,NO_CLICK
27643,0,0,NONE,NO_CLICK
27644,0,0,NONE,NO_CLICK
27645,0,0,NONE,NO_CLICK
27646,0,0,NONE,NO_CLICK
27647,0,0,NONE,NO_CLICK
27648,0,0,NONE,NO_CLICK
27649,0,0,NONE,NO_CLICK
27650,0,1,D2,D2_CLICK
27651,0,1,D2,D2_CLICK
27652,0,1,D2,D2_CLICK
27653,0,1,D2,D2_CLICK
27654,0,1,D2,D2_CLICK
27655,0,1,D2,D2_CLICK
27656,0,1,D2,D2_CLICK
27657,0,1,D2,D2_CLICK
27658,0,1,D2,D2_CLICK
27659,0,1,D2,D2_CLICK
27660,0,1,D2,D2_CLICK
27661,0,1,D2,D2_CLICK
27662,0,1,D2,D2_CLICK
27663,0,1,D2,D2_CLICK
27664,0,1,D2,D2_CLICK
27665,0,1,D2,D2_CLICK
27666,0,1,D2,D2_CLICK
27667,0,1,D2,D2_CLICK
27668,0,1,D2,D2_CLICK
27669,0,1,D2,D2_CLICK
27670,0,1,D2,D2_CLICK
27671,0,1,D2,D2_CLICK
27672,0,1,D2,D2_CLICK
27673,0,1,D2,D2_CLICK
27674,0,1,D2,D2_CLICK
27675,0,1,D2,D2_CLICK
27676,0,1,D2,D2_CLICK
27677,0,1,D2,D2_CLICK
27678,0,1,D2,D2_CLICK
27679,0,1,D2,D2_CLICK
27680,0,1,D2,D2_CLICK
27681,0,1,D2,D2_CLICK
27682,0,1,D2,D2_CLICK
27683,0,1,D2,D2_CLICK
27684,0,1,D2,D2_CLICK
27685,0,1,D2,D2_CLICK
27686,0,1,D2,D2_CLICK
27687,0,1,D2,D2_CLICK
27688,0,0,NONE,NO_CLICK
27689,0,0,NONE,NO_CLICK
27690,0,0,NONE,NO_CLICK
27691,0,0,NONE,NO_CLICK
27692,0,0,NONE,NO_CLICK
27693,0,0,NONE,NO_CLICK
27694,0,0,NONE,NO_CLICK
27695,0,0,NONE,NO_CLICK
27696,0,0,NONE,NO_CLICK
27697,0,0,NONE,NO_CLICK
27698,0,0,NONE,NO_CLICK
27699,0,0,NONE,NO_CLICK
27700,0,0,NONE,NO_CLICK
27701,0,0,NONE,NO_CLICK
27702,0,0,NONE,NO_CLICK
27703,0,0,NONE,NO_CLICK
27704,0,0,NONE,NO_CLICK
27705,0,0,NONE,NO_CLICK
27706,0,0,NONE,NO_CLICK
27707,0,0,NONE,NO_CLICK
27708,0,0,NONE,NO_CLICK
27709,0,0,NONE,NO_CLICK
27710,0,0,NONE,NO_CLICK
27711,0,0,NONE,NO_CLICK
27712,0,0,NONE,NO_CLICK
27713,0,0,NONE,NO_CLICK
27714,0,0,NONE,NO_CLICK
27715,0,0,NONE,NO_CLICK
27716,0,0,NONE,NO_CLICK
27717,0,0,NONE,NO_CLICK
27718,0,0,NONE,NO_CLICK
27719,0,0,NONE,NO_CLICK
27720,0,0,NONE,NO_CLICK
27721,0,0,NONE,NO_CLICK
27722,0,0,NONE,NO_CLICK
27723,0,0,NONE,NO_CLICK
27724,0,0,NONE,NO_CLICK
27725,0,0,NONE,NO_CLICK
27726,0,0,NONE,NO_CLICK
27727,0,0,NONE,NO_CLICK
27728,0,0,NONE,NO_CLICK
27729,0,0,NONE,NO_CLICK
27730,0,0,NONE,NO_CLICK
27731,0,0,NONE,NO_CLICK
27732,0,0,NONE,NO_CLICK
27733,0,0,NONE,NO_CLICK
27734,0,0,NONE,NO_CLICK
27735,0,0,NONE,NO_CLICK
27736,0,0,NONE,NO_CLICK
27737,0,0,NONE,NO_CLICK
27738,0,0,NONE,NO_CLICK
27739,0,0,NONE,NO_CLICK
27740,0,0,NONE,NO_CLICK
27741,0,0,NONE,NO_CLICK
27742,0,0,NONE,NO_CLICK
27743,0,0,NONE,NO_CLICK
27744,0,0,NONE,NO_CLICK
27745,0,0,NONE,NO_CLICK
27746,0,0,NONE,NO_CLICK
27747,0,0,NONE,NO_CLICK
27748,0,0,NONE,NO_CLICK
27749,0,0,NONE,NO_CLICK
27750,0,0,NONE,NO_CLICK
27751,0,0,NONE,NO_CLICK
27752,0,0,NONE,NO_CLICK
27753,0,0,NONE,NO_CLICK
27754,0,0,NONE,NO_CLICK
27755,0,0,NONE,NO_CLICK
27756,0,0,NONE,NO_CLICK
27757,0,0,NONE,NO_CLICK
27758,0,0,NONE,NO_CLICK
27759,0,0,NONE,NO_CLICK
27760,0,0,NONE,NO_CLICK
27761,0,0,NONE,NO_CLICK
27762,0,0,NONE,NO_CLICK
27763,0,0,NONE,NO_CLICK
27764,0,0,NONE,NO_CLICK
27765,0,0,NONE,NO_CLICK
27766,0,0,NONE,NO_CLICK
27767,0,0,NONE,NO_CLICK
27768,0,0,NONE,NO_CLICK
27769,0,0,NONE,NO_CLICK
27770,0,0,NONE,NO_CLICK
27771,0,0,NONE,NO_CLICK
27772,0,0,NONE,NO_CLICK
27773,0,0,NONE,NO_CLICK
27774,0,0,NONE,NO_CLICK
27775,0,0,NONE,NO_CLICK
27776,0,0,NONE,NO_CLICK
27777,0,0,NONE,NO_CLICK
27778,0,0,NONE,NO_CLICK
27779,0,0,NONE,NO_CLICK
27780,0,0,NONE,NO_CLICK
27781,0,0,NONE,NO_CLICK
27782,0,0,NONE,NO_CLICK
27783,0,0,NONE,NO_CLICK
27784,0,0,NONE,NO_CLICK
27785,0,0,NONE,NO_CLICK
27786,0,0,NONE,NO_CLICK
27787,0,0,NONE,NO_CLICK
27788,0,0,NONE,NO_CLICK
27789,0,0,NONE,NO_CLICK
27790,0,0,NONE,NO_CLICK
27791,0,0,NONE,NO_CLICK
27792,0,0,NONE,NO_CLICK
27793,0,0,NONE,NO_CLICK
27794,0,0,NONE,NO_CLICK
27795,0,0,NONE,NO_CLICK
27796,0,0,NONE,NO_CLICK
27797,0,0,NONE,NO_CLICK
27798,0,0,NONE,NO_CLICK
27799,0,0,NONE,NO_CLICK
27800,0,0,NONE,NO_CLICK
27801,0,0,NONE,NO_CLICK
27802,0,0,NONE,NO_CLICK
27803,0,0,NONE,NO_CLICK
27804,0,0,NONE,NO_CLICK
27805,0,0,NONE,NO_CLICK
27806,0,0,NONE,NO_CLICK
27807,0,0,NONE,NO_CLICK
27808,0,0,NONE,NO_CLICK
27809,0,0,NONE,NO_CLICK
27810,0,0,NONE,NO_CLICK
27811,0,0,NONE,NO_CLICK
27812,0,0,NONE,NO_CLICK
27813,0,0,NONE,NO_CLICK
27814,0,0,NONE,NO_CLICK
27815,0,0,NONE,NO_CLICK
27816,0,0,NONE,NO_CLICK
27817,0,0,NONE,NO_CLICK
27818,0,0,NONE,NO_CLICK
27819,0,0,NONE,NO_CLICK
27820,0,0,NONE,NO_CLICK
27821,0,0,NONE,NO_CLICK
27822,0,0,NONE,NO_CLICK
27823,0,0,NONE,NO_CLICK
27824,0,0,NONE,NO_CLICK
27825,0,0,NONE,NO_CLICK
27826,0,0,NONE,NO_CLICK
27827,0,0,NONE,NO_CLICK
27828,0,0,NONE,NO_CLICK
27829,0,0,NONE,NO_CLICK
27830,0,0,NONE,NO_CLICK
27831,0,0,NONE,NO_CLICK
27832,0,0,NONE,NO_CLICK
27833,0,0,NONE,NO_CLICK
27834,0,0,NONE,NO_CLICK
27835,0,0,NONE,NO_CLICK
27836,0,0,NONE,NO_CLICK
27837,0,0,NONE,NO_CLICK
27838,0,0,NONE,NO_CLICK
27839,0,0,NONE,NO_CLICK
27840,0,0,NONE,NO_CLICK
27841,0,0,NONE,NO_CLICK
27842,0,0,NONE,NO_CLICK
27843,0,0,NONE,NO_CLICK
27844,0,0,NONE,NO_CLICK
27845,0,0,NONE,NO_CLICK
27846,0,0,NONE,NO_CLICK
27847,0,0,NONE,NO_CLICK
27848,0,0,NONE,NO_CLICK
27849,0,0,NONE,NO_CLICK
27850,0,0,NONE,NO_CLICK
27851,0,0,NONE,NO_CLICK
27852,0,0,NONE,NO_CLICK
27853,0,0,NONE,NO_CLICK
27854,0,0,NONE,NO_CLICK
27855,0,0,NONE,NO_CLICK
27856,0,0,NONE,NO_CLICK
27857,0,0,NONE,NO_CLICK
27858,0,0,NONE,NO_CLICK
27859,0,0,NONE,NO_CLICK
27860,0,0,NONE,NO_CLICK
27861,0,0,NONE,NO_CLICK
27862,0,0,NONE,NO_CLICK
27863,0,0,NONE,NO_CLICK
27864,0,0,NONE,NO_CLICK
27865,0,0,NONE,NO_CLICK
27866,0,0,NONE,NO_CLICK
27867,0,0,NONE,NO_CLICK
27868,0,0,NONE,NO_CLICK
27869,0,0,NONE,NO_CLICK
27870,0,0,NONE,NO_CLICK
27871,0,0,NONE,NO_CLICK
27872,0,0,NONE,NO_CLICK
27873,0,0,NONE,NO_CLICK
27874,0,0,NONE,NO_CLICK
27875,0,0,NONE,NO_CLICK
27876,0,0,NONE,NO_CLICK
27877,0,0,NONE,NO_CLICK
27878,0,0,NONE,NO_CLICK
27879,0,0,NONE,NO_CLICK
27880,0,0,NONE,NO_CLICK
27881,0,0,NONE,NO_CLICK
27882,0,0,NONE,NO_CLICK
27883,0,0,NONE,NO_CLICK
27884,0,0,NONE,NO_CLICK
27885,0,0,NONE,NO_CLICK
27886,0,0,NONE,NO_CLICK
27887,0,0,NONE,NO_CLICK
27888,0,0,NONE,NO_CLICK
27889,0,0,NONE,NO_CLICK
27890,0,0,NONE,NO_CLICK
27891,0,0,NONE,NO_CLICK
27892,0,0,NONE,NO_CLICK
27893,0,0,NONE,NO_CLICK
27894,0,0,NONE,NO_CLICK
27895,0,0,NONE,NO_CLICK
27896,0,0,NONE,NO_CLICK
27897,0,0,NONE,NO_CLICK
27898,0,0,NONE,NO_CLICK
27899,0,0,NONE,NO_CLICK
27900,0,0,NONE,NO_CLICK
27901,0,0,NONE,NO_CLICK
27902,0,0,NONE,NO_CLICK
27903,0,0,NONE,NO_CLICK
27904,0,0,NONE,NO_CLICK
27905,0,0,NONE,NO_CLICK
27906,0,0,NONE,NO_CLICK
27907,0,0,NONE,NO_CLICK
27908,0,0,NONE,NO_CLICK
27909,0,0,NONE,NO_CLICK
27910,0,0,NONE,NO_CLICK
27911,0,0,NONE,NO_CLICK
27912,0,0,NONE,NO_CLICK
27913,0,0,NONE,NO_CLICK
27914,0,0,NONE,NO_CLICK
27915,0,0,NONE,NO_CLICK
27916,0,0,NONE,NO_CLICK
27917,0,0,NONE,NO_CLICK
27918,0,0,NONE,NO_CLICK
27919,0,0,NONE,NO_CLICK
27920,0,0,NONE,NO_CLICK
27921,0,0,NONE,NO_CLICK
27922,0,0,NONE,NO_CLICK
27923,0,0,NONE,NO_CLICK
27924,0,0,NONE,NO_CLICK
27925,0,0,NONE,NO_CLICK
27926,0,0,NONE,NO_CLICK
27927,0,0,NONE,NO_CLICK
27928,0,0,NONE,NO_CLICK
27929,0,0,NONE,NO_CLICK
27930,0,0,NONE,NO_CLICK
27931,0,0,NONE,NO_CLICK
27932,0,0,NONE,NO_CLICK
27933,0,0,NONE,NO_CLICK
27934,0,0,NONE,NO_CLICK
27935,0,0,NONE,NO_CLICK
27936,0,0,NONE,NO_CLICK
27937,0,0,NONE,NO_CLICK
27938,0,0,NONE,NO_CLICK
27939,0,0,NONE,NO_CLICK
27940,0,0,NONE,NO_CLICK
27941,0,0,NONE,NO_CLICK
27942,0,0,NONE,NO_CLICK
27943,0,0,NONE,NO_CLICK
27944,0,0,NONE,NO_CLICK
27945,0,0,NONE,NO_CLICK
27946,0,0,NONE,NO_CLICK
27947,0,0,NONE,NO_CLICK
27948,0,0,NONE,NO_CLICK
27949,0,0,NONE,NO_CLICK
27950,0,0,NONE,NO_CLICK
27951,0,0,NONE,NO_CLICK
27952,0,0,NONE,NO_CLICK
27953,0,0,NONE,NO_CLICK
27954,0,0,NONE,NO_CLICK
27955,0,0,NONE,NO_CLICK
27956,0,0,NONE,NO_CLICK
27957,0,0,NONE,NO_CLICK
27958,0,0,NONE,NO_CLICK
27959,0,0,NONE,NO_CLICK
27960,0,0,NONE,NO_CLICK
27961,0,0,NONE,NO_CLICK
27962,0,0,NONE,NO_CLICK
27963,0,0,NONE,NO_CLICK
27964,0,0,NONE,NO_CLICK
27965,0,0,NONE,NO_CLICK
27966,0,0,NONE,NO_CLICK
27967,0,0,NONE,NO_CLICK
27968,0,0,NONE,NO_CLICK
27969,0,0,NONE,NO_CLICK
27970,1,0,D1,D1_CLICK
27971,1,0,D1,D1_CLICK
27972,1,0,D1,D1_CLICK
27973,1,0,D1,D1_CLICK
27974,1,0,D1,D1_CLICK
27975,1,0,D1,D1_CLICK
27976,1,0,D1,D1_CLICK
27977,1,0,D1,D1_CLICK
27978,1,0,D1,D1_CLICK
27979,1,0,D1,D1_CLICK
27980,1,0,D1,D1_CLICK
27981,1,0,D1,D1_CLICK
27982,1,0,D1,D1_CLICK
27983,1,0,D1,D1_CLICK
27984,1,0,D1,D1_CLICK
27985,1,0,D1,D1_CLICK
27986,1,0,D1,D1_CLICK
27987,1,0,D1,D1_CLICK
27988,1,0,D1,D1_CLICK
27989,1,0,D1,D1_CLICK
27990,1,0,D1,D1_CLICK
27991,1,0,D1,D1_CLICK
27992,1,0,D1,D1_CLICK
27993,1,0,D1,D1_CLICK
27994,1,0,D1,D1_CLICK
27995,1,0,D1,D1_CLICK
27996,1,0,D1,D1_CLICK
27997,1,0,D1,D1_CLICK
27998,1,0,D1,D1_CLICK
27999,1,0,D1,D1_CLICK
28000,1,0,D1,D1_CLICK
28001,1,0,D1,D1_CLICK
28002,1,1,BOTH,DOUBLE_CLICK
28003,1,1,BOTH,DOUBLE_CLICK
28004,1,1,BOTH,DOUBLE_CLICK
28005,1,1,BOTH,DOUBLE_CLICK
28006,1,1,BOTH,DOUBLE_CLICK
28007,1,1,BOTH,DOUBLE_CLICK
28008,0,1,D2,D2_CLICK
28009,0,1,D2,D2_CLICK
28010,0,1,D2,D2_CLICK
28011,0,1,D2,D2_CLICK
28012,0,1,D2,D2_CLICK
28013,0,1,D2,D2_CLICK
28014,0,1,D2,D2_CLICK
28015,0,1,D2,D2_CLICK
28016,0,1,D2,D2_CLICK
28017,0,1,D2,D2_CLICK
28018,0,1,D2,D2_CLICK
28019,0,1,D2,D2_CLICK
28020,0,1,D2,D2_CLICK
28021,0,1,D2,D2_CLICK
28022,0,1,D2,D2_CLICK
28023,0,1,D2,D2_CLICK
28024,0,1,D2,D2_CLICK
28025,0,1,D2,D2_CLICK
28026,0,1,D2,D2_CLICK
28027,0,1,D2,D2_CLICK
28028,0,1,D2,D2_CLICK
28029,0,1,D2,D2_CLICK
28030,0,1,D2,D2_CLICK
28031,0,1,D2,D2_CLICK
28032,0,1,D2,D2_CLICK
28033,0,1,D2,D2_CLICK
28034,0,1,D2,D2_CLICK
28035,0,1,D2,D2_CLICK
28036,0,1,D2,D2_CLICK
28037,0,1,D2,D2_CLICK
28038,0,1,D2,D2_CLICK
28039,0,1,D2,D2_CLICK
28040,0,0,NONE,NO_CLICK
28041,0,0,NONE,NO_CLICK
28042,0,0,NONE,NO_CLICK
28043,0,0,NONE,NO_CLICK
28044,0,0,NONE,NO_CLICK
28045,0,0,NONE,NO_CLICK
28046,0,0,NONE,NO_CLICK
28047,0,0,NONE,NO_CLICK
28048,0,0,NONE,NO_CLICK
28049,0,0,NONE,NO_CLICK
28050,0,0,NONE,NO_CLICK
28051,0,0,NONE,NO_CLICK
28052,0,0,NONE,NO_CLICK
28053,0,0,NONE,NO_CLICK
28054,0,0,NONE,NO_CLICK
28055,0,0,NONE,NO_CLICK
28056,0,0,NONE,NO_CLICK
28057,0,0,NONE,NO_CLICK
28058,0,0,NONE,NO_CLICK
28059,0,0,NONE,NO_CLICK
28060,0,0,NONE,NO_CLICK
28061,0,0,NONE,NO_CLICK
28062,0,0,NONE,NO_CLICK
28063,0,0,NONE,NO_CLICK
28064,0,0,NONE,NO_CLICK
28065,0,0,NONE,NO_CLICK
28066,0,0,NONE,NO_CLICK
28067,0,0,NONE,NO_CLICK
28068,0,0,NONE,NO_CLICK
28069,0,0,NONE,NO_CLICK
28070,0,0,NONE,NO_CLICK
28071,0,0,NONE,NO_CLICK
28072,0,0,NONE,NO_CLICK
28073,0,0,NONE,NO_CLICK
28074,0,0,NONE,NO_CLICK
28075,0,0,NONE,NO_CLICK
28076,0,0,NONE,NO_CLICK
28077,0,0,NONE,NO_CLICK
28078,0,0,NONE,NO_CLICK
28079,0,0,NONE,NO_CLICK
28080,0,0,NONE,NO_CLICK
28081,0,0,NONE,NO_CLICK
28082,0,0,NONE,NO_CLICK
28083,0,0,NONE,NO_CLICK
28084,0,0,NONE,NO_CLICK
28085,0,0,NONE,NO_CLICK
28086,0,0,NONE,NO_CLICK
28087,0,0,NONE,NO_CLICK
28088,0,0,NONE,NO_CLICK
28089,0,0,NONE,NO_CLICK
28090,0,0,NONE,NO_CLICK
28091,0,0,NONE,NO_CLICK
28092,0,0,NONE,NO_CLICK
28093,0,0,NONE,NO_CLICK
28094,0,0,NONE,NO_CLICK
28095,0,0,NONE,NO_CLICK
28096,0,0,NONE,NO_CLICK
28097,0,0,NONE,NO_CLICK
28098,0,0,NONE,NO_CLICK
28099,0,0,NONE,NO_CLICK
28100,0,0,NONE,NO_CLICK
28101,0,0,NONE,NO_CLICK
28102,0,0,NONE,NO_CLICK
28103,0,0,NONE,NO_CLICK
28104,0,0,NONE,NO_CLICK
28105,0,0,NONE,NO_CLICK
28106,0,0,NONE,NO_CLICK
28107,0,0,NONE,NO_CLICK
28108,0,0,NONE,NO_CLICK
28109,0,0,NONE,NO_CLICK
28110,0,0,NONE,NO_CLICK
28111,0,0,NONE,NO_CLICK
28112,0,0,NONE,NO_CLICK
28113,0,0,NONE,NO_CLICK
28114,0,0,NONE,NO_CLICK
28115,0,0,NONE,NO_CLICK
28116,0,0,NONE,NO_CLICK
28117,0,0,NONE,NO_CLICK
28118,0,0,NONE,NO_CLICK
28119,0,0,NONE,NO_CLICK
28120,0,0,NONE,NO_CLICK
28121,0,0,NONE,NO_CLICK
28122,0,0,NONE,NO_CLICK
28123,0,0,NONE,NO_CLICK
28124,0,0,NONE,NO_CLICK
28125,0,0,NONE,NO_CLICK
28126,0,0,NONE,NO_CLICK
28127,0,0,NONE,NO_CLICK
28128,0,0,NONE,NO_CLICK
28129,0,0,NONE,NO_CLICK
28130,0,0,NONE,NO_CLICK
28131,0,0,NONE,NO_CLICK
28132,0,0,NONE,NO_CLICK
28133,0,0,NONE,NO_CLICK
28134,0,0,NONE,NO_CLICK
28135,0,0,NONE,NO_CLICK
28136,0,0,NONE,NO_CLICK
28137,0,0,NONE,NO_CLICK
28138,0,0,NONE,NO_CLICK
28139,0,0,NONE,NO_CLICK
28140,0,0,NONE,NO_CLICK
28141,0,0,NONE,NO_CLICK
28142,0,0,NONE,NO_CLICK
28143,0,0,NONE,NO_CLICK
28144,0,0,NONE,NO_CLICK
28145,0,0,NONE,NO_CLICK
28146,0,0,NONE,NO_CLICK
28147,0,0,NONE,NO_CLICK
28148,0,0,NONE,NO_CLICK
28149,0,0,NONE,NO_CLICK
28150,0,0,NONE,NO_CLICK
28151,0,0,NONE,NO_CLICK
28152,0,0,NONE,NO_CLICK
28153,0,0,NONE,NO_CLICK
28154,0,0,NONE,NO_CLICK
28155,0,0,NONE,NO_CLICK
28156,0,0,NONE,NO_CLICK
28157,0,0,NONE,NO_CLICK
28158,0,0,NONE,NO_CLICK
28159,0,0,NONE,NO_CLICK
28160,0,0,NONE,NO_CLICK
28161,0,0,NONE,NO_CLICK
28162,0,0,NONE,NO_CLICK
28163,0,0,NONE,NO_CLICK
28164,0,0,NONE,NO_CLICK
28165,0,0,NONE,NO_CLICK
28166,0,0,NONE,NO_CLICK
28167,0,0,NONE,NO_CLICK
28168,0,0,NONE,NO_CLICK
28169,0,0,NONE,NO_CLICK
28170,0,0,NONE,NO_CLICK
28171,0,0,NONE,NO_CLICK
28172,0,0,NONE,NO_CLICK
28173,0,0,NONE,NO_CLICK
28174,0,0,NONE,NO_CLICK
28175,0,0,NONE,NO_CLICK
28176,0,0,NONE,NO_CLICK
28177,0,0,NONE,NO_CLICK
28178,0,0,NONE,NO_CLICK
28179,0,0,NONE,NO_CLICK
28180,0,0,NONE,NO_CLICK
28181,0,0,NONE,NO_CLICK
28182,0,0,NONE,NO_CLICK
28183,0,0,NONE,NO_CLICK
28184,0,0,NONE,NO_CLICK
28185,0,0,NONE,NO_CLICK
28186,0,0,NONE,NO_CLICK
28187,0,0,NONE,NO_CLICK
28188,0,0,NONE,NO_CLICK
28189,0,0,NONE,NO_CLICK
28190,0,0,NONE,NO_CLICK
28191,0,0,NONE,NO_CLICK
28192,0,0,NONE,NO_CLICK
28193,0,0,NONE,NO_CLICK
28194,0,1,D2,D2_CLICK
28195,0,1,D2,D2_CLICK
28196,0,1,D2,D2_CLICK
28197,0,1,D2,D2_CLICK
28198,0,1,D2,D2_CLICK
28199,0,1,D2,D2_CLICK
28200,0,1,D2,D2_CLICK
28201,0,1,D2,D2_CLICK
28202,0,1,D2,D2_CLICK
28203,0,1,D2,D2_CLICK
28204,0,1,D2,D2_CLICK
28205,0,1,D2,D2_CLICK
28206,0,1,D2,D2_CLICK
28207,0,1,D2,D2_CLICK
28208,0,1,D2,D2_CLICK
28209,0,1,D2,D2_CLICK
28210,0,1,D2,D2_CLICK
28211,0,1,D2,D2_CLICK
28212,0,1,D2,D2_CLICK
28213,0,1,D2,D2_CLICK
28214,0,1,D2,D2_CLICK
28215,0,1,D2,D2_CLICK
28216,0,1,D2,D2_CLICK
28217,0,1,D2,D2_CLICK
28218,0,1,D2,D2_CLICK
28219,0,1,D2,D2_CLICK
28220,0,1,D2,D2_CLICK
28221,0,1,D2,D2_CLICK
28222,0,1,D2,D2_CLICK
28223,0,1,D2,D2_CLICK
28224,0,1,D2,D2_CLICK
28225,0,1,D2,D2_CLICK
28226,0,1,D2,D2_CLICK
28227,0,1,D2,D2_CLICK
28228,0,1,D2,D2_CLICK
28229,0,1,D2,D2_CLICK
28230,0,1,D2,D2_CLICK
28231,0,1,D2,D2_CLICK
28232,0,0,NONE,NO_CLICK
28233,0,0,NONE,NO_CLICK
28234,0,0,NONE,NO_CLICK
28235,0,0,NONE,NO_CLICK
28236,0,0,NONE,NO_CLICK
28237,0,0,NONE,NO_CLICK
28238,0,0,NONE,NO_CLICK
28239,0,0,NONE,NO_CLICK
28240,0,0,NONE,NO_CLICK
28241,0,0,NONE,NO_CLICK
28242,0,0,NONE,NO_CLICK
28243,0,0,NONE,NO_CLICK
28244,0,0,NONE,NO_CLICK
28245,0,0,NONE,NO_CLICK
28246,0,0,NONE,NO_CLICK
28247,0,0,NONE,NO_CLICK
28248,0,0,NONE,NO_CLICK
28249,0,0,NONE,NO_CLICK
28250,0,0,NONE,NO_CLICK
28251,0,0,NONE,NO_CLICK
28252,0,0,NONE,NO_CLICK
28253,0,0,NONE,NO_CLICK
28254,0,0,NONE,NO_CLICK
28255,0,0,NONE,NO_CLICK
28256,0,0,NONE,NO_CLICK
28257,0,0,NONE,NO_CLICK
28258,0,0,NONE,NO_CLICK
28259,0,0,NONE,NO_CLICK
28260,0,0,NONE,NO_CLICK
28261,0,0,NONE,NO_CLICK
28262,0,0,NONE,NO_CLICK
28263,0,0,NONE,NO_CLICK
28264,0,0,NONE,NO_CLICK
28265,0,0,NONE,NO_CLICK
28266,0,0,NONE,NO_CLICK
28267,0,0,NONE,NO_CLICK
28268,0,0,NONE,NO_CLICK
28269,0,0,NONE,NO_CLICK
28270,0,0,NONE,NO_CLICK
28271,0,0,NONE,NO_CLICK
28272,0,0,NONE,NO_CLICK
28273,0,0,NONE,NO_CLICK
28274,0,0,NONE,NO_CLICK
28275,0,0,NONE,NO_CLICK
28276,0,0,NONE,NO_CLICK
28277,0,0,NONE,NO_CLICK
28278,0,0,NONE,NO_CLICK
28279,0,0,NONE,NO_CLICK
28280,0,0,NONE,NO_CLICK
28281,0,0,NONE,NO_CLICK
28282,0,0,NONE,NO_CLICK
28283,0,0,NONE,NO_CLICK
28284,0,0,NONE,NO_CLICK
28285,0,0,NONE,NO_CLICK
28286,0,0,NONE,NO_CLICK
28287,0,0,NONE,NO_CLICK
28288,0,0,NONE,NO_CLICK
28289,0,0,NONE,NO_CLICK
28290,0,0,NONE,NO_CLICK
28291,0,0,NONE,NO_CLICK
28292,0,0,NONE,NO_CLICK
28293,0,0,NONE,NO_CLICK
28294,0,0,NONE,NO_CLICK
28295,0,0,NONE,NO_CLICK
28296,0,0,NONE,NO_CLICK
28297,0,0,NONE,NO_CLICK
28298,0,0,NONE,NO_CLICK
28299,0,0,NONE,NO_CLICK
28300,0,0,NONE,NO_CLICK
28301,0,0,NONE,NO_CLICK
28302,0,0,NONE,NO_CLICK
28303,0,0,NONE,NO_CLICK
28304,0,0,NONE,NO_CLICK
28305,0,0,NONE,NO_CLICK
28306,0,0,NONE,NO_CLICK
28307,0,0,NONE,NO_CLICK
28308,0,0,NONE,NO_CLICK
28309,0,0,NONE,NO_CLICK
28310,0,0,NONE,NO_CLICK
28311,0,0,NONE,NO_CLICK
28312,0,0,NONE,NO_CLICK
28313,0,0,NONE,NO_CLICK
28314,0,0,NONE,NO_CLICK
28315,0,0,NONE,NO_CLICK
28316,0,0,NONE,NO_CLICK
28317,0,0,NONE,NO_CLICK
28318,0,0,NONE,NO_CLICK
28319,0,0,NONE,NO_CLICK
28320,0,0,NONE,NO_CLICK
28321,0,0,NONE,NO_CLICK
28322,1,0,D1,D1_CLICK
28323,1,0,D1,D1_CLICK
28324,1,0,D1,D1_CLICK
28325,1,0,D1,D1_CLICK
28326,1,0,D1,D1_CLICK
28327,1,0,D1,D1_CLICK
28328,1,0,D1,D1_CLICK
28329,1,0,D1,D1_CLICK
28330,1,0,D1,D1_CLICK
28331,1,0,D1,D1_CLICK
28332,1,0,D1,D1_CLICK
28333,1,0,D1,D1_CLICK
28334,1,0,D1,D1_CLICK
28335,1,0,D1,D1_CLICK
28336,1,0,D1,D1_CLICK
28337,1,0,D1,D1_CLICK
28338,1,0,D1,D1_CLICK
28339,1,0,D1,D1_CLICK
28340,1,0,D1,D1_CLICK
28341,1,0,D1,D1_CLICK
28342,1,0,D1,D1_CLICK
28343,1,0,D1,D1_CLICK
28344,1,0,D1,D1_CLICK
28345,1,0,D1,D1_CLICK
28346,1,0,D1,D1_CLICK
28347,1,0,D1,D1_CLICK
28348,1,0,D1,D1_CLICK
28349,1,0,D1,D1_CLICK
28350,1,0,D1,D1_CLICK
28351,1,0,D1,D1_CLICK
28352,1,0,D1,D1_CLICK
28353,1,0,D1,D1_CLICK
28354,1,0,D1,D1_CLICK
28355,1,0,D1,D1_CLICK
28356,1,0,D1,D1_CLICK
28357,1,0,D1,D1_CLICK
28358,1,0,D1,D1_CLICK
28359,1,0,D1,D1_CLICK
28360,0,0,NONE,NO_CLICK
28361,0,0,NONE,NO_CLICK
28362,0,0,NONE,NO_CLICK
28363,0,0,NONE,NO_CLICK
28364,0,0,NONE,NO_CLICK
28365,0,0,NONE,NO_CLICK
28366,0,0,NONE,NO_CLICK
28367,0,0,NONE,NO_CLICK
28368,0,0,NONE,NO_CLICK
28369,0,0,NONE,NO_CLICK
28370,0,0,NONE,NO_CLICK
28371,0,0,NONE,NO_CLICK
28372,0,0,NONE,NO_CLICK
28373,0,0,NONE,NO_CLICK
28374,0,0,NONE,NO_CLICK
28375,0,0,NONE,NO_CLICK
28376,0,0,NONE,NO_CLICK
28377,0,0,NONE,NO_CLICK
28378,0,0,NONE,NO_CLICK
28379,0,0,NONE,NO_CLICK
28380,0,0,NONE,NO_CLICK
28381,0,0,NONE,NO_CLICK
28382,0,0,NONE,NO_CLICK
28383,0,0,NONE,NO_CLICK
28384,0,0,NONE,NO_CLICK
28385,0,0,NONE,NO_CLICK
28386,0,1,D2,D2_CLICK
28387,0,1,D2,D2_CLICK
28388,0,1,D2,D2_CLICK
28389,0,1,D2,D2_CLICK
28390,0,1,D2,D2_CLICK
28391,0,1,D2,D2_CLICK
28392,0,1,D2,D2_CLICK
28393,0,1,D2,D2_CLICK
28394,0,1,D2,D2_CLICK
28395,0,1,D2,D2_CLICK
28396,0,1,D2,D2_CLICK
28397,0,1,D2,D2_CLICK
28398,0,1,D2,D2_CLICK
28399,0,1,D2,D2_CLICK
28400,0,1,D2,D2_CLICK
28401,0,1,D2,D2_CLICK
28402,0,1,D2,D2_CLICK
28403,0,1,D2,D2_CLICK
28404,0,1,D2,D2_CLICK
28405,0,1,D2,D2_CLICK
28406,0,1,D2,D2_CLICK
28407,0,1,D2,D2_CLICK
28408,0,1,D2,D2_CLICK
28409,0,1,D2,D2_CLICK
28410,0,1,D2,D2_CLICK
28411,0,1,D2,D2_CLICK
28412,0,1,D2,D2_CLICK
28413,0,1,D2,D2_CLICK
28414,0,1,D2,D2_CLICK
28415,0,1,D2,D2_CLICK
28416,0,1,D2,D2_CLICK
28417,0,1,D2,D2_CLICK
28418,0,1,D2,D2_CLICK
28419,0,1,D2,D2_CLICK
28420,0,1,D2,D2_CLICK
28421,0,1,D2,D2_CLICK
28422,0,1,D2,D2_CLICK
28423,0,1,D2,D2_CLICK
28424,0,0,NONE,NO_CLICK
28425,0,0,NONE,NO_CLICK
28426,0,0,NONE,NO_CLICK
28427,0,0,NONE,NO_CLICK
28428,0,0,NONE,NO_CLICK
28429,0,0,NONE,NO_CLICK
28430,0,0,NONE,NO_CLICK
28431,0,0,NONE,NO_CLICK
28432,0,0,NONE,NO_CLICK
28433,0,0,NONE,NO_CLICK
28434,0,0,NONE,NO_CLICK
28435,0,0,NONE,NO_CLICK
28436,0,0,NONE,NO_CLICK
28437,0,0,NONE,NO_CLICK
28438,0,0,NONE,NO_CLICK
28439,0,0,NONE,NO_CLICK
28440,0,0,NONE,NO_CLICK
28441,0,0,NONE,NO_CLICK
28442,0,0,NONE,NO_CLICK
28443,0,0,NONE,NO_CLICK
28444,0,0,NONE,NO_CLICK
28445,0,0,NONE,NO_CLICK
28446,0,0,NONE,NO_CLICK
28447,0,0,NONE,NO_CLICK
28448,0,0,NONE,NO_CLICK
28449,0,0,NONE,NO_CLICK
28450,0,0,NONE,NO_CLICK
28451,0,0,NONE,NO_CLICK
28452,0,0,NONE,NO_CLICK
28453,0,0,NONE,NO_CLICK
28454,0,0,NONE,NO_CLICK
28455,0,0,NONE,NO_CLICK
28456,0,0,NONE,NO_CLICK
28457,0,0,NONE,NO_CLICK
28458,0,0,NONE,NO_CLICK
28459,0,0,NONE,NO_CLICK
28460,0,0,NONE,NO_CLICK
28461,0,0,NONE,NO_CLICK
28462,0,0,NONE,NO_CLICK
28463,0,0,NONE,NO_CLICK
28464,0,0,NONE,NO_CLICK
28465,0,0,NONE,NO_CLICK
28466,0,0,NONE,NO_CLICK
28467,0,0,NONE,NO_CLICK
28468,0,0,NONE,NO_CLICK
28469,0,0,NONE,NO_CLICK
28470,0,0,NONE,NO_CLICK
28471,0,0,NONE,NO_CLICK
28472,0,0,NONE,NO_CLICK
28473,0,0,NONE,NO_CLICK
28474,0,0,NONE,NO_CLICK
28475,0,0,NONE,NO_CLICK
28476,0,0,NONE,NO_CLICK
28477,0,0,NONE,NO_CLICK
28478,0,0,NONE,NO_CLICK
28479,0,0,NONE,NO_CLICK
28480,0,0,NONE,NO_CLICK
28481,0,0,NONE,NO_CLICK
28482,0,0,NONE,NO_CLICK
28483,0,0,NONE,NO_CLICK
28484,0,0,NONE,NO_CLICK
28485,0,0,NONE,NO_CLICK
28486,0,0,NONE,NO_CLICK
28487,0,0,NONE,NO_CLICK
28488,0,0,NONE,NO_CLICK
28489,0,0,NONE,NO_CLICK
28490,0,0,NONE,NO_CLICK
28491,0,0,NONE,NO_CLICK
28492,0,0,NONE,NO_CLICK
28493,0,0,NONE,NO_CLICK
28494,0,0,NONE,NO_CLICK
28495,0,0,NONE,NO_CLICK
28496,0,0,NONE,NO_CLICK
28497,0,0,NONE,NO_CLICK
28498,0,0,NONE,NO_CLICK
28499,0,0,NONE,NO_CLICK
28500,0,0,NONE,NO_CLICK
28501,0,0,NONE,NO_CLICK
28502,0,0,NONE,NO_CLICK
28503,0,0,NONE,NO_CLICK
28504,0,0,NONE,NO_CLICK
28505,0,0,NONE,NO_CLICK
28506,0,0,NONE,NO_CLICK
28507,0,0,NONE,NO_CLICK
28508,0,0,NONE,NO_CLICK
28509,0,0,NONE,NO_CLICK
28510,0,0,NONE,NO_CLICK
28511,0,0,NONE,NO_CLICK
28512,0,0,NONE,NO_CLICK
28513,0,0,NONE,NO_CLICK
28514,0,0,NONE,NO_CLICK
28515,0,0,NONE,NO_CLICK
28516,0,0,NONE,NO_CLICK
28517,0,0,NONE,NO_CLICK
28518,0,0,NONE,NO_CLICK
28519,0,0,NONE,NO_CLICK
28520,0,0,NONE,NO_CLICK
28521,0,0,NONE,NO_CLICK
28522,0,0,NONE,NO_CLICK
28523,0,0,NONE,NO_CLICK
28524,0,0,NONE,NO_CLICK
28525,0,0,NONE,NO_CLICK
28526,0,0,NONE,NO_CLICK
28527,0,0,NONE,NO_CLICK
28528,0,0,NONE,NO_CLICK
28529,0,0,NONE,NO_CLICK
28530,0,0,NONE,NO_CLICK
28531,0,0,NONE,NO_CLICK
28532,0,0,NONE,NO_CLICK
28533,0,0,NONE,NO_CLICK
28534,0,0,NONE,NO_CLICK
28535,0,0,NONE,NO_CLICK
28536,0,0,NONE,NO_CLICK
28537,0,0,NONE,NO_CLICK
28538,0,0,NONE,NO_CLICK
28539,0,0,NONE,NO_CLICK
28540,0,0,NONE,NO_CLICK
28541,0,0,NONE,NO_CLICK
28542,0,0,NONE,NO_CLICK
28543,0,0,NONE,NO_CLICK
28544,0,0,NONE,NO_CLICK
28545,0,0,NONE,NO_CLICK
28546,0,0,NONE,NO_CLICK
28547,0,0,NONE,NO_CLICK
28548,0,0,NONE,NO_CLICK
28549,0,0,NONE,NO_CLICK
28550,0,0,NONE,NO_CLICK
28551,0,0,NONE,NO_CLICK
28552,0,0,NONE,NO_CLICK
28553,0,0,NONE,NO_CLICK
28554,0,0,NONE,NO_CLICK
28555,0,0,NONE,NO_CLICK
28556,0,0,NONE,NO_CLICK
28557,0,0,NONE,NO_CLICK
28558,0,0,NONE,NO_CLICK
28559,0,0,NONE,NO_CLICK
28560,0,0,NONE,NO_CLICK
28561,0,0,NONE,NO_CLICK
28562,0,0,NONE,NO_CLICK
28563,0,0,NONE,NO_CLICK
28564,0,0,NONE,NO_CLICK
28565,0,0,NONE,NO_CLICK
28566,0,0,NONE,NO_CLICK
28567,0,0,NONE,NO_CLICK
28568,0,0,NONE,NO_CLICK
28569,0,0,NONE,NO_CLICK
28570,0,0,NONE,NO_CLICK
28571,0,0,NONE,NO_CLICK
28572,0,0,NONE,NO_CLICK
28573,0,0,NONE,NO_CLICK
28574,0,0,NONE,NO_CLICK
28575,0,0,NONE,NO_CLICK
28576,0,0,NONE,NO_CLICK
28577,0,0,NONE,NO_CLICK
28578,0,0,NONE,NO_CLICK
28579,0,0,NONE,NO_CLICK
28580,0,0,NONE,NO_CLICK
28581,0,0,NONE,NO_CLICK
28582,0,0,NONE,NO_CLICK
28583,0,0,NONE,NO_CLICK
28584,0,0,NONE,NO_CLICK
28585,0,0,NONE,NO_CLICK
28586,0,0,NONE,NO_CLICK
28587,0,0,NONE,NO_CLICK
28588,0,0,NONE,NO_CLICK
28589,0,0,NONE,NO_CLICK
28590,0,0,NONE,NO_CLICK
28591,0,0,NONE,NO_CLICK
28592,0,0,NONE,NO_CLICK
28593,0,0,NONE,NO_CLICK
28594,0,0,NONE,NO_CLICK
28595,0,0,NONE,NO_CLICK
28596,0,0,NONE,NO_CLICK
28597,0,0,NONE,NO_CLICK
28598,0,0,NONE,NO_CLICK
28599,0,0,NONE,NO_CLICK
28600,0,0,NONE,NO_CLICK
28601,0,0,NONE,NO_CLICK
28602,0,0,NONE,NO_CLICK
28603,0,0,NONE,NO_CLICK
28604,0,0,NONE,NO_CLICK
28605,0,0,NONE,NO_CLICK
28606,0,0,NONE,NO_CLICK
28607,0,0,NONE,NO_CLICK
28608,0,0,NONE,NO_CLICK
28609,0,0,NONE,NO_CLICK
28610,0,0,NONE,NO_CLICK
28611,0,0,NONE,NO_CLICK
28612,0,0,NONE,NO_CLICK
28613,0,0,NONE,NO_CLICK
28614,0,0,NONE,NO_CLICK
28615,0,0,NONE,NO_CLICK
28616,0,0,NONE,NO_CLICK
28617,0,0,NONE,NO_CLICK
28618,0,0,NONE,NO_CLICK
28619,0,0,NONE,NO_CLICK
28620,0,0,NONE,NO_CLICK
28621,0,0,NONE,NO_CLICK
28622,0,0,NONE,NO_CLICK
28623,0,0,NONE,NO_CLICK
28624,0,0,NONE,NO_CLICK
28625,0,0,NONE,NO_CLICK
28626,0,0,NONE,NO_CLICK
28627,0,0,NONE,NO_CLICK
28628,0,0,NONE,NO_CLICK
28629,0,0,NONE,NO_CLICK
28630,0,0,NONE,NO_CLICK
28631,0,0,NONE,NO_CLICK
28632,0,0,NONE,NO_CLICK
28633,0,0,NONE,NO_CLICK
28634,0,0,NONE,NO_CLICK
28635,0,0,NONE,NO_CLICK
28636,0,0,NONE,NO_CLICK
28637,0,0,NONE,NO_CLICK
28638,0,0,NONE,NO_CLICK
28639,0,0,NONE,NO_CLICK
28640,0,0,NONE,NO_CLICK
28641,0,0,NONE,NO_CLICK
28642,0,0,NONE,NO_CLICK
28643,0,0,NONE,NO_CLICK
28644,0,0,NONE,NO_CLICK
28645,0,0,NONE,NO_CLICK
28646,0,0,NONE,NO_CLICK
28647,0,0,NONE,NO_CLICK
28648,0,0,NONE,NO_CLICK
28649,0,0,NONE,NO_CLICK
28650,0,0,NONE,NO_CLICK
28651,0,0,NONE,NO_CLICK
28652,0,0,NONE,NO_CLICK
28653,0,0,NONE,NO_CLICK
28654,0,0,NONE,NO_CLICK
28655,0,0,NONE,NO_CLICK
28656,0,0,NONE,NO_CLICK
28657,0,0,NONE,NO_CLICK
28658,0,0,NONE,NO_CLICK
28659,0,0,NONE,NO_CLICK
28660,0,0,NONE,NO_CLICK
28661,0,0,NONE,NO_CLICK
28662,0,0,NONE,NO_CLICK
28663,0,0,NONE,NO_CLICK
28664,0,0,NONE,NO_CLICK
28665,0,0,NONE,NO_CLICK
28666,0,0,NONE,NO_CLICK
28667,0,0,NONE,NO_CLICK
28668,0,0,NONE,NO_CLICK
28669,0,0,NONE,NO_CLICK
28670,0,0,NONE,NO_CLICK
28671,0,0,NONE,NO_CLICK
28672,0,0,NONE,NO_CLICK
28673,0,0,NONE,NO_CLICK
28674,0,0,NONE,NO_CLICK
28675,0,0,NONE,NO_CLICK
28676,0,0,NONE,NO_CLICK
28677,0,0,NONE,NO_CLICK
28678,0,0,NONE,NO_CLICK
28679,0,0,NONE,NO_CLICK
28680,0,0,NONE,NO_CLICK
28681,0,0,NONE,NO_CLICK
28682,0,0,NONE,NO_CLICK
28683,0,0,NONE,NO_CLICK
28684,0,0,NONE,NO_CLICK
28685,0,0,NONE,NO_CLICK
28686,0,0,NONE,NO_CLICK
28687,0,0,NONE,NO_CLICK
28688,0,0,NONE,NO_CLICK
28689,0,0,NONE,NO_CLICK
28690,0,0,NONE,NO_CLICK
28691,0,0,NONE,NO_CLICK
28692,0,0,NONE,NO_CLICK
28693,0,0,NONE,NO_CLICK
28694,0,0,NONE,NO_CLICK
28695,0,0,NONE,NO_CLICK
28696,0,0,NONE,NO_CLICK
28697,0,0,NONE,NO_CLICK
28698,0,0,NONE,NO_CLICK
28699,0,0,NONE,NO_CLICK
28700,0,0,NONE,NO_CLICK
28701,0,0,NONE,NO_CLICK
28702,0,0,NONE,NO_CLICK
28703,0,0,NONE,NO_CLICK
28704,0,0,NONE,NO_CLICK
28705,0,0,NONE,NO_CLICK
28706,0,0,NONE,NO_CLICK
28707,0,0,NONE,NO_CLICK
28708,0,0,NONE,NO_CLICK
28709,0,0,NONE,NO_CLICK
28710,0,0,NONE,NO_CLICK
28711,0,0,NONE,NO_CLICK
28712,0,0,NONE,NO_CLICK
28713,0,0,NONE,NO_CLICK
28714,0,0,NONE,NO_CLICK
28715,0,0,NONE,NO_CLICK
28716,0,0,NONE,NO_CLICK
28717,0,0,NONE,NO_CLICK
28718,0,0,NONE,NO_CLICK
28719,0,0,NONE,NO_CLICK
28720,0,0,NONE,NO_CLICK
28721,0,0,NONE,NO_CLICK
28722,0,0,NONE,NO_CLICK
28723,0,0,NONE,NO_CLICK
28724,0,0,NONE,NO_CLICK
28725,0,0,NONE,NO_CLICK
28726,0,0,NONE,NO_CLICK
28727,0,0,NONE,NO_CLICK
28728,0,0,NONE,NO_CLICK
28729,0,0,NONE,NO_CLICK
28730,0,0,NONE,NO_CLICK
28731,0,0,NONE,NO_CLICK
28732,0,0,NONE,NO_CLICK
28733,0,0,NONE,NO_CLICK
28734,0,0,NONE,NO_CLICK
28735,0,0,NONE,NO_CLICK
28736,0,0,NONE,NO_CLICK
28737,0,0,NONE,NO_CLICK
28738,0,1,D2,D2_CLICK
28739,0,1,D2,D2_CLICK
28740,0,1,D2,D2_CLICK
28741,0,1,D2,D2_CLICK
28742,0,1,D2,D2_CLICK
28743,0,1,D2,D2_CLICK
28744,0,1,D2,D2_CLICK
28745,0,1,D2,D2_CLICK
28746,0,1,D2,D2_CLICK
28747,0,1,D2,D2_CLICK
28748,0,1,D2,D2_CLICK
28749,0,1,D2,D2_CLICK
28750,0,1,D2,D2_CLICK
28751,0,1,D2,D2_CLICK
28752,0,1,D2,D2_CLICK
28753,0,1,D2,D2_CLICK
28754,0,1,D2,D2_CLICK
28755,0,1,D2,D2_CLICK
28756,0,1,D2,D2_CLICK
28757,0,1,D2,D2_CLICK
28758,0,1,D2,D2_CLICK
28759,0,1,D2,D2_CLICK
28760,0,1,D2,D2_CLICK
28761,0,1,D2,D2_CLICK
28762,0,1,D2,D2_CLICK
28763,0,1,D2,D2_CLICK
28764,0,1,D2,D2_CLICK
28765,0,1,D2,D2_CLICK
28766,0,1,D2,D2_CLICK
28767,0,1,D2,D2_CLICK
28768,0,1,D2,D2_CLICK
28769,0,1,D2,D2_CLICK
28770,0,1,D2,D2_CLICK
28771,0,1,D2,D2_CLICK
28772,0,1,D2,D2_CLICK
28773,0,1,D2,D2_CLICK
28774,0,1,D2,D2_CLICK
28775,0,1,D2,D2_CLICK
28776,0,0,NONE,NO_CLICK
28777,0,0,NONE,NO_CLICK
28778,0,0,NONE,NO_CLICK
28779,0,0,NONE,NO_CLICK
28780,0,0,NONE,NO_CLICK
28781,0,0,NONE,NO_CLICK
28782,0,0,NONE,NO_CLICK
28783,0,0,NONE,NO_CLICK
28784,0,0,NONE,NO_CLICK
28785,0,0,NONE,NO_CLICK
28786,0,0,NONE,NO_CLICK
28787,0,0,NONE,NO_CLICK
28788,0,0,NONE,NO_CLICK
28789,0,0,NONE,NO_CLICK
28790,0,0,NONE,NO_CLICK
28791,0,0,NONE,NO_CLICK
28792,0,0,NONE,NO_CLICK
28793,0,0,NONE,NO_CLICK
28794,0,0,NONE,NO_CLICK
28795,0,0,NONE,NO_CLICK
28796,0,0,NONE,NO_CLICK
28797,0,0,NONE,NO_CLICK
28798,0,0,NONE,NO_CLICK
28799,0,0,NONE,NO_CLICK
28800,0,0,NONE,NO_CLICK
28801,0,0,NONE,NO_CLICK
28802,0,0,NONE,NO_CLICK
28803,0,0,NONE,NO_CLICK
28804,0,0,NONE,NO_CLICK
28805,0,0,NONE,NO_CLICK
28806,0,0,NONE,NO_CLICK
28807,0,0,NONE,NO_CLICK
28808,0,0,NONE,NO_CLICK
28809,0,0,NONE,NO_CLICK
28810,0,0,NONE,NO_CLICK
28811,0,0,NONE,NO_CLICK
28812,0,0,NONE,NO_CLICK
28813,0,0,NONE,NO_CLICK
28814,0,0,NONE,NO_CLICK
28815,0,0,NONE,NO_CLICK
28816,0,0,NONE,NO_CLICK
28817,0,0,NONE,NO_CLICK
28818,0,0,NONE,NO_CLICK
28819,0,0,NONE,NO_CLICK
28820,0,0,NONE,NO_CLICK
28821,0,0,NONE,NO_CLICK
28822,0,0,NONE,NO_CLICK
28823,0,0,NONE,NO_CLICK
28824,0,0,NONE,NO_CLICK
28825,0,0,NONE,NO_CLICK
28826,0,0,NONE,NO_CLICK
28827,0,0,NONE,NO_CLICK
28828,0,0,NONE,NO_CLICK
28829,0,0,NONE,NO_CLICK
28830,0,0,NONE,NO_CLICK
28831,0,0,NONE,NO_CLICK
28832,0,0,NONE,NO_CLICK
28833,0,0,NONE,NO_CLICK
28834,0,0,NONE,NO_CLICK
28835,0,0,NONE,NO_CLICK
28836,0,0,NONE,NO_CLICK
28837,0,0,NONE,NO_CLICK
28838,0,0,NONE,NO_CLICK
28839,0,0,NONE,NO_CLICK
28840,0,0,NONE,NO_CLICK
28841,0,0,NONE,NO_CLICK
28842,0,0,NONE,NO_CLICK
28843,0,0,NONE,NO_CLICK
28844,0,0,NONE,NO_CLICK
28845,0,0,NONE,NO_CLICK
28846,0,0,NONE,NO_CLICK
28847,0,0,NONE,NO_CLICK
28848,0,0,NONE,NO_CLICK
28849,0,0,NONE,NO_CLICK
28850,0,0,NONE,NO_CLICK
28851,0,0,NONE,NO_CLICK
28852,0,0,NONE,NO_CLICK
28853,0,0,NONE,NO_CLICK
28854,0,0,NONE,NO_CLICK
28855,0,0,NONE,NO_CLICK
28856,0,0,NONE,NO_CLICK
28857,0,0,NONE,NO_CLICK
28858,0,0,NONE,NO_CLICK
28859,0,0,NONE,NO_CLICK
28860,0,0,NONE,NO_CLICK
28861,0,0,NONE,NO_CLICK
28862,0,0,NONE,NO_CLICK
28863,0,0,NONE,NO_CLICK
28864,0,0,NONE,NO_CLICK
28865,0,0,NONE,NO_CLICK
28866,1,0,D1,D1_CLICK
28867,1,0,D1,D1_CLICK
28868,1,0,D1,D1_CLICK
28869,1,0,D1,D1_CLICK
28870,1,0,D1,D1_CLICK
28871,1,0,D1,D1_CLICK
28872,1,0,D1,D1_CLICK
28873,1,0,D1,D1_CLICK
28874,1,0,D1,D1_CLICK
28875,1,0,D1,D1_CLICK
28876,1,0,D1,D1_CLICK
28877,1,0,D1,D1_CLICK
28878,1,0,D1,D1_CLICK
28879,1,0,D1,D1_CLICK
28880,1,0,D1,D1_CLICK
28881,1,0,D1,D1_CLICK
28882,1,0,D1,D1_CLICK
28883,1,0,D1,D1_CLICK
28884,1,0,D1,D1_CLICK
28885,1,0,D1,D1_CLICK
28886,1,0,D1,D1_CLICK
28887,1,0,D1,D1_CLICK
28888,1,0,D1,D1_CLICK
28889,1,0,D1,D1_CLICK
28890,1,0,D1,D1_CLICK
28891,1,0,D1,D1_CLICK
28892,1,0,D1,D1_CLICK
28893,1,0,D1,D1_CLICK
28894,1,0,D1,D1_CLICK
28895,1,0,D1,D1_CLICK
28896,1,0,D1,D1_CLICK
28897,1,0,D1,D1_CLICK
28898,1,0,D1,D1_CLICK
28899,1,0,D1,D1_CLICK
28900,1,0,D1,D1_CLICK
28901,1,0,D1,D1_CLICK
28902,1,0,D1,D1_CLICK
28903,1,0,D1,D1_CLICK
28904,0,0,NONE,NO_CLICK
28905,0,0,NONE,NO_CLICK
28906,0,0,NONE,NO_CLICK
28907,0,0,NONE,NO_CLICK
28908,0,0,NONE,NO_CLICK
28909,0,0,NONE,NO_CLICK
28910,0,0,NONE,NO_CLICK
28911,0,0,NONE,NO_CLICK
28912,0,0,NONE,NO_CLICK
28913,0,0,NONE,NO_CLICK
28914,0,0,NONE,NO_CLICK
28915,0,0,NONE,NO_CLICK
28916,0,0,NONE,NO_CLICK
28917,0,0,NONE,NO_CLICK
28918,0,0,NONE,NO_CLICK
28919,0,0,NONE,NO_CLICK
28920,0,0,NONE,NO_CLICK
28921,0,0,NONE,NO_CLICK
28922,0,0,NONE,NO_CLICK
28923,0,0,NONE,NO_CLICK
28924,0,0,NONE,NO_CLICK
28925,0,0,NONE,NO_CLICK
28926,0,0,NONE,NO_CLICK
28927,0,0,NONE,NO_CLICK
28928,0,0,NONE,NO_CLICK
28929,0,0,NONE,NO_CLICK
28930,0,0,NONE,NO_CLICK
28931,0,0,NONE,NO_CLICK
28932,0,0,NONE,NO_CLICK
28933,0,0,NONE,NO_CLICK
28934,0,0,NONE,NO_CLICK
28935,0,0,NONE,NO_CLICK
28936,0,0,NONE,NO_CLICK
28937,0,0,NONE,NO_CLICK
28938,0,0,NONE,NO_CLICK
28939,0,0,NONE,NO_CLICK
28940,0,0,NONE,NO_CLICK
28941,0,0,NONE,NO_CLICK
28942,0,0,NONE,NO_CLICK
28943,0,0,NONE,NO_CLICK
28944,0,0,NONE,NO_CLICK
28945,0,0,NONE,NO_CLICK
28946,0,0,NONE,NO_CLICK
28947,0,0,NONE,NO_CLICK
28948,0,0,NONE,NO_CLICK
28949,0,0,NONE,NO_CLICK
28950,0,0,NONE,NO_CLICK
28951,0,0,NONE,NO_CLICK
28952,0,0,NONE,NO_CLICK
28953,0,0,NONE,NO_CLICK
28954,0,0,NONE,NO_CLICK
28955,0,0,NONE,NO_CLICK
28956,0,0,NONE,NO_CLICK
28957,0,0,NONE,NO_CLICK
28958,0,0,NONE,NO_CLICK
28959,0,0,NONE,NO_CLICK
28960,0,0,NONE,NO_CLICK
28961,0,0,NONE,NO_CLICK
28962,0,0,NONE,NO_CLICK
28963,0,0,NONE,NO_CLICK
28964,0,0,NONE,NO_CLICK
28965,0,0,NONE,NO_CLICK
28966,0,0,NONE,NO_CLICK
28967,0,0,NONE,NO_CLICK
28968,0,0,NONE,NO_CLICK
28969,0,0,NONE,NO_CLICK
28970,0,0,NONE,NO_CLICK
28971,0,0,NONE,NO_CLICK
28972,0,0,NONE,NO_CLICK
28973,0,0,NONE,NO_CLICK
28974,0,0,NONE,NO_CLICK
28975,0,0,NONE,NO_CLICK
28976,0,0,NONE,NO_CLICK
28977,0,0,NONE,NO_CLICK
28978,0,0,NONE,NO_CLICK
28979,0,0,NONE,NO_CLICK
28980,0,0,NONE,NO_CLICK
28981,0,0,NONE,NO_CLICK
28982,0,0,NONE,NO_CLICK
28983,0,0,NONE,NO_CLICK
28984,0,0,NONE,NO_CLICK
28985,0,0,NONE,NO_CLICK
28986,0,0,NONE,NO_CLICK
28987,0,0,NONE,NO_CLICK
28988,0,0,NONE,NO_CLICK
28989,0,0,NONE,NO_CLICK
28990,0,0,NONE,NO_CLICK
28991,0,0,NONE,NO_CLICK
28992,0,0,NONE,NO_CLICK
28993,0,0,NONE,NO_CLICK
28994,0,0,NONE,NO_CLICK
28995,0,0,NONE,NO_CLICK
28996,0,0,NONE,NO_CLICK
28997,0,0,NONE,NO_CLICK
28998,0,0,NONE,NO_CLICK
28999,0,0,NONE,NO_CLICK
29000,0,0,NONE,NO_CLICK
29001,0,0,NONE,NO_CLICK
29002,0,0,NONE,NO_CLICK
29003,0,0,NONE,NO_CLICK
29004,0,0,NONE,NO_CLICK
29005,0,0,NONE,NO_CLICK
29006,0,0,NONE,NO_CLICK
29007,0,0,NONE,NO_CLICK
29008,0,0,NONE,NO_CLICK
29009,0,0,NONE,NO_CLICK
29010,0,0,NONE,NO_CLICK
29011,0,0,NONE,NO_CLICK
29012,0,0,NONE,NO_CLICK
29013,0,0,NONE,NO_CLICK
29014,0,0,NONE,NO_CLICK
29015,0,0,NONE,NO_CLICK
29016,0,0,NONE,NO_CLICK
29017,0,0,NONE,NO_CLICK
29018,0,0,NONE,NO_CLICK
29019,0,0,NONE,NO_CLICK
29020,0,0,NONE,NO_CLICK
29021,0,0,NONE,NO_CLICK
29022,0,0,NONE,NO_CLICK
29023,0,0,NONE,NO_CLICK
29024,0,0,NONE,NO_CLICK
29025,0,0,NONE,NO_CLICK
29026,0,0,NONE,NO_CLICK
29027,0,0,NONE,NO_CLICK
29028,0,0,NONE,NO_CLICK
29029,0,0,NONE,NO_CLICK
29030,0,0,NONE,NO_CLICK
29031,0,0,NONE,NO_CLICK
29032,0,0,NONE,NO_CLICK
29033,0,0,NONE,NO_CLICK
29034,0,0,NONE,NO_CLICK
29035,0,0,NONE,NO_CLICK
29036,0,0,NONE,NO_CLICK
29037,0,0,NONE,NO_CLICK
29038,0,0,NONE,NO_CLICK
29039,0,0,NONE,NO_CLICK
29040,0,0,NONE,NO_CLICK
29041,0,0,NONE,NO_CLICK
29042,0,0,NONE,NO_CLICK
29043,0,0,NONE,NO_CLICK
29044,0,0,NONE,NO_CLICK
29045,0,0,NONE,NO_CLICK
29046,0,0,NONE,NO_CLICK
29047,0,0,NONE,NO_CLICK
29048,0,0,NONE,NO_CLICK
29049,0,0,NONE,NO_CLICK
29050,0,0,NONE,NO_CLICK
29051,0,0,NONE,NO_CLICK
29052,0,0,NONE,NO_CLICK
29053,0,0,NONE,NO_CLICK
29054,0,0,NONE,NO_CLICK
29055,0,0,NONE,NO_CLICK
29056,0,0,NONE,NO_CLICK
29057,0,0,NONE,NO_CLICK
29058,0,1,D2,D2_CLICK
29059,0,1,D2,D2_CLICK
29060,0,1,D2,D2_CLICK
29061,0,1,D2,D2_CLICK
29062,0,1,D2,D2_CLICK
29063,0,1,D2,D2_CLICK
29064,0,1,D2,D2_CLICK
29065,0,1,D2,D2_CLICK
29066,0,1,D2,D2_CLICK
29067,0,1,D2,D2_CLICK
29068,0,1,D2,D2_CLICK
29069,0,1,D2,D2_CLICK
29070,0,1,D2,D2_CLICK
29071,0,1,D2,D2_CLICK
29072,0,1,D2,D2_CLICK
29073,0,1,D2,D2_CLICK
29074,0,1,D2,D2_CLICK
29075,0,1,D2,D2_CLICK
29076,0,1,D2,D2_CLICK
29077,0,1,D2,D2_CLICK
29078,0,1,D2,D2_CLICK
29079,0,1,D2,D2_CLICK
29080,0,1,D2,D2_CLICK
29081,0,1,D2,D2_CLICK
29082,0,1,D2,D2_CLICK
29083,0,1,D2,D2_CLICK
29084,0,1,D2,D2_CLICK
29085,0,1,D2,D2_CLICK
29086,0,1,D2,D2_CLICK
29087,0,1,D2,D2_CLICK
29088,0,1,D2,D2_CLICK
29089,0,1,D2,D2_CLICK
29090,0,1,D2,D2_CLICK
29091,0,1,D2,D2_CLICK
29092,0,1,D2,D2_CLICK
29093,0,1,D2,D2_CLICK
29094,0,1,D2,D2_CLICK
29095,0,1,D2,D2_CLICK
29096,0,0,NONE,NO_CLICK
29097,0,0,NONE,NO_CLICK
29098,0,0,NONE,NO_CLICK
29099,0,0,NONE,NO_CLICK
29100,0,0,NONE,NO_CLICK
29101,0,0,NONE,NO_CLICK
29102,0,0,NONE,NO_CLICK
29103,0,0,NONE,NO_CLICK
29104,0,0,NONE,NO_CLICK
29105,0,0,NONE,NO_CLICK
29106,0,0,NONE,NO_CLICK
29107,0,0,NONE,NO_CLICK
29108,0,0,NONE,NO_CLICK
29109,0,0,NONE,NO_CLICK
29110,0,0,NONE,NO_CLICK
29111,0,0,NONE,NO_CLICK
29112,0,0,NONE,NO_CLICK
29113,0,0,NONE,NO_CLICK
29114,0,0,NONE,NO_CLICK
29115,0,0,NONE,NO_CLICK
29116,0,0,NONE,NO_CLICK
29117,0,0,NONE,NO_CLICK
29118,0,0,NONE,NO_CLICK
29119,0,0,NONE,NO_CLICK
29120,0,0,NONE,NO_CLICK
29121,0,0,NONE,NO_CLICK
29122,0,0,NONE,NO_CLICK
29123,0,0,NONE,NO_CLICK
29124,0,0,NONE,NO_CLICK
29125,0,0,NONE,NO_CLICK
29126,0,0,NONE,NO_CLICK
29127,0,0,NONE,NO_CLICK
29128,0,0,NONE,NO_CLICK
29129,0,0,NONE,NO_CLICK
29130,0,0,NONE,NO_CLICK
29131,0,0,NONE,NO_CLICK
29132,0,0,NONE,NO_CLICK
29133,0,0,NONE,NO_CLICK
29134,0,0,NONE,NO_CLICK
29135,0,0,NONE,NO_CLICK
29136,0,0,NONE,NO_CLICK
29137,0,0,NONE,NO_CLICK
29138,0,0,NONE,NO_CLICK
29139,0,0,NONE,NO_CLICK
29140,0,0,NONE,NO_CLICK
29141,0,0,NONE,NO_CLICK
29142,0,0,NONE,NO_CLICK
29143,0,0,NONE,NO_CLICK
29144,0,0,NONE,NO_CLICK
29145,0,0,NONE,NO_CLICK
29146,0,0,NONE,NO_CLICK
29147,0,0,NONE,NO_CLICK
29148,0,0,NONE,NO_CLICK
29149,0,0,NONE,NO_CLICK
29150,0,0,NONE,NO_CLICK
29151,0,0,NONE,NO_CLICK
29152,0,0,NONE,NO_CLICK
29153,0,0,NONE,NO_CLICK
29154,0,0,NONE,NO_CLICK
29155,0,0,NONE,NO_CLICK
29156,0,0,NONE,NO_CLICK
29157,0,0,NONE,NO_CLICK
29158,0,0,NONE,NO_CLICK
29159,0,0,NONE,NO_CLICK
29160,0,0,NONE,NO_CLICK
29161,0,0,NONE,NO_CLICK
29162,0,0,NONE,NO_CLICK
29163,0,0,NONE,NO_CLICK
29164,0,0,NONE,NO_CLICK
29165,0,0,NONE,NO_CLICK
29166,0,0,NONE,NO_CLICK
29167,0,0,NONE,NO_CLICK
29168,0,0,NONE,NO_CLICK
29169,0,0,NONE,NO_CLICK
29170,0,0,NONE,NO_CLICK
29171,0,0,NONE,NO_CLICK
29172,0,0,NONE,NO_CLICK
29173,0,0,NONE,NO_CLICK
29174,0,0,NONE,NO_CLICK
29175,0,0,NONE,NO_CLICK
29176,0,0,NONE,NO_CLICK
29177,0,0,NONE,NO_CLICK
29178,0,0,NONE,NO_CLICK
29179,0,0,NONE,NO_CLICK
29180,0,0,NONE,NO_CLICK
29181,0,0,NONE,NO_CLICK
29182,0,0,NONE,NO_CLICK
29183,0,0,NONE,NO_CLICK
29184,0,0,NONE,NO_CLICK
29185,0,0,NONE,NO_CLICK
29186,0,0,NONE,NO_CLICK
29187,0,0,NONE,NO_CLICK
29188,0,0,NONE,NO_CLICK
29189,0,0,NONE,NO_CLICK
29190,0,0,NONE,NO_CLICK
29191,0,0,NONE,NO_CLICK
29192,0,0,NONE,NO_CLICK
29193,0,0,NONE,NO_CLICK
29194,0,0,NONE,NO_CLICK
29195,0,0,NONE,NO_CLICK
29196,0,0,NONE,NO_CLICK
29197,0,0,NONE,NO_CLICK
29198,0,0,NONE,NO_CLICK
29199,0,0,NONE,NO_CLICK
29200,0,0,NONE,NO_CLICK
29201,0,0,NONE,NO_CLICK
29202,0,0,NONE,NO_CLICK
29203,0,0,NONE,NO_CLICK
29204,0,0,NONE,NO_CLICK
29205,0,0,NONE,NO_CLICK
29206,0,0,NONE,NO_CLICK
29207,0,0,NONE,NO_CLICK
29208,0,0,NONE,NO_CLICK
29209,0,0,NONE,NO_CLICK
29210,0,0,NONE,NO_CLICK
29211,0,0,NONE,NO_CLICK
29212,0,0,NONE,NO_CLICK
29213,0,0,NONE,NO_CLICK
29214,0,0,NONE,NO_CLICK
29215,0,0,NONE,NO_CLICK
29216,0,0,NONE,NO_CLICK
29217,0,0,NONE,NO_CLICK
29218,1,0,D1,D1_CLICK
29219,1,0,D1,D1_CLICK
29220,1,0,D1,D1_CLICK
29221,1,0,D1,D1_CLICK
29222,1,0,D1,D1_CLICK
29223,1,0,D1,D1_CLICK
29224,1,0,D1,D1_CLICK
29225,1,0,D1,D1_CLICK
29226,1,0,D1,D1_CLICK
29227,1,0,D1,D1_CLICK
29228,1,0,D1,D1_CLICK
29229,1,0,D1,D1_CLICK
29230,1,0,D1,D1_CLICK
29231,1,0,D1,D1_CLICK
29232,1,0,D1,D1_CLICK
29233,1,0,D1,D1_CLICK
29234,1,0,D1,D1_CLICK
29235,1,0,D1,D1_CLICK
29236,1,0,D1,D1_CLICK
29237,1,0,D1,D1_CLICK
29238,1,0,D1,D1_CLICK
29239,1,0,D1,D1_CLICK
29240,1,0,D1,D1_CLICK
29241,1,0,D1,D1_CLICK
29242,1,0,D1,D1_CLICK
29243,1,0,D1,D1_CLICK
29244,1,0,D1,D1_CLICK
29245,1,0,D1,D1_CLICK
29246,1,0,D1,D1_CLICK
29247,1,0,D1,D1_CLICK
29248,1,0,D1,D1_CLICK
29249,1,0,D1,D1_CLICK
29250,1,0,D1,D1_CLICK
29251,1,0,D1,D1_CLICK
29252,1,0,D1,D1_CLICK
29253,1,0,D1,D1_CLICK
29254,1,0,D1,D1_CLICK
29255,1,0,D1,D1_CLICK
29256,0,0,NONE,NO_CLICK
29257,0,0,NONE,NO_CLICK
29258,0,0,NONE,NO_CLICK
29259,0,0,NONE,NO_CLICK
29260,0,0,NONE,NO_CLICK
29261,0,0,NONE,NO_CLICK
29262,0,0,NONE,NO_CLICK
29263,0,0,NONE,NO_CLICK
29264,0,0,NONE,NO_CLICK
29265,0,0,NONE,NO_CLICK
29266,0,0,NONE,NO_CLICK
29267,0,0,NONE,NO_CLICK
29268,0,0,NONE,NO_CLICK
29269,0,0,NONE,NO_CLICK
29270,0,0,NONE,NO_CLICK
29271,0,0,NONE,NO_CLICK
29272,0,0,NONE,NO_CLICK
29273,0,0,NONE,NO_CLICK
29274,0,0,NONE,NO_CLICK
29275,0,0,NONE,NO_CLICK
29276,0,0,NONE,NO_CLICK
29277,0,0,NONE,NO_CLICK
29278,0,0,NONE,NO_CLICK
29279,0,0,NONE,NO_CLICK
29280,0,0,NONE,NO_CLICK
29281,0,0,NONE,NO_CLICK
29282,0,0,NONE,NO_CLICK
29283,0,0,NONE,NO_CLICK
29284,0,0,NONE,NO_CLICK
29285,0,0,NONE,NO_CLICK
29286,0,0,NONE,NO_CLICK
29287,0,0,NONE,NO_CLICK
29288,0,0,NONE,NO_CLICK
29289,0,0,NONE,NO_CLICK
29290,0,0,NONE,NO_CLICK
29291,0,0,NONE,NO_CLICK
29292,0,0,NONE,NO_CLICK
29293,0,0,NONE,NO_CLICK
29294,0,0,NONE,NO_CLICK
29295,0,0,NONE,NO_CLICK
29296,0,0,NONE,NO_CLICK
29297,0,0,NONE,NO_CLICK
29298,0,0,NONE,NO_CLICK
29299,0,0,NONE,NO_CLICK
29300,0,0,NONE,NO_CLICK
29301,0,0,NONE,NO_CLICK
29302,0,0,NONE,NO_CLICK
29303,0,0,NONE,NO_CLICK
29304,0,0,NONE,NO_CLICK
29305,0,0,NONE,NO_CLICK
29306,0,0,NONE,NO_CLICK
29307,0,0,NONE,NO_CLICK
29308,0,0,NONE,NO_CLICK
29309,0,0,NONE,NO_CLICK
29310,0,0,NONE,NO_CLICK
29311,0,0,NONE,NO_CLICK
29312,0,0,NONE,NO_CLICK
29313,0,0,NONE,NO_CLICK
29314,0,0,NONE,NO_CLICK
29315,0,0,NONE,NO_CLICK
29316,0,0,NONE,NO_CLICK
29317,0,0,NONE,NO_CLICK
29318,0,0,NONE,NO_CLICK
29319,0,0,NONE,NO_CLICK
29320,0,0,NONE,NO_CLICK
29321,0,0,NONE,NO_CLICK
29322,0,0,NONE,NO_CLICK
29323,0,0,NONE,NO_CLICK
29324,0,0,NONE,NO_CLICK
29325,0,0,NONE,NO_CLICK
29326,0,0,NONE,NO_CLICK
29327,0,0,NONE,NO_CLICK
29328,0,0,NONE,NO_CLICK
29329,0,0,NONE,NO_CLICK
29330,0,0,NONE,NO_CLICK
29331,0,0,NONE,NO_CLICK
29332,0,0,NONE,NO_CLICK
29333,0,0,NONE,NO_CLICK
29334,0,0,NONE,NO_CLICK
29335,0,0,NONE,NO_CLICK
29336,0,0,NONE,NO_CLICK
29337,0,0,NONE,NO_CLICK
29338,0,0,NONE,NO_CLICK
29339,0,0,NONE,NO_CLICK
29340,0,0,NONE,NO_CLICK
29341,0,0,NONE,NO_CLICK
29342,0,0,NONE,NO_CLICK
29343,0,0,NONE,NO_CLICK
29344,0,0,NONE,NO_CLICK
29345,0,0,NONE,NO_CLICK
29346,0,0,NONE,NO_CLICK
29347,0,0,NONE,NO_CLICK
29348,0,0,NONE,NO_CLICK
29349,0,0,NONE,NO_CLICK
29350,0,0,NONE,NO_CLICK
29351,0,0,NONE,NO_CLICK
29352,0,0,NONE,NO_CLICK
29353,0,0,NONE,NO_CLICK
29354,0,0,NONE,NO_CLICK
29355,0,0,NONE,NO_CLICK
29356,0,0,NONE,NO_CLICK
29357,0,0,NONE,NO_CLICK
29358,0,0,NONE,NO_CLICK
29359,0,0,NONE,NO_CLICK
29360,0,0,NONE,NO_CLICK
29361,0,0,NONE,NO_CLICK
29362,0,0,NONE,NO_CLICK
29363,0,0,NONE,NO_CLICK
29364,0,0,NONE,NO_CLICK
29365,0,0,NONE,NO_CLICK
29366,0,0,NONE,NO_CLICK
29367,0,0,NONE,NO_CLICK
29368,0,0,NONE,NO_CLICK
29369,0,0,NONE,NO_CLICK
29370,0,0,NONE,NO_CLICK
29371,0,0,NONE,NO_CLICK
29372,0,0,NONE,NO_CLICK
29373,0,0,NONE,NO_CLICK
29374,0,0,NONE,NO_CLICK
29375,0,0,NONE,NO_CLICK
29376,0,0,NONE,NO_CLICK
29377,0,0,NONE,NO_CLICK
29378,0,0,NONE,NO_CLICK
29379,0,0,NONE,NO_CLICK
29380,0,0,NONE,NO_CLICK
29381,0,0,NONE,NO_CLICK
29382,0,0,NONE,NO_CLICK
29383,0,0,NONE,NO_CLICK
29384,0,0,NONE,NO_CLICK
29385,0,0,NONE,NO_CLICK
29386,0,0,NONE,NO_CLICK
29387,0,0,NONE,NO_CLICK
29388,0,0,NONE,NO_CLICK
29389,0,0,NONE,NO_CLICK
29390,0,0,NONE,NO_CLICK
29391,0,0,NONE,NO_CLICK
29392,0,0,NONE,NO_CLICK
29393,0,0,NONE,NO_CLICK
29394,0,0,NONE,NO_CLICK
29395,0,0,NONE,NO_CLICK
29396,0,0,NONE,NO_CLICK
29397,0,0,NONE,NO_CLICK
29398,0,0,NONE,NO_CLICK
29399,0,0,NONE,NO_CLICK
29400,0,0,NONE,NO_CLICK
29401,0,0,NONE,NO_CLICK
29402,0,0,NONE,NO_CLICK
29403,0,0,NONE,NO_CLICK
29404,0,0,NONE,NO_CLICK
29405,0,0,NONE,NO_CLICK
29406,0,0,NONE,NO_CLICK
29407,0,0,NONE,NO_CLICK
29408,0,0,NONE,NO_CLICK
29409,0,0,NONE,NO_CLICK
29410,0,1,D2,D2_CLICK
29411,0,1,D2,D2_CLICK
29412,0,1,D2,D2_CLICK
29413,0,1,D2,D2_CLICK
29414,0,1,D2,D2_CLICK
29415,0,1,D2,D2_CLICK
29416,0,1,D2,D2_CLICK
29417,0,1,D2,D2_CLICK
29418,0,1,D2,D2_CLICK
29419,0,1,D2,D2_CLICK
29420,0,1,D2,D2_CLICK
29421,0,1,D2,D2_CLICK
29422,0,1,D2,D2_CLICK
29423,0,1,D2,D2_CLICK
29424,0,1,D2,D2_CLICK
29425,0,1,D2,D2_CLICK
29426,0,1,D2,D2_CLICK
29427,0,1,D2,D2_CLICK
29428,0,1,D2,D2_CLICK
29429,0,1,D2,D2_CLICK
29430,0,1,D2,D2_CLICK
29431,0,1,D2,D2_CLICK
29432,0,1,D2,D2_CLICK
29433,0,1,D2,D2_CLICK
29434,0,1,D2,D2_CLICK
29435,0,1,D2,D2_CLICK
29436,0,1,D2,D2_CLICK
29437,0,1,D2,D2_CLICK
29438,0,1,D2,D2_CLICK
29439,0,1,D2,D2_CLICK
29440,0,1,D2,D2_CLICK
29441,0,1,D2,D2_CLICK
29442,0,1,D2,D2_CLICK
29443,0,1,D2,D2_CLICK
29444,0,1,D2,D2_CLICK
29445,0,1,D2,D2_CLICK
29446,0,1,D2,D2_CLICK
29447,0,1,D2,D2_CLICK
29448,0,0,NONE,NO_CLICK
29449,0,0,NONE,NO_CLICK
29450,0,0,NONE,NO_CLICK
29451,0,0,NONE,NO_CLICK
29452,0,0,NONE,NO_CLICK
29453,0,0,NONE,NO_CLICK
29454,0,0,NONE,NO_CLICK
29455,0,0,NONE,NO_CLICK
29456,0,0,NONE,NO_CLICK
29457,0,0,NONE,NO_CLICK
29458,0,0,NONE,NO_CLICK
29459,0,0,NONE,NO_CLICK
29460,0,0,NONE,NO_CLICK
29461,0,0,NONE,NO_CLICK
29462,0,0,NONE,NO_CLICK
29463,0,0,NONE,NO_CLICK
29464,0,0,NONE,NO_CLICK
29465,0,0,NONE,NO_CLICK
29466,0,0,NONE,NO_CLICK
29467,0,0,NONE,NO_CLICK
29468,0,0,NONE,NO_CLICK
29469,0,0,NONE,NO_CLICK
29470,0,0,NONE,NO_CLICK
29471,0,0,NONE,NO_CLICK
29472,0,0,NONE,NO_CLICK
29473,0,0,NONE,NO_CLICK
29474,0,0,NONE,NO_CLICK
29475,0,0,NONE,NO_CLICK
29476,0,0,NONE,NO_CLICK
29477,0,0,NONE,NO_CLICK
29478,0,0,NONE,NO_CLICK
29479,0,0,NONE,NO_CLICK
29480,0,0,NONE,NO_CLICK
29481,0,0,NONE,NO_CLICK
29482,0,0,NONE,NO_CLICK
29483,0,0,NONE,NO_CLICK
29484,0,0,NONE,NO_CLICK
29485,0,0,NONE,NO_CLICK
29486,0,0,NONE,NO_CLICK
29487,0,0,NONE,NO_CLICK
29488,0,0,NONE,NO_CLICK
29489,0,0,NONE,NO_CLICK
29490,0,0,NONE,NO_CLICK
29491,0,0,NONE,NO_CLICK
29492,0,0,NONE,NO_CLICK
29493,0,0,NONE,NO_CLICK
29494,0,0,NONE,NO_CLICK
29495,0,0,NONE,NO_CLICK
29496,0,0,NONE,NO_CLICK
29497,0,0,NONE,NO_CLICK
29498,0,0,NONE,NO_CLICK
29499,0,0,NONE,NO_CLICK
29500,0,0,NONE,NO_CLICK
29501,0,0,NONE,NO_CLICK
29502,0,0,NONE,NO_CLICK
29503,0,0,NONE,NO_CLICK
29504,0,0,NONE,NO_CLICK
29505,0,0,NONE,NO_CLICK
29506,0,0,NONE,NO_CLICK
29507,0,0,NONE,NO_CLICK
29508,0,0,NONE,NO_CLICK
29509,0,0,NONE,NO_CLICK
29510,0,0,NONE,NO_CLICK
29511,0,0,NONE,NO_CLICK
29512,0,0,NONE,NO_CLICK
29513,0,0,NONE,NO_CLICK
29514,0,0,NONE,NO_CLICK
29515,0,0,NONE,NO_CLICK
29516,0,0,NONE,NO_CLICK
29517,0,0,NONE,NO_CLICK
29518,0,0,NONE,NO_CLICK
29519,0,0,NONE,NO_CLICK
29520,0,0,NONE,NO_CLICK
29521,0,0,NONE,NO_CLICK
29522,0,0,NONE,NO_CLICK
29523,0,0,NONE,NO_CLICK
29524,0,0,NONE,NO_CLICK
29525,0,0,NONE,NO_CLICK
29526,0,0,NONE,NO_CLICK
29527,0,0,NONE,NO_CLICK
29528,0,0,NONE,NO_CLICK
29529,0,0,NONE,NO_CLICK
29530,0,0,NONE,NO_CLICK
29531,0,0,NONE,NO_CLICK
29532,0,0,NONE,NO_CLICK
29533,0,0,NONE,NO_CLICK
29534,0,0,NONE,NO_CLICK
29535,0,0,NONE,NO_CLICK
29536,0,0,NONE,NO_CLICK
29537,0,0,NONE,NO_CLICK
29538,0,0,NONE,NO_CLICK
29539,0,0,NONE,NO_CLICK
29540,0,0,NONE,NO_CLICK
29541,0,0,NONE,NO_CLICK
29542,0,0,NONE,NO_CLICK
29543,0,0,NONE,NO_CLICK
29544,0,0,NONE,NO_CLICK
29545,0,0,NONE,NO_CLICK
29546,0,0,NONE,NO_CLICK
29547,0,0,NONE,NO_CLICK
29548,0,0,NONE,NO_CLICK
29549,0,0,NONE,NO_CLICK
29550,0,0,NONE,NO_CLICK
29551,0,0,NONE,NO_CLICK
29552,0,0,NONE,NO_CLICK
29553,0,0,NONE,NO_CLICK
29554,0,0,NONE,NO_CLICK
29555,0,0,NONE,NO_CLICK
29556,0,0,NONE,NO_CLICK
29557,0,0,NONE,NO_CLICK
29558,0,0,NONE,NO_CLICK
29559,0,0,NONE,NO_CLICK
29560,0,0,NONE,NO_CLICK
29561,0,0,NONE,NO_CLICK
29562,0,0,NONE,NO_CLICK
29563,0,0,NONE,NO_CLICK
29564,0,0,NONE,NO_CLICK
29565,0,0,NONE,NO_CLICK
29566,0,0,NONE,NO_CLICK
29567,0,0,NONE,NO_CLICK
29568,0,0,NONE,NO_CLICK
29569,0,0,NONE,NO_CLICK
29570,0,0,NONE,NO_CLICK
29571,0,0,NONE,NO_CLICK
29572,0,0,NONE,NO_CLICK
29573,0,0,NONE,NO_CLICK
29574,0,0,NONE,NO_CLICK
29575,0,0,NONE,NO_CLICK
29576,0,0,NONE,NO_CLICK
29577,0,0,NONE,NO_CLICK
29578,0,0,NONE,NO_CLICK
29579,0,0,NONE,NO_CLICK
29580,0,0,NONE,NO_CLICK
29581,0,0,NONE,NO_CLICK
29582,0,0,NONE,NO_CLICK
29583,0,0,NONE,NO_CLICK
29584,0,0,NONE,NO_CLICK
29585,0,0,NONE,NO_CLICK
29586,0,0,NONE,NO_CLICK
29587,0,0,NONE,NO_CLICK
29588,0,0,NONE,NO_CLICK
29589,0,0,NONE,NO_CLICK
29590,0,0,NONE,NO_CLICK
29591,0,0,NONE,NO_CLICK
29592,0,0,NONE,NO_CLICK
29593,0,0,NONE,NO_CLICK
29594,0,0,NONE,NO_CLICK
29595,0,0,NONE,NO_CLICK
29596,0,0,NONE,NO_CLICK
29597,0,0,NONE,NO_CLICK
29598,0,0,NONE,NO_CLICK
29599,0,0,NONE,NO_CLICK
29600,0,0,NONE,NO_CLICK
29601,0,0,NONE,NO_CLICK
29602,0,0,NONE,NO_CLICK
29603,0,0,NONE,NO_CLICK
29604,0,0,NONE,NO_CLICK
29605,0,0,NONE,NO_CLICK
29606,0,0,NONE,NO_CLICK
29607,0,0,NONE,NO_CLICK
29608,0,0,NONE,NO_CLICK
29609,0,0,NONE,NO_CLICK
29610,0,0,NONE,NO_CLICK
29611,0,0,NONE,NO_CLICK
29612,0,0,NONE,NO_CLICK
29613,0,0,NONE,NO_CLICK
29614,0,0,NONE,NO_CLICK
29615,0,0,NONE,NO_CLICK
29616,0,0,NONE,NO_CLICK
29617,0,0,NONE,NO_CLICK
29618,0,0,NONE,NO_CLICK
29619,0,0,NONE,NO_CLICK
29620,0,0,NONE,NO_CLICK
29621,0,0,NONE,NO_CLICK
29622,0,0,NONE,NO_CLICK
29623,0,0,NONE,NO_CLICK
29624,0,0,NONE,NO_CLICK
29625,0,0,NONE,NO_CLICK
29626,0,0,NONE,NO_CLICK
29627,0,0,NONE,NO_CLICK
29628,0,0,NONE,NO_CLICK
29629,0,0,NONE,NO_CLICK
29630,0,0,NONE,NO_CLICK
29631,0,0,NONE,NO_CLICK
29632,0,0,NONE,NO_CLICK
29633,0,0,NONE,NO_CLICK
29634,0,0,NONE,NO_CLICK
29635,0,0,NONE,NO_CLICK
29636,0,0,NONE,NO_CLICK
29637,0,0,NONE,NO_CLICK
29638,0,0,NONE,NO_CLICK
29639,0,0,NONE,NO_CLICK
29640,0,0,NONE,NO_CLICK
29641,0,0,NONE,NO_CLICK
29642,0,0,NONE,NO_CLICK
29643,0,0,NONE,NO_CLICK
29644,0,0,NONE,NO_CLICK
29645,0,0,NONE,NO_CLICK
29646,0,0,NONE,NO_CLICK
29647,0,0,NONE,NO_CLICK
29648,0,0,NONE,NO_CLICK
29649,0,0,NONE,NO_CLICK
29650,0,0,NONE,NO_CLICK
29651,0,0,NONE,NO_CLICK
29652,0,0,NONE,NO_CLICK
29653,0,0,NONE,NO_CLICK
29654,0,0,NONE,NO_CLICK
29655,0,0,NONE,NO_CLICK
29656,0,0,NONE,NO_CLICK
29657,0,0,NONE,NO_CLICK
29658,0,0,NONE,NO_CLICK
29659,0,0,NONE,NO_CLICK
29660,0,0,NONE,NO_CLICK
29661,0,0,NONE,NO_CLICK
29662,0,0,NONE,NO_CLICK
29663,0,0,NONE,NO_CLICK
29664,0,0,NONE,NO_CLICK
29665,0,0,NONE,NO_CLICK
29666,1,0,D1,D1_CLICK
29667,1,0,D1,D1_CLICK
29668,1,0,D1,D1_CLICK
29669,1,0,D1,D1_CLICK
29670,1,0,D1,D1_CLICK
29671,1,0,D1,D1_CLICK
29672,1,0,D1,D1_CLICK
29673,1,0,D1,D1_CLICK
29674,1,0,D1,D1_CLICK
29675,1,0,D1,D1_CLICK
29676,1,0,D1,D1_CLICK
29677,1,0,D1,D1_CLICK
29678,1,0,D1,D1_CLICK
29679,1,0,D1,D1_CLICK
29680,1,0,D1,D1_CLICK
29681,1,0,D1,D1_CLICK
29682,1,0,D1,D1_CLICK
29683,1,0,D1,D1_CLICK
29684,1,0,D1,D1_CLICK
29685,1,0,D1,D1_CLICK
29686,1,0,D1,D1_CLICK
29687,1,0,D1,D1_CLICK
29688,1,0,D1,D1_CLICK
29689,1,0,D1,D1_CLICK
29690,1,0,D1,D1_CLICK
29691,1,0,D1,D1_CLICK
29692,1,0,D1,D1_CLICK
29693,1,0,D1,D1_CLICK
29694,1,0,D1,D1_CLICK
29695,1,0,D1,D1_CLICK
29696,1,0,D1,D1_CLICK
29697,1,0,D1,D1_CLICK
29698,1,0,D1,D1_CLICK
29699,1,0,D1,D1_CLICK
29700,1,0,D1,D1_CLICK
29701,1,0,D1,D1_CLICK
29702,1,0,D1,D1_CLICK
29703,1,0,D1,D1_CLICK
29704,0,0,NONE,NO_CLICK
29705,0,0,NONE,NO_CLICK
29706,0,0,NONE,NO_CLICK
29707,0,0,NONE,NO_CLICK
29708,0,0,NONE,NO_CLICK
29709,0,0,NONE,NO_CLICK
29710,0,0,NONE,NO_CLICK
29711,0,0,NONE,NO_CLICK
29712,0,0,NONE,NO_CLICK
29713,0,0,NONE,NO_CLICK
29714,0,0,NONE,NO_CLICK
29715,0,0,NONE,NO_CLICK
29716,0,0,NONE,NO_CLICK
29717,0,0,NONE,NO_CLICK
29718,0,0,NONE,NO_CLICK
29719,0,0,NONE,NO_CLICK
29720,0,0,NONE,NO_CLICK
29721,0,0,NONE,NO_CLICK
29722,0,0,NONE,NO_CLICK
29723,0,0,NONE,NO_CLICK
29724,0,0,NONE,NO_CLICK
29725,0,0,NONE,NO_CLICK
29726,0,0,NONE,NO_CLICK
29727,0,0,NONE,NO_CLICK
29728,0,0,NONE,NO_CLICK
29729,0,0,NONE,NO_CLICK
29730,0,0,NONE,NO_CLICK
29731,0,0,NONE,NO_CLICK
29732,0,0,NONE,NO_CLICK
29733,0,0,NONE,NO_CLICK
29734,0,0,NONE,NO_CLICK
29735,0,0,NONE,NO_CLICK
29736,0,0,NONE,NO_CLICK
29737,0,0,NONE,NO_CLICK
29738,0,0,NONE,NO_CLICK
29739,0,0,NONE,NO_CLICK
29740,0,0,NONE,NO_CLICK
29741,0,0,NONE,NO_CLICK
29742,0,0,NONE,NO_CLICK
29743,0,0,NONE,NO_CLICK
29744,0,0,NONE,NO_CLICK
29745,0,0,NONE,NO_CLICK
29746,0,0,NONE,NO_CLICK
29747,0,0,NONE,NO_CLICK
29748,0,0,NONE,NO_CLICK
29749,0,0,NONE,NO_CLICK
29750,0,0,NONE,NO_CLICK
29751,0,0,NONE,NO_CLICK
29752,0,0,NONE,NO_CLICK
29753,0,0,NONE,NO_CLICK
29754,0,0,NONE,NO_CLICK
29755,0,0,NONE,NO_CLICK
29756,0,0,NONE,NO_CLICK
29757,0,0,NONE,NO_CLICK
29758,0,0,NONE,NO_CLICK
29759,0,0,NONE,NO_CLICK
29760,0,0,NONE,NO_CLICK
29761,0,0,NONE,NO_CLICK
29762,0,0,NONE,NO_CLICK
29763,0,0,NONE,NO_CLICK
29764,0,0,NONE,NO_CLICK
29765,0,0,NONE,NO_CLICK
29766,0,0,NONE,NO_CLICK
29767,0,0,NONE,NO_CLICK
29768,0,0,NONE,NO_CLICK
29769,0,0,NONE,NO_CLICK
29770,0,0,NONE,NO_CLICK
29771,0,0,NONE,NO_CLICK
29772,0,0,NONE,NO_CLICK
29773,0,0,NONE,NO_CLICK
29774,0,0,NONE,NO_CLICK
29775,0,0,NONE,NO_CLICK
29776,0,0,NONE,NO_CLICK
29777,0,0,NONE,NO_CLICK
29778,0,0,NONE,NO_CLICK
29779,0,0,NONE,NO_CLICK
29780,0,0,NONE,NO_CLICK
29781,0,0,NONE,NO_CLICK
29782,0,0,NONE,NO_CLICK
29783,0,0,NONE,NO_CLICK
29784,0,0,NONE,NO_CLICK
29785,0,0,NONE,NO_CLICK
29786,0,0,NONE,NO_CLICK
29787,0,0,NONE,NO_CLICK
29788,0,0,NONE,NO_CLICK
29789,0,0,NONE,NO_CLICK
29790,0,0,NONE,NO_CLICK
29791,0,0,NONE,NO_CLICK
29792,0,0,NONE,NO_CLICK
29793,0,0,NONE,NO_CLICK
29794,0,0,NONE,NO_CLICK
29795,0,0,NONE,NO_CLICK
29796,0,0,NONE,NO_CLICK
29797,0,0,NONE,NO_CLICK
29798,0,0,NONE,NO_CLICK
29799,0,0,NONE,NO_CLICK
29800,0,0,NONE,NO_CLICK
29801,0,0,NONE,NO_CLICK
29802,0,0,NONE,NO_CLICK
29803,0,0,NONE,NO_CLICK
29804,0,0,NONE,NO_CLICK
29805,0,0,NONE,NO_CLICK
29806,0,0,NONE,NO_CLICK
29807,0,0,NONE,NO_CLICK
29808,0,0,NONE,NO_CLICK
29809,0,0,NONE,NO_CLICK
29810,0,0,NONE,NO_CLICK
29811,0,0,NONE,NO_CLICK
29812,0,0,NONE,NO_CLICK
29813,0,0,NONE,NO_CLICK
29814,0,0,NONE,NO_CLICK
29815,0,0,NONE,NO_CLICK
29816,0,0,NONE,NO_CLICK
29817,0,0,NONE,NO_CLICK
29818,0,0,NONE,NO_CLICK
29819,0,0,NONE,NO_CLICK
29820,0,0,NONE,NO_CLICK
29821,0,0,NONE,NO_CLICK
29822,0,0,NONE,NO_CLICK
29823,0,0,NONE,NO_CLICK
29824,0,0,NONE,NO_CLICK
29825,0,0,NONE,NO_CLICK
29826,0,0,NONE,NO_CLICK
29827,0,0,NONE,NO_CLICK
29828,0,0,NONE,NO_CLICK
29829,0,0,NONE,NO_CLICK
29830,0,0,NONE,NO_CLICK
29831,0,0,NONE,NO_CLICK
29832,0,0,NONE,NO_CLICK
29833,0,0,NONE,NO_CLICK
29834,0,0,NONE,NO_CLICK
29835,0,0,NONE,NO_CLICK
29836,0,0,NONE,NO_CLICK
29837,0,0,NONE,NO_CLICK
29838,0,0,NONE,NO_CLICK
29839,0,0,NONE,NO_CLICK
29840,0,0,NONE,NO_CLICK
29841,0,0,NONE,NO_CLICK
29842,0,0,NONE,NO_CLICK
29843,0,0,NONE,NO_CLICK
29844,0,0,NONE,NO_CLICK
29845,0,0,NONE,NO_CLICK
29846,0,0,NONE,NO_CLICK
29847,0,0,NONE,NO_CLICK
29848,0,0,NONE,NO_CLICK
29849,0,0,NONE,NO_CLICK
29850,0,0,NONE,NO_CLICK
29851,0,0,NONE,NO_CLICK
29852,0,0,NONE,NO_CLICK
29853,0,0,NONE,NO_CLICK
29854,0,0,NONE,NO_CLICK
29855,0,0,NONE,NO_CLICK
29856,0,0,NONE,NO_CLICK
29857,0,0,NONE,NO_CLICK
29858,0,0,NONE,NO_CLICK
29859,0,0,NONE,NO_CLICK
29860,0,0,NONE,NO_CLICK
29861,0,0,NONE,NO_CLICK
29862,0,0,NONE,NO_CLICK
29863,0,0,NONE,NO_CLICK
29864,0,0,NONE,NO_CLICK
29865,0,0,NONE,NO_CLICK
29866,0,0,NONE,NO_CLICK
29867,0,0,NONE,NO_CLICK
29868,0,0,NONE,NO_CLICK
29869,0,0,NONE,NO_CLICK
29870,0,0,NONE,NO_CLICK
29871,0,0,NONE,NO_CLICK
29872,0,0,NONE,NO_CLICK
29873,0,0,NONE,NO_CLICK
29874,0,0,NONE,NO_CLICK
29875,0,0,NONE,NO_CLICK
29876,0,0,NONE,NO_CLICK
29877,0,0,NONE,NO_CLICK
29878,0,0,NONE,NO_CLICK
29879,0,0,NONE,NO_CLICK
29880,0,0,NONE,NO_CLICK
29881,0,0,NONE,NO_CLICK
29882,0,0,NONE,NO_CLICK
29883,0,0,NONE,NO_CLICK
29884,0,0,NONE,NO_CLICK
29885,0,0,NONE,NO_CLICK
29886,0,0,NONE,NO_CLICK
29887,0,0,NONE,NO_CLICK
29888,0,0,NONE,NO_CLICK
29889,0,0,NONE,NO_CLICK
29890,0,0,NONE,NO_CLICK
29891,0,0,NONE,NO_CLICK
29892,0,0,NONE,NO_CLICK
29893,0,0,NONE,NO_CLICK
29894,0,0,NONE,NO_CLICK
29895,0,0,NONE,NO_CLICK
29896,0,0,NONE,NO_CLICK
29897,0,0,NONE,NO_CLICK
29898,0,0,NONE,NO_CLICK
29899,0,0,NONE,NO_CLICK
29900,0,0,NONE,NO_CLICK
29901,0,0,NONE,NO_CLICK
29902,0,0,NONE,NO_CLICK
29903,0,0,NONE,NO_CLICK
29904,0,0,NONE,NO_CLICK
29905,0,0,NONE,NO_CLICK
29906,0,0,NONE,NO_CLICK
29907,0,0,NONE,NO_CLICK
29908,0,0,NONE,NO_CLICK
29909,0,0,NONE,NO_CLICK
29910,0,0,NONE,NO_CLICK
29911,0,0,NONE,NO_CLICK
29912,0,0,NONE,NO_CLICK
29913,0,0,NONE,NO_CLICK
29914,0,0,NONE,NO_CLICK
29915,0,0,NONE,NO_CLICK
29916,0,0,NONE,NO_CLICK
29917,0,0,NONE,NO_CLICK
29918,0,0,NONE,NO_CLICK
29919,0,0,NONE,NO_CLICK
29920,0,0,NONE,NO_CLICK
29921,0,0,NONE,NO_CLICK
29922,1,0,D1,D1_CLICK
29923,1,0,D1,D1_CLICK
29924,1,0,D1,D1_CLICK
29925,1,0,D1,D1_CLICK
29926,1,0,D1,D1_CLICK
29927,1,0,D1,D1_CLICK
29928,1,0,D1,D1_CLICK
29929,1,0,D1,D1_CLICK
29930,1,0,D1,D1_CLICK
29931,1,0,D1,D1_CLICK
29932,1,0,D1,D1_CLICK
29933,1,0,D1,D1_CLICK
29934,1,0,D1,D1_CLICK
29935,1,0,D1,D1_CLICK
29936,1,0,D1,D1_CLICK
29937,1,0,D1,D1_CLICK
29938,1,0,D1,D1_CLICK
29939,1,0,D1,D1_CLICK
29940,1,0,D1,D1_CLICK
29941,1,0,D1,D1_CLICK
29942,1,0,D1,D1_CLICK
29943,1,0,D1,D1_CLICK
29944,1,0,D1,D1_CLICK
29945,1,0,D1,D1_CLICK
29946,1,0,D1,D1_CLICK
29947,1,0,D1,D1_CLICK
29948,1,0,D1,D1_CLICK
29949,1,0,D1,D1_CLICK
29950,1,0,D1,D1_CLICK
29951,1,0,D1,D1_CLICK
29952,1,0,D1,D1_CLICK
29953,1,0,D1,D1_CLICK
29954,1,1,BOTH,DOUBLE_CLICK
29955,1,1,BOTH,DOUBLE_CLICK
29956,1,1,BOTH,DOUBLE_CLICK
29957,1,1,BOTH,DOUBLE_CLICK
29958,1,1,BOTH,DOUBLE_CLICK
29959,1,1,BOTH,DOUBLE_CLICK
29960,0,1,D2,D2_CLICK
29961,0,1,D2,D2_CLICK
29962,0,1,D2,D2_CLICK
29963,0,1,D2,D2_CLICK
29964,0,1,D2,D2_CLICK
29965,0,1,D2,D2_CLICK
29966,0,1,D2,D2_CLICK
29967,0,1,D2,D2_CLICK
29968,0,1,D2,D2_CLICK
29969,0,1,D2,D2_CLICK
29970,0,1,D2,D2_CLICK
29971,0,1,D2,D2_CLICK
29972,0,1,D2,D2_CLICK
29973,0,1,D2,D2_CLICK
29974,0,1,D2,D2_CLICK
29975,0,1,D2,D2_CLICK
29976,0,1,D2,D2_CLICK
29977,0,1,D2,D2_CLICK
29978,0,1,D2,D2_CLICK
29979,0,1,D2,D2_CLICK
29980,0,1,D2,D2_CLICK
29981,0,1,D2,D2_CLICK
29982,0,1,D2,D2_CLICK
29983,0,1,D2,D2_CLICK
29984,0,1,D2,D2_CLICK
29985,0,1,D2,D2_CLICK
29986,0,1,D2,D2_CLICK
29987,0,1,D2,D2_CLICK
29988,0,1,D2,D2_CLICK
29989,0,1,D2,D2_CLICK
29990,0,1,D2,D2_CLICK
29991,0,1,D2,D2_CLICK
29992,0,0,NONE,NO_CLICK
29993,0,0,NONE,NO_CLICK
29994,0,0,NONE,NO_CLICK
29995,0,0,NONE,NO_CLICK
29996,0,0,NONE,NO_CLICK
29997,0,0,NONE,NO_CLICK
29998,0,0,NONE,NO_CLICK
29999,0,0,NONE,NO_CLICK
30000,0,0,NONE,NO_CLICK
30001,0,0,NONE,NO_CLICK
30002,0,0,NONE,NO_CLICK
30003,0,0,NONE,NO_CLICK
30004,0,0,NONE,NO_CLICK
30005,0,0,NONE,NO_CLICK
30006,0,0,NONE,NO_CLICK
30007,0,0,NONE,NO_CLICK
30008,0,0,NONE,NO_CLICK
30009,0,0,NONE,NO_CLICK
30010,0,0,NONE,NO_CLICK
30011,0,0,NONE,NO_CLICK
30012,0,0,NONE,NO_CLICK
30013,0,0,NONE,NO_CLICK
30014,0,0,NONE,NO_CLICK
30015,0,0,NONE,NO_CLICK
30016,0,0,NONE,NO_CLICK
30017,0,0,NONE,NO_CLICK
30018,0,0,NONE,NO_CLICK
30019,0,0,NONE,NO_CLICK
30020,0,0,NONE,NO_CLICK
30021,0,0,NONE,NO_CLICK
30022,0,0,NONE,NO_CLICK
30023,0,0,NONE,NO_CLICK
30024,0,0,NONE,NO_CLICK
30025,0,0,NONE,NO_CLICK
30026,0,0,NONE,NO_CLICK
30027,0,0,NONE,NO_CLICK
30028,0,0,NONE,NO_CLICK
30029,0,0,NONE,NO_CLICK
30030,0,0,NONE,NO_CLICK
30031,0,0,NONE,NO_CLICK
30032,0,0,NONE,NO_CLICK
30033,0,0,NONE,NO_CLICK
30034,0,0,NONE,NO_CLICK
30035,0,0,NONE,NO_CLICK
30036,0,0,NONE,NO_CLICK
30037,0,0,NONE,NO_CLICK
30038,0,0,NONE,NO_CLICK
30039,0,0,NONE,NO_CLICK
30040,0,0,NONE,NO_CLICK
30041,0,0,NONE,NO_CLICK
30042,0,0,NONE,NO_CLICK
30043,0,0,NONE,NO_CLICK
30044,0,0,NONE,NO_CLICK
30045,0,0,NONE,NO_CLICK
30046,0,0,NONE,NO_CLICK
30047,0,0,NONE,NO_CLICK
30048,0,0,NONE,NO_CLICK
30049,0,0,NONE,NO_CLICK
30050,0,0,NONE,NO_CLICK
30051,0,0,NONE,NO_CLICK
30052,0,0,NONE,NO_CLICK
30053,0,0,NONE,NO_CLICK
30054,0,0,NONE,NO_CLICK
30055,0,0,NONE,NO_CLICK
30056,0,0,NONE,NO_CLICK
30057,0,0,NONE,NO_CLICK
30058,0,0,NONE,NO_CLICK
30059,0,0,NONE,NO_CLICK
30060,0,0,NONE,NO_CLICK
30061,0,0,NONE,NO_CLICK
30062,0,0,NONE,NO_CLICK
30063,0,0,NONE,NO_CLICK
30064,0,0,NONE,NO_CLICK
30065,0,0,NONE,NO_CLICK
30066,0,0,NONE,NO_CLICK
30067,0,0,NONE,NO_CLICK
30068,0,0,NONE,NO_CLICK
30069,0,0,NONE,NO_CLICK
30070,0,0,NONE,NO_CLICK
30071,0,0,NONE,NO_CLICK
30072,0,0,NONE,NO_CLICK
30073,0,0,NONE,NO_CLICK
30074,0,0,NONE,NO_CLICK
30075,0,0,NONE,NO_CLICK
30076,0,0,NONE,NO_CLICK
30077,0,0,NONE,NO_CLICK
30078,0,0,NONE,NO_CLICK
30079,0,0,NONE,NO_CLICK
30080,0,0,NONE,NO_CLICK
30081,0,0,NONE,NO_CLICK
30082,0,0,NONE,NO_CLICK
30083,0,0,NONE,NO_CLICK
30084,0,0,NONE,NO_CLICK
30085,0,0,NONE,NO_CLICK
30086,0,0,NONE,NO_CLICK
30087,0,0,NONE,NO_CLICK
30088,0,0,NONE,NO_CLICK
30089,0,0,NONE,NO_CLICK
30090,0,0,NONE,NO_CLICK
30091,0,0,NONE,NO_CLICK
30092,0,0,NONE,NO_CLICK
30093,0,0,NONE,NO_CLICK
30094,0,0,NONE,NO_CLICK
30095,0,0,NONE,NO_CLICK
30096,0,0,NONE,NO_CLICK
30097,0,0,NONE,NO_CLICK
30098,0,0,NONE,NO_CLICK
30099,0,0,NONE,NO_CLICK
30100,0,0,NONE,NO_CLICK
30101,0,0,NONE,NO_CLICK
30102,0,0,NONE,NO_CLICK
30103,0,0,NONE,NO_CLICK
30104,0,0,NONE,NO_CLICK
30105,0,0,NONE,NO_CLICK
30106,0,0,NONE,NO_CLICK
30107,0,0,NONE,NO_CLICK
30108,0,0,NONE,NO_CLICK
30109,0,0,NONE,NO_CLICK
30110,0,0,NONE,NO_CLICK
30111,0,0,NONE,NO_CLICK
30112,0,0,NONE,NO_CLICK
30113,0,0,NONE,NO_CLICK
30114,0,0,NONE,NO_CLICK
30115,0,0,NONE,NO_CLICK
30116,0,0,NONE,NO_CLICK
30117,0,0,NONE,NO_CLICK
30118,0,0,NONE,NO_CLICK
30119,0,0,NONE,NO_CLICK
30120,0,0,NONE,NO_CLICK
30121,0,0,NONE,NO_CLICK
30122,0,0,NONE,NO_CLICK
30123,0,0,NONE,NO_CLICK
30124,0,0,NONE,NO_CLICK
30125,0,0,NONE,NO_CLICK
30126,0,0,NONE,NO_CLICK
30127,0,0,NONE,NO_CLICK
30128,0,0,NONE,NO_CLICK
30129,0,0,NONE,NO_CLICK
30130,0,0,NONE,NO_CLICK
30131,0,0,NONE,NO_CLICK
30132,0,0,NONE,NO_CLICK
30133,0,0,NONE,NO_CLICK
30134,0,0,NONE,NO_CLICK
30135,0,0,NONE,NO_CLICK
30136,0,0,NONE,NO_CLICK
30137,0,0,NONE,NO_CLICK
30138,0,0,NONE,NO_CLICK
30139,0,0,NONE,NO_CLICK
30140,0,0,NONE,NO_CLICK
30141,0,0,NONE,NO_CLICK
30142,0,0,NONE,NO_CLICK
30143,0,0,NONE,NO_CLICK
30144,0,0,NONE,NO_CLICK
30145,0,0,NONE,NO_CLICK
30146,0,0,NONE,NO_CLICK
30147,0,0,NONE,NO_CLICK
30148,0,0,NONE,NO_CLICK
30149,0,0,NONE,NO_CLICK
30150,0,0,NONE,NO_CLICK
30151,0,0,NONE,NO_CLICK
30152,0,0,NONE,NO_CLICK
30153,0,0,NONE,NO_CLICK
30154,0,0,NONE,NO_CLICK
30155,0,0,NONE,NO_CLICK
30156,0,0,NONE,NO_CLICK
30157,0,0,NONE,NO_CLICK
30158,0,0,NONE,NO_CLICK
30159,0,0,NONE,NO_CLICK
30160,0,0,NONE,NO_CLICK
30161,0,0,NONE,NO_CLICK
30162,0,0,NONE,NO_CLICK
30163,0,0,NONE,NO_CLICK
30164,0,0,NONE,NO_CLICK
30165,0,0,NONE,NO_CLICK
30166,0,0,NONE,NO_CLICK
30167,0,0,NONE,NO_CLICK
30168,0,0,NONE,NO_CLICK
30169,0,0,NONE,NO_CLICK
30170,0,0,NONE,NO_CLICK
30171,0,0,NONE,NO_CLICK
30172,0,0,NONE,NO_CLICK
30173,0,0,NONE,NO_CLICK
30174,0,0,NONE,NO_CLICK
30175,0,0,NONE,NO_CLICK
30176,0,0,NONE,NO_CLICK
30177,0,0,NONE,NO_CLICK
30178,0,0,NONE,NO_CLICK
30179,0,0,NONE,NO_CLICK
30180,0,0,NONE,NO_CLICK
30181,0,0,NONE,NO_CLICK
30182,0,0,NONE,NO_CLICK
30183,0,0,NONE,NO_CLICK
30184,0,0,NONE,NO_CLICK
30185,0,0,NONE,NO_CLICK
30186,0,0,NONE,NO_CLICK
30187,0,0,NONE,NO_CLICK
30188,0,0,NONE,NO_CLICK
30189,0,0,NONE,NO_CLICK
30190,0,0,NONE,NO_CLICK
30191,0,0,NONE,NO_CLICK
30192,0,0,NONE,NO_CLICK
30193,0,0,NONE,NO_CLICK
30194,0,0,NONE,NO_CLICK
30195,0,0,NONE,NO_CLICK
30196,0,0,NONE,NO_CLICK
30197,0,0,NONE,NO_CLICK
30198,0,0,NONE,NO_CLICK
30199,0,0,NONE,NO_CLICK
30200,0,0,NONE,NO_CLICK
30201,0,0,NONE,NO_CLICK
30202,0,0,NONE,NO_CLICK
30203,0,0,NONE,NO_CLICK
30204,0,0,NONE,NO_CLICK
30205,0,0,NONE,NO_CLICK
30206,0,0,NONE,NO_CLICK
30207,0,0,NONE,NO_CLICK
30208,0,0,NONE,NO_CLICK
30209,0,0,NONE,NO_CLICK
30210,0,0,NONE,NO_CLICK
30211,0,0,NONE,NO_CLICK
30212,0,0,NONE,NO_CLICK
30213,0,0,NONE,NO_CLICK
30214,0,0,NONE,NO_CLICK
30215,0,0,NONE,NO_CLICK
30216,0,0,NONE,NO_CLICK
30217,0,0,NONE,NO_CLICK
30218,0,0,NONE,NO_CLICK
30219,0,0,NONE,NO_CLICK
30220,0,0,NONE,NO_CLICK
30221,0,0,NONE,NO_CLICK
30222,0,0,NONE,NO_CLICK
30223,0,0,NONE,NO_CLICK
30224,0,0,NONE,NO_CLICK
30225,0,0,NONE,NO_CLICK
30226,0,0,NONE,NO_CLICK
30227,0,0,NONE,NO_CLICK
30228,0,0,NONE,NO_CLICK
30229,0,0,NONE,NO_CLICK
30230,0,0,NONE,NO_CLICK
30231,0,0,NONE,NO_CLICK
30232,0,0,NONE,NO_CLICK
30233,0,0,NONE,NO_CLICK
30234,0,0,NONE,NO_CLICK
30235,0,0,NONE,NO_CLICK
30236,0,0,NONE,NO_CLICK
30237,0,0,NONE,NO_CLICK
30238,0,0,NONE,NO_CLICK
30239,0,0,NONE,NO_CLICK
30240,0,0,NONE,NO_CLICK
30241,0,0,NONE,NO_CLICK
30242,1,0,D1,D1_CLICK
30243,1,0,D1,D1_CLICK
30244,1,0,D1,D1_CLICK
30245,1,0,D1,D1_CLICK
30246,1,0,D1,D1_CLICK
30247,1,0,D1,D1_CLICK
30248,1,0,D1,D1_CLICK
30249,1,0,D1,D1_CLICK
30250,1,0,D1,D1_CLICK
30251,1,0,D1,D1_CLICK
30252,1,0,D1,D1_CLICK
30253,1,0,D1,D1_CLICK
30254,1,0,D1,D1_CLICK
30255,1,0,D1,D1_CLICK
30256,1,0,D1,D1_CLICK
30257,1,0,D1,D1_CLICK
30258,1,0,D1,D1_CLICK
30259,1,0,D1,D1_CLICK
30260,1,0,D1,D1_CLICK
30261,1,0,D1,D1_CLICK
30262,1,0,D1,D1_CLICK
30263,1,0,D1,D1_CLICK
30264,1,0,D1,D1_CLICK
30265,1,0,D1,D1_CLICK
30266,1,0,D1,D1_CLICK
30267,1,0,D1,D1_CLICK
30268,1,0,D1,D1_CLICK
30269,1,0,D1,D1_CLICK
30270,1,0,D1,D1_CLICK
30271,1,0,D1,D1_CLICK
30272,1,0,D1,D1_CLICK
30273,1,0,D1,D1_CLICK
30274,1,0,D1,D1_CLICK
30275,1,0,D1,D1_CLICK
30276,1,0,D1,D1_CLICK
30277,1,0,D1,D1_CLICK
30278,1,0,D1,D1_CLICK
30279,1,0,D1,D1_CLICK
30280,0,0,NONE,NO_CLICK
30281,0,0,NONE,NO_CLICK
30282,0,0,NONE,NO_CLICK
30283,0,0,NONE,NO_CLICK
30284,0,0,NONE,NO_CLICK
30285,0,0,NONE,NO_CLICK
30286,0,0,NONE,NO_CLICK
30287,0,0,NONE,NO_CLICK
30288,0,0,NONE,NO_CLICK
30289,0,0,NONE,NO_CLICK
30290,0,0,NONE,NO_CLICK
30291,0,0,NONE,NO_CLICK
30292,0,0,NONE,NO_CLICK
30293,0,0,NONE,NO_CLICK
30294,0,0,NONE,NO_CLICK
30295,0,0,NONE,NO_CLICK
30296,0,0,NONE,NO_CLICK
30297,0,0,NONE,NO_CLICK
30298,0,0,NONE,NO_CLICK
30299,0,0,NONE,NO_CLICK
30300,0,0,NONE,NO_CLICK
30301,0,0,NONE,NO_CLICK
30302,0,0,NONE,NO_CLICK
30303,0,0,NONE,NO_CLICK
30304,0,0,NONE,NO_CLICK
30305,0,0,NONE,NO_CLICK
30306,0,0,NONE,NO_CLICK
30307,0,0,NONE,NO_CLICK
30308,0,0,NONE,NO_CLICK
30309,0,0,NONE,NO_CLICK
30310,0,0,NONE,NO_CLICK
30311,0,0,NONE,NO_CLICK
30312,0,0,NONE,NO_CLICK
30313,0,0,NONE,NO_CLICK
30314,0,0,NONE,NO_CLICK
30315,0,0,NONE,NO_CLICK
30316,0,0,NONE,NO_CLICK
30317,0,0,NONE,NO_CLICK
30318,0,0,NONE,NO_CLICK
30319,0,0,NONE,NO_CLICK
30320,0,0,NONE,NO_CLICK
30321,0,0,NONE,NO_CLICK
30322,0,0,NONE,NO_CLICK
30323,0,0,NONE,NO_CLICK
30324,0,0,NONE,NO_CLICK
30325,0,0,NONE,NO_CLICK
30326,0,0,NONE,NO_CLICK
30327,0,0,NONE,NO_CLICK
30328,0,0,NONE,NO_CLICK
30329,0,0,NONE,NO_CLICK
30330,0,0,NONE,NO_CLICK
30331,0,0,NONE,NO_CLICK
30332,0,0,NONE,NO_CLICK
30333,0,0,NONE,NO_CLICK
30334,0,0,NONE,NO_CLICK
30335,0,0,NONE,NO_CLICK
30336,0,0,NONE,NO_CLICK
30337,0,0,NONE,NO_CLICK
30338,1,0,D1,D1_CLICK
30339,1,0,D1,D1_CLICK
30340,1,0,D1,D1_CLICK
30341,1,0,D1,D1_CLICK
30342,1,0,D1,D1_CLICK
30343,1,0,D1,D1_CLICK
30344,1,0,D1,D1_CLICK
30345,1,0,D1,D1_CLICK
30346,1,0,D1,D1_CLICK
30347,1,0,D1,D1_CLICK
30348,1,0,D1,D1_CLICK
30349,1,0,D1,D1_CLICK
30350,1,0,D1,D1_CLICK
30351,1,0,D1,D1_CLICK
30352,1,0,D1,D1_CLICK
30353,1,0,D1,D1_CLICK
30354,1,0,D1,D1_CLICK
30355,1,0,D1,D1_CLICK
30356,1,0,D1,D1_CLICK
30357,1,0,D1,D1_CLICK
30358,1,0,D1,D1_CLICK
30359,1,0,D1,D1_CLICK
30360,1,0,D1,D1_CLICK
30361,1,0,D1,D1_CLICK
30362,1,0,D1,D1_CLICK
30363,1,0,D1,D1_CLICK
30364,1,0,D1,D1_CLICK
30365,1,0,D1,D1_CLICK
30366,1,0,D1,D1_CLICK
30367,1,0,D1,D1_CLICK
30368,1,0,D1,D1_CLICK
30369,1,0,D1,D1_CLICK
30370,1,0,D1,D1_CLICK
30371,1,0,D1,D1_CLICK
30372,1,0,D1,D1_CLICK
30373,1,0,D1,D1_CLICK
30374,1,0,D1,D1_CLICK
30375,1,0,D1,D1_CLICK
30376,0,0,NONE,NO_CLICK
30377,0,0,NONE,NO_CLICK
30378,0,0,NONE,NO_CLICK
30379,0,0,NONE,NO_CLICK
30380,0,0,NONE,NO_CLICK
30381,0,0,NONE,NO_CLICK
30382,0,0,NONE,NO_CLICK
30383,0,0,NONE,NO_CLICK
30384,0,0,NONE,NO_CLICK
30385,0,0,NONE,NO_CLICK
30386,0,0,NONE,NO_CLICK
30387,0,0,NONE,NO_CLICK
30388,0,0,NONE,NO_CLICK
30389,0,0,NONE,NO_CLICK
30390,0,0,NONE,NO_CLICK
30391,0,0,NONE,NO_CLICK
30392,0,0,NONE,NO_CLICK
30393,0,0,NONE,NO_CLICK
30394,0,0,NONE,NO_CLICK
30395,0,0,NONE,NO_CLICK
30396,0,0,NONE,NO_CLICK
30397,0,0,NONE,NO_CLICK
30398,0,0,NONE,NO_CLICK
30399,0,0,NONE,NO_CLICK
30400,0,0,NONE,NO_CLICK
30401,0,0,NONE,NO_CLICK
30402,0,1,D2,D2_CLICK
30403,0,1,D2,D2_CLICK
30404,0,1,D2,D2_CLICK
30405,0,1,D2,D2_CLICK
30406,0,1,D2,D2_CLICK
30407,0,1,D2,D2_CLICK
30408,0,1,D2,D2_CLICK
30409,0,1,D2,D2_CLICK
30410,0,1,D2,D2_CLICK
30411,0,1,D2,D2_CLICK
30412,0,1,D2,D2_CLICK
30413,0,1,D2,D2_CLICK
30414,0,1,D2,D2_CLICK
30415,0,1,D2,D2_CLICK
30416,0,1,D2,D2_CLICK
30417,0,1,D2,D2_CLICK
30418,0,1,D2,D2_CLICK
30419,0,1,D2,D2_CLICK
30420,0,1,D2,D2_CLICK
30421,0,1,D2,D2_CLICK
30422,0,1,D2,D2_CLICK
30423,0,1,D2,D2_CLICK
30424,0,1,D2,D2_CLICK
30425,0,1,D2,D2_CLICK
30426,0,1,D2,D2_CLICK
30427,0,1,D2,D2_CLICK
30428,0,1,D2,D2_CLICK
30429,0,1,D2,D2_CLICK
30430,0,1,D2,D2_CLICK
30431,0,1,D2,D2_CLICK
30432,0,1,D2,D2_CLICK
30433,0,1,D2,D2_CLICK
30434,0,1,D2,D2_CLICK
30435,0,1,D2,D2_CLICK
30436,0,1,D2,D2_CLICK
30437,0,1,D2,D2_CLICK
30438,0,1,D2,D2_CLICK
30439,0,1,D2,D2_CLICK
30440,0,0,NONE,NO_CLICK
30441,0,0,NONE,NO_CLICK
30442,0,0,NONE,NO_CLICK
30443,0,0,NONE,NO_CLICK
30444,0,0,NONE,NO_CLICK
30445,0,0,NONE,NO_CLICK
30446,0,0,NONE,NO_CLICK
30447,0,0,NONE,NO_CLICK
30448,0,0,NONE,NO_CLICK
30449,0,0,NONE,NO_CLICK
30450,0,0,NONE,NO_CLICK
30451,0,0,NONE,NO_CLICK
30452,0,0,NONE,NO_CLICK
30453,0,0,NONE,NO_CLICK
30454,0,0,NONE,NO_CLICK
30455,0,0,NONE,NO_CLICK
30456,0,0,NONE,NO_CLICK
30457,0,0,NONE,NO_CLICK
30458,0,0,NONE,NO_CLICK
30459,0,0,NONE,NO_CLICK
30460,0,0,NONE,NO_CLICK
30461,0,0,NONE,NO_CLICK
30462,0,0,NONE,NO_CLICK
30463,0,0,NONE,NO_CLICK
30464,0,0,NONE,NO_CLICK
30465,0,0,NONE,NO_CLICK
30466,0,0,NONE,NO_CLICK
30467,0,0,NONE,NO_CLICK
30468,0,0,NONE,NO_CLICK
30469,0,0,NONE,NO_CLICK
30470,0,0,NONE,NO_CLICK
30471,0,0,NONE,NO_CLICK
30472,0,0,NONE,NO_CLICK
30473,0,0,NONE,NO_CLICK
30474,0,0,NONE,NO_CLICK
30475,0,0,NONE,NO_CLICK
30476,0,0,NONE,NO_CLICK
30477,0,0,NONE,NO_CLICK
30478,0,0,NONE,NO_CLICK
30479,0,0,NONE,NO_CLICK
30480,0,0,NONE,NO_CLICK
30481,0,0,NONE,NO_CLICK
30482,0,0,NONE,NO_CLICK
30483,0,0,NONE,NO_CLICK
30484,0,0,NONE,NO_CLICK
30485,0,0,NONE,NO_CLICK
30486,0,0,NONE,NO_CLICK
30487,0,0,NONE,NO_CLICK
30488,0,0,NONE,NO_CLICK
30489,0,0,NONE,NO_CLICK
30490,0,0,NONE,NO_CLICK
30491,0,0,NONE,NO_CLICK
30492,0,0,NONE,NO_CLICK
30493,0,0,NONE,NO_CLICK
30494,0,0,NONE,NO_CLICK
30495,0,0,NONE,NO_CLICK
30496,0,0,NONE,NO_CLICK
30497,0,0,NONE,NO_CLICK
30498,0,0,NONE,NO_CLICK
30499,0,0,NONE,NO_CLICK
30500,0,0,NONE,NO_CLICK
30501,0,0,NONE,NO_CLICK
30502,0,0,NONE,NO_CLICK
30503,0,0,NONE,NO_CLICK
30504,0,0,NONE,NO_CLICK
30505,0,0,NONE,NO_CLICK
30506,0,0,NONE,NO_CLICK
30507,0,0,NONE,NO_CLICK
30508,0,0,NONE,NO_CLICK
30509,0,0,NONE,NO_CLICK
30510,0,0,NONE,NO_CLICK
30511,0,0,NONE,NO_CLICK
30512,0,0,NONE,NO_CLICK
30513,0,0,NONE,NO_CLICK
30514,0,0,NONE,NO_CLICK
30515,0,0,NONE,NO_CLICK
30516,0,0,NONE,NO_CLICK
30517,0,0,NONE,NO_CLICK
30518,0,0,NONE,NO_CLICK
30519,0,0,NONE,NO_CLICK
30520,0,0,NONE,NO_CLICK
30521,0,0,NONE,NO_CLICK
30522,0,0,NONE,NO_CLICK
30523,0,0,NONE,NO_CLICK
30524,0,0,NONE,NO_CLICK
30525,0,0,NONE,NO_CLICK
30526,0,0,NONE,NO_CLICK
30527,0,0,NONE,NO_CLICK
30528,0,0,NONE,NO_CLICK
30529,0,0,NONE,NO_CLICK
30530,0,0,NONE,NO_CLICK
30531,0,0,NONE,NO_CLICK
30532,0,0,NONE,NO_CLICK
30533,0,0,NONE,NO_CLICK
30534,0,0,NONE,NO_CLICK
30535,0,0,NONE,NO_CLICK
30536,0,0,NONE,NO_CLICK
30537,0,0,NONE,NO_CLICK
30538,0,0,NONE,NO_CLICK
30539,0,0,NONE,NO_CLICK
30540,0,0,NONE,NO_CLICK
30541,0,0,NONE,NO_CLICK
30542,0,0,NONE,NO_CLICK
30543,0,0,NONE,NO_CLICK
30544,0,0,NONE,NO_CLICK
30545,0,0,NONE,NO_CLICK
30546,0,0,NONE,NO_CLICK
30547,0,0,NONE,NO_CLICK
30548,0,0,NONE,NO_CLICK
30549,0,0,NONE,NO_CLICK
30550,0,0,NONE,NO_CLICK
30551,0,0,NONE,NO_CLICK
30552,0,0,NONE,NO_CLICK
30553,0,0,NONE,NO_CLICK
30554,0,0,NONE,NO_CLICK
30555,0,0,NONE,NO_CLICK
30556,0,0,NONE,NO_CLICK
30557,0,0,NONE,NO_CLICK
30558,0,0,NONE,NO_CLICK
30559,0,0,NONE,NO_CLICK
30560,0,0,NONE,NO_CLICK
30561,0,0,NONE,NO_CLICK
30562,0,0,NONE,NO_CLICK
30563,0,0,NONE,NO_CLICK
30564,0,0,NONE,NO_CLICK
30565,0,0,NONE,NO_CLICK
30566,0,0,NONE,NO_CLICK
30567,0,0,NONE,NO_CLICK
30568,0,0,NONE,NO_CLICK
30569,0,0,NONE,NO_CLICK
30570,0,0,NONE,NO_CLICK
30571,0,0,NONE,NO_CLICK
30572,0,0,NONE,NO_CLICK
30573,0,0,NONE,NO_CLICK
30574,0,0,NONE,NO_CLICK
30575,0,0,NONE,NO_CLICK
30576,0,0,NONE,NO_CLICK
30577,0,0,NONE,NO_CLICK
30578,0,0,NONE,NO_CLICK
30579,0,0,NONE,NO_CLICK
30580,0,0,NONE,NO_CLICK
30581,0,0,NONE,NO_CLICK
30582,0,0,NONE,NO_CLICK
30583,0,0,NONE,NO_CLICK
30584,0,0,NONE,NO_CLICK
30585,0,0,NONE,NO_CLICK
30586,0,0,NONE,NO_CLICK
30587,0,0,NONE,NO_CLICK
30588,0,0,NONE,NO_CLICK
30589,0,0,NONE,NO_CLICK
30590,0,0,NONE,NO_CLICK
30591,0,0,NONE,NO_CLICK
30592,0,0,NONE,NO_CLICK
30593,0,0,NONE,NO_CLICK
30594,0,0,NONE,NO_CLICK
30595,0,0,NONE,NO_CLICK
30596,0,0,NONE,NO_CLICK
30597,0,0,NONE,NO_CLICK
30598,0,0,NONE,NO_CLICK
30599,0,0,NONE,NO_CLICK
30600,0,0,NONE,NO_CLICK
30601,0,0,NONE,NO_CLICK
30602,0,0,NONE,NO_CLICK
30603,0,0,NONE,NO_CLICK
30604,0,0,NONE,NO_CLICK
30605,0,0,NONE,NO_CLICK
30606,0,0,NONE,NO_CLICK
30607,0,0,NONE,NO_CLICK
30608,0,0,NONE,NO_CLICK
30609,0,0,NONE,NO_CLICK
30610,0,0,NONE,NO_CLICK
30611,0,0,NONE,NO_CLICK
30612,0,0,NONE,NO_CLICK
30613,0,0,NONE,NO_CLICK
30614,0,0,NONE,NO_CLICK
30615,0,0,NONE,NO_CLICK
30616,0,0,NONE,NO_CLICK
30617,0,0,NONE,NO_CLICK
30618,0,0,NONE,NO_CLICK
30619,0,0,NONE,NO_CLICK
30620,0,0,NONE,NO_CLICK
30621,0,0,NONE,NO_CLICK
30622,0,0,NONE,NO_CLICK
30623,0,0,NONE,NO_CLICK
30624,0,0,NONE,NO_CLICK
30625,0,0,NONE,NO_CLICK
30626,0,0,NONE,NO_CLICK
30627,0,0,NONE,NO_CLICK
30628,0,0,NONE,NO_CLICK
30629,0,0,NONE,NO_CLICK
30630,0,0,NONE,NO_CLICK
30631,0,0,NONE,NO_CLICK
30632,0,0,NONE,NO_CLICK
30633,0,0,NONE,NO_CLICK
30634,0,0,NONE,NO_CLICK
30635,0,0,NONE,NO_CLICK
30636,0,0,NONE,NO_CLICK
30637,0,0,NONE,NO_CLICK
30638,0,0,NONE,NO_CLICK
30639,0,0,NONE,NO_CLICK
30640,0,0,NONE,NO_CLICK
30641,0,0,NONE,NO_CLICK
30642,0,0,NONE,NO_CLICK
30643,0,0,NONE,NO_CLICK
30644,0,0,NONE,NO_CLICK
30645,0,0,NONE,NO_CLICK
30646,0,0,NONE,NO_CLICK
30647,0,0,NONE,NO_CLICK
30648,0,0,NONE,NO_CLICK
30649,0,0,NONE,NO_CLICK
30650,0,0,NONE,NO_CLICK
30651,0,0,NONE,NO_CLICK
30652,0,0,NONE,NO_CLICK
30653,0,0,NONE,NO_CLICK
30654,0,0,NONE,NO_CLICK
30655,0,0,NONE,NO_CLICK
30656,0,0,NONE,NO_CLICK
30657,0,0,NONE,NO_CLICK
30658,1,0,D1,D1_CLICK
30659,1,0,D1,D1_CLICK
30660,1,0,D1,D1_CLICK
30661,1,0,D1,D1_CLICK
30662,1,0,D1,D1_CLICK
30663,1,0,D1,D1_CLICK
30664,1,0,D1,D1_CLICK
30665,1,0,D1,D1_CLICK
30666,1,0,D1,D1_CLICK
30667,1,0,D1,D1_CLICK
30668,1,0,D1,D1_CLICK
30669,1,0,D1,D1_CLICK
30670,1,0,D1,D1_CLICK
30671,1,0,D1,D1_CLICK
30672,1,0,D1,D1_CLICK
30673,1,0,D1,D1_CLICK
30674,1,0,D1,D1_CLICK
30675,1,0,D1,D1_CLICK
30676,1,0,D1,D1_CLICK
30677,1,0,D1,D1_CLICK
30678,1,0,D1,D1_CLICK
30679,1,0,D1,D1_CLICK
30680,1,0,D1,D1_CLICK
30681,1,0,D1,D1_CLICK
30682,1,0,D1,D1_CLICK
30683,1,0,D1,D1_CLICK
30684,1,0,D1,D1_CLICK
30685,1,0,D1,D1_CLICK
30686,1,0,D1,D1_CLICK
30687,1,0,D1,D1_CLICK
30688,1,0,D1,D1_CLICK
30689,1,0,D1,D1_CLICK
30690,1,0,D1,D1_CLICK
30691,1,0,D1,D1_CLICK
30692,1,0,D1,D1_CLICK
30693,1,0,D1,D1_CLICK
30694,1,0,D1,D1_CLICK
30695,1,0,D1,D1_CLICK
30696,0,0,NONE,NO_CLICK
30697,0,0,NONE,NO_CLICK
30698,0,0,NONE,NO_CLICK
30699,0,0,NONE,NO_CLICK
30700,0,0,NONE,NO_CLICK
30701,0,0,NONE,NO_CLICK
30702,0,0,NONE,NO_CLICK
30703,0,0,NONE,NO_CLICK
30704,0,0,NONE,NO_CLICK
30705,0,0,NONE,NO_CLICK
30706,0,0,NONE,NO_CLICK
30707,0,0,NONE,NO_CLICK
30708,0,0,NONE,NO_CLICK
30709,0,0,NONE,NO_CLICK
30710,0,0,NONE,NO_CLICK
30711,0,0,NONE,NO_CLICK
30712,0,0,NONE,NO_CLICK
30713,0,0,NONE,NO_CLICK
30714,0,0,NONE,NO_CLICK
30715,0,0,NONE,NO_CLICK
30716,0,0,NONE,NO_CLICK
30717,0,0,NONE,NO_CLICK
30718,0,0,NONE,NO_CLICK
30719,0,0,NONE,NO_CLICK
30720,0,0,NONE,NO_CLICK
30721,0,0,NONE,NO_CLICK
30722,0,0,NONE,NO_CLICK
30723,0,0,NONE,NO_CLICK
30724,0,0,NONE,NO_CLICK
30725,0,0,NONE,NO_CLICK
30726,0,0,NONE,NO_CLICK
30727,0,0,NONE,NO_CLICK
30728,0,0,NONE,NO_CLICK
30729,0,0,NONE,NO_CLICK
30730,0,0,NONE,NO_CLICK
30731,0,0,NONE,NO_CLICK
30732,0,0,NONE,NO_CLICK
30733,0,0,NONE,NO_CLICK
30734,0,0,NONE,NO_CLICK
30735,0,0,NONE,NO_CLICK
30736,0,0,NONE,NO_CLICK
30737,0,0,NONE,NO_CLICK
30738,0,0,NONE,NO_CLICK
30739,0,0,NONE,NO_CLICK
30740,0,0,NONE,NO_CLICK
30741,0,0,NONE,NO_CLICK
30742,0,0,NONE,NO_CLICK
30743,0,0,NONE,NO_CLICK
30744,0,0,NONE,NO_CLICK
30745,0,0,NONE,NO_CLICK
30746,0,0,NONE,NO_CLICK
30747,0,0,NONE,NO_CLICK
30748,0,0,NONE,NO_CLICK
30749,0,0,NONE,NO_CLICK
30750,0,0,NONE,NO_CLICK
30751,0,0,NONE,NO_CLICK
30752,0,0,NONE,NO_CLICK
30753,0,0,NONE,NO_CLICK
30754,0,0,NONE,NO_CLICK
30755,0,0,NONE,NO_CLICK
30756,0,0,NONE,NO_CLICK
30757,0,0,NONE,NO_CLICK
30758,0,0,NONE,NO_CLICK
30759,0,0,NONE,NO_CLICK
30760,0,0,NONE,NO_CLICK
30761,0,0,NONE,NO_CLICK
30762,0,0,NONE,NO_CLICK
30763,0,0,NONE,NO_CLICK
30764,0,0,NONE,NO_CLICK
30765,0,0,NONE,NO_CLICK
30766,0,0,NONE,NO_CLICK
30767,0,0,NONE,NO_CLICK
30768,0,0,NONE,NO_CLICK
30769,0,0,NONE,NO_CLICK
30770,0,0,NONE,NO_CLICK
30771,0,0,NONE,NO_CLICK
30772,0,0,NONE,NO_CLICK
30773,0,0,NONE,NO_CLICK
30774,0,0,NONE,NO_CLICK
30775,0,0,NONE,NO_CLICK
30776,0,0,NONE,NO_CLICK
30777,0,0,NONE,NO_CLICK
30778,0,0,NONE,NO_CLICK
30779,0,0,NONE,NO_CLICK
30780,0,0,NONE,NO_CLICK
30781,0,0,NONE,NO_CLICK
30782,0,0,NONE,NO_CLICK
30783,0,0,NONE,NO_CLICK
30784,0,0,NONE,NO_CLICK
30785,0,0,NONE,NO_CLICK
30786,0,1,D2,D2_CLICK
30787,0,1,D2,D2_CLICK
30788,0,1,D2,D2_CLICK
30789,0,1,D2,D2_CLICK
30790,0,1,D2,D2_CLICK
30791,0,1,D2,D2_CLICK
30792,0,1,D2,D2_CLICK
30793,0,1,D2,D2_CLICK
30794,0,1,D2,D2_CLICK
30795,0,1,D2,D2_CLICK
30796,0,1,D2,D2_CLICK
30797,0,1,D2,D2_CLICK
30798,0,1,D2,D2_CLICK
30799,0,1,D2,D2_CLICK
30800,0,1,D2,D2_CLICK
30801,0,1,D2,D2_CLICK
30802,0,1,D2,D2_CLICK
30803,0,1,D2,D2_CLICK
30804,0,1,D2,D2_CLICK
30805,0,1,D2,D2_CLICK
30806,0,1,D2,D2_CLICK
30807,0,1,D2,D2_CLICK
30808,0,1,D2,D2_CLICK
30809,0,1,D2,D2_CLICK
30810,0,1,D2,D2_CLICK
30811,0,1,D2,D2_CLICK
30812,0,1,D2,D2_CLICK
30813,0,1,D2,D2_CLICK
30814,0,1,D2,D2_CLICK
30815,0,1,D2,D2_CLICK
30816,0,1,D2,D2_CLICK
30817,0,1,D2,D2_CLICK
30818,0,1,D2,D2_CLICK
30819,0,1,D2,D2_CLICK
30820,0,1,D2,D2_CLICK
30821,0,1,D2,D2_CLICK
30822,0,1,D2,D2_CLICK
30823,0,1,D2,D2_CLICK
30824,0,0,NONE,NO_CLICK
30825,0,0,NONE,NO_CLICK
30826,0,0,NONE,NO_CLICK
30827,0,0,NONE,NO_CLICK
30828,0,0,NONE,NO_CLICK
30829,0,0,NONE,NO_CLICK
30830,0,0,NONE,NO_CLICK
30831,0,0,NONE,NO_CLICK
30832,0,0,NONE,NO_CLICK
30833,0,0,NONE,NO_CLICK
30834,0,0,NONE,NO_CLICK
30835,0,0,NONE,NO_CLICK
30836,0,0,NONE,NO_CLICK
30837,0,0,NONE,NO_CLICK
30838,0,0,NONE,NO_CLICK
30839,0,0,NONE,NO_CLICK
30840,0,0,NONE,NO_CLICK
30841,0,0,NONE,NO_CLICK
30842,0,0,NONE,NO_CLICK
30843,0,0,NONE,NO_CLICK
30844,0,0,NONE,NO_CLICK
30845,0,0,NONE,NO_CLICK
30846,0,0,NONE,NO_CLICK
30847,0,0,NONE,NO_CLICK
30848,0,0,NONE,NO_CLICK
30849,0,0,NONE,NO_CLICK
30850,0,0,NONE,NO_CLICK
30851,0,0,NONE,NO_CLICK
30852,0,0,NONE,NO_CLICK
30853,0,0,NONE,NO_CLICK
30854,0,0,NONE,NO_CLICK
30855,0,0,NONE,NO_CLICK
30856,0,0,NONE,NO_CLICK
30857,0,0,NONE,NO_CLICK
30858,0,0,NONE,NO_CLICK
30859,0,0,NONE,NO_CLICK
30860,0,0,NONE,NO_CLICK
30861,0,0,NONE,NO_CLICK
30862,0,0,NONE,NO_CLICK
30863,0,0,NONE,NO_CLICK
30864,0,0,NONE,NO_CLICK
30865,0,0,NONE,NO_CLICK
30866,0,0,NONE,NO_CLICK
30867,0,0,NONE,NO_CLICK
30868,0,0,NONE,NO_CLICK
30869,0,0,NONE,NO_CLICK
30870,0,0,NONE,NO_CLICK
30871,0,0,NONE,NO_CLICK
30872,0,0,NONE,NO_CLICK
30873,0,0,NONE,NO_CLICK
30874,0,0,NONE,NO_CLICK
30875,0,0,NONE,NO_CLICK
30876,0,0,NONE,NO_CLICK
30877,0,0,NONE,NO_CLICK
30878,0,0,NONE,NO_CLICK
30879,0,0,NONE,NO_CLICK
30880,0,0,NONE,NO_CLICK
30881,0,0,NONE,NO_CLICK
30882,0,0,NONE,NO_CLICK
30883,0,0,NONE,NO_CLICK
30884,0,0,NONE,NO_CLICK
30885,0,0,NONE,NO_CLICK
30886,0,0,NONE,NO_CLICK
30887,0,0,NONE,NO_CLICK
30888,0,0,NONE,NO_CLICK
30889,0,0,NONE,NO_CLICK
30890,0,0,NONE,NO_CLICK
30891,0,0,NONE,NO_CLICK
30892,0,0,NONE,NO_CLICK
30893,0,0,NONE,NO_CLICK
30894,0,0,NONE,NO_CLICK
30895,0,0,NONE,NO_CLICK
30896,0,0,NONE,NO_CLICK
30897,0,0,NONE,NO_CLICK
30898,0,0,NONE,NO_CLICK
30899,0,0,NONE,NO_CLICK
30900,0,0,NONE,NO_CLICK
30901,0,0,NONE,NO_CLICK
30902,0,0,NONE,NO_CLICK
30903,0,0,NONE,NO_CLICK
30904,0,0,NONE,NO_CLICK
30905,0,0,NONE,NO_CLICK
30906,0,0,NONE,NO_CLICK
30907,0,0,NONE,NO_CLICK
30908,0,0,NONE,NO_CLICK
30909,0,0,NONE,NO_CLICK
30910,0,0,NONE,NO_CLICK
30911,0,0,NONE,NO_CLICK
30912,0,0,NONE,NO_CLICK
30913,0,0,NONE,NO_CLICK
30914,0,0,NONE,NO_CLICK
30915,0,0,NONE,NO_CLICK
30916,0,0,NONE,NO_CLICK
30917,0,0,NONE,NO_CLICK
30918,0,0,NONE,NO_CLICK
30919,0,0,NONE,NO_CLICK
30920,0,0,NONE,NO_CLICK
30921,0,0,NONE,NO_CLICK
30922,0,0,NONE,NO_CLICK
30923,0,0,NONE,NO_CLICK
30924,0,0,NONE,NO_CLICK
30925,0,0,NONE,NO_CLICK
30926,0,0,NONE,NO_CLICK
30927,0,0,NONE,NO_CLICK
30928,0,0,NONE,NO_CLICK
30929,0,0,NONE,NO_CLICK
30930,0,0,NONE,NO_CLICK
30931,0,0,NONE,NO_CLICK
30932,0,0,NONE,NO_CLICK
30933,0,0,NONE,NO_CLICK
30934,0,0,NONE,NO_CLICK
30935,0,0,NONE,NO_CLICK
30936,0,0,NONE,NO_CLICK
30937,0,0,NONE,NO_CLICK
30938,0,0,NONE,NO_CLICK
30939,0,0,NONE,NO_CLICK
30940,0,0,NONE,NO_CLICK
30941,0,0,NONE,NO_CLICK
30942,0,0,NONE,NO_CLICK
30943,0,0,NONE,NO_CLICK
30944,0,0,NONE,NO_CLICK
30945,0,0,NONE,NO_CLICK
30946,0,0,NONE,NO_CLICK
30947,0,0,NONE,NO_CLICK
30948,0,0,NONE,NO_CLICK
30949,0,0,NONE,NO_CLICK
30950,0,0,NONE,NO_CLICK
30951,0,0,NONE,NO_CLICK
30952,0,0,NONE,NO_CLICK
30953,0,0,NONE,NO_CLICK
30954,0,0,NONE,NO_CLICK
30955,0,0,NONE,NO_CLICK
30956,0,0,NONE,NO_CLICK
30957,0,0,NONE,NO_CLICK
30958,0,0,NONE,NO_CLICK
30959,0,0,NONE,NO_CLICK
30960,0,0,NONE,NO_CLICK
30961,0,0,NONE,NO_CLICK
30962,0,0,NONE,NO_CLICK
30963,0,0,NONE,NO_CLICK
30964,0,0,NONE,NO_CLICK
30965,0,0,NONE,NO_CLICK
30966,0,0,NONE,NO_CLICK
30967,0,0,NONE,NO_CLICK
30968,0,0,NONE,NO_CLICK
30969,0,0,NONE,NO_CLICK
30970,0,0,NONE,NO_CLICK
30971,0,0,NONE,NO_CLICK
30972,0,0,NONE,NO_CLICK
30973,0,0,NONE,NO_CLICK
30974,0,0,NONE,NO_CLICK
30975,0,0,NONE,NO_CLICK
30976,0,0,NONE,NO_CLICK
30977,0,0,NONE,NO_CLICK
30978,0,0,NONE,NO_CLICK
30979,0,0,NONE,NO_CLICK
30980,0,0,NONE,NO_CLICK
30981,0,0,NONE,NO_CLICK
30982,0,0,NONE,NO_CLICK
30983,0,0,NONE,NO_CLICK
30984,0,0,NONE,NO_CLICK
30985,0,0,NONE,NO_CLICK
30986,0,0,NONE,NO_CLICK
30987,0,0,NONE,NO_CLICK
30988,0,0,NONE,NO_CLICK
30989,0,0,NONE,NO_CLICK
30990,0,0,NONE,NO_CLICK
30991,0,0,NONE,NO_CLICK
30992,0,0,NONE,NO_CLICK
30993,0,0,NONE,NO_CLICK
30994,0,0,NONE,NO_CLICK
30995,0,0,NONE,NO_CLICK
30996,0,0,NONE,NO_CLICK
30997,0,0,NONE,NO_CLICK
30998,0,0,NONE,NO_CLICK
30999,0,0,NONE,NO_CLICK
31000,0,0,NONE,NO_CLICK
31001,0,0,NONE,NO_CLICK
31002,0,0,NONE,NO_CLICK
31003,0,0,NONE,NO_CLICK
31004,0,0,NONE,NO_CLICK
31005,0,0,NONE,NO_CLICK
31006,0,0,NONE,NO_CLICK
31007,0,0,NONE,NO_CLICK
31008,0,0,NONE,NO_CLICK
31009,0,0,NONE,NO_CLICK
31010,1,0,D1,D1_CLICK
31011,1,0,D1,D1_CLICK
31012,1,0,D1,D1_CLICK
31013,1,0,D1,D1_CLICK
31014,1,0,D1,D1_CLICK
31015,1,0,D1,D1_CLICK
31016,1,0,D1,D1_CLICK
31017,1,0,D1,D1_CLICK
31018,1,0,D1,D1_CLICK
31019,1,0,D1,D1_CLICK
31020,1,0,D1,D1_CLICK
31021,1,0,D1,D1_CLICK
31022,1,0,D1,D1_CLICK
31023,1,0,D1,D1_CLICK
31024,1,0,D1,D1_CLICK
31025,1,0,D1,D1_CLICK
31026,1,0,D1,D1_CLICK
31027,1,0,D1,D1_CLICK
31028,1,0,D1,D1_CLICK
31029,1,0,D1,D1_CLICK
31030,1,0,D1,D1_CLICK
31031,1,0,D1,D1_CLICK
31032,1,0,D1,D1_CLICK
31033,1,0,D1,D1_CLICK
31034,1,0,D1,D1_CLICK
31035,1,0,D1,D1_CLICK
31036,1,0,D1,D1_CLICK
31037,1,0,D1,D1_CLICK
31038,1,0,D1,D1_CLICK
31039,1,0,D1,D1_CLICK
31040,1,0,D1,D1_CLICK
31041,1,0,D1,D1_CLICK
31042,1,0,D1,D1_CLICK
31043,1,0,D1,D1_CLICK
31044,1,0,D1,D1_CLICK
31045,1,0,D1,D1_CLICK
31046,1,0,D1,D1_CLICK
31047,1,0,D1,D1_CLICK
31048,0,0,NONE,NO_CLICK
31049,0,0,NONE,NO_CLICK
31050,0,0,NONE,NO_CLICK
31051,0,0,NONE,NO_CLICK
31052,0,0,NONE,NO_CLICK
31053,0,0,NONE,NO_CLICK
31054,0,0,NONE,NO_CLICK
31055,0,0,NONE,NO_CLICK
31056,0,0,NONE,NO_CLICK
31057,0,0,NONE,NO_CLICK
31058,0,0,NONE,NO_CLICK
31059,0,0,NONE,NO_CLICK
31060,0,0,NONE,NO_CLICK
31061,0,0,NONE,NO_CLICK
31062,0,0,NONE,NO_CLICK
31063,0,0,NONE,NO_CLICK
31064,0,0,NONE,NO_CLICK
31065,0,0,NONE,NO_CLICK
31066,0,0,NONE,NO_CLICK
31067,0,0,NONE,NO_CLICK
31068,0,0,NONE,NO_CLICK
31069,0,0,NONE,NO_CLICK
31070,0,0,NONE,NO_CLICK
31071,0,0,NONE,NO_CLICK
31072,0,0,NONE,NO_CLICK
31073,0,0,NONE,NO_CLICK
31074,0,0,NONE,NO_CLICK
31075,0,0,NONE,NO_CLICK
31076,0,0,NONE,NO_CLICK
31077,0,0,NONE,NO_CLICK
31078,0,0,NONE,NO_CLICK
31079,0,0,NONE,NO_CLICK
31080,0,0,NONE,NO_CLICK
31081,0,0,NONE,NO_CLICK
31082,0,0,NONE,NO_CLICK
31083,0,0,NONE,NO_CLICK
31084,0,0,NONE,NO_CLICK
31085,0,0,NONE,NO_CLICK
31086,0,0,NONE,NO_CLICK
31087,0,0,NONE,NO_CLICK
31088,0,0,NONE,NO_CLICK
31089,0,0,NONE,NO_CLICK
31090,0,0,NONE,NO_CLICK
31091,0,0,NONE,NO_CLICK
31092,0,0,NONE,NO_CLICK
31093,0,0,NONE,NO_CLICK
31094,0,0,NONE,NO_CLICK
31095,0,0,NONE,NO_CLICK
31096,0,0,NONE,NO_CLICK
31097,0,0,NONE,NO_CLICK
31098,0,0,NONE,NO_CLICK
31099,0,0,NONE,NO_CLICK
31100,0,0,NONE,NO_CLICK
31101,0,0,NONE,NO_CLICK
31102,0,0,NONE,NO_CLICK
31103,0,0,NONE,NO_CLICK
31104,0,0,NONE,NO_CLICK
31105,0,0,NONE,NO_CLICK
31106,0,0,NONE,NO_CLICK
31107,0,0,NONE,NO_CLICK
31108,0,0,NONE,NO_CLICK
31109,0,0,NONE,NO_CLICK
31110,0,0,NONE,NO_CLICK
31111,0,0,NONE,NO_CLICK
31112,0,0,NONE,NO_CLICK
31113,0,0,NONE,NO_CLICK
31114,0,0,NONE,NO_CLICK
31115,0,0,NONE,NO_CLICK
31116,0,0,NONE,NO_CLICK
31117,0,0,NONE,NO_CLICK
31118,0,0,NONE,NO_CLICK
31119,0,0,NONE,NO_CLICK
31120,0,0,NONE,NO_CLICK
31121,0,0,NONE,NO_CLICK
31122,0,0,NONE,NO_CLICK
31123,0,0,NONE,NO_CLICK
31124,0,0,NONE,NO_CLICK
31125,0,0,NONE,NO_CLICK
31126,0,0,NONE,NO_CLICK
31127,0,0,NONE,NO_CLICK
31128,0,0,NONE,NO_CLICK
31129,0,0,NONE,NO_CLICK
31130,0,0,NONE,NO_CLICK
31131,0,0,NONE,NO_CLICK
31132,0,0,NONE,NO_CLICK
31133,0,0,NONE,NO_CLICK
31134,0,0,NONE,NO_CLICK
31135,0,0,NONE,NO_CLICK
31136,0,0,NONE,NO_CLICK
31137,0,0,NONE,NO_CLICK
31138,0,0,NONE,NO_CLICK
31139,0,0,NONE,NO_CLICK
31140,0,0,NONE,NO_CLICK
31141,0,0,NONE,NO_CLICK
31142,0,0,NONE,NO_CLICK
31143,0,0,NONE,NO_CLICK
31144,0,0,NONE,NO_CLICK
31145,0,0,NONE,NO_CLICK
31146,0,0,NONE,NO_CLICK
31147,0,0,NONE,NO_CLICK
31148,0,0,NONE,NO_CLICK
31149,0,0,NONE,NO_CLICK
31150,0,0,NONE,NO_CLICK
31151,0,0,NONE,NO_CLICK
31152,0,0,NONE,NO_CLICK
31153,0,0,NONE,NO_CLICK
31154,0,0,NONE,NO_CLICK
31155,0,0,NONE,NO_CLICK
31156,0,0,NONE,NO_CLICK
31157,0,0,NONE,NO_CLICK
31158,0,0,NONE,NO_CLICK
31159,0,0,NONE,NO_CLICK
31160,0,0,NONE,NO_CLICK
31161,0,0,NONE,NO_CLICK
31162,0,0,NONE,NO_CLICK
31163,0,0,NONE,NO_CLICK
31164,0,0,NONE,NO_CLICK
31165,0,0,NONE,NO_CLICK
31166,0,0,NONE,NO_CLICK
31167,0,0,NONE,NO_CLICK
31168,0,0,NONE,NO_CLICK
31169,0,0,NONE,NO_CLICK
31170,0,1,D2,D2_CLICK
31171,0,1,D2,D2_CLICK
31172,0,1,D2,D2_CLICK
31173,0,1,D2,D2_CLICK
31174,0,1,D2,D2_CLICK
31175,0,1,D2,D2_CLICK
31176,0,1,D2,D2_CLICK
31177,0,1,D2,D2_CLICK
31178,0,1,D2,D2_CLICK
31179,0,1,D2,D2_CLICK
31180,0,1,D2,D2_CLICK
31181,0,1,D2,D2_CLICK
31182,0,1,D2,D2_CLICK
31183,0,1,D2,D2_CLICK
31184,0,1,D2,D2_CLICK
31185,0,1,D2,D2_CLICK
31186,0,1,D2,D2_CLICK
31187,0,1,D2,D2_CLICK
31188,0,1,D2,D2_CLICK
31189,0,1,D2,D2_CLICK
31190,0,1,D2,D2_CLICK
31191,0,1,D2,D2_CLICK
31192,0,1,D2,D2_CLICK
31193,0,1,D2,D2_CLICK
31194,0,1,D2,D2_CLICK
31195,0,1,D2,D2_CLICK
31196,0,1,D2,D2_CLICK
31197,0,1,D2,D2_CLICK
31198,0,1,D2,D2_CLICK
31199,0,1,D2,D2_CLICK
31200,0,1,D2,D2_CLICK
31201,0,1,D2,D2_CLICK
31202,0,1,D2,D2_CLICK
31203,0,1,D2,D2_CLICK
31204,0,1,D2,D2_CLICK
31205,0,1,D2,D2_CLICK
31206,0,1,D2,D2_CLICK
31207,0,1,D2,D2_CLICK
31208,0,0,NONE,NO_CLICK
31209,0,0,NONE,NO_CLICK
31210,0,0,NONE,NO_CLICK
31211,0,0,NONE,NO_CLICK
31212,0,0,NONE,NO_CLICK
31213,0,0,NONE,NO_CLICK
31214,0,0,NONE,NO_CLICK
31215,0,0,NONE,NO_CLICK
31216,0,0,NONE,NO_CLICK
31217,0,0,NONE,NO_CLICK
31218,0,0,NONE,NO_CLICK
31219,0,0,NONE,NO_CLICK
31220,0,0,NONE,NO_CLICK
31221,0,0,NONE,NO_CLICK
31222,0,0,NONE,NO_CLICK
31223,0,0,NONE,NO_CLICK
31224,0,0,NONE,NO_CLICK
31225,0,0,NONE,NO_CLICK
31226,0,0,NONE,NO_CLICK
31227,0,0,NONE,NO_CLICK
31228,0,0,NONE,NO_CLICK
31229,0,0,NONE,NO_CLICK
31230,0,0,NONE,NO_CLICK
31231,0,0,NONE,NO_CLICK
31232,0,0,NONE,NO_CLICK
31233,0,0,NONE,NO_CLICK
31234,0,0,NONE,NO_CLICK
31235,0,0,NONE,NO_CLICK
31236,0,0,NONE,NO_CLICK
31237,0,0,NONE,NO_CLICK
31238,0,0,NONE,NO_CLICK
31239,0,0,NONE,NO_CLICK
31240,0,0,NONE,NO_CLICK
31241,0,0,NONE,NO_CLICK
31242,0,0,NONE,NO_CLICK
31243,0,0,NONE,NO_CLICK
31244,0,0,NONE,NO_CLICK
31245,0,0,NONE,NO_CLICK
31246,0,0,NONE,NO_CLICK
31247,0,0,NONE,NO_CLICK
31248,0,0,NONE,NO_CLICK
31249,0,0,NONE,NO_CLICK
31250,0,0,NONE,NO_CLICK
31251,0,0,NONE,NO_CLICK
31252,0,0,NONE,NO_CLICK
31253,0,0,NONE,NO_CLICK
31254,0,0,NONE,NO_CLICK
31255,0,0,NONE,NO_CLICK
31256,0,0,NONE,NO_CLICK
31257,0,0,NONE,NO_CLICK
31258,0,0,NONE,NO_CLICK
31259,0,0,NONE,NO_CLICK
31260,0,0,NONE,NO_CLICK
31261,0,0,NONE,NO_CLICK
31262,0,0,NONE,NO_CLICK
31263,0,0,NONE,NO_CLICK
31264,0,0,NONE,NO_CLICK
31265,0,0,NONE,NO_CLICK
31266,0,0,NONE,NO_CLICK
31267,0,0,NONE,NO_CLICK
31268,0,0,NONE,NO_CLICK
31269,0,0,NONE,NO_CLICK
31270,0,0,NONE,NO_CLICK
31271,0,0,NONE,NO_CLICK
31272,0,0,NONE,NO_CLICK
31273,0,0,NONE,NO_CLICK
31274,0,0,NONE,NO_CLICK
31275,0,0,NONE,NO_CLICK
31276,0,0,NONE,NO_CLICK
31277,0,0,NONE,NO_CLICK
31278,0,0,NONE,NO_CLICK
31279,0,0,NONE,NO_CLICK
31280,0,0,NONE,NO_CLICK
31281,0,0,NONE,NO_CLICK
31282,0,0,NONE,NO_CLICK
31283,0,0,NONE,NO_CLICK
31284,0,0,NONE,NO_CLICK
31285,0,0,NONE,NO_CLICK
31286,0,0,NONE,NO_CLICK
31287,0,0,NONE,NO_CLICK
31288,0,0,NONE,NO_CLICK
31289,0,0,NONE,NO_CLICK
31290,0,0,NONE,NO_CLICK
31291,0,0,NONE,NO_CLICK
31292,0,0,NONE,NO_CLICK
31293,0,0,NONE,NO_CLICK
31294,0,0,NONE,NO_CLICK
31295,0,0,NONE,NO_CLICK
31296,0,0,NONE,NO_CLICK
31297,0,0,NONE,NO_CLICK
31298,0,0,NONE,NO_CLICK
31299,0,0,NONE,NO_CLICK
31300,0,0,NONE,NO_CLICK
31301,0,0,NONE,NO_CLICK
31302,0,0,NONE,NO_CLICK
31303,0,0,NONE,NO_CLICK
31304,0,0,NONE,NO_CLICK
31305,0,0,NONE,NO_CLICK
31306,0,0,NONE,NO_CLICK
31307,0,0,NONE,NO_CLICK
31308,0,0,NONE,NO_CLICK
31309,0,0,NONE,NO_CLICK
31310,0,0,NONE,NO_CLICK
31311,0,0,NONE,NO_CLICK
31312,0,0,NONE,NO_CLICK
31313,0,0,NONE,NO_CLICK
31314,0,0,NONE,NO_CLICK
31315,0,0,NONE,NO_CLICK
31316,0,0,NONE,NO_CLICK
31317,0,0,NONE,NO_CLICK
31318,0,0,NONE,NO_CLICK
31319,0,0,NONE,NO_CLICK
31320,0,0,NONE,NO_CLICK
31321,0,0,NONE,NO_CLICK
31322,0,0,NONE,NO_CLICK
31323,0,0,NONE,NO_CLICK
31324,0,0,NONE,NO_CLICK
31325,0,0,NONE,NO_CLICK
31326,0,0,NONE,NO_CLICK
31327,0,0,NONE,NO_CLICK
31328,0,0,NONE,NO_CLICK
31329,0,0,NONE,NO_CLICK
31330,0,0,NONE,NO_CLICK
31331,0,0,NONE,NO_CLICK
31332,0,0,NONE,NO_CLICK
31333,0,0,NONE,NO_CLICK
31334,0,0,NONE,NO_CLICK
31335,0,0,NONE,NO_CLICK
31336,0,0,NONE,NO_CLICK
31337,0,0,NONE,NO_CLICK
31338,0,0,NONE,NO_CLICK
31339,0,0,NONE,NO_CLICK
31340,0,0,NONE,NO_CLICK
31341,0,0,NONE,NO_CLICK
31342,0,0,NONE,NO_CLICK
31343,0,0,NONE,NO_CLICK
31344,0,0,NONE,NO_CLICK
31345,0,0,NONE,NO_CLICK
31346,0,0,NONE,NO_CLICK
31347,0,0,NONE,NO_CLICK
31348,0,0,NONE,NO_CLICK
31349,0,0,NONE,NO_CLICK
31350,0,0,NONE,NO_CLICK
31351,0,0,NONE,NO_CLICK
31352,0,0,NONE,NO_CLICK
31353,0,0,NONE,NO_CLICK
31354,0,0,NONE,NO_CLICK
31355,0,0,NONE,NO_CLICK
31356,0,0,NONE,NO_CLICK
31357,0,0,NONE,NO_CLICK
31358,0,0,NONE,NO_CLICK
31359,0,0,NONE,NO_CLICK
31360,0,0,NONE,NO_CLICK
31361,0,0,NONE,NO_CLICK
31362,1,0,D1,D1_CLICK
31363,1,0,D1,D1_CLICK
31364,1,0,D1,D1_CLICK
31365,1,0,D1,D1_CLICK
31366,1,0,D1,D1_CLICK
31367,1,0,D1,D1_CLICK
31368,1,0,D1,D1_CLICK
31369,1,0,D1,D1_CLICK
31370,1,0,D1,D1_CLICK
31371,1,0,D1,D1_CLICK
31372,1,0,D1,D1_CLICK
31373,1,0,D1,D1_CLICK
31374,1,0,D1,D1_CLICK
31375,1,0,D1,D1_CLICK
31376,1,0,D1,D1_CLICK
31377,1,0,D1,D1_CLICK
31378,1,0,D1,D1_CLICK
31379,1,0,D1,D1_CLICK
31380,1,0,D1,D1_CLICK
31381,1,0,D1,D1_CLICK
31382,1,0,D1,D1_CLICK
31383,1,0,D1,D1_CLICK
31384,1,0,D1,D1_CLICK
31385,1,0,D1,D1_CLICK
31386,1,0,D1,D1_CLICK
31387,1,0,D1,D1_CLICK
31388,1,0,D1,D1_CLICK
31389,1,0,D1,D1_CLICK
31390,1,0,D1,D1_CLICK
31391,1,0,D1,D1_CLICK
31392,1,0,D1,D1_CLICK
31393,1,0,D1,D1_CLICK
31394,1,0,D1,D1_CLICK
31395,1,0,D1,D1_CLICK
31396,1,0,D1,D1_CLICK
31397,1,0,D1,D1_CLICK
31398,1,0,D1,D1_CLICK
31399,1,0,D1,D1_CLICK
31400,0,0,NONE,NO_CLICK
31401,0,0,NONE,NO_CLICK
31402,0,0,NONE,NO_CLICK
31403,0,0,NONE,NO_CLICK
31404,0,0,NONE,NO_CLICK
31405,0,0,NONE,NO_CLICK
31406,0,0,NONE,NO_CLICK
31407,0,0,NONE,NO_CLICK
31408,0,0,NONE,NO_CLICK
31409,0,0,NONE,NO_CLICK
31410,0,0,NONE,NO_CLICK
31411,0,0,NONE,NO_CLICK
31412,0,0,NONE,NO_CLICK
31413,0,0,NONE,NO_CLICK
31414,0,0,NONE,NO_CLICK
31415,0,0,NONE,NO_CLICK
31416,0,0,NONE,NO_CLICK
31417,0,0,NONE,NO_CLICK
31418,0,0,NONE,NO_CLICK
31419,0,0,NONE,NO_CLICK
31420,0,0,NONE,NO_CLICK
31421,0,0,NONE,NO_CLICK
31422,0,0,NONE,NO_CLICK
31423,0,0,NONE,NO_CLICK
31424,0,0,NONE,NO_CLICK
31425,0,0,NONE,NO_CLICK
31426,0,0,NONE,NO_CLICK
31427,0,0,NONE,NO_CLICK
31428,0,0,NONE,NO_CLICK
31429,0,0,NONE,NO_CLICK
31430,0,0,NONE,NO_CLICK
31431,0,0,NONE,NO_CLICK
31432,0,0,NONE,NO_CLICK
31433,0,0,NONE,NO_CLICK
31434,0,0,NONE,NO_CLICK
31435,0,0,NONE,NO_CLICK
31436,0,0,NONE,NO_CLICK
31437,0,0,NONE,NO_CLICK
31438,0,0,NONE,NO_CLICK
31439,0,0,NONE,NO_CLICK
31440,0,0,NONE,NO_CLICK
31441,0,0,NONE,NO_CLICK
31442,0,0,NONE,NO_CLICK
31443,0,0,NONE,NO_CLICK
31444,0,0,NONE,NO_CLICK
31445,0,0,NONE,NO_CLICK
31446,0,0,NONE,NO_CLICK
31447,0,0,NONE,NO_CLICK
31448,0,0,NONE,NO_CLICK
31449,0,0,NONE,NO_CLICK
31450,0,0,NONE,NO_CLICK
31451,0,0,NONE,NO_CLICK
31452,0,0,NONE,NO_CLICK
31453,0,0,NONE,NO_CLICK
31454,0,0,NONE,NO_CLICK
31455,0,0,NONE,NO_CLICK
31456,0,0,NONE,NO_CLICK
31457,0,0,NONE,NO_CLICK
31458,0,1,D2,D2_CLICK
31459,0,1,D2,D2_CLICK
31460,0,1,D2,D2_CLICK
31461,0,1,D2,D2_CLICK
31462,0,1,D2,D2_CLICK
31463,0,1,D2,D2_CLICK
31464,0,1,D2,D2_CLICK
31465,0,1,D2,D2_CLICK
31466,0,1,D2,D2_CLICK
31467,0,1,D2,D2_CLICK
31468,0,1,D2,D2_CLICK
31469,0,1,D2,D2_CLICK
31470,0,1,D2,D2_CLICK
31471,0,1,D2,D2_CLICK
31472,0,1,D2,D2_CLICK
31473,0,1,D2,D2_CLICK
31474,0,1,D2,D2_CLICK
31475,0,1,D2,D2_CLICK
31476,0,1,D2,D2_CLICK
31477,0,1,D2,D2_CLICK
31478,0,1,D2,D2_CLICK
31479,0,1,D2,D2_CLICK
31480,0,1,D2,D2_CLICK
31481,0,1,D2,D2_CLICK
31482,0,1,D2,D2_CLICK
31483,0,1,D2,D2_CLICK
31484,0,1,D2,D2_CLICK
31485,0,1,D2,D2_CLICK
31486,0,1,D2,D2_CLICK
31487,0,1,D2,D2_CLICK
31488,0,1,D2,D2_CLICK
31489,0,1,D2,D2_CLICK
31490,0,1,D2,D2_CLICK
31491,0,1,D2,D2_CLICK
31492,0,1,D2,D2_CLICK
31493,0,1,D2,D2_CLICK
31494,0,1,D2,D2_CLICK
31495,0,1,D2,D2_CLICK
31496,0,0,NONE,NO_CLICK
31497,0,0,NONE,NO_CLICK
31498,0,0,NONE,NO_CLICK
31499,0,0,NONE,NO_CLICK
31500,0,0,NONE,NO_CLICK
31501,0,0,NONE,NO_CLICK
31502,0,0,NONE,NO_CLICK
31503,0,0,NONE,NO_CLICK
31504,0,0,NONE,NO_CLICK
31505,0,0,NONE,NO_CLICK
31506,0,0,NONE,NO_CLICK
31507,0,0,NONE,NO_CLICK
31508,0,0,NONE,NO_CLICK
31509,0,0,NONE,NO_CLICK
31510,0,0,NONE,NO_CLICK
31511,0,0,NONE,NO_CLICK
31512,0,0,NONE,NO_CLICK
31513,0,0,NONE,NO_CLICK
31514,0,0,NONE,NO_CLICK
31515,0,0,NONE,NO_CLICK
31516,0,0,NONE,NO_CLICK
31517,0,0,NONE,NO_CLICK
31518,0,0,NONE,NO_CLICK
31519,0,0,NONE,NO_CLICK
31520,0,0,NONE,NO_CLICK
31521,0,0,NONE,NO_CLICK
31522,0,0,NONE,NO_CLICK
31523,0,0,NONE,NO_CLICK
31524,0,0,NONE,NO_CLICK
31525,0,0,NONE,NO_CLICK
31526,0,0,NONE,NO_CLICK
31527,0,0,NONE,NO_CLICK
31528,0,0,NONE,NO_CLICK
31529,0,0,NONE,NO_CLICK
31530,0,0,NONE,NO_CLICK
31531,0,0,NONE,NO_CLICK
31532,0,0,NONE,NO_CLICK
31533,0,0,NONE,NO_CLICK
31534,0,0,NONE,NO_CLICK
31535,0,0,NONE,NO_CLICK
31536,0,0,NONE,NO_CLICK
31537,0,0,NONE,NO_CLICK
31538,0,0,NONE,NO_CLICK
31539,0,0,NONE,NO_CLICK
31540,0,0,NONE,NO_CLICK
31541,0,0,NONE,NO_CLICK
31542,0,0,NONE,NO_CLICK
31543,0,0,NONE,NO_CLICK
31544,0,0,NONE,NO_CLICK
31545,0,0,NONE,NO_CLICK
31546,0,0,NONE,NO_CLICK
31547,0,0,NONE,NO_CLICK
31548,0,0,NONE,NO_CLICK
31549,0,0,NONE,NO_CLICK
31550,0,0,NONE,NO_CLICK
31551,0,0,NONE,NO_CLICK
31552,0,0,NONE,NO_CLICK
31553,0,0,NONE,NO_CLICK
31554,0,0,NONE,NO_CLICK
31555,0,0,NONE,NO_CLICK
31556,0,0,NONE,NO_CLICK
31557,0,0,NONE,NO_CLICK
31558,0,0,NONE,NO_CLICK
31559,0,0,NONE,NO_CLICK
31560,0,0,NONE,NO_CLICK
31561,0,0,NONE,NO_CLICK
31562,0,0,NONE,NO_CLICK
31563,0,0,NONE,NO_CLICK
31564,0,0,NONE,NO_CLICK
31565,0,0,NONE,NO_CLICK
31566,0,0,NONE,NO_CLICK
31567,0,0,NONE,NO_CLICK
31568,0,0,NONE,NO_CLICK
31569,0,0,NONE,NO_CLICK
31570,0,0,NONE,NO_CLICK
31571,0,0,NONE,NO_CLICK
31572,0,0,NONE,NO_CLICK
31573,0,0,NONE,NO_CLICK
31574,0,0,NONE,NO_CLICK
31575,0,0,NONE,NO_CLICK
31576,0,0,NONE,NO_CLICK
31577,0,0,NONE,NO_CLICK
31578,0,0,NONE,NO_CLICK
31579,0,0,NONE,NO_CLICK
31580,0,0,NONE,NO_CLICK
31581,0,0,NONE,NO_CLICK
31582,0,0,NONE,NO_CLICK
31583,0,0,NONE,NO_CLICK
31584,0,0,NONE,NO_CLICK
31585,0,0,NONE,NO_CLICK
31586,0,0,NONE,NO_CLICK
31587,0,0,NONE,NO_CLICK
31588,0,0,NONE,NO_CLICK
31589,0,0,NONE,NO_CLICK
31590,0,0,NONE,NO_CLICK
31591,0,0,NONE,NO_CLICK
31592,0,0,NONE,NO_CLICK
31593,0,0,NONE,NO_CLICK
31594,0,0,NONE,NO_CLICK
31595,0,0,NONE,NO_CLICK
31596,0,0,NONE,NO_CLICK
31597,0,0,NONE,NO_CLICK
31598,0,0,NONE,NO_CLICK
31599,0,0,NONE,NO_CLICK
31600,0,0,NONE,NO_CLICK
31601,0,0,NONE,NO_CLICK
31602,0,0,NONE,NO_CLICK
31603,0,0,NONE,NO_CLICK
31604,0,0,NONE,NO_CLICK
31605,0,0,NONE,NO_CLICK
31606,0,0,NONE,NO_CLICK
31607,0,0,NONE,NO_CLICK
31608,0,0,NONE,NO_CLICK
31609,0,0,NONE,NO_CLICK
31610,0,0,NONE,NO_CLICK
31611,0,0,NONE,NO_CLICK
31612,0,0,NONE,NO_CLICK
31613,0,0,NONE,NO_CLICK
31614,0,0,NONE,NO_CLICK
31615,0,0,NONE,NO_CLICK
31616,0,0,NONE,NO_CLICK
31617,0,0,NONE,NO_CLICK
31618,0,0,NONE,NO_CLICK
31619,0,0,NONE,NO_CLICK
31620,0,0,NONE,NO_CLICK
31621,0,0,NONE,NO_CLICK
31622,0,0,NONE,NO_CLICK
31623,0,0,NONE,NO_CLICK
31624,0,0,NONE,NO_CLICK
31625,0,0,NONE,NO_CLICK
31626,0,0,NONE,NO_CLICK
31627,0,0,NONE,NO_CLICK
31628,0,0,NONE,NO_CLICK
31629,0,0,NONE,NO_CLICK
31630,0,0,NONE,NO_CLICK
31631,0,0,NONE,NO_CLICK
31632,0,0,NONE,NO_CLICK
31633,0,0,NONE,NO_CLICK
31634,0,0,NONE,NO_CLICK
31635,0,0,NONE,NO_CLICK
31636,0,0,NONE,NO_CLICK
31637,0,0,NONE,NO_CLICK
31638,0,0,NONE,NO_CLICK
31639,0,0,NONE,NO_CLICK
31640,0,0,NONE,NO_CLICK
31641,0,0,NONE,NO_CLICK
31642,0,0,NONE,NO_CLICK
31643,0,0,NONE,NO_CLICK
31644,0,0,NONE,NO_CLICK
31645,0,0,NONE,NO_CLICK
31646,0,0,NONE,NO_CLICK
31647,0,0,NONE,NO_CLICK
31648,0,0,NONE,NO_CLICK
31649,0,0,NONE,NO_CLICK
31650,0,1,D2,D2_CLICK
31651,0,1,D2,D2_CLICK
31652,0,1,D2,D2_CLICK
31653,0,1,D2,D2_CLICK
31654,0,1,D2,D2_CLICK
31655,0,1,D2,D2_CLICK
31656,0,1,D2,D2_CLICK
31657,0,1,D2,D2_CLICK
31658,0,1,D2,D2_CLICK
31659,0,1,D2,D2_CLICK
31660,0,1,D2,D2_CLICK
31661,0,1,D2,D2_CLICK
31662,0,1,D2,D2_CLICK
31663,0,1,D2,D2_CLICK
31664,0,1,D2,D2_CLICK
31665,0,1,D2,D2_CLICK
31666,0,1,D2,D2_CLICK
31667,0,1,D2,D2_CLICK
31668,0,1,D2,D2_CLICK
31669,0,1,D2,D2_CLICK
31670,0,1,D2,D2_CLICK
31671,0,1,D2,D2_CLICK
31672,0,1,D2,D2_CLICK
31673,0,1,D2,D2_CLICK
31674,0,1,D2,D2_CLICK
31675,0,1,D2,D2_CLICK
31676,0,1,D2,D2_CLICK
31677,0,1,D2,D2_CLICK
31678,0,1,D2,D2_CLICK
31679,0,1,D2,D2_CLICK
31680,0,1,D2,D2_CLICK
31681,0,1,D2,D2_CLICK
31682,0,1,D2,D2_CLICK
31683,0,1,D2,D2_CLICK
31684,0,1,D2,D2_CLICK
31685,0,1,D2,D2_CLICK
31686,0,1,D2,D2_CLICK
31687,0,1,D2,D2_CLICK
31688,0,0,NONE,NO_CLICK
31689,0,0,NONE,NO_CLICK
31690,0,0,NONE,NO_CLICK
31691,0,0,NONE,NO_CLICK
31692,0,0,NONE,NO_CLICK
31693,0,0,NONE,NO_CLICK
31694,0,0,NONE,NO_CLICK
31695,0,0,NONE,NO_CLICK
31696,0,0,NONE,NO_CLICK
31697,0,0,NONE,NO_CLICK
31698,0,0,NONE,NO_CLICK
31699,0,0,NONE,NO_CLICK
31700,0,0,NONE,NO_CLICK
31701,0,0,NONE,NO_CLICK
31702,0,0,NONE,NO_CLICK
31703,0,0,NONE,NO_CLICK
31704,0,0,NONE,NO_CLICK
31705,0,0,NONE,NO_CLICK
31706,0,0,NONE,NO_CLICK
31707,0,0,NONE,NO_CLICK
31708,0,0,NONE,NO_CLICK
31709,0,0,NONE,NO_CLICK
31710,0,0,NONE,NO_CLICK
31711,0,0,NONE,NO_CLICK
31712,0,0,NONE,NO_CLICK
31713,0,0,NONE,NO_CLICK
31714,1,0,D1,D1_CLICK
31715,1,0,D1,D1_CLICK
31716,1,0,D1,D1_CLICK
31717,1,0,D1,D1_CLICK
31718,1,0,D1,D1_CLICK
31719,1,0,D1,D1_CLICK
31720,1,0,D1,D1_CLICK
31721,1,0,D1,D1_CLICK
31722,1,0,D1,D1_CLICK
31723,1,0,D1,D1_CLICK
31724,1,0,D1,D1_CLICK
31725,1,0,D1,D1_CLICK
31726,1,0,D1,D1_CLICK
31727,1,0,D1,D1_CLICK
31728,1,0,D1,D1_CLICK
31729,1,0,D1,D1_CLICK
31730,1,0,D1,D1_CLICK
31731,1,0,D1,D1_CLICK
31732,1,0,D1,D1_CLICK
31733,1,0,D1,D1_CLICK
31734,1,0,D1,D1_CLICK
31735,1,0,D1,D1_CLICK
31736,1,0,D1,D1_CLICK
31737,1,0,D1,D1_CLICK
31738,1,0,D1,D1_CLICK
31739,1,0,D1,D1_CLICK
31740,1,0,D1,D1_CLICK
31741,1,0,D1,D1_CLICK
31742,1,0,D1,D1_CLICK
31743,1,0,D1,D1_CLICK
31744,1,0,D1,D1_CLICK
31745,1,0,D1,D1_CLICK
31746,1,0,D1,D1_CLICK
31747,1,0,D1,D1_CLICK
31748,1,0,D1,D1_CLICK
31749,1,0,D1,D1_CLICK
31750,1,0,D1,D1_CLICK
31751,1,0,D1,D1_CLICK
31752,0,0,NONE,NO_CLICK
31753,0,0,NONE,NO_CLICK
31754,0,0,NONE,NO_CLICK
31755,0,0,NONE,NO_CLICK
31756,0,0,NONE,NO_CLICK
31757,0,0,NONE,NO_CLICK
31758,0,0,NONE,NO_CLICK
31759,0,0,NONE,NO_CLICK
31760,0,0,NONE,NO_CLICK
31761,0,0,NONE,NO_CLICK
31762,0,0,NONE,NO_CLICK
31763,0,0,NONE,NO_CLICK
31764,0,0,NONE,NO_CLICK
31765,0,0,NONE,NO_CLICK
31766,0,0,NONE,NO_CLICK
31767,0,0,NONE,NO_CLICK
31768,0,0,NONE,NO_CLICK
31769,0,0,NONE,NO_CLICK
31770,0,0,NONE,NO_CLICK
31771,0,0,NONE,NO_CLICK
31772,0,0,NONE,NO_CLICK
31773,0,0,NONE,NO_CLICK
31774,0,0,NONE,NO_CLICK
31775,0,0,NONE,NO_CLICK
31776,0,0,NONE,NO_CLICK
31777,0,0,NONE,NO_CLICK
31778,0,0,NONE,NO_CLICK
31779,0,0,NONE,NO_CLICK
31780,0,0,NONE,NO_CLICK
31781,0,0,NONE,NO_CLICK
31782,0,0,NONE,NO_CLICK
31783,0,0,NONE,NO_CLICK
31784,0,0,NONE,NO_CLICK
31785,0,0,NONE,NO_CLICK
31786,0,0,NONE,NO_CLICK
31787,0,0,NONE,NO_CLICK
31788,0,0,NONE,NO_CLICK
31789,0,0,NONE,NO_CLICK
31790,0,0,NONE,NO_CLICK
31791,0,0,NONE,NO_CLICK
31792,0,0,NONE,NO_CLICK
31793,0,0,NONE,NO_CLICK
31794,0,0,NONE,NO_CLICK
31795,0,0,NONE,NO_CLICK
31796,0,0,NONE,NO_CLICK
31797,0,0,NONE,NO_CLICK
31798,0,0,NONE,NO_CLICK
31799,0,0,NONE,NO_CLICK
31800,0,0,NONE,NO_CLICK
31801,0,0,NONE,NO_CLICK
31802,0,0,NONE,NO_CLICK
31803,0,0,NONE,NO_CLICK
31804,0,0,NONE,NO_CLICK
31805,0,0,NONE,NO_CLICK
31806,0,0,NONE,NO_CLICK
31807,0,0,NONE,NO_CLICK
31808,0,0,NONE,NO_CLICK
31809,0,0,NONE,NO_CLICK
31810,0,0,NONE,NO_CLICK
31811,0,0,NONE,NO_CLICK
31812,0,0,NONE,NO_CLICK
31813,0,0,NONE,NO_CLICK
31814,0,0,NONE,NO_CLICK
31815,0,0,NONE,NO_CLICK
31816,0,0,NONE,NO_CLICK
31817,0,0,NONE,NO_CLICK
31818,0,0,NONE,NO_CLICK
31819,0,0,NONE,NO_CLICK
31820,0,0,NONE,NO_CLICK
31821,0,0,NONE,NO_CLICK
31822,0,0,NONE,NO_CLICK
31823,0,0,NONE,NO_CLICK
31824,0,0,NONE,NO_CLICK
31825,0,0,NONE,NO_CLICK
31826,0,0,NONE,NO_CLICK
31827,0,0,NONE,NO_CLICK
31828,0,0,NONE,NO_CLICK
31829,0,0,NONE,NO_CLICK
31830,0,0,NONE,NO_CLICK
31831,0,0,NONE,NO_CLICK
31832,0,0,NONE,NO_CLICK
31833,0,0,NONE,NO_CLICK
31834,0,0,NONE,NO_CLICK
31835,0,0,NONE,NO_CLICK
31836,0,0,NONE,NO_CLICK
31837,0,0,NONE,NO_CLICK
31838,0,0,NONE,NO_CLICK
31839,0,0,NONE,NO_CLICK
31840,0,0,NONE,NO_CLICK
31841,0,0,NONE,NO_CLICK
31842,0,0,NONE,NO_CLICK
31843,0,0,NONE,NO_CLICK
31844,0,0,NONE,NO_CLICK
31845,0,0,NONE,NO_CLICK
31846,0,0,NONE,NO_CLICK
31847,0,0,NONE,NO_CLICK
31848,0,0,NONE,NO_CLICK
31849,0,0,NONE,NO_CLICK
31850,0,0,NONE,NO_CLICK
31851,0,0,NONE,NO_CLICK
31852,0,0,NONE,NO_CLICK
31853,0,0,NONE,NO_CLICK
31854,0,0,NONE,NO_CLICK
31855,0,0,NONE,NO_CLICK
31856,0,0,NONE,NO_CLICK
31857,0,0,NONE,NO_CLICK
31858,0,0,NONE,NO_CLICK
31859,0,0,NONE,NO_CLICK
31860,0,0,NONE,NO_CLICK
31861,0,0,NONE,NO_CLICK
31862,0,0,NONE,NO_CLICK
31863,0,0,NONE,NO_CLICK
31864,0,0,NONE,NO_CLICK
31865,0,0,NONE,NO_CLICK
31866,0,0,NONE,NO_CLICK
31867,0,0,NONE,NO_CLICK
31868,0,0,NONE,NO_CLICK
31869,0,0,NONE,NO_CLICK
31870,0,0,NONE,NO_CLICK
31871,0,0,NONE,NO_CLICK
31872,0,0,NONE,NO_CLICK
31873,0,0,NONE,NO_CLICK
31874,0,0,NONE,NO_CLICK
31875,0,0,NONE,NO_CLICK
31876,0,0,NONE,NO_CLICK
31877,0,0,NONE,NO_CLICK
31878,0,0,NONE,NO_CLICK
31879,0,0,NONE,NO_CLICK
31880,0,0,NONE,NO_CLICK
31881,0,0,NONE,NO_CLICK
31882,0,0,NONE,NO_CLICK
31883,0,0,NONE,NO_CLICK
31884,0,0,NONE,NO_CLICK
31885,0,0,NONE,NO_CLICK
31886,0,0,NONE,NO_CLICK
31887,0,0,NONE,NO_CLICK
31888,0,0,NONE,NO_CLICK
31889,0,0,NONE,NO_CLICK
31890,0,0,NONE,NO_CLICK
31891,0,0,NONE,NO_CLICK
31892,0,0,NONE,NO_CLICK
31893,0,0,NONE,NO_CLICK
31894,0,0,NONE,NO_CLICK
31895,0,0,NONE,NO_CLICK
31896,0,0,NONE,NO_CLICK
31897,0,0,NONE,NO_CLICK
31898,0,0,NONE,NO_CLICK
31899,0,0,NONE,NO_CLICK
31900,0,0,NONE,NO_CLICK
31901,0,0,NONE,NO_CLICK
31902,0,0,NONE,NO_CLICK
31903,0,0,NONE,NO_CLICK
31904,0,0,NONE,NO_CLICK
31905,0,0,NONE,NO_CLICK
31906,0,0,NONE,NO_CLICK
31907,0,0,NONE,NO_CLICK
31908,0,0,NONE,NO_CLICK
31909,0,0,NONE,NO_CLICK
31910,0,0,NONE,NO_CLICK
31911,0,0,NONE,NO_CLICK
31912,0,0,NONE,NO_CLICK
31913,0,0,NONE,NO_CLICK
31914,0,0,NONE,NO_CLICK
31915,0,0,NONE,NO_CLICK
31916,0,0,NONE,NO_CLICK
31917,0,0,NONE,NO_CLICK
31918,0,0,NONE,NO_CLICK
31919,0,0,NONE,NO_CLICK
31920,0,0,NONE,NO_CLICK
31921,0,0,NONE,NO_CLICK
31922,0,0,NONE,NO_CLICK
31923,0,0,NONE,NO_CLICK
31924,0,0,NONE,NO_CLICK
31925,0,0,NONE,NO_CLICK
31926,0,0,NONE,NO_CLICK
31927,0,0,NONE,NO_CLICK
31928,0,0,NONE,NO_CLICK
31929,0,0,NONE,NO_CLICK
31930,0,0,NONE,NO_CLICK
31931,0,0,NONE,NO_CLICK
31932,0,0,NONE,NO_CLICK
31933,0,0,NONE,NO_CLICK
31934,0,0,NONE,NO_CLICK
31935,0,0,NONE,NO_CLICK
31936,0,0,NONE,NO_CLICK
31937,0,0,NONE,NO_CLICK
31938,0,0,NONE,NO_CLICK
31939,0,0,NONE,NO_CLICK
31940,0,0,NONE,NO_CLICK
31941,0,0,NONE,NO_CLICK
31942,0,0,NONE,NO_CLICK
31943,0,0,NONE,NO_CLICK
31944,0,0,NONE,NO_CLICK
31945,0,0,NONE,NO_CLICK
31946,0,0,NONE,NO_CLICK
31947,0,0,NONE,NO_CLICK
31948,0,0,NONE,NO_CLICK
31949,0,0,NONE,NO_CLICK
31950,0,0,NONE,NO_CLICK
31951,0,0,NONE,NO_CLICK
31952,0,0,NONE,NO_CLICK
31953,0,0,NONE,NO_CLICK
31954,0,0,NONE,NO_CLICK
31955,0,0,NONE,NO_CLICK
31956,0,0,NONE,NO_CLICK
31957,0,0,NONE,NO_CLICK
31958,0,0,NONE,NO_CLICK
31959,0,0,NONE,NO_CLICK
31960,0,0,NONE,NO_CLICK
31961,0,0,NONE,NO_CLICK
31962,0,0,NONE,NO_CLICK
31963,0,0,NONE,NO_CLICK
31964,0,0,NONE,NO_CLICK
31965,0,0,NONE,NO_CLICK
31966,0,0,NONE,NO_CLICK
31967,0,0,NONE,NO_CLICK
31968,0,0,NONE,NO_CLICK
31969,0,0,NONE,NO_CLICK
31970,0,1,D2,D2_CLICK
31971,0,1,D2,D2_CLICK
31972,0,1,D2,D2_CLICK
31973,0,1,D2,D2_CLICK
31974,0,1,D2,D2_CLICK
31975,0,1,D2,D2_CLICK
31976,0,1,D2,D2_CLICK
31977,0,1,D2,D2_CLICK
31978,0,1,D2,D2_CLICK
31979,0,1,D2,D2_CLICK
31980,0,1,D2,D2_CLICK
31981,0,1,D2,D2_CLICK
31982,0,1,D2,D2_CLICK
31983,0,1,D2,D2_CLICK
31984,0,1,D2,D2_CLICK
31985,0,1,D2,D2_CLICK
31986,0,1,D2,D2_CLICK
31987,0,1,D2,D2_CLICK
31988,0,1,D2,D2_CLICK
31989,0,1,D2,D2_CLICK
31990,0,1,D2,D2_CLICK
31991,0,1,D2,D2_CLICK
31992,0,1,D2,D2_CLICK
31993,0,1,D2,D2_CLICK
31994,0,1,D2,D2_CLICK
31995,0,1,D2,D2_CLICK
31996,0,1,D2,D2_CLICK
31997,0,1,D2,D2_CLICK
31998,0,1,D2,D2_CLICK
31999,0,1,D2,D2_CLICK
32000,0,1,D2,D2_CLICK
32001,0,1,D2,D2_CLICK
32002,0,1,D2,D2_CLICK
32003,0,1,D2,D2_CLICK
32004,0,1,D2,D2_CLICK
32005,0,1,D2,D2_CLICK
32006,0,1,D2,D2_CLICK
32007,0,1,D2,D2_CLICK
32008,0,0,NONE,NO_CLICK
32009,0,0,NONE,NO_CLICK
32010,0,0,NONE,NO_CLICK
32011,0,0,NONE,NO_CLICK
32012,0,0,NONE,NO_CLICK
32013,0,0,NONE,NO_CLICK
32014,0,0,NONE,NO_CLICK
32015,0,0,NONE,NO_CLICK
32016,0,0,NONE,NO_CLICK
32017,0,0,NONE,NO_CLICK
32018,0,0,NONE,NO_CLICK
32019,0,0,NONE,NO_CLICK
32020,0,0,NONE,NO_CLICK
32021,0,0,NONE,NO_CLICK
32022,0,0,NONE,NO_CLICK
32023,0,0,NONE,NO_CLICK
32024,0,0,NONE,NO_CLICK
32025,0,0,NONE,NO_CLICK
32026,0,0,NONE,NO_CLICK
32027,0,0,NONE,NO_CLICK
32028,0,0,NONE,NO_CLICK
32029,0,0,NONE,NO_CLICK
32030,0,0,NONE,NO_CLICK
32031,0,0,NONE,NO_CLICK
32032,0,0,NONE,NO_CLICK
32033,0,0,NONE,NO_CLICK
32034,0,0,NONE,NO_CLICK
32035,0,0,NONE,NO_CLICK
32036,0,0,NONE,NO_CLICK
32037,0,0,NONE,NO_CLICK
32038,0,0,NONE,NO_CLICK
32039,0,0,NONE,NO_CLICK
32040,0,0,NONE,NO_CLICK
32041,0,0,NONE,NO_CLICK
32042,0,0,NONE,NO_CLICK
32043,0,0,NONE,NO_CLICK
32044,0,0,NONE,NO_CLICK
32045,0,0,NONE,NO_CLICK
32046,0,0,NONE,NO_CLICK
32047,0,0,NONE,NO_CLICK
32048,0,0,NONE,NO_CLICK
32049,0,0,NONE,NO_CLICK
32050,0,0,NONE,NO_CLICK
32051,0,0,NONE,NO_CLICK
32052,0,0,NONE,NO_CLICK
32053,0,0,NONE,NO_CLICK
32054,0,0,NONE,NO_CLICK
32055,0,0,NONE,NO_CLICK
32056,0,0,NONE,NO_CLICK
32057,0,0,NONE,NO_CLICK
32058,0,0,NONE,NO_CLICK
32059,0,0,NONE,NO_CLICK
32060,0,0,NONE,NO_CLICK
32061,0,0,NONE,NO_CLICK
32062,0,0,NONE,NO_CLICK
32063,0,0,NONE,NO_CLICK
32064,0,0,NONE,NO_CLICK
32065,0,0,NONE,NO_CLICK
32066,1,0,D1,D1_CLICK
32067,1,0,D1,D1_CLICK
32068,1,0,D1,D1_CLICK
32069,1,0,D1,D1_CLICK
32070,1,0,D1,D1_CLICK
32071,1,0,D1,D1_CLICK
32072,1,0,D1,D1_CLICK
32073,1,0,D1,D1_CLICK
32074,1,0,D1,D1_CLICK
32075,1,0,D1,D1_CLICK
32076,1,0,D1,D1_CLICK
32077,1,0,D1,D1_CLICK
32078,1,0,D1,D1_CLICK
32079,1,0,D1,D1_CLICK
32080,1,0,D1,D1_CLICK
32081,1,0,D1,D1_CLICK
32082,1,0,D1,D1_CLICK
32083,1,0,D1,D1_CLICK
32084,1,0,D1,D1_CLICK
32085,1,0,D1,D1_CLICK
32086,1,0,D1,D1_CLICK
32087,1,0,D1,D1_CLICK
32088,1,0,D1,D1_CLICK
32089,1,0,D1,D1_CLICK
32090,1,0,D1,D1_CLICK
32091,1,0,D1,D1_CLICK
32092,1,0,D1,D1_CLICK
32093,1,0,D1,D1_CLICK
32094,1,0,D1,D1_CLICK
32095,1,0,D1,D1_CLICK
32096,1,0,D1,D1_CLICK
32097,1,0,D1,D1_CLICK
32098,1,0,D1,D1_CLICK
32099,1,0,D1,D1_CLICK
32100,1,0,D1,D1_CLICK
32101,1,0,D1,D1_CLICK
32102,1,0,D1,D1_CLICK
32103,1,0,D1,D1_CLICK
32104,0,0,NONE,NO_CLICK
32105,0,0,NONE,NO_CLICK
32106,0,0,NONE,NO_CLICK
32107,0,0,NONE,NO_CLICK
32108,0,0,NONE,NO_CLICK
32109,0,0,NONE,NO_CLICK
32110,0,0,NONE,NO_CLICK
32111,0,0,NONE,NO_CLICK
32112,0,0,NONE,NO_CLICK
32113,0,0,NONE,NO_CLICK
32114,0,0,NONE,NO_CLICK
32115,0,0,NONE,NO_CLICK
32116,0,0,NONE,NO_CLICK
32117,0,0,NONE,NO_CLICK
32118,0,0,NONE,NO_CLICK
32119,0,0,NONE,NO_CLICK
32120,0,0,NONE,NO_CLICK
32121,0,0,NONE,NO_CLICK
32122,0,0,NONE,NO_CLICK
32123,0,0,NONE,NO_CLICK
32124,0,0,NONE,NO_CLICK
32125,0,0,NONE,NO_CLICK
32126,0,0,NONE,NO_CLICK
32127,0,0,NONE,NO_CLICK
32128,0,0,NONE,NO_CLICK
32129,0,0,NONE,NO_CLICK
32130,0,0,NONE,NO_CLICK
32131,0,0,NONE,NO_CLICK
32132,0,0,NONE,NO_CLICK
32133,0,0,NONE,NO_CLICK
32134,0,0,NONE,NO_CLICK
32135,0,0,NONE,NO_CLICK
32136,0,0,NONE,NO_CLICK
32137,0,0,NONE,NO_CLICK
32138,0,0,NONE,NO_CLICK
32139,0,0,NONE,NO_CLICK
32140,0,0,NONE,NO_CLICK
32141,0,0,NONE,NO_CLICK
32142,0,0,NONE,NO_CLICK
32143,0,0,NONE,NO_CLICK
32144,0,0,NONE,NO_CLICK
32145,0,0,NONE,NO_CLICK
32146,0,0,NONE,NO_CLICK
32147,0,0,NONE,NO_CLICK
32148,0,0,NONE,NO_CLICK
32149,0,0,NONE,NO_CLICK
32150,0,0,NONE,NO_CLICK
32151,0,0,NONE,NO_CLICK
32152,0,0,NONE,NO_CLICK
32153,0,0,NONE,NO_CLICK
32154,0,0,NONE,NO_CLICK
32155,0,0,NONE,NO_CLICK
32156,0,0,NONE,NO_CLICK
32157,0,0,NONE,NO_CLICK
32158,0,0,NONE,NO_CLICK
32159,0,0,NONE,NO_CLICK
32160,0,0,NONE,NO_CLICK
32161,0,0,NONE,NO_CLICK
32162,0,0,NONE,NO_CLICK
32163,0,0,NONE,NO_CLICK
32164,0,0,NONE,NO_CLICK
32165,0,0,NONE,NO_CLICK
32166,0,0,NONE,NO_CLICK
32167,0,0,NONE,NO_CLICK
32168,0,0,NONE,NO_CLICK
32169,0,0,NONE,NO_CLICK
32170,0,0,NONE,NO_CLICK
32171,0,0,NONE,NO_CLICK
32172,0,0,NONE,NO_CLICK
32173,0,0,NONE,NO_CLICK
32174,0,0,NONE,NO_CLICK
32175,0,0,NONE,NO_CLICK
32176,0,0,NONE,NO_CLICK
32177,0,0,NONE,NO_CLICK
32178,0,0,NONE,NO_CLICK
32179,0,0,NONE,NO_CLICK
32180,0,0,NONE,NO_CLICK
32181,0,0,NONE,NO_CLICK
32182,0,0,NONE,NO_CLICK
32183,0,0,NONE,NO_CLICK
32184,0,0,NONE,NO_CLICK
32185,0,0,NONE,NO_CLICK
32186,0,0,NONE,NO_CLICK
32187,0,0,NONE,NO_CLICK
32188,0,0,NONE,NO_CLICK
32189,0,0,NONE,NO_CLICK
32190,0,0,NONE,NO_CLICK
32191,0,0,NONE,NO_CLICK
32192,0,0,NONE,NO_CLICK
32193,0,0,NONE,NO_CLICK
32194,0,0,NONE,NO_CLICK
32195,0,0,NONE,NO_CLICK
32196,0,0,NONE,NO_CLICK
32197,0,0,NONE,NO_CLICK
32198,0,0,NONE,NO_CLICK
32199,0,0,NONE,NO_CLICK
32200,0,0,NONE,NO_CLICK
32201,0,0,NONE,NO_CLICK
32202,0,0,NONE,NO_CLICK
32203,0,0,NONE,NO_CLICK
32204,0,0,NONE,NO_CLICK
32205,0,0,NONE,NO_CLICK
32206,0,0,NONE,NO_CLICK
32207,0,0,NONE,NO_CLICK
32208,0,0,NONE,NO_CLICK
32209,0,0,NONE,NO_CLICK
32210,0,0,NONE,NO_CLICK
32211,0,0,NONE,NO_CLICK
32212,0,0,NONE,NO_CLICK
32213,0,0,NONE,NO_CLICK
32214,0,0,NONE,NO_CLICK
32215,0,0,NONE,NO_CLICK
32216,0,0,NONE,NO_CLICK
32217,0,0,NONE,NO_CLICK
32218,0,0,NONE,NO_CLICK
32219,0,0,NONE,NO_CLICK
32220,0,0,NONE,NO_CLICK
32221,0,0,NONE,NO_CLICK
32222,0,0,NONE,NO_CLICK
32223,0,0,NONE,NO_CLICK
32224,0,0,NONE,NO_CLICK
32225,0,0,NONE,NO_CLICK
32226,0,0,NONE,NO_CLICK
32227,0,0,NONE,NO_CLICK
32228,0,0,NONE,NO_CLICK
32229,0,0,NONE,NO_CLICK
32230,0,0,NONE,NO_CLICK
32231,0,0,NONE,NO_CLICK
32232,0,0,NONE,NO_CLICK
32233,0,0,NONE,NO_CLICK
32234,0,0,NONE,NO_CLICK
32235,0,0,NONE,NO_CLICK
32236,0,0,NONE,NO_CLICK
32237,0,0,NONE,NO_CLICK
32238,0,0,NONE,NO_CLICK
32239,0,0,NONE,NO_CLICK
32240,0,0,NONE,NO_CLICK
32241,0,0,NONE,NO_CLICK
32242,0,0,NONE,NO_CLICK
32243,0,0,NONE,NO_CLICK
32244,0,0,NONE,NO_CLICK
32245,0,0,NONE,NO_CLICK
32246,0,0,NONE,NO_CLICK
32247,0,0,NONE,NO_CLICK
32248,0,0,NONE,NO_CLICK
32249,0,0,NONE,NO_CLICK
32250,0,0,NONE,NO_CLICK
32251,0,0,NONE,NO_CLICK
32252,0,0,NONE,NO_CLICK
32253,0,0,NONE,NO_CLICK
32254,0,0,NONE,NO_CLICK
32255,0,0,NONE,NO_CLICK
32256,0,0,NONE,NO_CLICK
32257,0,0,NONE,NO_CLICK
32258,0,0,NONE,NO_CLICK
32259,0,0,NONE,NO_CLICK
32260,0,0,NONE,NO_CLICK
32261,0,0,NONE,NO_CLICK
32262,0,0,NONE,NO_CLICK
32263,0,0,NONE,NO_CLICK
32264,0,0,NONE,NO_CLICK
32265,0,0,NONE,NO_CLICK
32266,0,0,NONE,NO_CLICK
32267,0,0,NONE,NO_CLICK
32268,0,0,NONE,NO_CLICK
32269,0,0,NONE,NO_CLICK
32270,0,0,NONE,NO_CLICK
32271,0,0,NONE,NO_CLICK
32272,0,0,NONE,NO_CLICK
32273,0,0,NONE,NO_CLICK
32274,0,0,NONE,NO_CLICK
32275,0,0,NONE,NO_CLICK
32276,0,0,NONE,NO_CLICK
32277,0,0,NONE,NO_CLICK
32278,0,0,NONE,NO_CLICK
32279,0,0,NONE,NO_CLICK
32280,0,0,NONE,NO_CLICK
32281,0,0,NONE,NO_CLICK
32282,0,0,NONE,NO_CLICK
32283,0,0,NONE,NO_CLICK
32284,0,0,NONE,NO_CLICK
32285,0,0,NONE,NO_CLICK
32286,0,0,NONE,NO_CLICK
32287,0,0,NONE,NO_CLICK
32288,0,0,NONE,NO_CLICK
32289,0,0,NONE,NO_CLICK
32290,0,1,D2,D2_CLICK
32291,0,1,D2,D2_CLICK
32292,0,1,D2,D2_CLICK
32293,0,1,D2,D2_CLICK
32294,0,1,D2,D2_CLICK
32295,0,1,D2,D2_CLICK
32296,0,1,D2,D2_CLICK
32297,0,1,D2,D2_CLICK
32298,0,1,D2,D2_CLICK
32299,0,1,D2,D2_CLICK
32300,0,1,D2,D2_CLICK
32301,0,1,D2,D2_CLICK
32302,0,1,D2,D2_CLICK
32303,0,1,D2,D2_CLICK
32304,0,1,D2,D2_CLICK
32305,0,1,D2,D2_CLICK
32306,0,1,D2,D2_CLICK
32307,0,1,D2,D2_CLICK
32308,0,1,D2,D2_CLICK
32309,0,1,D2,D2_CLICK
32310,0,1,D2,D2_CLICK
32311,0,1,D2,D2_CLICK
32312,0,1,D2,D2_CLICK
32313,0,1,D2,D2_CLICK
32314,0,1,D2,D2_CLICK
32315,0,1,D2,D2_CLICK
32316,0,1,D2,D2_CLICK
32317,0,1,D2,D2_CLICK
32318,0,1,D2,D2_CLICK
32319,0,1,D2,D2_CLICK
32320,0,1,D2,D2_CLICK
32321,0,1,D2,D2_CLICK
32322,0,1,D2,D2_CLICK
32323,0,1,D2,D2_CLICK
32324,0,1,D2,D2_CLICK
32325,0,1,D2,D2_CLICK
32326,0,1,D2,D2_CLICK
32327,0,1,D2,D2_CLICK
32328,0,0,NONE,NO_CLICK
32329,0,0,NONE,NO_CLICK
32330,0,0,NONE,NO_CLICK
32331,0,0,NONE,NO_CLICK
32332,0,0,NONE,NO_CLICK
32333,0,0,NONE,NO_CLICK
32334,0,0,NONE,NO_CLICK
32335,0,0,NONE,NO_CLICK
32336,0,0,NONE,NO_CLICK
32337,0,0,NONE,NO_CLICK
32338,0,0,NONE,NO_CLICK
32339,0,0,NONE,NO_CLICK
32340,0,0,NONE,NO_CLICK
32341,0,0,NONE,NO_CLICK
32342,0,0,NONE,NO_CLICK
32343,0,0,NONE,NO_CLICK
32344,0,0,NONE,NO_CLICK
32345,0,0,NONE,NO_CLICK
32346,0,0,NONE,NO_CLICK
32347,0,0,NONE,NO_CLICK
32348,0,0,NONE,NO_CLICK
32349,0,0,NONE,NO_CLICK
32350,0,0,NONE,NO_CLICK
32351,0,0,NONE,NO_CLICK
32352,0,0,NONE,NO_CLICK
32353,0,0,NONE,NO_CLICK
32354,0,0,NONE,NO_CLICK
32355,0,0,NONE,NO_CLICK
32356,0,0,NONE,NO_CLICK
32357,0,0,NONE,NO_CLICK
32358,0,0,NONE,NO_CLICK
32359,0,0,NONE,NO_CLICK
32360,0,0,NONE,NO_CLICK
32361,0,0,NONE,NO_CLICK
32362,0,0,NONE,NO_CLICK
32363,0,0,NONE,NO_CLICK
32364,0,0,NONE,NO_CLICK
32365,0,0,NONE,NO_CLICK
32366,0,0,NONE,NO_CLICK
32367,0,0,NONE,NO_CLICK
32368,0,0,NONE,NO_CLICK
32369,0,0,NONE,NO_CLICK
32370,0,0,NONE,NO_CLICK
32371,0,0,NONE,NO_CLICK
32372,0,0,NONE,NO_CLICK
32373,0,0,NONE,NO_CLICK
32374,0,0,NONE,NO_CLICK
32375,0,0,NONE,NO_CLICK
32376,0,0,NONE,NO_CLICK
32377,0,0,NONE,NO_CLICK
32378,0,0,NONE,NO_CLICK
32379,0,0,NONE,NO_CLICK
32380,0,0,NONE,NO_CLICK
32381,0,0,NONE,NO_CLICK
32382,0,0,NONE,NO_CLICK
32383,0,0,NONE,NO_CLICK
32384,0,0,NONE,NO_CLICK
32385,0,0,NONE,NO_CLICK
32386,0,0,NONE,NO_CLICK
32387,0,0,NONE,NO_CLICK
32388,0,0,NONE,NO_CLICK
32389,0,0,NONE,NO_CLICK
32390,0,0,NONE,NO_CLICK
32391,0,0,NONE,NO_CLICK
32392,0,0,NONE,NO_CLICK
32393,0,0,NONE,NO_CLICK
32394,0,0,NONE,NO_CLICK
32395,0,0,NONE,NO_CLICK
32396,0,0,NONE,NO_CLICK
32397,0,0,NONE,NO_CLICK
32398,0,0,NONE,NO_CLICK
32399,0,0,NONE,NO_CLICK
32400,0,0,NONE,NO_CLICK
32401,0,0,NONE,NO_CLICK
32402,0,0,NONE,NO_CLICK
32403,0,0,NONE,NO_CLICK
32404,0,0,NONE,NO_CLICK
32405,0,0,NONE,NO_CLICK
32406,0,0,NONE,NO_CLICK
32407,0,0,NONE,NO_CLICK
32408,0,0,NONE,NO_CLICK
32409,0,0,NONE,NO_CLICK
32410,0,0,NONE,NO_CLICK
32411,0,0,NONE,NO_CLICK
32412,0,0,NONE,NO_CLICK
32413,0,0,NONE,NO_CLICK
32414,0,0,NONE,NO_CLICK
32415,0,0,NONE,NO_CLICK
32416,0,0,NONE,NO_CLICK
32417,0,0,NONE,NO_CLICK
32418,1,0,D1,D1_CLICK
32419,1,0,D1,D1_CLICK
32420,1,0,D1,D1_CLICK
32421,1,0,D1,D1_CLICK
32422,1,0,D1,D1_CLICK
32423,1,0,D1,D1_CLICK
32424,1,0,D1,D1_CLICK
32425,1,0,D1,D1_CLICK
32426,1,0,D1,D1_CLICK
32427,1,0,D1,D1_CLICK
32428,1,0,D1,D1_CLICK
32429,1,0,D1,D1_CLICK
32430,1,0,D1,D1_CLICK
32431,1,0,D1,D1_CLICK
32432,1,0,D1,D1_CLICK
32433,1,0,D1,D1_CLICK
32434,1,0,D1,D1_CLICK
32435,1,0,D1,D1_CLICK
32436,1,0,D1,D1_CLICK
32437,1,0,D1,D1_CLICK
32438,1,0,D1,D1_CLICK
32439,1,0,D1,D1_CLICK
32440,1,0,D1,D1_CLICK
32441,1,0,D1,D1_CLICK
32442,1,0,D1,D1_CLICK
32443,1,0,D1,D1_CLICK
32444,1,0,D1,D1_CLICK
32445,1,0,D1,D1_CLICK
32446,1,0,D1,D1_CLICK
32447,1,0,D1,D1_CLICK
32448,1,0,D1,D1_CLICK
32449,1,0,D1,D1_CLICK
32450,1,0,D1,D1_CLICK
32451,1,0,D1,D1_CLICK
32452,1,0,D1,D1_CLICK
32453,1,0,D1,D1_CLICK
32454,1,0,D1,D1_CLICK
32455,1,0,D1,D1_CLICK
32456,0,0,NONE,NO_CLICK
32457,0,0,NONE,NO_CLICK
32458,0,0,NONE,NO_CLICK
32459,0,0,NONE,NO_CLICK
32460,0,0,NONE,NO_CLICK
32461,0,0,NONE,NO_CLICK
32462,0,0,NONE,NO_CLICK
32463,0,0,NONE,NO_CLICK
32464,0,0,NONE,NO_CLICK
32465,0,0,NONE,NO_CLICK
32466,0,0,NONE,NO_CLICK
32467,0,0,NONE,NO_CLICK
32468,0,0,NONE,NO_CLICK
32469,0,0,NONE,NO_CLICK
32470,0,0,NONE,NO_CLICK
32471,0,0,NONE,NO_CLICK
32472,0,0,NONE,NO_CLICK
32473,0,0,NONE,NO_CLICK
32474,0,0,NONE,NO_CLICK
32475,0,0,NONE,NO_CLICK
32476,0,0,NONE,NO_CLICK
32477,0,0,NONE,NO_CLICK
32478,0,0,NONE,NO_CLICK
32479,0,0,NONE,NO_CLICK
32480,0,0,NONE,NO_CLICK
32481,0,0,NONE,NO_CLICK
32482,0,0,NONE,NO_CLICK
32483,0,0,NONE,NO_CLICK
32484,0,0,NONE,NO_CLICK
32485,0,0,NONE,NO_CLICK
32486,0,0,NONE,NO_CLICK
32487,0,0,NONE,NO_CLICK
32488,0,0,NONE,NO_CLICK
32489,0,0,NONE,NO_CLICK
32490,0,0,NONE,NO_CLICK
32491,0,0,NONE,NO_CLICK
32492,0,0,NONE,NO_CLICK
32493,0,0,NONE,NO_CLICK
32494,0,0,NONE,NO_CLICK
32495,0,0,NONE,NO_CLICK
32496,0,0,NONE,NO_CLICK
32497,0,0,NONE,NO_CLICK
32498,0,0,NONE,NO_CLICK
32499,0,0,NONE,NO_CLICK
32500,0,0,NONE,NO_CLICK
32501,0,0,NONE,NO_CLICK
32502,0,0,NONE,NO_CLICK
32503,0,0,NONE,NO_CLICK
32504,0,0,NONE,NO_CLICK
32505,0,0,NONE,NO_CLICK
32506,0,0,NONE,NO_CLICK
32507,0,0,NONE,NO_CLICK
32508,0,0,NONE,NO_CLICK
32509,0,0,NONE,NO_CLICK
32510,0,0,NONE,NO_CLICK
32511,0,0,NONE,NO_CLICK
32512,0,0,NONE,NO_CLICK
32513,0,0,NONE,NO_CLICK
32514,0,0,NONE,NO_CLICK
32515,0,0,NONE,NO_CLICK
32516,0,0,NONE,NO_CLICK
32517,0,0,NONE,NO_CLICK
32518,0,0,NONE,NO_CLICK
32519,0,0,NONE,NO_CLICK
32520,0,0,NONE,NO_CLICK
32521,0,0,NONE,NO_CLICK
32522,0,0,NONE,NO_CLICK
32523,0,0,NONE,NO_CLICK
32524,0,0,NONE,NO_CLICK
32525,0,0,NONE,NO_CLICK
32526,0,0,NONE,NO_CLICK
32527,0,0,NONE,NO_CLICK
32528,0,0,NONE,NO_CLICK
32529,0,0,NONE,NO_CLICK
32530,0,0,NONE,NO_CLICK
32531,0,0,NONE,NO_CLICK
32532,0,0,NONE,NO_CLICK
32533,0,0,NONE,NO_CLICK
32534,0,0,NONE,NO_CLICK
32535,0,0,NONE,NO_CLICK
32536,0,0,NONE,NO_CLICK
32537,0,0,NONE,NO_CLICK
32538,0,0,NONE,NO_CLICK
32539,0,0,NONE,NO_CLICK
32540,0,0,NONE,NO_CLICK
32541,0,0,NONE,NO_CLICK
32542,0,0,NONE,NO_CLICK
32543,0,0,NONE,NO_CLICK
32544,0,0,NONE,NO_CLICK
32545,0,0,NONE,NO_CLICK
32546,0,0,NONE,NO_CLICK
32547,0,0,NONE,NO_CLICK
32548,0,0,NONE,NO_CLICK
32549,0,0,NONE,NO_CLICK
32550,0,0,NONE,NO_CLICK
32551,0,0,NONE,NO_CLICK
32552,0,0,NONE,NO_CLICK
32553,0,0,NONE,NO_CLICK
32554,0,0,NONE,NO_CLICK
32555,0,0,NONE,NO_CLICK
32556,0,0,NONE,NO_CLICK
32557,0,0,NONE,NO_CLICK
32558,0,0,NONE,NO_CLICK
32559,0,0,NONE,NO_CLICK
32560,0,0,NONE,NO_CLICK
32561,0,0,NONE,NO_CLICK
32562,0,0,NONE,NO_CLICK
32563,0,0,NONE,NO_CLICK
32564,0,0,NONE,NO_CLICK
32565,0,0,NONE,NO_CLICK
32566,0,0,NONE,NO_CLICK
32567,0,0,NONE,NO_CLICK
32568,0,0,NONE,NO_CLICK
32569,0,0,NONE,NO_CLICK
32570,0,0,NONE,NO_CLICK
32571,0,0,NONE,NO_CLICK
32572,0,0,NONE,NO_CLICK
32573,0,0,NONE,NO_CLICK
32574,0,0,NONE,NO_CLICK
32575,0,0,NONE,NO_CLICK
32576,0,0,NONE,NO_CLICK
32577,0,0,NONE,NO_CLICK
32578,0,0,NONE,NO_CLICK
32579,0,0,NONE,NO_CLICK
32580,0,0,NONE,NO_CLICK
32581,0,0,NONE,NO_CLICK
32582,0,0,NONE,NO_CLICK
32583,0,0,NONE,NO_CLICK
32584,0,0,NONE,NO_CLICK
32585,0,0,NONE,NO_CLICK
32586,0,0,NONE,NO_CLICK
32587,0,0,NONE,NO_CLICK
32588,0,0,NONE,NO_CLICK
32589,0,0,NONE,NO_CLICK
32590,0,0,NONE,NO_CLICK
32591,0,0,NONE,NO_CLICK
32592,0,0,NONE,NO_CLICK
32593,0,0,NONE,NO_CLICK
32594,0,0,NONE,NO_CLICK
32595,0,0,NONE,NO_CLICK
32596,0,0,NONE,NO_CLICK
32597,0,0,NONE,NO_CLICK
32598,0,0,NONE,NO_CLICK
32599,0,0,NONE,NO_CLICK
32600,0,0,NONE,NO_CLICK
32601,0,0,NONE,NO_CLICK
32602,0,0,NONE,NO_CLICK
32603,0,0,NONE,NO_CLICK
32604,0,0,NONE,NO_CLICK
32605,0,0,NONE,NO_CLICK
32606,0,0,NONE,NO_CLICK
32607,0,0,NONE,NO_CLICK
32608,0,0,NONE,NO_CLICK
32609,0,0,NONE,NO_CLICK
32610,0,1,D2,D2_CLICK
32611,0,1,D2,D2_CLICK
32612,0,1,D2,D2_CLICK
32613,0,1,D2,D2_CLICK
32614,0,1,D2,D2_CLICK
32615,0,1,D2,D2_CLICK
32616,0,1,D2,D2_CLICK
32617,0,1,D2,D2_CLICK
32618,0,1,D2,D2_CLICK
32619,0,1,D2,D2_CLICK
32620,0,1,D2,D2_CLICK
32621,0,1,D2,D2_CLICK
32622,0,1,D2,D2_CLICK
32623,0,1,D2,D2_CLICK
32624,0,1,D2,D2_CLICK
32625,0,1,D2,D2_CLICK
32626,0,1,D2,D2_CLICK
32627,0,1,D2,D2_CLICK
32628,0,1,D2,D2_CLICK
32629,0,1,D2,D2_CLICK
32630,0,1,D2,D2_CLICK
32631,0,1,D2,D2_CLICK
32632,0,1,D2,D2_CLICK
32633,0,1,D2,D2_CLICK
32634,0,1,D2,D2_CLICK
32635,0,1,D2,D2_CLICK
32636,0,1,D2,D2_CLICK
32637,0,1,D2,D2_CLICK
32638,0,1,D2,D2_CLICK
32639,0,1,D2,D2_CLICK
32640,0,1,D2,D2_CLICK
32641,0,1,D2,D2_CLICK
32642,0,1,D2,D2_CLICK
32643,0,1,D2,D2_CLICK
32644,0,1,D2,D2_CLICK
32645,0,1,D2,D2_CLICK
32646,0,1,D2,D2_CLICK
32647,0,1,D2,D2_CLICK
32648,0,0,NONE,NO_CLICK
32649,0,0,NONE,NO_CLICK
32650,0,0,NONE,NO_CLICK
32651,0,0,NONE,NO_CLICK
32652,0,0,NONE,NO_CLICK
32653,0,0,NONE,NO_CLICK
32654,0,0,NONE,NO_CLICK
32655,0,0,NONE,NO_CLICK
32656,0,0,NONE,NO_CLICK
32657,0,0,NONE,NO_CLICK
32658,0,0,NONE,NO_CLICK
32659,0,0,NONE,NO_CLICK
32660,0,0,NONE,NO_CLICK
32661,0,0,NONE,NO_CLICK
32662,0,0,NONE,NO_CLICK
32663,0,0,NONE,NO_CLICK
32664,0,0,NONE,NO_CLICK
32665,0,0,NONE,NO_CLICK
32666,0,0,NONE,NO_CLICK
32667,0,0,NONE,NO_CLICK
32668,0,0,NONE,NO_CLICK
32669,0,0,NONE,NO_CLICK
32670,0,0,NONE,NO_CLICK
32671,0,0,NONE,NO_CLICK
32672,0,0,NONE,NO_CLICK
32673,0,0,NONE,NO_CLICK
32674,0,0,NONE,NO_CLICK
32675,0,0,NONE,NO_CLICK
32676,0,0,NONE,NO_CLICK
32677,0,0,NONE,NO_CLICK
32678,0,0,NONE,NO_CLICK
32679,0,0,NONE,NO_CLICK
32680,0,0,NONE,NO_CLICK
32681,0,0,NONE,NO_CLICK
32682,0,0,NONE,NO_CLICK
32683,0,0,NONE,NO_CLICK
32684,0,0,NONE,NO_CLICK
32685,0,0,NONE,NO_CLICK
32686,0,0,NONE,NO_CLICK
32687,0,0,NONE,NO_CLICK
32688,0,0,NONE,NO_CLICK
32689,0,0,NONE,NO_CLICK
32690,0,0,NONE,NO_CLICK
32691,0,0,NONE,NO_CLICK
32692,0,0,NONE,NO_CLICK
32693,0,0,NONE,NO_CLICK
32694,0,0,NONE,NO_CLICK
32695,0,0,NONE,NO_CLICK
32696,0,0,NONE,NO_CLICK
32697,0,0,NONE,NO_CLICK
32698,0,0,NONE,NO_CLICK
32699,0,0,NONE,NO_CLICK
32700,0,0,NONE,NO_CLICK
32701,0,0,NONE,NO_CLICK
32702,0,0,NONE,NO_CLICK
32703,0,0,NONE,NO_CLICK
32704,0,0,NONE,NO_CLICK
32705,0,0,NONE,NO_CLICK
32706,0,0,NONE,NO_CLICK
32707,0,0,NONE,NO_CLICK
32708,0,0,NONE,NO_CLICK
32709,0,0,NONE,NO_CLICK
32710,0,0,NONE,NO_CLICK
32711,0,0,NONE,NO_CLICK
32712,0,0,NONE,NO_CLICK
32713,0,0,NONE,NO_CLICK
32714,0,0,NONE,NO_CLICK
32715,0,0,NONE,NO_CLICK
32716,0,0,NONE,NO_CLICK
32717,0,0,NONE,NO_CLICK
32718,0,0,NONE,NO_CLICK
32719,0,0,NONE,NO_CLICK
32720,0,0,NONE,NO_CLICK
32721,0,0,NONE,NO_CLICK
32722,0,0,NONE,NO_CLICK
32723,0,0,NONE,NO_CLICK
32724,0,0,NONE,NO_CLICK
32725,0,0,NONE,NO_CLICK
32726,0,0,NONE,NO_CLICK
32727,0,0,NONE,NO_CLICK
32728,0,0,NONE,NO_CLICK
32729,0,0,NONE,NO_CLICK
32730,0,0,NONE,NO_CLICK
32731,0,0,NONE,NO_CLICK
32732,0,0,NONE,NO_CLICK
32733,0,0,NONE,NO_CLICK
32734,0,0,NONE,NO_CLICK
32735,0,0,NONE,NO_CLICK
32736,0,0,NONE,NO_CLICK
32737,0,0,NONE,NO_CLICK
32738,0,0,NONE,NO_CLICK
32739,0,0,NONE,NO_CLICK
32740,0,0,NONE,NO_CLICK
32741,0,0,NONE,NO_CLICK
32742,0,0,NONE,NO_CLICK
32743,0,0,NONE,NO_CLICK
32744,0,0,NONE,NO_CLICK
32745,0,0,NONE,NO_CLICK
32746,0,0,NONE,NO_CLICK
32747,0,0,NONE,NO_CLICK
32748,0,0,NONE,NO_CLICK
32749,0,0,NONE,NO_CLICK
32750,0,0,NONE,NO_CLICK
32751,0,0,NONE,NO_CLICK
32752,0,0,NONE,NO_CLICK
32753,0,0,NONE,NO_CLICK
32754,0,0,NONE,NO_CLICK
32755,0,0,NONE,NO_CLICK
32756,0,0,NONE,NO_CLICK
32757,0,0,NONE,NO_CLICK
32758,0,0,NONE,NO_CLICK
32759,0,0,NONE,NO_CLICK
32760,0,0,NONE,NO_CLICK
32761,0,0,NONE,NO_CLICK
32762,0,0,NONE,NO_CLICK
32763,0,0,NONE,NO_CLICK
32764,0,0,NONE,NO_CLICK
32765,0,0,NONE,NO_CLICK
32766,0,0,NONE,NO_CLICK
32767,0,0,NONE,NO_CLICK
32768,0,0,NONE,NO_CLICK
