Window_Index,Detector,Event
1,NONE,NO_CLICK
2,NONE,NO_CLICK
3,NONE,NO_CLICK
4,NONE,NO_CLICK
5,NONE,NO_CLICK
6,NONE,NO_CLICK
7,NONE,NO_CLICK
8,NONE,NO_CLICK
9,NONE,NO_CLICK
10,NONE,NO_CLICK
11,NONE,NO_CLICK
12,NONE,NO_CLICK
13,NONE,NO_CLICK
14,NONE,NO_CLICK
15,NONE,NO_CLICK
16,NONE,NO_CLICK
17,NONE,NO_CLICK
18,NONE,NO_CLICK
19,NONE,NO_CLICK
20,NONE,NO_CLICK
21,NONE,NO_CLICK
22,NONE,NO_CLICK
23,NONE,NO_CLICK
24,NONE,NO_CLICK
25,NONE,NO_CLICK
26,NONE,NO_CLICK
27,NONE,NO_CLICK
28,NONE,NO_CLICK
29,NONE,NO_CLICK
30,NONE,NO_CLICK
31,NONE,NO_CLICK
32,NONE,NO_CLICK
33,NONE,NO_CLICK
34,BOTH,DOUBLE_CLICK
35,BOTH,DOUBLE_CLICK
36,BOTH,DOUBLE_CLICK
37,BOTH,DOUBLE_CLICK
38,BOTH,DOUBLE_CLICK
39,BOTH,DOUBLE_CLICK
40,BOTH,DOUBLE_CLICK
41,BOTH,DOUBLE_CLICK
42,BOTH,DOUBLE_CLICK
43,BOTH,DOUBLE_CLICK
44,BOTH,DOUBLE_CLICK
45,BOTH,DOUBLE_CLICK
46,BOTH,DOUBLE_CLICK
47,BOTH,DOUBLE_CLICK
48,BOTH,DOUBLE_CLICK
49,BOTH,DOUBLE_CLICK
50,BOTH,DOUBLE_CLICK
51,BOTH,DOUBLE_CLICK
52,BOTH,DOUBLE_CLICK
53,BOTH,DOUBLE_CLICK
54,BOTH,DOUBLE_CLICK
55,BOTH,DOUBLE_CLICK
56,BOTH,DOUBLE_CLICK
57,BOTH,DOUBLE_CLICK
58,BOTH,DOUBLE_CLICK
59,BOTH,DOUBLE_CLICK
60,BOTH,DOUBLE_CLICK
61,BOTH,DOUBLE_CLICK
62,BOTH,DOUBLE_CLICK
63,BOTH,DOUBLE_CLICK
64,BOTH,DOUBLE_CLICK
65,BOTH,DOUBLE_CLICK
66,BOTH,DOUBLE_CLICK
67,BOTH,DOUBLE_CLICK
68,BOTH,DOUBLE_CLICK
69,BOTH,DOUBLE_CLICK
70,BOTH,DOUBLE_CLICK
71,BOTH,DOUBLE_CLICK
72,NONE,NO_CLICK
73,NONE,NO_CLICK
74,NONE,NO_CLICK
75,NONE,NO_CLICK
76,NONE,NO_CLICK
77,NONE,NO_CLICK
78,NONE,NO_CLICK
79,NONE,NO_CLICK
80,NONE,NO_CLICK
81,NONE,NO_CLICK
82,NONE,NO_CLICK
83,NONE,NO_CLICK
84,NONE,NO_CLICK
85,NONE,NO_CLICK
86,NONE,NO_CLICK
87,NONE,NO_CLICK
88,NONE,NO_CLICK
89,NONE,NO_CLICK
90,NONE,NO_CLICK
91,NONE,NO_CLICK
92,NONE,NO_CLICK
93,NONE,NO_CLICK
94,NONE,NO_CLICK
95,NONE,NO_CLICK
96,NONE,NO_CLICK
97,NONE,NO_CLICK
98,NONE,NO_CLICK
99,NONE,NO_CLICK
100,NONE,NO_CLICK
101,NONE,NO_CLICK
102,NONE,NO_CLICK
103,NONE,NO_CLICK
104,NONE,NO_CLICK
105,NONE,NO_CLICK
106,NONE,NO_CLICK
107,NONE,NO_CLICK
108,NONE,NO_CLICK
109,NONE,NO_CLICK
110,NONE,NO_CLICK
111,NONE,NO_CLICK
112,NONE,NO_CLICK
113,NONE,NO_CLICK
114,NONE,NO_CLICK
115,NONE,NO_CLICK
116,NONE,NO_CLICK
117,NONE,NO_CLICK
118,NONE,NO_CLICK
119,NONE,NO_CLICK
120,NONE,NO_CLICK
121,NONE,NO_CLICK
122,NONE,NO_CLICK
123,NONE,NO_CLICK
124,NONE,NO_CLICK
125,NONE,NO_CLICK
126,NONE,NO_CLICK
127,NONE,NO_CLICK
128,NONE,NO_CLICK
129,NONE,NO_CLICK
130,NONE,NO_CLICK
131,NONE,NO_CLICK
132,NONE,NO_CLICK
133,NONE,NO_CLICK
134,NONE,NO_CLICK
135,NONE,NO_CLICK
136,NONE,NO_CLICK
137,NONE,NO_CLICK
138,NONE,NO_CLICK
139,NONE,NO_CLICK
140,NONE,NO_CLICK
141,NONE,NO_CLICK
142,NONE,NO_CLICK
143,NONE,NO_CLICK
144,NONE,NO_CLICK
145,NONE,NO_CLICK
146,NONE,NO_CLICK
147,NONE,NO_CLICK
148,NONE,NO_CLICK
149,NONE,NO_CLICK
150,NONE,NO_CLICK
151,NONE,NO_CLICK
152,NONE,NO_CLICK
153,NONE,NO_CLICK
154,NONE,NO_CLICK
155,NONE,NO_CLICK
156,NONE,NO_CLICK
157,NONE,NO_CLICK
158,NONE,NO_CLICK
159,NONE,NO_CLICK
160,NONE,NO_CLICK
161,NONE,NO_CLICK
162,NONE,NO_CLICK
163,NONE,NO_CLICK
164,NONE,NO_CLICK
165,NONE,NO_CLICK
166,NONE,NO_CLICK
167,NONE,NO_CLICK
168,NONE,NO_CLICK
169,NONE,NO_CLICK
170,NONE,NO_CLICK
171,NONE,NO_CLICK
172,NONE,NO_CLICK
173,NONE,NO_CLICK
174,NONE,NO_CLICK
175,NONE,NO_CLICK
176,NONE,NO_CLICK
177,NONE,NO_CLICK
178,NONE,NO_CLICK
179,NONE,NO_CLICK
180,NONE,NO_CLICK
181,NONE,NO_CLICK
182,NONE,NO_CLICK
183,NONE,NO_CLICK
184,NONE,NO_CLICK
185,NONE,NO_CLICK
186,NONE,NO_CLICK
187,NONE,NO_CLICK
188,NONE,NO_CLICK
189,NONE,NO_CLICK
190,NONE,NO_CLICK
191,NONE,NO_CLICK
192,NONE,NO_CLICK
193,NONE,NO_CLICK
194,NONE,NO_CLICK
195,NONE,NO_CLICK
196,NONE,NO_CLICK
197,NONE,NO_CLICK
198,NONE,NO_CLICK
199,NONE,NO_CLICK
200,NONE,NO_CLICK
201,NONE,NO_CLICK
202,NONE,NO_CLICK
203,NONE,NO_CLICK
204,NONE,NO_CLICK
205,NONE,NO_CLICK
206,NONE,NO_CLICK
207,NONE,NO_CLICK
208,NONE,NO_CLICK
209,NONE,NO_CLICK
210,NONE,NO_CLICK
211,NONE,NO_CLICK
212,NONE,NO_CLICK
213,NONE,NO_CLICK
214,NONE,NO_CLICK
215,NONE,NO_CLICK
216,NONE,NO_CLICK
217,NONE,NO_CLICK
218,NONE,NO_CLICK
219,NONE,NO_CLICK
220,NONE,NO_CLICK
221,NONE,NO_CLICK
222,NONE,NO_CLICK
223,NONE,NO_CLICK
224,NONE,NO_CLICK
225,NONE,NO_CLICK
226,NONE,NO_CLICK
227,NONE,NO_CLICK
228,NONE,NO_CLICK
229,NONE,NO_CLICK
230,NONE,NO_CLICK
231,NONE,NO_CLICK
232,NONE,NO_CLICK
233,NONE,NO_CLICK
234,NONE,NO_CLICK
235,NONE,NO_CLICK
236,NONE,NO_CLICK
237,NONE,NO_CLICK
238,NONE,NO_CLICK
239,NONE,NO_CLICK
240,NONE,NO_CLICK
241,NONE,NO_CLICK
242,NONE,NO_CLICK
243,NONE,NO_CLICK
244,NONE,NO_CLICK
245,NONE,NO_CLICK
246,NONE,NO_CLICK
247,NONE,NO_CLICK
248,NONE,NO_CLICK
249,NONE,NO_CLICK
250,NONE,NO_CLICK
251,NONE,NO_CLICK
252,NONE,NO_CLICK
253,NONE,NO_CLICK
254,NONE,NO_CLICK
255,NONE,NO_CLICK
256,NONE,NO_CLICK
257,NONE,NO_CLICK
258,NONE,NO_CLICK
259,NONE,NO_CLICK
260,NONE,NO_CLICK
261,NONE,NO_CLICK
262,NONE,NO_CLICK
263,NONE,NO_CLICK
264,NONE,NO_CLICK
265,NONE,NO_CLICK
266,NONE,NO_CLICK
267,NONE,NO_CLICK
268,NONE,NO_CLICK
269,NONE,NO_CLICK
270,NONE,NO_CLICK
271,NONE,NO_CLICK
272,NONE,NO_CLICK
273,NONE,NO_CLICK
274,NONE,NO_CLICK
275,NONE,NO_CLICK
276,NONE,NO_CLICK
277,NONE,NO_CLICK
278,NONE,NO_CLICK
279,NONE,NO_CLICK
280,NONE,NO_CLICK
281,NONE,NO_CLICK
282,NONE,NO_CLICK
283,NONE,NO_CLICK
284,NONE,NO_CLICK
285,NONE,NO_CLICK
286,NONE,NO_CLICK
287,NONE,NO_CLICK
288,NONE,NO_CLICK
289,NONE,NO_CLICK
290,NONE,NO_CLICK
291,NONE,NO_CLICK
292,NONE,NO_CLICK
293,NONE,NO_CLICK
294,NONE,NO_CLICK
295,NONE,NO_CLICK
296,NONE,NO_CLICK
297,NONE,NO_CLICK
298,NONE,NO_CLICK
299,NONE,NO_CLICK
300,NONE,NO_CLICK
301,NONE,NO_CLICK
302,NONE,NO_CLICK
303,NONE,NO_CLICK
304,NONE,NO_CLICK
305,NONE,NO_CLICK
306,NONE,NO_CLICK
307,NONE,NO_CLICK
308,NONE,NO_CLICK
309,NONE,NO_CLICK
310,NONE,NO_CLICK
311,NONE,NO_CLICK
312,NONE,NO_CLICK
313,NONE,NO_CLICK
314,NONE,NO_CLICK
315,NONE,NO_CLICK
316,NONE,NO_CLICK
317,NONE,NO_CLICK
318,NONE,NO_CLICK
319,NONE,NO_CLICK
320,NONE,NO_CLICK
321,NONE,NO_CLICK
322,NONE,NO_CLICK
323,NONE,NO_CLICK
324,NONE,NO_CLICK
325,NONE,NO_CLICK
326,NONE,NO_CLICK
327,NONE,NO_CLICK
328,NONE,NO_CLICK
329,NONE,NO_CLICK
330,NONE,NO_CLICK
331,NONE,NO_CLICK
332,NONE,NO_CLICK
333,NONE,NO_CLICK
334,NONE,NO_CLICK
335,NONE,NO_CLICK
336,NONE,NO_CLICK
337,NONE,NO_CLICK
338,NONE,NO_CLICK
339,NONE,NO_CLICK
340,NONE,NO_CLICK
341,NONE,NO_CLICK
342,NONE,NO_CLICK
343,NONE,NO_CLICK
344,NONE,NO_CLICK
345,NONE,NO_CLICK
346,NONE,NO_CLICK
347,NONE,NO_CLICK
348,NONE,NO_CLICK
349,NONE,NO_CLICK
350,NONE,NO_CLICK
351,NONE,NO_CLICK
352,NONE,NO_CLICK
353,NONE,NO_CLICK
354,D2,D2_CLICK
355,D2,D2_CLICK
356,D2,D2_CLICK
357,D2,D2_CLICK
358,D2,D2_CLICK
359,D2,D2_CLICK
360,D2,D2_CLICK
361,D2,D2_CLICK
362,D2,D2_CLICK
363,D2,D2_CLICK
364,D2,D2_CLICK
365,D2,D2_CLICK
366,D2,D2_CLICK
367,D2,D2_CLICK
368,D2,D2_CLICK
369,D2,D2_CLICK
370,D2,D2_CLICK
371,D2,D2_CLICK
372,D2,D2_CLICK
373,D2,D2_CLICK
374,D2,D2_CLICK
375,D2,D2_CLICK
376,D2,D2_CLICK
377,D2,D2_CLICK
378,D2,D2_CLICK
379,D2,D2_CLICK
380,D2,D2_CLICK
381,D2,D2_CLICK
382,D2,D2_CLICK
383,D2,D2_CLICK
384,D2,D2_CLICK
385,D2,D2_CLICK
386,BOTH,DOUBLE_CLICK
387,BOTH,DOUBLE_CLICK
388,BOTH,DOUBLE_CLICK
389,BOTH,DOUBLE_CLICK
390,BOTH,DOUBLE_CLICK
391,BOTH,DOUBLE_CLICK
392,D1,D1_CLICK
393,D1,D1_CLICK
394,D1,D1_CLICK
395,D1,D1_CLICK
396,D1,D1_CLICK
397,D1,D1_CLICK
398,D1,D1_CLICK
399,D1,D1_CLICK
400,D1,D1_CLICK
401,D1,D1_CLICK
402,D1,D1_CLICK
403,D1,D1_CLICK
404,D1,D1_CLICK
405,D1,D1_CLICK
406,D1,D1_CLICK
407,D1,D1_CLICK
408,D1,D1_CLICK
409,D1,D1_CLICK
410,D1,D1_CLICK
411,D1,D1_CLICK
412,D1,D1_CLICK
413,D1,D1_CLICK
414,D1,D1_CLICK
415,D1,D1_CLICK
416,D1,D1_CLICK
417,D1,D1_CLICK
418,D1,D1_CLICK
419,D1,D1_CLICK
420,D1,D1_CLICK
421,D1,D1_CLICK
422,D1,D1_CLICK
423,D1,D1_CLICK
424,NONE,NO_CLICK
425,NONE,NO_CLICK
426,NONE,NO_CLICK
427,NONE,NO_CLICK
428,NONE,NO_CLICK
429,NONE,NO_CLICK
430,NONE,NO_CLICK
431,NONE,NO_CLICK
432,NONE,NO_CLICK
433,NONE,NO_CLICK
434,NONE,NO_CLICK
435,NONE,NO_CLICK
436,NONE,NO_CLICK
437,NONE,NO_CLICK
438,NONE,NO_CLICK
439,NONE,NO_CLICK
440,NONE,NO_CLICK
441,NONE,NO_CLICK
442,NONE,NO_CLICK
443,NONE,NO_CLICK
444,NONE,NO_CLICK
445,NONE,NO_CLICK
446,NONE,NO_CLICK
447,NONE,NO_CLICK
448,NONE,NO_CLICK
449,NONE,NO_CLICK
450,NONE,NO_CLICK
451,NONE,NO_CLICK
452,NONE,NO_CLICK
453,NONE,NO_CLICK
454,NONE,NO_CLICK
455,NONE,NO_CLICK
456,NONE,NO_CLICK
457,NONE,NO_CLICK
458,NONE,NO_CLICK
459,NONE,NO_CLICK
460,NONE,NO_CLICK
461,NONE,NO_CLICK
462,NONE,NO_CLICK
463,NONE,NO_CLICK
464,NONE,NO_CLICK
465,NONE,NO_CLICK
466,NONE,NO_CLICK
467,NONE,NO_CLICK
468,NONE,NO_CLICK
469,NONE,NO_CLICK
470,NONE,NO_CLICK
471,NONE,NO_CLICK
472,NONE,NO_CLICK
473,NONE,NO_CLICK
474,NONE,NO_CLICK
475,NONE,NO_CLICK
476,NONE,NO_CLICK
477,NONE,NO_CLICK
478,NONE,NO_CLICK
479,NONE,NO_CLICK
480,NONE,NO_CLICK
481,NONE,NO_CLICK
482,NONE,NO_CLICK
483,NONE,NO_CLICK
484,NONE,NO_CLICK
485,NONE,NO_CLICK
486,NONE,NO_CLICK
487,NONE,NO_CLICK
488,NONE,NO_CLICK
489,NONE,NO_CLICK
490,NONE,NO_CLICK
491,NONE,NO_CLICK
492,NONE,NO_CLICK
493,NONE,NO_CLICK
494,NONE,NO_CLICK
495,NONE,NO_CLICK
496,NONE,NO_CLICK
497,NONE,NO_CLICK
498,NONE,NO_CLICK
499,NONE,NO_CLICK
500,NONE,NO_CLICK
501,NONE,NO_CLICK
502,NONE,NO_CLICK
503,NONE,NO_CLICK
504,NONE,NO_CLICK
505,NONE,NO_CLICK
506,NONE,NO_CLICK
507,NONE,NO_CLICK
508,NONE,NO_CLICK
509,NONE,NO_CLICK
510,NONE,NO_CLICK
511,NONE,NO_CLICK
512,NONE,NO_CLICK
513,NONE,NO_CLICK
514,NONE,NO_CLICK
515,NONE,NO_CLICK
516,NONE,NO_CLICK
517,NONE,NO_CLICK
518,NONE,NO_CLICK
519,NONE,NO_CLICK
520,NONE,NO_CLICK
521,NONE,NO_CLICK
522,NONE,NO_CLICK
523,NONE,NO_CLICK
524,NONE,NO_CLICK
525,NONE,NO_CLICK
526,NONE,NO_CLICK
527,NONE,NO_CLICK
528,NONE,NO_CLICK
529,NONE,NO_CLICK
530,NONE,NO_CLICK
531,NONE,NO_CLICK
532,NONE,NO_CLICK
533,NONE,NO_CLICK
534,NONE,NO_CLICK
535,NONE,NO_CLICK
536,NONE,NO_CLICK
537,NONE,NO_CLICK
538,NONE,NO_CLICK
539,NONE,NO_CLICK
540,NONE,NO_CLICK
541,NONE,NO_CLICK
542,NONE,NO_CLICK
543,NONE,NO_CLICK
544,NONE,NO_CLICK
545,NONE,NO_CLICK
546,NONE,NO_CLICK
547,NONE,NO_CLICK
548,NONE,NO_CLICK
549,NONE,NO_CLICK
550,NONE,NO_CLICK
551,NONE,NO_CLICK
552,NONE,NO_CLICK
553,NONE,NO_CLICK
554,NONE,NO_CLICK
555,NONE,NO_CLICK
556,NONE,NO_CLICK
557,NONE,NO_CLICK
558,NONE,NO_CLICK
559,NONE,NO_CLICK
560,NONE,NO_CLICK
561,NONE,NO_CLICK
562,NONE,NO_CLICK
563,NONE,NO_CLICK
564,NONE,NO_CLICK
565,NONE,NO_CLICK
566,NONE,NO_CLICK
567,NONE,NO_CLICK
568,NONE,NO_CLICK
569,NONE,NO_CLICK
570,NONE,NO_CLICK
571,NONE,NO_CLICK
572,NONE,NO_CLICK
573,NONE,NO_CLICK
574,NONE,NO_CLICK
575,NONE,NO_CLICK
576,NONE,NO_CLICK
577,NONE,NO_CLICK
578,NONE,NO_CLICK
579,NONE,NO_CLICK
580,NONE,NO_CLICK
581,NONE,NO_CLICK
582,NONE,NO_CLICK
583,NONE,NO_CLICK
584,NONE,NO_CLICK
585,NONE,NO_CLICK
586,NONE,NO_CLICK
587,NONE,NO_CLICK
588,NONE,NO_CLICK
589,NONE,NO_CLICK
590,NONE,NO_CLICK
591,NONE,NO_CLICK
592,NONE,NO_CLICK
593,NONE,NO_CLICK
594,NONE,NO_CLICK
595,NONE,NO_CLICK
596,NONE,NO_CLICK
597,NONE,NO_CLICK
598,NONE,NO_CLICK
599,NONE,NO_CLICK
600,NONE,NO_CLICK
601,NONE,NO_CLICK
602,NONE,NO_CLICK
603,NONE,NO_CLICK
604,NONE,NO_CLICK
605,NONE,NO_CLICK
606,NONE,NO_CLICK
607,NONE,NO_CLICK
608,NONE,NO_CLICK
609,NONE,NO_CLICK
610,NONE,NO_CLICK
611,NONE,NO_CLICK
612,NONE,NO_CLICK
613,NONE,NO_CLICK
614,NONE,NO_CLICK
615,NONE,NO_CLICK
616,NONE,NO_CLICK
617,NONE,NO_CLICK
618,NONE,NO_CLICK
619,NONE,NO_CLICK
620,NONE,NO_CLICK
621,NONE,NO_CLICK
622,NONE,NO_CLICK
623,NONE,NO_CLICK
624,NONE,NO_CLICK
625,NONE,NO_CLICK
626,NONE,NO_CLICK
627,NONE,NO_CLICK
628,NONE,NO_CLICK
629,NONE,NO_CLICK
630,NONE,NO_CLICK
631,NONE,NO_CLICK
632,NONE,NO_CLICK
633,NONE,NO_CLICK
634,NONE,NO_CLICK
635,NONE,NO_CLICK
636,NONE,NO_CLICK
637,NONE,NO_CLICK
638,NONE,NO_CLICK
639,NONE,NO_CLICK
640,NONE,NO_CLICK
641,NONE,NO_CLICK
642,NONE,NO_CLICK
643,NONE,NO_CLICK
644,NONE,NO_CLICK
645,NONE,NO_CLICK
646,NONE,NO_CLICK
647,NONE,NO_CLICK
648,NONE,NO_CLICK
649,NONE,NO_CLICK
650,NONE,NO_CLICK
651,NONE,NO_CLICK
652,NONE,NO_CLICK
653,NONE,NO_CLICK
654,NONE,NO_CLICK
655,NONE,NO_CLICK
656,NONE,NO_CLICK
657,NONE,NO_CLICK
658,NONE,NO_CLICK
659,NONE,NO_CLICK
660,NONE,NO_CLICK
661,NONE,NO_CLICK
662,NONE,NO_CLICK
663,NONE,NO_CLICK
664,NONE,NO_CLICK
665,NONE,NO_CLICK
666,NONE,NO_CLICK
667,NONE,NO_CLICK
668,NONE,NO_CLICK
669,NONE,NO_CLICK
670,NONE,NO_CLICK
671,NONE,NO_CLICK
672,NONE,NO_CLICK
673,NONE,NO_CLICK
674,NONE,NO_CLICK
675,NONE,NO_CLICK
676,NONE,NO_CLICK
677,NONE,NO_CLICK
678,NONE,NO_CLICK
679,NONE,NO_CLICK
680,NONE,NO_CLICK
681,NONE,NO_CLICK
682,NONE,NO_CLICK
683,NONE,NO_CLICK
684,NONE,NO_CLICK
685,NONE,NO_CLICK
686,NONE,NO_CLICK
687,NONE,NO_CLICK
688,NONE,NO_CLICK
689,NONE,NO_CLICK
690,NONE,NO_CLICK
691,NONE,NO_CLICK
692,NONE,NO_CLICK
693,NONE,NO_CLICK
694,NONE,NO_CLICK
695,NONE,NO_CLICK
696,NONE,NO_CLICK
697,NONE,NO_CLICK
698,NONE,NO_CLICK
699,NONE,NO_CLICK
700,NONE,NO_CLICK
701,NONE,NO_CLICK
702,NONE,NO_CLICK
703,NONE,NO_CLICK
704,NONE,NO_CLICK
705,NONE,NO_CLICK
706,D1,D1_CLICK
707,D1,D1_CLICK
708,D1,D1_CLICK
709,D1,D1_CLICK
710,D1,D1_CLICK
711,D1,D1_CLICK
712,D1,D1_CLICK
713,D1,D1_CLICK
714,D1,D1_CLICK
715,D1,D1_CLICK
716,D1,D1_CLICK
717,D1,D1_CLICK
718,D1,D1_CLICK
719,D1,D1_CLICK
720,D1,D1_CLICK
721,D1,D1_CLICK
722,D1,D1_CLICK
723,D1,D1_CLICK
724,D1,D1_CLICK
725,D1,D1_CLICK
726,D1,D1_CLICK
727,D1,D1_CLICK
728,D1,D1_CLICK
729,D1,D1_CLICK
730,D1,D1_CLICK
731,D1,D1_CLICK
732,D1,D1_CLICK
733,D1,D1_CLICK
734,D1,D1_CLICK
735,D1,D1_CLICK
736,D1,D1_CLICK
737,D1,D1_CLICK
738,D1,D1_CLICK
739,D1,D1_CLICK
740,D1,D1_CLICK
741,D1,D1_CLICK
742,D1,D1_CLICK
743,D1,D1_CLICK
744,NONE,NO_CLICK
745,NONE,NO_CLICK
746,NONE,NO_CLICK
747,NONE,NO_CLICK
748,NONE,NO_CLICK
749,NONE,NO_CLICK
750,NONE,NO_CLICK
751,NONE,NO_CLICK
752,NONE,NO_CLICK
753,NONE,NO_CLICK
754,NONE,NO_CLICK
755,NONE,NO_CLICK
756,NONE,NO_CLICK
757,NONE,NO_CLICK
758,NONE,NO_CLICK
759,NONE,NO_CLICK
760,NONE,NO_CLICK
761,NONE,NO_CLICK
762,NONE,NO_CLICK
763,NONE,NO_CLICK
764,NONE,NO_CLICK
765,NONE,NO_CLICK
766,NONE,NO_CLICK
767,NONE,NO_CLICK
768,NONE,NO_CLICK
769,NONE,NO_CLICK
770,NONE,NO_CLICK
771,NONE,NO_CLICK
772,NONE,NO_CLICK
773,NONE,NO_CLICK
774,NONE,NO_CLICK
775,NONE,NO_CLICK
776,NONE,NO_CLICK
777,NONE,NO_CLICK
778,NONE,NO_CLICK
779,NONE,NO_CLICK
780,NONE,NO_CLICK
781,NONE,NO_CLICK
782,NONE,NO_CLICK
783,NONE,NO_CLICK
784,NONE,NO_CLICK
785,NONE,NO_CLICK
786,NONE,NO_CLICK
787,NONE,NO_CLICK
788,NONE,NO_CLICK
789,NONE,NO_CLICK
790,NONE,NO_CLICK
791,NONE,NO_CLICK
792,NONE,NO_CLICK
793,NONE,NO_CLICK
794,NONE,NO_CLICK
795,NONE,NO_CLICK
796,NONE,NO_CLICK
797,NONE,NO_CLICK
798,NONE,NO_CLICK
799,NONE,NO_CLICK
800,NONE,NO_CLICK
801,NONE,NO_CLICK
802,NONE,NO_CLICK
803,NONE,NO_CLICK
804,NONE,NO_CLICK
805,NONE,NO_CLICK
806,NONE,NO_CLICK
807,NONE,NO_CLICK
808,NONE,NO_CLICK
809,NONE,NO_CLICK
810,NONE,NO_CLICK
811,NONE,NO_CLICK
812,NONE,NO_CLICK
813,NONE,NO_CLICK
814,NONE,NO_CLICK
815,NONE,NO_CLICK
816,NONE,NO_CLICK
817,NONE,NO_CLICK
818,NONE,NO_CLICK
819,NONE,NO_CLICK
820,NONE,NO_CLICK
821,NONE,NO_CLICK
822,NONE,NO_CLICK
823,NONE,NO_CLICK
824,NONE,NO_CLICK
825,NONE,NO_CLICK
826,NONE,NO_CLICK
827,NONE,NO_CLICK
828,NONE,NO_CLICK
829,NONE,NO_CLICK
830,NONE,NO_CLICK
831,NONE,NO_CLICK
832,NONE,NO_CLICK
833,NONE,NO_CLICK
834,NONE,NO_CLICK
835,NONE,NO_CLICK
836,NONE,NO_CLICK
837,NONE,NO_CLICK
838,NONE,NO_CLICK
839,NONE,NO_CLICK
840,NONE,NO_CLICK
841,NONE,NO_CLICK
842,NONE,NO_CLICK
843,NONE,NO_CLICK
844,NONE,NO_CLICK
845,NONE,NO_CLICK
846,NONE,NO_CLICK
847,NONE,NO_CLICK
848,NONE,NO_CLICK
849,NONE,NO_CLICK
850,NONE,NO_CLICK
851,NONE,NO_CLICK
852,NONE,NO_CLICK
853,NONE,NO_CLICK
854,NONE,NO_CLICK
855,NONE,NO_CLICK
856,NONE,NO_CLICK
857,NONE,NO_CLICK
858,NONE,NO_CLICK
859,NONE,NO_CLICK
860,NONE,NO_CLICK
861,NONE,NO_CLICK
862,NONE,NO_CLICK
863,NONE,NO_CLICK
864,NONE,NO_CLICK
865,NONE,NO_CLICK
866,D2,D2_CLICK
867,D2,D2_CLICK
868,D2,D2_CLICK
869,D2,D2_CLICK
870,D2,D2_CLICK
871,D2,D2_CLICK
872,D2,D2_CLICK
873,D2,D2_CLICK
874,D2,D2_CLICK
875,D2,D2_CLICK
876,D2,D2_CLICK
877,D2,D2_CLICK
878,D2,D2_CLICK
879,D2,D2_CLICK
880,D2,D2_CLICK
881,D2,D2_CLICK
882,D2,D2_CLICK
883,D2,D2_CLICK
884,D2,D2_CLICK
885,D2,D2_CLICK
886,D2,D2_CLICK
887,D2,D2_CLICK
888,D2,D2_CLICK
889,D2,D2_CLICK
890,D2,D2_CLICK
891,D2,D2_CLICK
892,D2,D2_CLICK
893,D2,D2_CLICK
894,D2,D2_CLICK
895,D2,D2_CLICK
896,D2,D2_CLICK
897,D2,D2_CLICK
898,D2,D2_CLICK
899,D2,D2_CLICK
900,D2,D2_CLICK
901,D2,D2_CLICK
902,D2,D2_CLICK
903,D2,D2_CLICK
904,NONE,NO_CLICK
905,NONE,NO_CLICK
906,NONE,NO_CLICK
907,NONE,NO_CLICK
908,NONE,NO_CLICK
909,NONE,NO_CLICK
910,NONE,NO_CLICK
911,NONE,NO_CLICK
912,NONE,NO_CLICK
913,NONE,NO_CLICK
914,NONE,NO_CLICK
915,NONE,NO_CLICK
916,NONE,NO_CLICK
917,NONE,NO_CLICK
918,NONE,NO_CLICK
919,NONE,NO_CLICK
920,NONE,NO_CLICK
921,NONE,NO_CLICK
922,NONE,NO_CLICK
923,NONE,NO_CLICK
924,NONE,NO_CLICK
925,NONE,NO_CLICK
926,NONE,NO_CLICK
927,NONE,NO_CLICK
928,NONE,NO_CLICK
929,NONE,NO_CLICK
930,NONE,NO_CLICK
931,NONE,NO_CLICK
932,NONE,NO_CLICK
933,NONE,NO_CLICK
934,NONE,NO_CLICK
935,NONE,NO_CLICK
936,NONE,NO_CLICK
937,NONE,NO_CLICK
938,NONE,NO_CLICK
939,NONE,NO_CLICK
940,NONE,NO_CLICK
941,NONE,NO_CLICK
942,NONE,NO_CLICK
943,NONE,NO_CLICK
944,NONE,NO_CLICK
945,NONE,NO_CLICK
946,NONE,NO_CLICK
947,NONE,NO_CLICK
948,NONE,NO_CLICK
949,NONE,NO_CLICK
950,NONE,NO_CLICK
951,NONE,NO_CLICK
952,NONE,NO_CLICK
953,NONE,NO_CLICK
954,NONE,NO_CLICK
955,NONE,NO_CLICK
956,NONE,NO_CLICK
957,NONE,NO_CLICK
958,NONE,NO_CLICK
959,NONE,NO_CLICK
960,NONE,NO_CLICK
961,NONE,NO_CLICK
962,D2,D2_CLICK
963,D2,D2_CLICK
964,D2,D2_CLICK
965,D2,D2_CLICK
966,D2,D2_CLICK
967,D2,D2_CLICK
968,D2,D2_CLICK
969,D2,D2_CLICK
970,D2,D2_CLICK
971,D2,D2_CLICK
972,D2,D2_CLICK
973,D2,D2_CLICK
974,D2,D2_CLICK
975,D2,D2_CLICK
976,D2,D2_CLICK
977,D2,D2_CLICK
978,D2,D2_CLICK
979,D2,D2_CLICK
980,D2,D2_CLICK
981,D2,D2_CLICK
982,D2,D2_CLICK
983,D2,D2_CLICK
984,D2,D2_CLICK
985,D2,D2_CLICK
986,D2,D2_CLICK
987,D2,D2_CLICK
988,D2,D2_CLICK
989,D2,D2_CLICK
990,D2,D2_CLICK
991,D2,D2_CLICK
992,D2,D2_CLICK
993,D2,D2_CLICK
994,D2,D2_CLICK
995,D2,D2_CLICK
996,D2,D2_CLICK
997,D2,D2_CLICK
998,D2,D2_CLICK
999,D2,D2_CLICK
1000,NONE,NO_CLICK
1001,NONE,NO_CLICK
1002,NONE,NO_CLICK
1003,NONE,NO_CLICK
1004,NONE,NO_CLICK
1005,NONE,NO_CLICK
1006,NONE,NO_CLICK
1007,NONE,NO_CLICK
1008,NONE,NO_CLICK
1009,NONE,NO_CLICK
1010,NONE,NO_CLICK
1011,NONE,NO_CLICK
1012,NONE,NO_CLICK
1013,NONE,NO_CLICK
1014,NONE,NO_CLICK
1015,NONE,NO_CLICK
1016,NONE,NO_CLICK
1017,NONE,NO_CLICK
1018,NONE,NO_CLICK
1019,NONE,NO_CLICK
1020,NONE,NO_CLICK
1021,NONE,NO_CLICK
1022,NONE,NO_CLICK
1023,NONE,NO_CLICK
1024,NONE,NO_CLICK
1025,NONE,NO_CLICK
1026,D1,D1_CLICK
1027,D1,D1_CLICK
1028,D1,D1_CLICK
1029,D1,D1_CLICK
1030,D1,D1_CLICK
1031,D1,D1_CLICK
1032,D1,D1_CLICK
1033,D1,D1_CLICK
1034,D1,D1_CLICK
1035,D1,D1_CLICK
1036,D1,D1_CLICK
1037,D1,D1_CLICK
1038,D1,D1_CLICK
1039,D1,D1_CLICK
1040,D1,D1_CLICK
1041,D1,D1_CLICK
1042,D1,D1_CLICK
1043,D1,D1_CLICK
1044,D1,D1_CLICK
1045,D1,D1_CLICK
1046,D1,D1_CLICK
1047,D1,D1_CLICK
1048,D1,D1_CLICK
1049,D1,D1_CLICK
1050,D1,D1_CLICK
1051,D1,D1_CLICK
1052,D1,D1_CLICK
1053,D1,D1_CLICK
1054,D1,D1_CLICK
1055,D1,D1_CLICK
1056,D1,D1_CLICK
1057,D1,D1_CLICK
1058,D1,D1_CLICK
1059,D1,D1_CLICK
1060,D1,D1_CLICK
1061,D1,D1_CLICK
1062,D1,D1_CLICK
1063,D1,D1_CLICK
1064,NONE,NO_CLICK
1065,NONE,NO_CLICK
1066,NONE,NO_CLICK
1067,NONE,NO_CLICK
1068,NONE,NO_CLICK
1069,NONE,NO_CLICK
1070,NONE,NO_CLICK
1071,NONE,NO_CLICK
1072,NONE,NO_CLICK
1073,NONE,NO_CLICK
1074,NONE,NO_CLICK
1075,NONE,NO_CLICK
1076,NONE,NO_CLICK
1077,NONE,NO_CLICK
1078,NONE,NO_CLICK
1079,NONE,NO_CLICK
1080,NONE,NO_CLICK
1081,NONE,NO_CLICK
1082,NONE,NO_CLICK
1083,NONE,NO_CLICK
1084,NONE,NO_CLICK
1085,NONE,NO_CLICK
1086,NONE,NO_CLICK
1087,NONE,NO_CLICK
1088,NONE,NO_CLICK
1089,NONE,NO_CLICK
1090,NONE,NO_CLICK
1091,NONE,NO_CLICK
1092,NONE,NO_CLICK
1093,NONE,NO_CLICK
1094,NONE,NO_CLICK
1095,NONE,NO_CLICK
1096,NONE,NO_CLICK
1097,NONE,NO_CLICK
1098,NONE,NO_CLICK
1099,NONE,NO_CLICK
1100,NONE,NO_CLICK
1101,NONE,NO_CLICK
1102,NONE,NO_CLICK
1103,NONE,NO_CLICK
1104,NONE,NO_CLICK
1105,NONE,NO_CLICK
1106,NONE,NO_CLICK
1107,NONE,NO_CLICK
1108,NONE,NO_CLICK
1109,NONE,NO_CLICK
1110,NONE,NO_CLICK
1111,NONE,NO_CLICK
1112,NONE,NO_CLICK
1113,NONE,NO_CLICK
1114,NONE,NO_CLICK
1115,NONE,NO_CLICK
1116,NONE,NO_CLICK
1117,NONE,NO_CLICK
1118,NONE,NO_CLICK
1119,NONE,NO_CLICK
1120,NONE,NO_CLICK
1121,NONE,NO_CLICK
1122,NONE,NO_CLICK
1123,NONE,NO_CLICK
1124,NONE,NO_CLICK
1125,NONE,NO_CLICK
1126,NONE,NO_CLICK
1127,NONE,NO_CLICK
1128,NONE,NO_CLICK
1129,NONE,NO_CLICK
1130,NONE,NO_CLICK
1131,NONE,NO_CLICK
1132,NONE,NO_CLICK
1133,NONE,NO_CLICK
1134,NONE,NO_CLICK
1135,NONE,NO_CLICK
1136,NONE,NO_CLICK
1137,NONE,NO_CLICK
1138,NONE,NO_CLICK
1139,NONE,NO_CLICK
1140,NONE,NO_CLICK
1141,NONE,NO_CLICK
1142,NONE,NO_CLICK
1143,NONE,NO_CLICK
1144,NONE,NO_CLICK
1145,NONE,NO_CLICK
1146,NONE,NO_CLICK
1147,NONE,NO_CLICK
1148,NONE,NO_CLICK
1149,NONE,NO_CLICK
1150,NONE,NO_CLICK
1151,NONE,NO_CLICK
1152,NONE,NO_CLICK
1153,NONE,NO_CLICK
1154,NONE,NO_CLICK
1155,NONE,NO_CLICK
1156,NONE,NO_CLICK
1157,NONE,NO_CLICK
1158,NONE,NO_CLICK
1159,NONE,NO_CLICK
1160,NONE,NO_CLICK
1161,NONE,NO_CLICK
1162,NONE,NO_CLICK
1163,NONE,NO_CLICK
1164,NONE,NO_CLICK
1165,NONE,NO_CLICK
1166,NONE,NO_CLICK
1167,NONE,NO_CLICK
1168,NONE,NO_CLICK
1169,NONE,NO_CLICK
1170,NONE,NO_CLICK
1171,NONE,NO_CLICK
1172,NONE,NO_CLICK
1173,NONE,NO_CLICK
1174,NONE,NO_CLICK
1175,NONE,NO_CLICK
1176,NONE,NO_CLICK
1177,NONE,NO_CLICK
1178,NONE,NO_CLICK
1179,NONE,NO_CLICK
1180,NONE,NO_CLICK
1181,NONE,NO_CLICK
1182,NONE,NO_CLICK
1183,NONE,NO_CLICK
1184,NONE,NO_CLICK
1185,NONE,NO_CLICK
1186,NONE,NO_CLICK
1187,NONE,NO_CLICK
1188,NONE,NO_CLICK
1189,NONE,NO_CLICK
1190,NONE,NO_CLICK
1191,NONE,NO_CLICK
1192,NONE,NO_CLICK
1193,NONE,NO_CLICK
1194,NONE,NO_CLICK
1195,NONE,NO_CLICK
1196,NONE,NO_CLICK
1197,NONE,NO_CLICK
1198,NONE,NO_CLICK
1199,NONE,NO_CLICK
1200,NONE,NO_CLICK
1201,NONE,NO_CLICK
1202,NONE,NO_CLICK
1203,NONE,NO_CLICK
1204,NONE,NO_CLICK
1205,NONE,NO_CLICK
1206,NONE,NO_CLICK
1207,NONE,NO_CLICK
1208,NONE,NO_CLICK
1209,NONE,NO_CLICK
1210,NONE,NO_CLICK
1211,NONE,NO_CLICK
1212,NONE,NO_CLICK
1213,NONE,NO_CLICK
1214,NONE,NO_CLICK
1215,NONE,NO_CLICK
1216,NONE,NO_CLICK
1217,NONE,NO_CLICK
1218,NONE,NO_CLICK
1219,NONE,NO_CLICK
1220,NONE,NO_CLICK
1221,NONE,NO_CLICK
1222,NONE,NO_CLICK
1223,NONE,NO_CLICK
1224,NONE,NO_CLICK
1225,NONE,NO_CLICK
1226,NONE,NO_CLICK
1227,NONE,NO_CLICK
1228,NONE,NO_CLICK
1229,NONE,NO_CLICK
1230,NONE,NO_CLICK
1231,NONE,NO_CLICK
1232,NONE,NO_CLICK
1233,NONE,NO_CLICK
1234,NONE,NO_CLICK
1235,NONE,NO_CLICK
1236,NONE,NO_CLICK
1237,NONE,NO_CLICK
1238,NONE,NO_CLICK
1239,NONE,NO_CLICK
1240,NONE,NO_CLICK
1241,NONE,NO_CLICK
1242,NONE,NO_CLICK
1243,NONE,NO_CLICK
1244,NONE,NO_CLICK
1245,NONE,NO_CLICK
1246,NONE,NO_CLICK
1247,NONE,NO_CLICK
1248,NONE,NO_CLICK
1249,NONE,NO_CLICK
1250,NONE,NO_CLICK
1251,NONE,NO_CLICK
1252,NONE,NO_CLICK
1253,NONE,NO_CLICK
1254,NONE,NO_CLICK
1255,NONE,NO_CLICK
1256,NONE,NO_CLICK
1257,NONE,NO_CLICK
1258,NONE,NO_CLICK
1259,NONE,NO_CLICK
1260,NONE,NO_CLICK
1261,NONE,NO_CLICK
1262,NONE,NO_CLICK
1263,NONE,NO_CLICK
1264,NONE,NO_CLICK
1265,NONE,NO_CLICK
1266,NONE,NO_CLICK
1267,NONE,NO_CLICK
1268,NONE,NO_CLICK
1269,NONE,NO_CLICK
1270,NONE,NO_CLICK
1271,NONE,NO_CLICK
1272,NONE,NO_CLICK
1273,NONE,NO_CLICK
1274,NONE,NO_CLICK
1275,NONE,NO_CLICK
1276,NONE,NO_CLICK
1277,NONE,NO_CLICK
1278,NONE,NO_CLICK
1279,NONE,NO_CLICK
1280,NONE,NO_CLICK
1281,NONE,NO_CLICK
1282,NONE,NO_CLICK
1283,NONE,NO_CLICK
1284,NONE,NO_CLICK
1285,NONE,NO_CLICK
1286,NONE,NO_CLICK
1287,NONE,NO_CLICK
1288,NONE,NO_CLICK
1289,NONE,NO_CLICK
1290,NONE,NO_CLICK
1291,NONE,NO_CLICK
1292,NONE,NO_CLICK
1293,NONE,NO_CLICK
1294,NONE,NO_CLICK
1295,NONE,NO_CLICK
1296,NONE,NO_CLICK
1297,NONE,NO_CLICK
1298,NONE,NO_CLICK
1299,NONE,NO_CLICK
1300,NONE,NO_CLICK
1301,NONE,NO_CLICK
1302,NONE,NO_CLICK
1303,NONE,NO_CLICK
1304,NONE,NO_CLICK
1305,NONE,NO_CLICK
1306,NONE,NO_CLICK
1307,NONE,NO_CLICK
1308,NONE,NO_CLICK
1309,NONE,NO_CLICK
1310,NONE,NO_CLICK
1311,NONE,NO_CLICK
1312,NONE,NO_CLICK
1313,NONE,NO_CLICK
1314,D2,D2_CLICK
1315,D2,D2_CLICK
1316,D2,D2_CLICK
1317,D2,D2_CLICK
1318,D2,D2_CLICK
1319,D2,D2_CLICK
1320,D2,D2_CLICK
1321,D2,D2_CLICK
1322,D2,D2_CLICK
1323,D2,D2_CLICK
1324,D2,D2_CLICK
1325,D2,D2_CLICK
1326,D2,D2_CLICK
1327,D2,D2_CLICK
1328,D2,D2_CLICK
1329,D2,D2_CLICK
1330,D2,D2_CLICK
1331,D2,D2_CLICK
1332,D2,D2_CLICK
1333,D2,D2_CLICK
1334,D2,D2_CLICK
1335,D2,D2_CLICK
1336,D2,D2_CLICK
1337,D2,D2_CLICK
1338,D2,D2_CLICK
1339,D2,D2_CLICK
1340,D2,D2_CLICK
1341,D2,D2_CLICK
1342,D2,D2_CLICK
1343,D2,D2_CLICK
1344,D2,D2_CLICK
1345,D2,D2_CLICK
1346,D2,D2_CLICK
1347,D2,D2_CLICK
1348,D2,D2_CLICK
1349,D2,D2_CLICK
1350,D2,D2_CLICK
1351,D2,D2_CLICK
1352,NONE,NO_CLICK
1353,NONE,NO_CLICK
1354,NONE,NO_CLICK
1355,NONE,NO_CLICK
1356,NONE,NO_CLICK
1357,NONE,NO_CLICK
1358,NONE,NO_CLICK
1359,NONE,NO_CLICK
1360,NONE,NO_CLICK
1361,NONE,NO_CLICK
1362,NONE,NO_CLICK
1363,NONE,NO_CLICK
1364,NONE,NO_CLICK
1365,NONE,NO_CLICK
1366,NONE,NO_CLICK
1367,NONE,NO_CLICK
1368,NONE,NO_CLICK
1369,NONE,NO_CLICK
1370,NONE,NO_CLICK
1371,NONE,NO_CLICK
1372,NONE,NO_CLICK
1373,NONE,NO_CLICK
1374,NONE,NO_CLICK
1375,NONE,NO_CLICK
1376,NONE,NO_CLICK
1377,NONE,NO_CLICK
1378,D1,D1_CLICK
1379,D1,D1_CLICK
1380,D1,D1_CLICK
1381,D1,D1_CLICK
1382,D1,D1_CLICK
1383,D1,D1_CLICK
1384,D1,D1_CLICK
1385,D1,D1_CLICK
1386,D1,D1_CLICK
1387,D1,D1_CLICK
1388,D1,D1_CLICK
1389,D1,D1_CLICK
1390,D1,D1_CLICK
1391,D1,D1_CLICK
1392,D1,D1_CLICK
1393,D1,D1_CLICK
1394,D1,D1_CLICK
1395,D1,D1_CLICK
1396,D1,D1_CLICK
1397,D1,D1_CLICK
1398,D1,D1_CLICK
1399,D1,D1_CLICK
1400,D1,D1_CLICK
1401,D1,D1_CLICK
1402,D1,D1_CLICK
1403,D1,D1_CLICK
1404,D1,D1_CLICK
1405,D1,D1_CLICK
1406,D1,D1_CLICK
1407,D1,D1_CLICK
1408,D1,D1_CLICK
1409,D1,D1_CLICK
1410,D1,D1_CLICK
1411,D1,D1_CLICK
1412,D1,D1_CLICK
1413,D1,D1_CLICK
1414,D1,D1_CLICK
1415,D1,D1_CLICK
1416,NONE,NO_CLICK
1417,NONE,NO_CLICK
1418,NONE,NO_CLICK
1419,NONE,NO_CLICK
1420,NONE,NO_CLICK
1421,NONE,NO_CLICK
1422,NONE,NO_CLICK
1423,NONE,NO_CLICK
1424,NONE,NO_CLICK
1425,NONE,NO_CLICK
1426,NONE,NO_CLICK
1427,NONE,NO_CLICK
1428,NONE,NO_CLICK
1429,NONE,NO_CLICK
1430,NONE,NO_CLICK
1431,NONE,NO_CLICK
1432,NONE,NO_CLICK
1433,NONE,NO_CLICK
1434,NONE,NO_CLICK
1435,NONE,NO_CLICK
1436,NONE,NO_CLICK
1437,NONE,NO_CLICK
1438,NONE,NO_CLICK
1439,NONE,NO_CLICK
1440,NONE,NO_CLICK
1441,NONE,NO_CLICK
1442,NONE,NO_CLICK
1443,NONE,NO_CLICK
1444,NONE,NO_CLICK
1445,NONE,NO_CLICK
1446,NONE,NO_CLICK
1447,NONE,NO_CLICK
1448,NONE,NO_CLICK
1449,NONE,NO_CLICK
1450,NONE,NO_CLICK
1451,NONE,NO_CLICK
1452,NONE,NO_CLICK
1453,NONE,NO_CLICK
1454,NONE,NO_CLICK
1455,NONE,NO_CLICK
1456,NONE,NO_CLICK
1457,NONE,NO_CLICK
1458,NONE,NO_CLICK
1459,NONE,NO_CLICK
1460,NONE,NO_CLICK
1461,NONE,NO_CLICK
1462,NONE,NO_CLICK
1463,NONE,NO_CLICK
1464,NONE,NO_CLICK
1465,NONE,NO_CLICK
1466,NONE,NO_CLICK
1467,NONE,NO_CLICK
1468,NONE,NO_CLICK
1469,NONE,NO_CLICK
1470,NONE,NO_CLICK
1471,NONE,NO_CLICK
1472,NONE,NO_CLICK
1473,NONE,NO_CLICK
1474,NONE,NO_CLICK
1475,NONE,NO_CLICK
1476,NONE,NO_CLICK
1477,NONE,NO_CLICK
1478,NONE,NO_CLICK
1479,NONE,NO_CLICK
1480,NONE,NO_CLICK
1481,NONE,NO_CLICK
1482,NONE,NO_CLICK
1483,NONE,NO_CLICK
1484,NONE,NO_CLICK
1485,NONE,NO_CLICK
1486,NONE,NO_CLICK
1487,NONE,NO_CLICK
1488,NONE,NO_CLICK
1489,NONE,NO_CLICK
1490,NONE,NO_CLICK
1491,NONE,NO_CLICK
1492,NONE,NO_CLICK
1493,NONE,NO_CLICK
1494,NONE,NO_CLICK
1495,NONE,NO_CLICK
1496,NONE,NO_CLICK
1497,NONE,NO_CLICK
1498,NONE,NO_CLICK
1499,NONE,NO_CLICK
1500,NONE,NO_CLICK
1501,NONE,NO_CLICK
1502,NONE,NO_CLICK
1503,NONE,NO_CLICK
1504,NONE,NO_CLICK
1505,NONE,NO_CLICK
1506,NONE,NO_CLICK
1507,NONE,NO_CLICK
1508,NONE,NO_CLICK
1509,NONE,NO_CLICK
1510,NONE,NO_CLICK
1511,NONE,NO_CLICK
1512,NONE,NO_CLICK
1513,NONE,NO_CLICK
1514,NONE,NO_CLICK
1515,NONE,NO_CLICK
1516,NONE,NO_CLICK
1517,NONE,NO_CLICK
1518,NONE,NO_CLICK
1519,NONE,NO_CLICK
1520,NONE,NO_CLICK
1521,NONE,NO_CLICK
1522,NONE,NO_CLICK
1523,NONE,NO_CLICK
1524,NONE,NO_CLICK
1525,NONE,NO_CLICK
1526,NONE,NO_CLICK
1527,NONE,NO_CLICK
1528,NONE,NO_CLICK
1529,NONE,NO_CLICK
1530,NONE,NO_CLICK
1531,NONE,NO_CLICK
1532,NONE,NO_CLICK
1533,NONE,NO_CLICK
1534,NONE,NO_CLICK
1535,NONE,NO_CLICK
1536,NONE,NO_CLICK
1537,NONE,NO_CLICK
1538,NONE,NO_CLICK
1539,NONE,NO_CLICK
1540,NONE,NO_CLICK
1541,NONE,NO_CLICK
1542,NONE,NO_CLICK
1543,NONE,NO_CLICK
1544,NONE,NO_CLICK
1545,NONE,NO_CLICK
1546,NONE,NO_CLICK
1547,NONE,NO_CLICK
1548,NONE,NO_CLICK
1549,NONE,NO_CLICK
1550,NONE,NO_CLICK
1551,NONE,NO_CLICK
1552,NONE,NO_CLICK
1553,NONE,NO_CLICK
1554,NONE,NO_CLICK
1555,NONE,NO_CLICK
1556,NONE,NO_CLICK
1557,NONE,NO_CLICK
1558,NONE,NO_CLICK
1559,NONE,NO_CLICK
1560,NONE,NO_CLICK
1561,NONE,NO_CLICK
1562,NONE,NO_CLICK
1563,NONE,NO_CLICK
1564,NONE,NO_CLICK
1565,NONE,NO_CLICK
1566,NONE,NO_CLICK
1567,NONE,NO_CLICK
1568,NONE,NO_CLICK
1569,NONE,NO_CLICK
1570,NONE,NO_CLICK
1571,NONE,NO_CLICK
1572,NONE,NO_CLICK
1573,NONE,NO_CLICK
1574,NONE,NO_CLICK
1575,NONE,NO_CLICK
1576,NONE,NO_CLICK
1577,NONE,NO_CLICK
1578,NONE,NO_CLICK
1579,NONE,NO_CLICK
1580,NONE,NO_CLICK
1581,NONE,NO_CLICK
1582,NONE,NO_CLICK
1583,NONE,NO_CLICK
1584,NONE,NO_CLICK
1585,NONE,NO_CLICK
1586,NONE,NO_CLICK
1587,NONE,NO_CLICK
1588,NONE,NO_CLICK
1589,NONE,NO_CLICK
1590,NONE,NO_CLICK
1591,NONE,NO_CLICK
1592,NONE,NO_CLICK
1593,NONE,NO_CLICK
1594,NONE,NO_CLICK
1595,NONE,NO_CLICK
1596,NONE,NO_CLICK
1597,NONE,NO_CLICK
1598,NONE,NO_CLICK
1599,NONE,NO_CLICK
1600,NONE,NO_CLICK
1601,NONE,NO_CLICK
1602,D2,D2_CLICK
1603,D2,D2_CLICK
1604,D2,D2_CLICK
1605,D2,D2_CLICK
1606,D2,D2_CLICK
1607,D2,D2_CLICK
1608,D2,D2_CLICK
1609,D2,D2_CLICK
1610,D2,D2_CLICK
1611,D2,D2_CLICK
1612,D2,D2_CLICK
1613,D2,D2_CLICK
1614,D2,D2_CLICK
1615,D2,D2_CLICK
1616,D2,D2_CLICK
1617,D2,D2_CLICK
1618,D2,D2_CLICK
1619,D2,D2_CLICK
1620,D2,D2_CLICK
1621,D2,D2_CLICK
1622,D2,D2_CLICK
1623,D2,D2_CLICK
1624,D2,D2_CLICK
1625,D2,D2_CLICK
1626,D2,D2_CLICK
1627,D2,D2_CLICK
1628,D2,D2_CLICK
1629,D2,D2_CLICK
1630,D2,D2_CLICK
1631,D2,D2_CLICK
1632,D2,D2_CLICK
1633,D2,D2_CLICK
1634,D2,D2_CLICK
1635,D2,D2_CLICK
1636,D2,D2_CLICK
1637,D2,D2_CLICK
1638,D2,D2_CLICK
1639,D2,D2_CLICK
1640,D2,D2_CLICK
1641,D2,D2_CLICK
1642,D2,D2_CLICK
1643,D2,D2_CLICK
1644,D2,D2_CLICK
1645,D2,D2_CLICK
1646,D2,D2_CLICK
1647,D2,D2_CLICK
1648,D2,D2_CLICK
1649,D2,D2_CLICK
1650,D2,D2_CLICK
1651,D2,D2_CLICK
1652,D2,D2_CLICK
1653,D2,D2_CLICK
1654,D2,D2_CLICK
1655,D2,D2_CLICK
1656,D2,D2_CLICK
1657,D2,D2_CLICK
1658,D2,D2_CLICK
1659,D2,D2_CLICK
1660,D2,D2_CLICK
1661,D2,D2_CLICK
1662,D2,D2_CLICK
1663,D2,D2_CLICK
1664,D2,D2_CLICK
1665,D2,D2_CLICK
1666,D2,D2_CLICK
1667,D2,D2_CLICK
1668,D2,D2_CLICK
1669,D2,D2_CLICK
1670,D2,D2_CLICK
1671,D2,D2_CLICK
1672,NONE,NO_CLICK
1673,NONE,NO_CLICK
1674,NONE,NO_CLICK
1675,NONE,NO_CLICK
1676,NONE,NO_CLICK
1677,NONE,NO_CLICK
1678,NONE,NO_CLICK
1679,NONE,NO_CLICK
1680,NONE,NO_CLICK
1681,NONE,NO_CLICK
1682,NONE,NO_CLICK
1683,NONE,NO_CLICK
1684,NONE,NO_CLICK
1685,NONE,NO_CLICK
1686,NONE,NO_CLICK
1687,NONE,NO_CLICK
1688,NONE,NO_CLICK
1689,NONE,NO_CLICK
1690,NONE,NO_CLICK
1691,NONE,NO_CLICK
1692,NONE,NO_CLICK
1693,NONE,NO_CLICK
1694,NONE,NO_CLICK
1695,NONE,NO_CLICK
1696,NONE,NO_CLICK
1697,NONE,NO_CLICK
1698,NONE,NO_CLICK
1699,NONE,NO_CLICK
1700,NONE,NO_CLICK
1701,NONE,NO_CLICK
1702,NONE,NO_CLICK
1703,NONE,NO_CLICK
1704,NONE,NO_CLICK
1705,NONE,NO_CLICK
1706,NONE,NO_CLICK
1707,NONE,NO_CLICK
1708,NONE,NO_CLICK
1709,NONE,NO_CLICK
1710,NONE,NO_CLICK
1711,NONE,NO_CLICK
1712,NONE,NO_CLICK
1713,NONE,NO_CLICK
1714,NONE,NO_CLICK
1715,NONE,NO_CLICK
1716,NONE,NO_CLICK
1717,NONE,NO_CLICK
1718,NONE,NO_CLICK
1719,NONE,NO_CLICK
1720,NONE,NO_CLICK
1721,NONE,NO_CLICK
1722,NONE,NO_CLICK
1723,NONE,NO_CLICK
1724,NONE,NO_CLICK
1725,NONE,NO_CLICK
1726,NONE,NO_CLICK
1727,NONE,NO_CLICK
1728,NONE,NO_CLICK
1729,NONE,NO_CLICK
1730,NONE,NO_CLICK
1731,NONE,NO_CLICK
1732,NONE,NO_CLICK
1733,NONE,NO_CLICK
1734,NONE,NO_CLICK
1735,NONE,NO_CLICK
1736,NONE,NO_CLICK
1737,NONE,NO_CLICK
1738,NONE,NO_CLICK
1739,NONE,NO_CLICK
1740,NONE,NO_CLICK
1741,NONE,NO_CLICK
1742,NONE,NO_CLICK
1743,NONE,NO_CLICK
1744,NONE,NO_CLICK
1745,NONE,NO_CLICK
1746,NONE,NO_CLICK
1747,NONE,NO_CLICK
1748,NONE,NO_CLICK
1749,NONE,NO_CLICK
1750,NONE,NO_CLICK
1751,NONE,NO_CLICK
1752,NONE,NO_CLICK
1753,NONE,NO_CLICK
1754,NONE,NO_CLICK
1755,NONE,NO_CLICK
1756,NONE,NO_CLICK
1757,NONE,NO_CLICK
1758,NONE,NO_CLICK
1759,NONE,NO_CLICK
1760,NONE,NO_CLICK
1761,NONE,NO_CLICK
1762,D1,D1_CLICK
1763,D1,D1_CLICK
1764,D1,D1_CLICK
1765,D1,D1_CLICK
1766,D1,D1_CLICK
1767,D1,D1_CLICK
1768,D1,D1_CLICK
1769,D1,D1_CLICK
1770,D1,D1_CLICK
1771,D1,D1_CLICK
1772,D1,D1_CLICK
1773,D1,D1_CLICK
1774,D1,D1_CLICK
1775,D1,D1_CLICK
1776,D1,D1_CLICK
1777,D1,D1_CLICK
1778,D1,D1_CLICK
1779,D1,D1_CLICK
1780,D1,D1_CLICK
1781,D1,D1_CLICK
1782,D1,D1_CLICK
1783,D1,D1_CLICK
1784,D1,D1_CLICK
1785,D1,D1_CLICK
1786,D1,D1_CLICK
1787,D1,D1_CLICK
1788,D1,D1_CLICK
1789,D1,D1_CLICK
1790,D1,D1_CLICK
1791,D1,D1_CLICK
1792,D1,D1_CLICK
1793,D1,D1_CLICK
1794,D1,D1_CLICK
1795,D1,D1_CLICK
1796,D1,D1_CLICK
1797,D1,D1_CLICK
1798,D1,D1_CLICK
1799,D1,D1_CLICK
1800,NONE,NO_CLICK
1801,NONE,NO_CLICK
1802,NONE,NO_CLICK
1803,NONE,NO_CLICK
1804,NONE,NO_CLICK
1805,NONE,NO_CLICK
1806,NONE,NO_CLICK
1807,NONE,NO_CLICK
1808,NONE,NO_CLICK
1809,NONE,NO_CLICK
1810,NONE,NO_CLICK
1811,NONE,NO_CLICK
1812,NONE,NO_CLICK
1813,NONE,NO_CLICK
1814,NONE,NO_CLICK
1815,NONE,NO_CLICK
1816,NONE,NO_CLICK
1817,NONE,NO_CLICK
1818,NONE,NO_CLICK
1819,NONE,NO_CLICK
1820,NONE,NO_CLICK
1821,NONE,NO_CLICK
1822,NONE,NO_CLICK
1823,NONE,NO_CLICK
1824,NONE,NO_CLICK
1825,NONE,NO_CLICK
1826,NONE,NO_CLICK
1827,NONE,NO_CLICK
1828,NONE,NO_CLICK
1829,NONE,NO_CLICK
1830,NONE,NO_CLICK
1831,NONE,NO_CLICK
1832,NONE,NO_CLICK
1833,NONE,NO_CLICK
1834,NONE,NO_CLICK
1835,NONE,NO_CLICK
1836,NONE,NO_CLICK
1837,NONE,NO_CLICK
1838,NONE,NO_CLICK
1839,NONE,NO_CLICK
1840,NONE,NO_CLICK
1841,NONE,NO_CLICK
1842,NONE,NO_CLICK
1843,NONE,NO_CLICK
1844,NONE,NO_CLICK
1845,NONE,NO_CLICK
1846,NONE,NO_CLICK
1847,NONE,NO_CLICK
1848,NONE,NO_CLICK
1849,NONE,NO_CLICK
1850,NONE,NO_CLICK
1851,NONE,NO_CLICK
1852,NONE,NO_CLICK
1853,NONE,NO_CLICK
1854,NONE,NO_CLICK
1855,NONE,NO_CLICK
1856,NONE,NO_CLICK
1857,NONE,NO_CLICK
1858,NONE,NO_CLICK
1859,NONE,NO_CLICK
1860,NONE,NO_CLICK
1861,NONE,NO_CLICK
1862,NONE,NO_CLICK
1863,NONE,NO_CLICK
1864,NONE,NO_CLICK
1865,NONE,NO_CLICK
1866,NONE,NO_CLICK
1867,NONE,NO_CLICK
1868,NONE,NO_CLICK
1869,NONE,NO_CLICK
1870,NONE,NO_CLICK
1871,NONE,NO_CLICK
1872,NONE,NO_CLICK
1873,NONE,NO_CLICK
1874,NONE,NO_CLICK
1875,NONE,NO_CLICK
1876,NONE,NO_CLICK
1877,NONE,NO_CLICK
1878,NONE,NO_CLICK
1879,NONE,NO_CLICK
1880,NONE,NO_CLICK
1881,NONE,NO_CLICK
1882,NONE,NO_CLICK
1883,NONE,NO_CLICK
1884,NONE,NO_CLICK
1885,NONE,NO_CLICK
1886,NONE,NO_CLICK
1887,NONE,NO_CLICK
1888,NONE,NO_CLICK
1889,NONE,NO_CLICK
1890,NONE,NO_CLICK
1891,NONE,NO_CLICK
1892,NONE,NO_CLICK
1893,NONE,NO_CLICK
1894,NONE,NO_CLICK
1895,NONE,NO_CLICK
1896,NONE,NO_CLICK
1897,NONE,NO_CLICK
1898,NONE,NO_CLICK
1899,NONE,NO_CLICK
1900,NONE,NO_CLICK
1901,NONE,NO_CLICK
1902,NONE,NO_CLICK
1903,NONE,NO_CLICK
1904,NONE,NO_CLICK
1905,NONE,NO_CLICK
1906,NONE,NO_CLICK
1907,NONE,NO_CLICK
1908,NONE,NO_CLICK
1909,NONE,NO_CLICK
1910,NONE,NO_CLICK
1911,NONE,NO_CLICK
1912,NONE,NO_CLICK
1913,NONE,NO_CLICK
1914,NONE,NO_CLICK
1915,NONE,NO_CLICK
1916,NONE,NO_CLICK
1917,NONE,NO_CLICK
1918,NONE,NO_CLICK
1919,NONE,NO_CLICK
1920,NONE,NO_CLICK
1921,NONE,NO_CLICK
1922,NONE,NO_CLICK
1923,NONE,NO_CLICK
1924,NONE,NO_CLICK
1925,NONE,NO_CLICK
1926,NONE,NO_CLICK
1927,NONE,NO_CLICK
1928,NONE,NO_CLICK
1929,NONE,NO_CLICK
1930,NONE,NO_CLICK
1931,NONE,NO_CLICK
1932,NONE,NO_CLICK
1933,NONE,NO_CLICK
1934,NONE,NO_CLICK
1935,NONE,NO_CLICK
1936,NONE,NO_CLICK
1937,NONE,NO_CLICK
1938,NONE,NO_CLICK
1939,NONE,NO_CLICK
1940,NONE,NO_CLICK
1941,NONE,NO_CLICK
1942,NONE,NO_CLICK
1943,NONE,NO_CLICK
1944,NONE,NO_CLICK
1945,NONE,NO_CLICK
1946,NONE,NO_CLICK
1947,NONE,NO_CLICK
1948,NONE,NO_CLICK
1949,NONE,NO_CLICK
1950,NONE,NO_CLICK
1951,NONE,NO_CLICK
1952,NONE,NO_CLICK
1953,NONE,NO_CLICK
1954,NONE,NO_CLICK
1955,NONE,NO_CLICK
1956,NONE,NO_CLICK
1957,NONE,NO_CLICK
1958,NONE,NO_CLICK
1959,NONE,NO_CLICK
1960,NONE,NO_CLICK
1961,NONE,NO_CLICK
1962,NONE,NO_CLICK
1963,NONE,NO_CLICK
1964,NONE,NO_CLICK
1965,NONE,NO_CLICK
1966,NONE,NO_CLICK
1967,NONE,NO_CLICK
1968,NONE,NO_CLICK
1969,NONE,NO_CLICK
1970,NONE,NO_CLICK
1971,NONE,NO_CLICK
1972,NONE,NO_CLICK
1973,NONE,NO_CLICK
1974,NONE,NO_CLICK
1975,NONE,NO_CLICK
1976,NONE,NO_CLICK
1977,NONE,NO_CLICK
1978,NONE,NO_CLICK
1979,NONE,NO_CLICK
1980,NONE,NO_CLICK
1981,NONE,NO_CLICK
1982,NONE,NO_CLICK
1983,NONE,NO_CLICK
1984,NONE,NO_CLICK
1985,NONE,NO_CLICK
1986,D2,D2_CLICK
1987,D2,D2_CLICK
1988,D2,D2_CLICK
1989,D2,D2_CLICK
1990,D2,D2_CLICK
1991,D2,D2_CLICK
1992,D2,D2_CLICK
1993,D2,D2_CLICK
1994,D2,D2_CLICK
1995,D2,D2_CLICK
1996,D2,D2_CLICK
1997,D2,D2_CLICK
1998,D2,D2_CLICK
1999,D2,D2_CLICK
2000,D2,D2_CLICK
2001,D2,D2_CLICK
2002,D2,D2_CLICK
2003,D2,D2_CLICK
2004,D2,D2_CLICK
2005,D2,D2_CLICK
2006,D2,D2_CLICK
2007,D2,D2_CLICK
2008,D2,D2_CLICK
2009,D2,D2_CLICK
2010,D2,D2_CLICK
2011,D2,D2_CLICK
2012,D2,D2_CLICK
2013,D2,D2_CLICK
2014,D2,D2_CLICK
2015,D2,D2_CLICK
2016,D2,D2_CLICK
2017,D2,D2_CLICK
2018,D2,D2_CLICK
2019,D2,D2_CLICK
2020,D2,D2_CLICK
2021,D2,D2_CLICK
2022,D2,D2_CLICK
2023,D2,D2_CLICK
2024,NONE,NO_CLICK
2025,NONE,NO_CLICK
2026,NONE,NO_CLICK
2027,NONE,NO_CLICK
2028,NONE,NO_CLICK
2029,NONE,NO_CLICK
2030,NONE,NO_CLICK
2031,NONE,NO_CLICK
2032,NONE,NO_CLICK
2033,NONE,NO_CLICK
2034,NONE,NO_CLICK
2035,NONE,NO_CLICK
2036,NONE,NO_CLICK
2037,NONE,NO_CLICK
2038,NONE,NO_CLICK
2039,NONE,NO_CLICK
2040,NONE,NO_CLICK
2041,NONE,NO_CLICK
2042,NONE,NO_CLICK
2043,NONE,NO_CLICK
2044,NONE,NO_CLICK
2045,NONE,NO_CLICK
2046,NONE,NO_CLICK
2047,NONE,NO_CLICK
2048,NONE,NO_CLICK
2049,NONE,NO_CLICK
2050,NONE,NO_CLICK
2051,NONE,NO_CLICK
2052,NONE,NO_CLICK
2053,NONE,NO_CLICK
2054,NONE,NO_CLICK
2055,NONE,NO_CLICK
2056,NONE,NO_CLICK
2057,NONE,NO_CLICK
2058,NONE,NO_CLICK
2059,NONE,NO_CLICK
2060,NONE,NO_CLICK
2061,NONE,NO_CLICK
2062,NONE,NO_CLICK
2063,NONE,NO_CLICK
2064,NONE,NO_CLICK
2065,NONE,NO_CLICK
2066,NONE,NO_CLICK
2067,NONE,NO_CLICK
2068,NONE,NO_CLICK
2069,NONE,NO_CLICK
2070,NONE,NO_CLICK
2071,NONE,NO_CLICK
2072,NONE,NO_CLICK
2073,NONE,NO_CLICK
2074,NONE,NO_CLICK
2075,NONE,NO_CLICK
2076,NONE,NO_CLICK
2077,NONE,NO_CLICK
2078,NONE,NO_CLICK
2079,NONE,NO_CLICK
2080,NONE,NO_CLICK
2081,NONE,NO_CLICK
2082,NONE,NO_CLICK
2083,NONE,NO_CLICK
2084,NONE,NO_CLICK
2085,NONE,NO_CLICK
2086,NONE,NO_CLICK
2087,NONE,NO_CLICK
2088,NONE,NO_CLICK
2089,NONE,NO_CLICK
2090,NONE,NO_CLICK
2091,NONE,NO_CLICK
2092,NONE,NO_CLICK
2093,NONE,NO_CLICK
2094,NONE,NO_CLICK
2095,NONE,NO_CLICK
2096,NONE,NO_CLICK
2097,NONE,NO_CLICK
2098,NONE,NO_CLICK
2099,NONE,NO_CLICK
2100,NONE,NO_CLICK
2101,NONE,NO_CLICK
2102,NONE,NO_CLICK
2103,NONE,NO_CLICK
2104,NONE,NO_CLICK
2105,NONE,NO_CLICK
2106,NONE,NO_CLICK
2107,NONE,NO_CLICK
2108,NONE,NO_CLICK
2109,NONE,NO_CLICK
2110,NONE,NO_CLICK
2111,NONE,NO_CLICK
2112,NONE,NO_CLICK
2113,NONE,NO_CLICK
2114,NONE,NO_CLICK
2115,NONE,NO_CLICK
2116,NONE,NO_CLICK
2117,NONE,NO_CLICK
2118,NONE,NO_CLICK
2119,NONE,NO_CLICK
2120,NONE,NO_CLICK
2121,NONE,NO_CLICK
2122,NONE,NO_CLICK
2123,NONE,NO_CLICK
2124,NONE,NO_CLICK
2125,NONE,NO_CLICK
2126,NONE,NO_CLICK
2127,NONE,NO_CLICK
2128,NONE,NO_CLICK
2129,NONE,NO_CLICK
2130,NONE,NO_CLICK
2131,NONE,NO_CLICK
2132,NONE,NO_CLICK
2133,NONE,NO_CLICK
2134,NONE,NO_CLICK
2135,NONE,NO_CLICK
2136,NONE,NO_CLICK
2137,NONE,NO_CLICK
2138,NONE,NO_CLICK
2139,NONE,NO_CLICK
2140,NONE,NO_CLICK
2141,NONE,NO_CLICK
2142,NONE,NO_CLICK
2143,NONE,NO_CLICK
2144,NONE,NO_CLICK
2145,NONE,NO_CLICK
2146,NONE,NO_CLICK
2147,NONE,NO_CLICK
2148,NONE,NO_CLICK
2149,NONE,NO_CLICK
2150,NONE,NO_CLICK
2151,NONE,NO_CLICK
2152,NONE,NO_CLICK
2153,NONE,NO_CLICK
2154,NONE,NO_CLICK
2155,NONE,NO_CLICK
2156,NONE,NO_CLICK
2157,NONE,NO_CLICK
2158,NONE,NO_CLICK
2159,NONE,NO_CLICK
2160,NONE,NO_CLICK
2161,NONE,NO_CLICK
2162,NONE,NO_CLICK
2163,NONE,NO_CLICK
2164,NONE,NO_CLICK
2165,NONE,NO_CLICK
2166,NONE,NO_CLICK
2167,NONE,NO_CLICK
2168,NONE,NO_CLICK
2169,NONE,NO_CLICK
2170,NONE,NO_CLICK
2171,NONE,NO_CLICK
2172,NONE,NO_CLICK
2173,NONE,NO_CLICK
2174,NONE,NO_CLICK
2175,NONE,NO_CLICK
2176,NONE,NO_CLICK
2177,NONE,NO_CLICK
2178,NONE,NO_CLICK
2179,NONE,NO_CLICK
2180,NONE,NO_CLICK
2181,NONE,NO_CLICK
2182,NONE,NO_CLICK
2183,NONE,NO_CLICK
2184,NONE,NO_CLICK
2185,NONE,NO_CLICK
2186,NONE,NO_CLICK
2187,NONE,NO_CLICK
2188,NONE,NO_CLICK
2189,NONE,NO_CLICK
2190,NONE,NO_CLICK
2191,NONE,NO_CLICK
2192,NONE,NO_CLICK
2193,NONE,NO_CLICK
2194,NONE,NO_CLICK
2195,NONE,NO_CLICK
2196,NONE,NO_CLICK
2197,NONE,NO_CLICK
2198,NONE,NO_CLICK
2199,NONE,NO_CLICK
2200,NONE,NO_CLICK
2201,NONE,NO_CLICK
2202,NONE,NO_CLICK
2203,NONE,NO_CLICK
2204,NONE,NO_CLICK
2205,NONE,NO_CLICK
2206,NONE,NO_CLICK
2207,NONE,NO_CLICK
2208,NONE,NO_CLICK
2209,NONE,NO_CLICK
2210,D1,D1_CLICK
2211,D1,D1_CLICK
2212,D1,D1_CLICK
2213,D1,D1_CLICK
2214,D1,D1_CLICK
2215,D1,D1_CLICK
2216,D1,D1_CLICK
2217,D1,D1_CLICK
2218,D1,D1_CLICK
2219,D1,D1_CLICK
2220,D1,D1_CLICK
2221,D1,D1_CLICK
2222,D1,D1_CLICK
2223,D1,D1_CLICK
2224,D1,D1_CLICK
2225,D1,D1_CLICK
2226,D1,D1_CLICK
2227,D1,D1_CLICK
2228,D1,D1_CLICK
2229,D1,D1_CLICK
2230,D1,D1_CLICK
2231,D1,D1_CLICK
2232,D1,D1_CLICK
2233,D1,D1_CLICK
2234,D1,D1_CLICK
2235,D1,D1_CLICK
2236,D1,D1_CLICK
2237,D1,D1_CLICK
2238,D1,D1_CLICK
2239,D1,D1_CLICK
2240,D1,D1_CLICK
2241,D1,D1_CLICK
2242,D1,D1_CLICK
2243,D1,D1_CLICK
2244,D1,D1_CLICK
2245,D1,D1_CLICK
2246,D1,D1_CLICK
2247,D1,D1_CLICK
2248,NONE,NO_CLICK
2249,NONE,NO_CLICK
2250,NONE,NO_CLICK
2251,NONE,NO_CLICK
2252,NONE,NO_CLICK
2253,NONE,NO_CLICK
2254,NONE,NO_CLICK
2255,NONE,NO_CLICK
2256,NONE,NO_CLICK
2257,NONE,NO_CLICK
2258,NONE,NO_CLICK
2259,NONE,NO_CLICK
2260,NONE,NO_CLICK
2261,NONE,NO_CLICK
2262,NONE,NO_CLICK
2263,NONE,NO_CLICK
2264,NONE,NO_CLICK
2265,NONE,NO_CLICK
2266,NONE,NO_CLICK
2267,NONE,NO_CLICK
2268,NONE,NO_CLICK
2269,NONE,NO_CLICK
2270,NONE,NO_CLICK
2271,NONE,NO_CLICK
2272,NONE,NO_CLICK
2273,NONE,NO_CLICK
2274,NONE,NO_CLICK
2275,NONE,NO_CLICK
2276,NONE,NO_CLICK
2277,NONE,NO_CLICK
2278,NONE,NO_CLICK
2279,NONE,NO_CLICK
2280,NONE,NO_CLICK
2281,NONE,NO_CLICK
2282,NONE,NO_CLICK
2283,NONE,NO_CLICK
2284,NONE,NO_CLICK
2285,NONE,NO_CLICK
2286,NONE,NO_CLICK
2287,NONE,NO_CLICK
2288,NONE,NO_CLICK
2289,NONE,NO_CLICK
2290,NONE,NO_CLICK
2291,NONE,NO_CLICK
2292,NONE,NO_CLICK
2293,NONE,NO_CLICK
2294,NONE,NO_CLICK
2295,NONE,NO_CLICK
2296,NONE,NO_CLICK
2297,NONE,NO_CLICK
2298,NONE,NO_CLICK
2299,NONE,NO_CLICK
2300,NONE,NO_CLICK
2301,NONE,NO_CLICK
2302,NONE,NO_CLICK
2303,NONE,NO_CLICK
2304,NONE,NO_CLICK
2305,NONE,NO_CLICK
2306,NONE,NO_CLICK
2307,NONE,NO_CLICK
2308,NONE,NO_CLICK
2309,NONE,NO_CLICK
2310,NONE,NO_CLICK
2311,NONE,NO_CLICK
2312,NONE,NO_CLICK
2313,NONE,NO_CLICK
2314,NONE,NO_CLICK
2315,NONE,NO_CLICK
2316,NONE,NO_CLICK
2317,NONE,NO_CLICK
2318,NONE,NO_CLICK
2319,NONE,NO_CLICK
2320,NONE,NO_CLICK
2321,NONE,NO_CLICK
2322,NONE,NO_CLICK
2323,NONE,NO_CLICK
2324,NONE,NO_CLICK
2325,NONE,NO_CLICK
2326,NONE,NO_CLICK
2327,NONE,NO_CLICK
2328,NONE,NO_CLICK
2329,NONE,NO_CLICK
2330,NONE,NO_CLICK
2331,NONE,NO_CLICK
2332,NONE,NO_CLICK
2333,NONE,NO_CLICK
2334,NONE,NO_CLICK
2335,NONE,NO_CLICK
2336,NONE,NO_CLICK
2337,NONE,NO_CLICK
2338,D2,D2_CLICK
2339,D2,D2_CLICK
2340,D2,D2_CLICK
2341,D2,D2_CLICK
2342,D2,D2_CLICK
2343,D2,D2_CLICK
2344,D2,D2_CLICK
2345,D2,D2_CLICK
2346,D2,D2_CLICK
2347,D2,D2_CLICK
2348,D2,D2_CLICK
2349,D2,D2_CLICK
2350,D2,D2_CLICK
2351,D2,D2_CLICK
2352,D2,D2_CLICK
2353,D2,D2_CLICK
2354,D2,D2_CLICK
2355,D2,D2_CLICK
2356,D2,D2_CLICK
2357,D2,D2_CLICK
2358,D2,D2_CLICK
2359,D2,D2_CLICK
2360,D2,D2_CLICK
2361,D2,D2_CLICK
2362,D2,D2_CLICK
2363,D2,D2_CLICK
2364,D2,D2_CLICK
2365,D2,D2_CLICK
2366,D2,D2_CLICK
2367,D2,D2_CLICK
2368,D2,D2_CLICK
2369,D2,D2_CLICK
2370,D2,D2_CLICK
2371,D2,D2_CLICK
2372,D2,D2_CLICK
2373,D2,D2_CLICK
2374,D2,D2_CLICK
2375,D2,D2_CLICK
2376,NONE,NO_CLICK
2377,NONE,NO_CLICK
2378,NONE,NO_CLICK
2379,NONE,NO_CLICK
2380,NONE,NO_CLICK
2381,NONE,NO_CLICK
2382,NONE,NO_CLICK
2383,NONE,NO_CLICK
2384,NONE,NO_CLICK
2385,NONE,NO_CLICK
2386,NONE,NO_CLICK
2387,NONE,NO_CLICK
2388,NONE,NO_CLICK
2389,NONE,NO_CLICK
2390,NONE,NO_CLICK
2391,NONE,NO_CLICK
2392,NONE,NO_CLICK
2393,NONE,NO_CLICK
2394,NONE,NO_CLICK
2395,NONE,NO_CLICK
2396,NONE,NO_CLICK
2397,NONE,NO_CLICK
2398,NONE,NO_CLICK
2399,NONE,NO_CLICK
2400,NONE,NO_CLICK
2401,NONE,NO_CLICK
2402,NONE,NO_CLICK
2403,NONE,NO_CLICK
2404,NONE,NO_CLICK
2405,NONE,NO_CLICK
2406,NONE,NO_CLICK
2407,NONE,NO_CLICK
2408,NONE,NO_CLICK
2409,NONE,NO_CLICK
2410,NONE,NO_CLICK
2411,NONE,NO_CLICK
2412,NONE,NO_CLICK
2413,NONE,NO_CLICK
2414,NONE,NO_CLICK
2415,NONE,NO_CLICK
2416,NONE,NO_CLICK
2417,NONE,NO_CLICK
2418,NONE,NO_CLICK
2419,NONE,NO_CLICK
2420,NONE,NO_CLICK
2421,NONE,NO_CLICK
2422,NONE,NO_CLICK
2423,NONE,NO_CLICK
2424,NONE,NO_CLICK
2425,NONE,NO_CLICK
2426,NONE,NO_CLICK
2427,NONE,NO_CLICK
2428,NONE,NO_CLICK
2429,NONE,NO_CLICK
2430,NONE,NO_CLICK
2431,NONE,NO_CLICK
2432,NONE,NO_CLICK
2433,NONE,NO_CLICK
2434,NONE,NO_CLICK
2435,NONE,NO_CLICK
2436,NONE,NO_CLICK
2437,NONE,NO_CLICK
2438,NONE,NO_CLICK
2439,NONE,NO_CLICK
2440,NONE,NO_CLICK
2441,NONE,NO_CLICK
2442,NONE,NO_CLICK
2443,NONE,NO_CLICK
2444,NONE,NO_CLICK
2445,NONE,NO_CLICK
2446,NONE,NO_CLICK
2447,NONE,NO_CLICK
2448,NONE,NO_CLICK
2449,NONE,NO_CLICK
2450,NONE,NO_CLICK
2451,NONE,NO_CLICK
2452,NONE,NO_CLICK
2453,NONE,NO_CLICK
2454,NONE,NO_CLICK
2455,NONE,NO_CLICK
2456,NONE,NO_CLICK
2457,NONE,NO_CLICK
2458,NONE,NO_CLICK
2459,NONE,NO_CLICK
2460,NONE,NO_CLICK
2461,NONE,NO_CLICK
2462,NONE,NO_CLICK
2463,NONE,NO_CLICK
2464,NONE,NO_CLICK
2465,NONE,NO_CLICK
2466,NONE,NO_CLICK
2467,NONE,NO_CLICK
2468,NONE,NO_CLICK
2469,NONE,NO_CLICK
2470,NONE,NO_CLICK
2471,NONE,NO_CLICK
2472,NONE,NO_CLICK
2473,NONE,NO_CLICK
2474,NONE,NO_CLICK
2475,NONE,NO_CLICK
2476,NONE,NO_CLICK
2477,NONE,NO_CLICK
2478,NONE,NO_CLICK
2479,NONE,NO_CLICK
2480,NONE,NO_CLICK
2481,NONE,NO_CLICK
2482,NONE,NO_CLICK
2483,NONE,NO_CLICK
2484,NONE,NO_CLICK
2485,NONE,NO_CLICK
2486,NONE,NO_CLICK
2487,NONE,NO_CLICK
2488,NONE,NO_CLICK
2489,NONE,NO_CLICK
2490,NONE,NO_CLICK
2491,NONE,NO_CLICK
2492,NONE,NO_CLICK
2493,NONE,NO_CLICK
2494,NONE,NO_CLICK
2495,NONE,NO_CLICK
2496,NONE,NO_CLICK
2497,NONE,NO_CLICK
2498,NONE,NO_CLICK
2499,NONE,NO_CLICK
2500,NONE,NO_CLICK
2501,NONE,NO_CLICK
2502,NONE,NO_CLICK
2503,NONE,NO_CLICK
2504,NONE,NO_CLICK
2505,NONE,NO_CLICK
2506,NONE,NO_CLICK
2507,NONE,NO_CLICK
2508,NONE,NO_CLICK
2509,NONE,NO_CLICK
2510,NONE,NO_CLICK
2511,NONE,NO_CLICK
2512,NONE,NO_CLICK
2513,NONE,NO_CLICK
2514,NONE,NO_CLICK
2515,NONE,NO_CLICK
2516,NONE,NO_CLICK
2517,NONE,NO_CLICK
2518,NONE,NO_CLICK
2519,NONE,NO_CLICK
2520,NONE,NO_CLICK
2521,NONE,NO_CLICK
2522,NONE,NO_CLICK
2523,NONE,NO_CLICK
2524,NONE,NO_CLICK
2525,NONE,NO_CLICK
2526,NONE,NO_CLICK
2527,NONE,NO_CLICK
2528,NONE,NO_CLICK
2529,NONE,NO_CLICK
2530,D1,D1_CLICK
2531,D1,D1_CLICK
2532,D1,D1_CLICK
2533,D1,D1_CLICK
2534,D1,D1_CLICK
2535,D1,D1_CLICK
2536,D1,D1_CLICK
2537,D1,D1_CLICK
2538,D1,D1_CLICK
2539,D1,D1_CLICK
2540,D1,D1_CLICK
2541,D1,D1_CLICK
2542,D1,D1_CLICK
2543,D1,D1_CLICK
2544,D1,D1_CLICK
2545,D1,D1_CLICK
2546,D1,D1_CLICK
2547,D1,D1_CLICK
2548,D1,D1_CLICK
2549,D1,D1_CLICK
2550,D1,D1_CLICK
2551,D1,D1_CLICK
2552,D1,D1_CLICK
2553,D1,D1_CLICK
2554,D1,D1_CLICK
2555,D1,D1_CLICK
2556,D1,D1_CLICK
2557,D1,D1_CLICK
2558,D1,D1_CLICK
2559,D1,D1_CLICK
2560,D1,D1_CLICK
2561,D1,D1_CLICK
2562,D1,D1_CLICK
2563,D1,D1_CLICK
2564,D1,D1_CLICK
2565,D1,D1_CLICK
2566,D1,D1_CLICK
2567,D1,D1_CLICK
2568,NONE,NO_CLICK
2569,NONE,NO_CLICK
2570,NONE,NO_CLICK
2571,NONE,NO_CLICK
2572,NONE,NO_CLICK
2573,NONE,NO_CLICK
2574,NONE,NO_CLICK
2575,NONE,NO_CLICK
2576,NONE,NO_CLICK
2577,NONE,NO_CLICK
2578,NONE,NO_CLICK
2579,NONE,NO_CLICK
2580,NONE,NO_CLICK
2581,NONE,NO_CLICK
2582,NONE,NO_CLICK
2583,NONE,NO_CLICK
2584,NONE,NO_CLICK
2585,NONE,NO_CLICK
2586,NONE,NO_CLICK
2587,NONE,NO_CLICK
2588,NONE,NO_CLICK
2589,NONE,NO_CLICK
2590,NONE,NO_CLICK
2591,NONE,NO_CLICK
2592,NONE,NO_CLICK
2593,NONE,NO_CLICK
2594,NONE,NO_CLICK
2595,NONE,NO_CLICK
2596,NONE,NO_CLICK
2597,NONE,NO_CLICK
2598,NONE,NO_CLICK
2599,NONE,NO_CLICK
2600,NONE,NO_CLICK
2601,NONE,NO_CLICK
2602,NONE,NO_CLICK
2603,NONE,NO_CLICK
2604,NONE,NO_CLICK
2605,NONE,NO_CLICK
2606,NONE,NO_CLICK
2607,NONE,NO_CLICK
2608,NONE,NO_CLICK
2609,NONE,NO_CLICK
2610,NONE,NO_CLICK
2611,NONE,NO_CLICK
2612,NONE,NO_CLICK
2613,NONE,NO_CLICK
2614,NONE,NO_CLICK
2615,NONE,NO_CLICK
2616,NONE,NO_CLICK
2617,NONE,NO_CLICK
2618,NONE,NO_CLICK
2619,NONE,NO_CLICK
2620,NONE,NO_CLICK
2621,NONE,NO_CLICK
2622,NONE,NO_CLICK
2623,NONE,NO_CLICK
2624,NONE,NO_CLICK
2625,NONE,NO_CLICK
2626,NONE,NO_CLICK
2627,NONE,NO_CLICK
2628,NONE,NO_CLICK
2629,NONE,NO_CLICK
2630,NONE,NO_CLICK
2631,NONE,NO_CLICK
2632,NONE,NO_CLICK
2633,NONE,NO_CLICK
2634,NONE,NO_CLICK
2635,NONE,NO_CLICK
2636,NONE,NO_CLICK
2637,NONE,NO_CLICK
2638,NONE,NO_CLICK
2639,NONE,NO_CLICK
2640,NONE,NO_CLICK
2641,NONE,NO_CLICK
2642,NONE,NO_CLICK
2643,NONE,NO_CLICK
2644,NONE,NO_CLICK
2645,NONE,NO_CLICK
2646,NONE,NO_CLICK
2647,NONE,NO_CLICK
2648,NONE,NO_CLICK
2649,NONE,NO_CLICK
2650,NONE,NO_CLICK
2651,NONE,NO_CLICK
2652,NONE,NO_CLICK
2653,NONE,NO_CLICK
2654,NONE,NO_CLICK
2655,NONE,NO_CLICK
2656,NONE,NO_CLICK
2657,NONE,NO_CLICK
2658,NONE,NO_CLICK
2659,NONE,NO_CLICK
2660,NONE,NO_CLICK
2661,NONE,NO_CLICK
2662,NONE,NO_CLICK
2663,NONE,NO_CLICK
2664,NONE,NO_CLICK
2665,NONE,NO_CLICK
2666,NONE,NO_CLICK
2667,NONE,NO_CLICK
2668,NONE,NO_CLICK
2669,NONE,NO_CLICK
2670,NONE,NO_CLICK
2671,NONE,NO_CLICK
2672,NONE,NO_CLICK
2673,NONE,NO_CLICK
2674,NONE,NO_CLICK
2675,NONE,NO_CLICK
2676,NONE,NO_CLICK
2677,NONE,NO_CLICK
2678,NONE,NO_CLICK
2679,NONE,NO_CLICK
2680,NONE,NO_CLICK
2681,NONE,NO_CLICK
2682,NONE,NO_CLICK
2683,NONE,NO_CLICK
2684,NONE,NO_CLICK
2685,NONE,NO_CLICK
2686,NONE,NO_CLICK
2687,NONE,NO_CLICK
2688,NONE,NO_CLICK
2689,NONE,NO_CLICK
2690,NONE,NO_CLICK
2691,NONE,NO_CLICK
2692,NONE,NO_CLICK
2693,NONE,NO_CLICK
2694,NONE,NO_CLICK
2695,NONE,NO_CLICK
2696,NONE,NO_CLICK
2697,NONE,NO_CLICK
2698,NONE,NO_CLICK
2699,NONE,NO_CLICK
2700,NONE,NO_CLICK
2701,NONE,NO_CLICK
2702,NONE,NO_CLICK
2703,NONE,NO_CLICK
2704,NONE,NO_CLICK
2705,NONE,NO_CLICK
2706,NONE,NO_CLICK
2707,NONE,NO_CLICK
2708,NONE,NO_CLICK
2709,NONE,NO_CLICK
2710,NONE,NO_CLICK
2711,NONE,NO_CLICK
2712,NONE,NO_CLICK
2713,NONE,NO_CLICK
2714,NONE,NO_CLICK
2715,NONE,NO_CLICK
2716,NONE,NO_CLICK
2717,NONE,NO_CLICK
2718,NONE,NO_CLICK
2719,NONE,NO_CLICK
2720,NONE,NO_CLICK
2721,NONE,NO_CLICK
2722,NONE,NO_CLICK
2723,NONE,NO_CLICK
2724,NONE,NO_CLICK
2725,NONE,NO_CLICK
2726,NONE,NO_CLICK
2727,NONE,NO_CLICK
2728,NONE,NO_CLICK
2729,NONE,NO_CLICK
2730,NONE,NO_CLICK
2731,NONE,NO_CLICK
2732,NONE,NO_CLICK
2733,NONE,NO_CLICK
2734,NONE,NO_CLICK
2735,NONE,NO_CLICK
2736,NONE,NO_CLICK
2737,NONE,NO_CLICK
2738,NONE,NO_CLICK
2739,NONE,NO_CLICK
2740,NONE,NO_CLICK
2741,NONE,NO_CLICK
2742,NONE,NO_CLICK
2743,NONE,NO_CLICK
2744,NONE,NO_CLICK
2745,NONE,NO_CLICK
2746,NONE,NO_CLICK
2747,NONE,NO_CLICK
2748,NONE,NO_CLICK
2749,NONE,NO_CLICK
2750,NONE,NO_CLICK
2751,NONE,NO_CLICK
2752,NONE,NO_CLICK
2753,NONE,NO_CLICK
2754,NONE,NO_CLICK
2755,NONE,NO_CLICK
2756,NONE,NO_CLICK
2757,NONE,NO_CLICK
2758,NONE,NO_CLICK
2759,NONE,NO_CLICK
2760,NONE,NO_CLICK
2761,NONE,NO_CLICK
2762,NONE,NO_CLICK
2763,NONE,NO_CLICK
2764,NONE,NO_CLICK
2765,NONE,NO_CLICK
2766,NONE,NO_CLICK
2767,NONE,NO_CLICK
2768,NONE,NO_CLICK
2769,NONE,NO_CLICK
2770,NONE,NO_CLICK
2771,NONE,NO_CLICK
2772,NONE,NO_CLICK
2773,NONE,NO_CLICK
2774,NONE,NO_CLICK
2775,NONE,NO_CLICK
2776,NONE,NO_CLICK
2777,NONE,NO_CLICK
2778,NONE,NO_CLICK
2779,NONE,NO_CLICK
2780,NONE,NO_CLICK
2781,NONE,NO_CLICK
2782,NONE,NO_CLICK
2783,NONE,NO_CLICK
2784,NONE,NO_CLICK
2785,NONE,NO_CLICK
2786,NONE,NO_CLICK
2787,NONE,NO_CLICK
2788,NONE,NO_CLICK
2789,NONE,NO_CLICK
2790,NONE,NO_CLICK
2791,NONE,NO_CLICK
2792,NONE,NO_CLICK
2793,NONE,NO_CLICK
2794,NONE,NO_CLICK
2795,NONE,NO_CLICK
2796,NONE,NO_CLICK
2797,NONE,NO_CLICK
2798,NONE,NO_CLICK
2799,NONE,NO_CLICK
2800,NONE,NO_CLICK
2801,NONE,NO_CLICK
2802,NONE,NO_CLICK
2803,NONE,NO_CLICK
2804,NONE,NO_CLICK
2805,NONE,NO_CLICK
2806,NONE,NO_CLICK
2807,NONE,NO_CLICK
2808,NONE,NO_CLICK
2809,NONE,NO_CLICK
2810,NONE,NO_CLICK
2811,NONE,NO_CLICK
2812,NONE,NO_CLICK
2813,NONE,NO_CLICK
2814,NONE,NO_CLICK
2815,NONE,NO_CLICK
2816,NONE,NO_CLICK
2817,NONE,NO_CLICK
2818,D2,D2_CLICK
2819,D2,D2_CLICK
2820,D2,D2_CLICK
2821,D2,D2_CLICK
2822,D2,D2_CLICK
2823,D2,D2_CLICK
2824,D2,D2_CLICK
2825,D2,D2_CLICK
2826,D2,D2_CLICK
2827,D2,D2_CLICK
2828,D2,D2_CLICK
2829,D2,D2_CLICK
2830,D2,D2_CLICK
2831,D2,D2_CLICK
2832,D2,D2_CLICK
2833,D2,D2_CLICK
2834,D2,D2_CLICK
2835,D2,D2_CLICK
2836,D2,D2_CLICK
2837,D2,D2_CLICK
2838,D2,D2_CLICK
2839,D2,D2_CLICK
2840,D2,D2_CLICK
2841,D2,D2_CLICK
2842,D2,D2_CLICK
2843,D2,D2_CLICK
2844,D2,D2_CLICK
2845,D2,D2_CLICK
2846,D2,D2_CLICK
2847,D2,D2_CLICK
2848,D2,D2_CLICK
2849,D2,D2_CLICK
2850,D2,D2_CLICK
2851,D2,D2_CLICK
2852,D2,D2_CLICK
2853,D2,D2_CLICK
2854,D2,D2_CLICK
2855,D2,D2_CLICK
2856,NONE,NO_CLICK
2857,NONE,NO_CLICK
2858,NONE,NO_CLICK
2859,NONE,NO_CLICK
2860,NONE,NO_CLICK
2861,NONE,NO_CLICK
2862,NONE,NO_CLICK
2863,NONE,NO_CLICK
2864,NONE,NO_CLICK
2865,NONE,NO_CLICK
2866,NONE,NO_CLICK
2867,NONE,NO_CLICK
2868,NONE,NO_CLICK
2869,NONE,NO_CLICK
2870,NONE,NO_CLICK
2871,NONE,NO_CLICK
2872,NONE,NO_CLICK
2873,NONE,NO_CLICK
2874,NONE,NO_CLICK
2875,NONE,NO_CLICK
2876,NONE,NO_CLICK
2877,NONE,NO_CLICK
2878,NONE,NO_CLICK
2879,NONE,NO_CLICK
2880,NONE,NO_CLICK
2881,NONE,NO_CLICK
2882,NONE,NO_CLICK
2883,NONE,NO_CLICK
2884,NONE,NO_CLICK
2885,NONE,NO_CLICK
2886,NONE,NO_CLICK
2887,NONE,NO_CLICK
2888,NONE,NO_CLICK
2889,NONE,NO_CLICK
2890,NONE,NO_CLICK
2891,NONE,NO_CLICK
2892,NONE,NO_CLICK
2893,NONE,NO_CLICK
2894,NONE,NO_CLICK
2895,NONE,NO_CLICK
2896,NONE,NO_CLICK
2897,NONE,NO_CLICK
2898,NONE,NO_CLICK
2899,NONE,NO_CLICK
2900,NONE,NO_CLICK
2901,NONE,NO_CLICK
2902,NONE,NO_CLICK
2903,NONE,NO_CLICK
2904,NONE,NO_CLICK
2905,NONE,NO_CLICK
2906,NONE,NO_CLICK
2907,NONE,NO_CLICK
2908,NONE,NO_CLICK
2909,NONE,NO_CLICK
2910,NONE,NO_CLICK
2911,NONE,NO_CLICK
2912,NONE,NO_CLICK
2913,NONE,NO_CLICK
2914,NONE,NO_CLICK
2915,NONE,NO_CLICK
2916,NONE,NO_CLICK
2917,NONE,NO_CLICK
2918,NONE,NO_CLICK
2919,NONE,NO_CLICK
2920,NONE,NO_CLICK
2921,NONE,NO_CLICK
2922,NONE,NO_CLICK
2923,NONE,NO_CLICK
2924,NONE,NO_CLICK
2925,NONE,NO_CLICK
2926,NONE,NO_CLICK
2927,NONE,NO_CLICK
2928,NONE,NO_CLICK
2929,NONE,NO_CLICK
2930,NONE,NO_CLICK
2931,NONE,NO_CLICK
2932,NONE,NO_CLICK
2933,NONE,NO_CLICK
2934,NONE,NO_CLICK
2935,NONE,NO_CLICK
2936,NONE,NO_CLICK
2937,NONE,NO_CLICK
2938,NONE,NO_CLICK
2939,NONE,NO_CLICK
2940,NONE,NO_CLICK
2941,NONE,NO_CLICK
2942,NONE,NO_CLICK
2943,NONE,NO_CLICK
2944,NONE,NO_CLICK
2945,NONE,NO_CLICK
2946,NONE,NO_CLICK
2947,NONE,NO_CLICK
2948,NONE,NO_CLICK
2949,NONE,NO_CLICK
2950,NONE,NO_CLICK
2951,NONE,NO_CLICK
2952,NONE,NO_CLICK
2953,NONE,NO_CLICK
2954,NONE,NO_CLICK
2955,NONE,NO_CLICK
2956,NONE,NO_CLICK
2957,NONE,NO_CLICK
2958,NONE,NO_CLICK
2959,NONE,NO_CLICK
2960,NONE,NO_CLICK
2961,NONE,NO_CLICK
2962,NONE,NO_CLICK
2963,NONE,NO_CLICK
2964,NONE,NO_CLICK
2965,NONE,NO_CLICK
2966,NONE,NO_CLICK
2967,NONE,NO_CLICK
2968,NONE,NO_CLICK
2969,NONE,NO_CLICK
2970,NONE,NO_CLICK
2971,NONE,NO_CLICK
2972,NONE,NO_CLICK
2973,NONE,NO_CLICK
2974,NONE,NO_CLICK
2975,NONE,NO_CLICK
2976,NONE,NO_CLICK
2977,NONE,NO_CLICK
2978,NONE,NO_CLICK
2979,NONE,NO_CLICK
2980,NONE,NO_CLICK
2981,NONE,NO_CLICK
2982,NONE,NO_CLICK
2983,NONE,NO_CLICK
2984,NONE,NO_CLICK
2985,NONE,NO_CLICK
2986,NONE,NO_CLICK
2987,NONE,NO_CLICK
2988,NONE,NO_CLICK
2989,NONE,NO_CLICK
2990,NONE,NO_CLICK
2991,NONE,NO_CLICK
2992,NONE,NO_CLICK
2993,NONE,NO_CLICK
2994,NONE,NO_CLICK
2995,NONE,NO_CLICK
2996,NONE,NO_CLICK
2997,NONE,NO_CLICK
2998,NONE,NO_CLICK
2999,NONE,NO_CLICK
3000,NONE,NO_CLICK
3001,NONE,NO_CLICK
3002,NONE,NO_CLICK
3003,NONE,NO_CLICK
3004,NONE,NO_CLICK
3005,NONE,NO_CLICK
3006,NONE,NO_CLICK
3007,NONE,NO_CLICK
3008,NONE,NO_CLICK
3009,NONE,NO_CLICK
3010,NONE,NO_CLICK
3011,NONE,NO_CLICK
3012,NONE,NO_CLICK
3013,NONE,NO_CLICK
3014,NONE,NO_CLICK
3015,NONE,NO_CLICK
3016,NONE,NO_CLICK
3017,NONE,NO_CLICK
3018,NONE,NO_CLICK
3019,NONE,NO_CLICK
3020,NONE,NO_CLICK
3021,NONE,NO_CLICK
3022,NONE,NO_CLICK
3023,NONE,NO_CLICK
3024,NONE,NO_CLICK
3025,NONE,NO_CLICK
3026,NONE,NO_CLICK
3027,NONE,NO_CLICK
3028,NONE,NO_CLICK
3029,NONE,NO_CLICK
3030,NONE,NO_CLICK
3031,NONE,NO_CLICK
3032,NONE,NO_CLICK
3033,NONE,NO_CLICK
3034,NONE,NO_CLICK
3035,NONE,NO_CLICK
3036,NONE,NO_CLICK
3037,NONE,NO_CLICK
3038,NONE,NO_CLICK
3039,NONE,NO_CLICK
3040,NONE,NO_CLICK
3041,NONE,NO_CLICK
3042,D1,D1_CLICK
3043,D1,D1_CLICK
3044,D1,D1_CLICK
3045,D1,D1_CLICK
3046,D1,D1_CLICK
3047,D1,D1_CLICK
3048,D1,D1_CLICK
3049,D1,D1_CLICK
3050,D1,D1_CLICK
3051,D1,D1_CLICK
3052,D1,D1_CLICK
3053,D1,D1_CLICK
3054,D1,D1_CLICK
3055,D1,D1_CLICK
3056,D1,D1_CLICK
3057,D1,D1_CLICK
3058,D1,D1_CLICK
3059,D1,D1_CLICK
3060,D1,D1_CLICK
3061,D1,D1_CLICK
3062,D1,D1_CLICK
3063,D1,D1_CLICK
3064,D1,D1_CLICK
3065,D1,D1_CLICK
3066,D1,D1_CLICK
3067,D1,D1_CLICK
3068,D1,D1_CLICK
3069,D1,D1_CLICK
3070,D1,D1_CLICK
3071,D1,D1_CLICK
3072,D1,D1_CLICK
3073,D1,D1_CLICK
3074,BOTH,DOUBLE_CLICK
3075,BOTH,DOUBLE_CLICK
3076,BOTH,DOUBLE_CLICK
3077,BOTH,DOUBLE_CLICK
3078,BOTH,DOUBLE_CLICK
3079,BOTH,DOUBLE_CLICK
3080,D2,D2_CLICK
3081,D2,D2_CLICK
3082,D2,D2_CLICK
3083,D2,D2_CLICK
3084,D2,D2_CLICK
3085,D2,D2_CLICK
3086,D2,D2_CLICK
3087,D2,D2_CLICK
3088,D2,D2_CLICK
3089,D2,D2_CLICK
3090,D2,D2_CLICK
3091,D2,D2_CLICK
3092,D2,D2_CLICK
3093,D2,D2_CLICK
3094,D2,D2_CLICK
3095,D2,D2_CLICK
3096,D2,D2_CLICK
3097,D2,D2_CLICK
3098,D2,D2_CLICK
3099,D2,D2_CLICK
3100,D2,D2_CLICK
3101,D2,D2_CLICK
3102,D2,D2_CLICK
3103,D2,D2_CLICK
3104,D2,D2_CLICK
3105,D2,D2_CLICK
3106,D2,D2_CLICK
3107,D2,D2_CLICK
3108,D2,D2_CLICK
3109,D2,D2_CLICK
3110,D2,D2_CLICK
3111,D2,D2_CLICK
3112,NONE,NO_CLICK
3113,NONE,NO_CLICK
3114,NONE,NO_CLICK
3115,NONE,NO_CLICK
3116,NONE,NO_CLICK
3117,NONE,NO_CLICK
3118,NONE,NO_CLICK
3119,NONE,NO_CLICK
3120,NONE,NO_CLICK
3121,NONE,NO_CLICK
3122,NONE,NO_CLICK
3123,NONE,NO_CLICK
3124,NONE,NO_CLICK
3125,NONE,NO_CLICK
3126,NONE,NO_CLICK
3127,NONE,NO_CLICK
3128,NONE,NO_CLICK
3129,NONE,NO_CLICK
3130,NONE,NO_CLICK
3131,NONE,NO_CLICK
3132,NONE,NO_CLICK
3133,NONE,NO_CLICK
3134,NONE,NO_CLICK
3135,NONE,NO_CLICK
3136,NONE,NO_CLICK
3137,NONE,NO_CLICK
3138,NONE,NO_CLICK
3139,NONE,NO_CLICK
3140,NONE,NO_CLICK
3141,NONE,NO_CLICK
3142,NONE,NO_CLICK
3143,NONE,NO_CLICK
3144,NONE,NO_CLICK
3145,NONE,NO_CLICK
3146,NONE,NO_CLICK
3147,NONE,NO_CLICK
3148,NONE,NO_CLICK
3149,NONE,NO_CLICK
3150,NONE,NO_CLICK
3151,NONE,NO_CLICK
3152,NONE,NO_CLICK
3153,NONE,NO_CLICK
3154,NONE,NO_CLICK
3155,NONE,NO_CLICK
3156,NONE,NO_CLICK
3157,NONE,NO_CLICK
3158,NONE,NO_CLICK
3159,NONE,NO_CLICK
3160,NONE,NO_CLICK
3161,NONE,NO_CLICK
3162,NONE,NO_CLICK
3163,NONE,NO_CLICK
3164,NONE,NO_CLICK
3165,NONE,NO_CLICK
3166,NONE,NO_CLICK
3167,NONE,NO_CLICK
3168,NONE,NO_CLICK
3169,NONE,NO_CLICK
3170,NONE,NO_CLICK
3171,NONE,NO_CLICK
3172,NONE,NO_CLICK
3173,NONE,NO_CLICK
3174,NONE,NO_CLICK
3175,NONE,NO_CLICK
3176,NONE,NO_CLICK
3177,NONE,NO_CLICK
3178,NONE,NO_CLICK
3179,NONE,NO_CLICK
3180,NONE,NO_CLICK
3181,NONE,NO_CLICK
3182,NONE,NO_CLICK
3183,NONE,NO_CLICK
3184,NONE,NO_CLICK
3185,NONE,NO_CLICK
3186,NONE,NO_CLICK
3187,NONE,NO_CLICK
3188,NONE,NO_CLICK
3189,NONE,NO_CLICK
3190,NONE,NO_CLICK
3191,NONE,NO_CLICK
3192,NONE,NO_CLICK
3193,NONE,NO_CLICK
3194,NONE,NO_CLICK
3195,NONE,NO_CLICK
3196,NONE,NO_CLICK
3197,NONE,NO_CLICK
3198,NONE,NO_CLICK
3199,NONE,NO_CLICK
3200,NONE,NO_CLICK
3201,NONE,NO_CLICK
3202,NONE,NO_CLICK
3203,NONE,NO_CLICK
3204,NONE,NO_CLICK
3205,NONE,NO_CLICK
3206,NONE,NO_CLICK
3207,NONE,NO_CLICK
3208,NONE,NO_CLICK
3209,NONE,NO_CLICK
3210,NONE,NO_CLICK
3211,NONE,NO_CLICK
3212,NONE,NO_CLICK
3213,NONE,NO_CLICK
3214,NONE,NO_CLICK
3215,NONE,NO_CLICK
3216,NONE,NO_CLICK
3217,NONE,NO_CLICK
3218,NONE,NO_CLICK
3219,NONE,NO_CLICK
3220,NONE,NO_CLICK
3221,NONE,NO_CLICK
3222,NONE,NO_CLICK
3223,NONE,NO_CLICK
3224,NONE,NO_CLICK
3225,NONE,NO_CLICK
3226,NONE,NO_CLICK
3227,NONE,NO_CLICK
3228,NONE,NO_CLICK
3229,NONE,NO_CLICK
3230,NONE,NO_CLICK
3231,NONE,NO_CLICK
3232,NONE,NO_CLICK
3233,NONE,NO_CLICK
3234,NONE,NO_CLICK
3235,NONE,NO_CLICK
3236,NONE,NO_CLICK
3237,NONE,NO_CLICK
3238,NONE,NO_CLICK
3239,NONE,NO_CLICK
3240,NONE,NO_CLICK
3241,NONE,NO_CLICK
3242,NONE,NO_CLICK
3243,NONE,NO_CLICK
3244,NONE,NO_CLICK
3245,NONE,NO_CLICK
3246,NONE,NO_CLICK
3247,NONE,NO_CLICK
3248,NONE,NO_CLICK
3249,NONE,NO_CLICK
3250,NONE,NO_CLICK
3251,NONE,NO_CLICK
3252,NONE,NO_CLICK
3253,NONE,NO_CLICK
3254,NONE,NO_CLICK
3255,NONE,NO_CLICK
3256,NONE,NO_CLICK
3257,NONE,NO_CLICK
3258,NONE,NO_CLICK
3259,NONE,NO_CLICK
3260,NONE,NO_CLICK
3261,NONE,NO_CLICK
3262,NONE,NO_CLICK
3263,NONE,NO_CLICK
3264,NONE,NO_CLICK
3265,NONE,NO_CLICK
3266,NONE,NO_CLICK
3267,NONE,NO_CLICK
3268,NONE,NO_CLICK
3269,NONE,NO_CLICK
3270,NONE,NO_CLICK
3271,NONE,NO_CLICK
3272,NONE,NO_CLICK
3273,NONE,NO_CLICK
3274,NONE,NO_CLICK
3275,NONE,NO_CLICK
3276,NONE,NO_CLICK
3277,NONE,NO_CLICK
3278,NONE,NO_CLICK
3279,NONE,NO_CLICK
3280,NONE,NO_CLICK
3281,NONE,NO_CLICK
3282,NONE,NO_CLICK
3283,NONE,NO_CLICK
3284,NONE,NO_CLICK
3285,NONE,NO_CLICK
3286,NONE,NO_CLICK
3287,NONE,NO_CLICK
3288,NONE,NO_CLICK
3289,NONE,NO_CLICK
3290,NONE,NO_CLICK
3291,NONE,NO_CLICK
3292,NONE,NO_CLICK
3293,NONE,NO_CLICK
3294,NONE,NO_CLICK
3295,NONE,NO_CLICK
3296,NONE,NO_CLICK
3297,NONE,NO_CLICK
3298,NONE,NO_CLICK
3299,NONE,NO_CLICK
3300,NONE,NO_CLICK
3301,NONE,NO_CLICK
3302,NONE,NO_CLICK
3303,NONE,NO_CLICK
3304,NONE,NO_CLICK
3305,NONE,NO_CLICK
3306,NONE,NO_CLICK
3307,NONE,NO_CLICK
3308,NONE,NO_CLICK
3309,NONE,NO_CLICK
3310,NONE,NO_CLICK
3311,NONE,NO_CLICK
3312,NONE,NO_CLICK
3313,NONE,NO_CLICK
3314,NONE,NO_CLICK
3315,NONE,NO_CLICK
3316,NONE,NO_CLICK
3317,NONE,NO_CLICK
3318,NONE,NO_CLICK
3319,NONE,NO_CLICK
3320,NONE,NO_CLICK
3321,NONE,NO_CLICK
3322,NONE,NO_CLICK
3323,NONE,NO_CLICK
3324,NONE,NO_CLICK
3325,NONE,NO_CLICK
3326,NONE,NO_CLICK
3327,NONE,NO_CLICK
3328,NONE,NO_CLICK
3329,NONE,NO_CLICK
3330,NONE,NO_CLICK
3331,NONE,NO_CLICK
3332,NONE,NO_CLICK
3333,NONE,NO_CLICK
3334,NONE,NO_CLICK
3335,NONE,NO_CLICK
3336,NONE,NO_CLICK
3337,NONE,NO_CLICK
3338,NONE,NO_CLICK
3339,NONE,NO_CLICK
3340,NONE,NO_CLICK
3341,NONE,NO_CLICK
3342,NONE,NO_CLICK
3343,NONE,NO_CLICK
3344,NONE,NO_CLICK
3345,NONE,NO_CLICK
3346,NONE,NO_CLICK
3347,NONE,NO_CLICK
3348,NONE,NO_CLICK
3349,NONE,NO_CLICK
3350,NONE,NO_CLICK
3351,NONE,NO_CLICK
3352,NONE,NO_CLICK
3353,NONE,NO_CLICK
3354,NONE,NO_CLICK
3355,NONE,NO_CLICK
3356,NONE,NO_CLICK
3357,NONE,NO_CLICK
3358,NONE,NO_CLICK
3359,NONE,NO_CLICK
3360,NONE,NO_CLICK
3361,NONE,NO_CLICK
3362,NONE,NO_CLICK
3363,NONE,NO_CLICK
3364,NONE,NO_CLICK
3365,NONE,NO_CLICK
3366,NONE,NO_CLICK
3367,NONE,NO_CLICK
3368,NONE,NO_CLICK
3369,NONE,NO_CLICK
3370,NONE,NO_CLICK
3371,NONE,NO_CLICK
3372,NONE,NO_CLICK
3373,NONE,NO_CLICK
3374,NONE,NO_CLICK
3375,NONE,NO_CLICK
3376,NONE,NO_CLICK
3377,NONE,NO_CLICK
3378,NONE,NO_CLICK
3379,NONE,NO_CLICK
3380,NONE,NO_CLICK
3381,NONE,NO_CLICK
3382,NONE,NO_CLICK
3383,NONE,NO_CLICK
3384,NONE,NO_CLICK
3385,NONE,NO_CLICK
3386,NONE,NO_CLICK
3387,NONE,NO_CLICK
3388,NONE,NO_CLICK
3389,NONE,NO_CLICK
3390,NONE,NO_CLICK
3391,NONE,NO_CLICK
3392,NONE,NO_CLICK
3393,NONE,NO_CLICK
3394,D1,D1_CLICK
3395,D1,D1_CLICK
3396,D1,D1_CLICK
3397,D1,D1_CLICK
3398,D1,D1_CLICK
3399,D1,D1_CLICK
3400,D1,D1_CLICK
3401,D1,D1_CLICK
3402,D1,D1_CLICK
3403,D1,D1_CLICK
3404,D1,D1_CLICK
3405,D1,D1_CLICK
3406,D1,D1_CLICK
3407,D1,D1_CLICK
3408,D1,D1_CLICK
3409,D1,D1_CLICK
3410,D1,D1_CLICK
3411,D1,D1_CLICK
3412,D1,D1_CLICK
3413,D1,D1_CLICK
3414,D1,D1_CLICK
3415,D1,D1_CLICK
3416,D1,D1_CLICK
3417,D1,D1_CLICK
3418,D1,D1_CLICK
3419,D1,D1_CLICK
3420,D1,D1_CLICK
3421,D1,D1_CLICK
3422,D1,D1_CLICK
3423,D1,D1_CLICK
3424,D1,D1_CLICK
3425,D1,D1_CLICK
3426,BOTH,DOUBLE_CLICK
3427,BOTH,DOUBLE_CLICK
3428,BOTH,DOUBLE_CLICK
3429,BOTH,DOUBLE_CLICK
3430,BOTH,DOUBLE_CLICK
3431,BOTH,DOUBLE_CLICK
3432,D2,D2_CLICK
3433,D2,D2_CLICK
3434,D2,D2_CLICK
3435,D2,D2_CLICK
3436,D2,D2_CLICK
3437,D2,D2_CLICK
3438,D2,D2_CLICK
3439,D2,D2_CLICK
3440,D2,D2_CLICK
3441,D2,D2_CLICK
3442,D2,D2_CLICK
3443,D2,D2_CLICK
3444,D2,D2_CLICK
3445,D2,D2_CLICK
3446,D2,D2_CLICK
3447,D2,D2_CLICK
3448,D2,D2_CLICK
3449,D2,D2_CLICK
3450,D2,D2_CLICK
3451,D2,D2_CLICK
3452,D2,D2_CLICK
3453,D2,D2_CLICK
3454,D2,D2_CLICK
3455,D2,D2_CLICK
3456,D2,D2_CLICK
3457,D2,D2_CLICK
3458,D2,D2_CLICK
3459,D2,D2_CLICK
3460,D2,D2_CLICK
3461,D2,D2_CLICK
3462,D2,D2_CLICK
3463,D2,D2_CLICK
3464,NONE,NO_CLICK
3465,NONE,NO_CLICK
3466,NONE,NO_CLICK
3467,NONE,NO_CLICK
3468,NONE,NO_CLICK
3469,NONE,NO_CLICK
3470,NONE,NO_CLICK
3471,NONE,NO_CLICK
3472,NONE,NO_CLICK
3473,NONE,NO_CLICK
3474,NONE,NO_CLICK
3475,NONE,NO_CLICK
3476,NONE,NO_CLICK
3477,NONE,NO_CLICK
3478,NONE,NO_CLICK
3479,NONE,NO_CLICK
3480,NONE,NO_CLICK
3481,NONE,NO_CLICK
3482,NONE,NO_CLICK
3483,NONE,NO_CLICK
3484,NONE,NO_CLICK
3485,NONE,NO_CLICK
3486,NONE,NO_CLICK
3487,NONE,NO_CLICK
3488,NONE,NO_CLICK
3489,NONE,NO_CLICK
3490,NONE,NO_CLICK
3491,NONE,NO_CLICK
3492,NONE,NO_CLICK
3493,NONE,NO_CLICK
3494,NONE,NO_CLICK
3495,NONE,NO_CLICK
3496,NONE,NO_CLICK
3497,NONE,NO_CLICK
3498,NONE,NO_CLICK
3499,NONE,NO_CLICK
3500,NONE,NO_CLICK
3501,NONE,NO_CLICK
3502,NONE,NO_CLICK
3503,NONE,NO_CLICK
3504,NONE,NO_CLICK
3505,NONE,NO_CLICK
3506,NONE,NO_CLICK
3507,NONE,NO_CLICK
3508,NONE,NO_CLICK
3509,NONE,NO_CLICK
3510,NONE,NO_CLICK
3511,NONE,NO_CLICK
3512,NONE,NO_CLICK
3513,NONE,NO_CLICK
3514,NONE,NO_CLICK
3515,NONE,NO_CLICK
3516,NONE,NO_CLICK
3517,NONE,NO_CLICK
3518,NONE,NO_CLICK
3519,NONE,NO_CLICK
3520,NONE,NO_CLICK
3521,NONE,NO_CLICK
3522,NONE,NO_CLICK
3523,NONE,NO_CLICK
3524,NONE,NO_CLICK
3525,NONE,NO_CLICK
3526,NONE,NO_CLICK
3527,NONE,NO_CLICK
3528,NONE,NO_CLICK
3529,NONE,NO_CLICK
3530,NONE,NO_CLICK
3531,NONE,NO_CLICK
3532,NONE,NO_CLICK
3533,NONE,NO_CLICK
3534,NONE,NO_CLICK
3535,NONE,NO_CLICK
3536,NONE,NO_CLICK
3537,NONE,NO_CLICK
3538,NONE,NO_CLICK
3539,NONE,NO_CLICK
3540,NONE,NO_CLICK
3541,NONE,NO_CLICK
3542,NONE,NO_CLICK
3543,NONE,NO_CLICK
3544,NONE,NO_CLICK
3545,NONE,NO_CLICK
3546,NONE,NO_CLICK
3547,NONE,NO_CLICK
3548,NONE,NO_CLICK
3549,NONE,NO_CLICK
3550,NONE,NO_CLICK
3551,NONE,NO_CLICK
3552,NONE,NO_CLICK
3553,NONE,NO_CLICK
3554,NONE,NO_CLICK
3555,NONE,NO_CLICK
3556,NONE,NO_CLICK
3557,NONE,NO_CLICK
3558,NONE,NO_CLICK
3559,NONE,NO_CLICK
3560,NONE,NO_CLICK
3561,NONE,NO_CLICK
3562,NONE,NO_CLICK
3563,NONE,NO_CLICK
3564,NONE,NO_CLICK
3565,NONE,NO_CLICK
3566,NONE,NO_CLICK
3567,NONE,NO_CLICK
3568,NONE,NO_CLICK
3569,NONE,NO_CLICK
3570,NONE,NO_CLICK
3571,NONE,NO_CLICK
3572,NONE,NO_CLICK
3573,NONE,NO_CLICK
3574,NONE,NO_CLICK
3575,NONE,NO_CLICK
3576,NONE,NO_CLICK
3577,NONE,NO_CLICK
3578,NONE,NO_CLICK
3579,NONE,NO_CLICK
3580,NONE,NO_CLICK
3581,NONE,NO_CLICK
3582,NONE,NO_CLICK
3583,NONE,NO_CLICK
3584,NONE,NO_CLICK
3585,NONE,NO_CLICK
3586,NONE,NO_CLICK
3587,NONE,NO_CLICK
3588,NONE,NO_CLICK
3589,NONE,NO_CLICK
3590,NONE,NO_CLICK
3591,NONE,NO_CLICK
3592,NONE,NO_CLICK
3593,NONE,NO_CLICK
3594,NONE,NO_CLICK
3595,NONE,NO_CLICK
3596,NONE,NO_CLICK
3597,NONE,NO_CLICK
3598,NONE,NO_CLICK
3599,NONE,NO_CLICK
3600,NONE,NO_CLICK
3601,NONE,NO_CLICK
3602,NONE,NO_CLICK
3603,NONE,NO_CLICK
3604,NONE,NO_CLICK
3605,NONE,NO_CLICK
3606,NONE,NO_CLICK
3607,NONE,NO_CLICK
3608,NONE,NO_CLICK
3609,NONE,NO_CLICK
3610,NONE,NO_CLICK
3611,NONE,NO_CLICK
3612,NONE,NO_CLICK
3613,NONE,NO_CLICK
3614,NONE,NO_CLICK
3615,NONE,NO_CLICK
3616,NONE,NO_CLICK
3617,NONE,NO_CLICK
3618,NONE,NO_CLICK
3619,NONE,NO_CLICK
3620,NONE,NO_CLICK
3621,NONE,NO_CLICK
3622,NONE,NO_CLICK
3623,NONE,NO_CLICK
3624,NONE,NO_CLICK
3625,NONE,NO_CLICK
3626,NONE,NO_CLICK
3627,NONE,NO_CLICK
3628,NONE,NO_CLICK
3629,NONE,NO_CLICK
3630,NONE,NO_CLICK
3631,NONE,NO_CLICK
3632,NONE,NO_CLICK
3633,NONE,NO_CLICK
3634,NONE,NO_CLICK
3635,NONE,NO_CLICK
3636,NONE,NO_CLICK
3637,NONE,NO_CLICK
3638,NONE,NO_CLICK
3639,NONE,NO_CLICK
3640,NONE,NO_CLICK
3641,NONE,NO_CLICK
3642,NONE,NO_CLICK
3643,NONE,NO_CLICK
3644,NONE,NO_CLICK
3645,NONE,NO_CLICK
3646,NONE,NO_CLICK
3647,NONE,NO_CLICK
3648,NONE,NO_CLICK
3649,NONE,NO_CLICK
3650,NONE,NO_CLICK
3651,NONE,NO_CLICK
3652,NONE,NO_CLICK
3653,NONE,NO_CLICK
3654,NONE,NO_CLICK
3655,NONE,NO_CLICK
3656,NONE,NO_CLICK
3657,NONE,NO_CLICK
3658,NONE,NO_CLICK
3659,NONE,NO_CLICK
3660,NONE,NO_CLICK
3661,NONE,NO_CLICK
3662,NONE,NO_CLICK
3663,NONE,NO_CLICK
3664,NONE,NO_CLICK
3665,NONE,NO_CLICK
3666,NONE,NO_CLICK
3667,NONE,NO_CLICK
3668,NONE,NO_CLICK
3669,NONE,NO_CLICK
3670,NONE,NO_CLICK
3671,NONE,NO_CLICK
3672,NONE,NO_CLICK
3673,NONE,NO_CLICK
3674,NONE,NO_CLICK
3675,NONE,NO_CLICK
3676,NONE,NO_CLICK
3677,NONE,NO_CLICK
3678,NONE,NO_CLICK
3679,NONE,NO_CLICK
3680,NONE,NO_CLICK
3681,NONE,NO_CLICK
3682,NONE,NO_CLICK
3683,NONE,NO_CLICK
3684,NONE,NO_CLICK
3685,NONE,NO_CLICK
3686,NONE,NO_CLICK
3687,NONE,NO_CLICK
3688,NONE,NO_CLICK
3689,NONE,NO_CLICK
3690,NONE,NO_CLICK
3691,NONE,NO_CLICK
3692,NONE,NO_CLICK
3693,NONE,NO_CLICK
3694,NONE,NO_CLICK
3695,NONE,NO_CLICK
3696,NONE,NO_CLICK
3697,NONE,NO_CLICK
3698,NONE,NO_CLICK
3699,NONE,NO_CLICK
3700,NONE,NO_CLICK
3701,NONE,NO_CLICK
3702,NONE,NO_CLICK
3703,NONE,NO_CLICK
3704,NONE,NO_CLICK
3705,NONE,NO_CLICK
3706,NONE,NO_CLICK
3707,NONE,NO_CLICK
3708,NONE,NO_CLICK
3709,NONE,NO_CLICK
3710,NONE,NO_CLICK
3711,NONE,NO_CLICK
3712,NONE,NO_CLICK
3713,NONE,NO_CLICK
3714,NONE,NO_CLICK
3715,NONE,NO_CLICK
3716,NONE,NO_CLICK
3717,NONE,NO_CLICK
3718,NONE,NO_CLICK
3719,NONE,NO_CLICK
3720,NONE,NO_CLICK
3721,NONE,NO_CLICK
3722,NONE,NO_CLICK
3723,NONE,NO_CLICK
3724,NONE,NO_CLICK
3725,NONE,NO_CLICK
3726,NONE,NO_CLICK
3727,NONE,NO_CLICK
3728,NONE,NO_CLICK
3729,NONE,NO_CLICK
3730,NONE,NO_CLICK
3731,NONE,NO_CLICK
3732,NONE,NO_CLICK
3733,NONE,NO_CLICK
3734,NONE,NO_CLICK
3735,NONE,NO_CLICK
3736,NONE,NO_CLICK
3737,NONE,NO_CLICK
3738,NONE,NO_CLICK
3739,NONE,NO_CLICK
3740,NONE,NO_CLICK
3741,NONE,NO_CLICK
3742,NONE,NO_CLICK
3743,NONE,NO_CLICK
3744,NONE,NO_CLICK
3745,NONE,NO_CLICK
3746,NONE,NO_CLICK
3747,NONE,NO_CLICK
3748,NONE,NO_CLICK
3749,NONE,NO_CLICK
3750,NONE,NO_CLICK
3751,NONE,NO_CLICK
3752,NONE,NO_CLICK
3753,NONE,NO_CLICK
3754,NONE,NO_CLICK
3755,NONE,NO_CLICK
3756,NONE,NO_CLICK
3757,NONE,NO_CLICK
3758,NONE,NO_CLICK
3759,NONE,NO_CLICK
3760,NONE,NO_CLICK
3761,NONE,NO_CLICK
3762,NONE,NO_CLICK
3763,NONE,NO_CLICK
3764,NONE,NO_CLICK
3765,NONE,NO_CLICK
3766,NONE,NO_CLICK
3767,NONE,NO_CLICK
3768,NONE,NO_CLICK
3769,NONE,NO_CLICK
3770,NONE,NO_CLICK
3771,NONE,NO_CLICK
3772,NONE,NO_CLICK
3773,NONE,NO_CLICK
3774,NONE,NO_CLICK
3775,NONE,NO_CLICK
3776,NONE,NO_CLICK
3777,NONE,NO_CLICK
3778,D1,D1_CLICK
3779,D1,D1_CLICK
3780,D1,D1_CLICK
3781,D1,D1_CLICK
3782,D1,D1_CLICK
3783,D1,D1_CLICK
3784,D1,D1_CLICK
3785,D1,D1_CLICK
3786,D1,D1_CLICK
3787,D1,D1_CLICK
3788,D1,D1_CLICK
3789,D1,D1_CLICK
3790,D1,D1_CLICK
3791,D1,D1_CLICK
3792,D1,D1_CLICK
3793,D1,D1_CLICK
3794,D1,D1_CLICK
3795,D1,D1_CLICK
3796,D1,D1_CLICK
3797,D1,D1_CLICK
3798,D1,D1_CLICK
3799,D1,D1_CLICK
3800,D1,D1_CLICK
3801,D1,D1_CLICK
3802,D1,D1_CLICK
3803,D1,D1_CLICK
3804,D1,D1_CLICK
3805,D1,D1_CLICK
3806,D1,D1_CLICK
3807,D1,D1_CLICK
3808,D1,D1_CLICK
3809,D1,D1_CLICK
3810,D1,D1_CLICK
3811,D1,D1_CLICK
3812,D1,D1_CLICK
3813,D1,D1_CLICK
3814,D1,D1_CLICK
3815,D1,D1_CLICK
3816,NONE,NO_CLICK
3817,NONE,NO_CLICK
3818,NONE,NO_CLICK
3819,NONE,NO_CLICK
3820,NONE,NO_CLICK
3821,NONE,NO_CLICK
3822,NONE,NO_CLICK
3823,NONE,NO_CLICK
3824,NONE,NO_CLICK
3825,NONE,NO_CLICK
3826,NONE,NO_CLICK
3827,NONE,NO_CLICK
3828,NONE,NO_CLICK
3829,NONE,NO_CLICK
3830,NONE,NO_CLICK
3831,NONE,NO_CLICK
3832,NONE,NO_CLICK
3833,NONE,NO_CLICK
3834,NONE,NO_CLICK
3835,NONE,NO_CLICK
3836,NONE,NO_CLICK
3837,NONE,NO_CLICK
3838,NONE,NO_CLICK
3839,NONE,NO_CLICK
3840,NONE,NO_CLICK
3841,NONE,NO_CLICK
3842,NONE,NO_CLICK
3843,NONE,NO_CLICK
3844,NONE,NO_CLICK
3845,NONE,NO_CLICK
3846,NONE,NO_CLICK
3847,NONE,NO_CLICK
3848,NONE,NO_CLICK
3849,NONE,NO_CLICK
3850,NONE,NO_CLICK
3851,NONE,NO_CLICK
3852,NONE,NO_CLICK
3853,NONE,NO_CLICK
3854,NONE,NO_CLICK
3855,NONE,NO_CLICK
3856,NONE,NO_CLICK
3857,NONE,NO_CLICK
3858,NONE,NO_CLICK
3859,NONE,NO_CLICK
3860,NONE,NO_CLICK
3861,NONE,NO_CLICK
3862,NONE,NO_CLICK
3863,NONE,NO_CLICK
3864,NONE,NO_CLICK
3865,NONE,NO_CLICK
3866,NONE,NO_CLICK
3867,NONE,NO_CLICK
3868,NONE,NO_CLICK
3869,NONE,NO_CLICK
3870,NONE,NO_CLICK
3871,NONE,NO_CLICK
3872,NONE,NO_CLICK
3873,NONE,NO_CLICK
3874,NONE,NO_CLICK
3875,NONE,NO_CLICK
3876,NONE,NO_CLICK
3877,NONE,NO_CLICK
3878,NONE,NO_CLICK
3879,NONE,NO_CLICK
3880,NONE,NO_CLICK
3881,NONE,NO_CLICK
3882,NONE,NO_CLICK
3883,NONE,NO_CLICK
3884,NONE,NO_CLICK
3885,NONE,NO_CLICK
3886,NONE,NO_CLICK
3887,NONE,NO_CLICK
3888,NONE,NO_CLICK
3889,NONE,NO_CLICK
3890,NONE,NO_CLICK
3891,NONE,NO_CLICK
3892,NONE,NO_CLICK
3893,NONE,NO_CLICK
3894,NONE,NO_CLICK
3895,NONE,NO_CLICK
3896,NONE,NO_CLICK
3897,NONE,NO_CLICK
3898,NONE,NO_CLICK
3899,NONE,NO_CLICK
3900,NONE,NO_CLICK
3901,NONE,NO_CLICK
3902,NONE,NO_CLICK
3903,NONE,NO_CLICK
3904,NONE,NO_CLICK
3905,NONE,NO_CLICK
3906,NONE,NO_CLICK
3907,NONE,NO_CLICK
3908,NONE,NO_CLICK
3909,NONE,NO_CLICK
3910,NONE,NO_CLICK
3911,NONE,NO_CLICK
3912,NONE,NO_CLICK
3913,NONE,NO_CLICK
3914,NONE,NO_CLICK
3915,NONE,NO_CLICK
3916,NONE,NO_CLICK
3917,NONE,NO_CLICK
3918,NONE,NO_CLICK
3919,NONE,NO_CLICK
3920,NONE,NO_CLICK
3921,NONE,NO_CLICK
3922,NONE,NO_CLICK
3923,NONE,NO_CLICK
3924,NONE,NO_CLICK
3925,NONE,NO_CLICK
3926,NONE,NO_CLICK
3927,NONE,NO_CLICK
3928,NONE,NO_CLICK
3929,NONE,NO_CLICK
3930,NONE,NO_CLICK
3931,NONE,NO_CLICK
3932,NONE,NO_CLICK
3933,NONE,NO_CLICK
3934,NONE,NO_CLICK
3935,NONE,NO_CLICK
3936,NONE,NO_CLICK
3937,NONE,NO_CLICK
3938,NONE,NO_CLICK
3939,NONE,NO_CLICK
3940,NONE,NO_CLICK
3941,NONE,NO_CLICK
3942,NONE,NO_CLICK
3943,NONE,NO_CLICK
3944,NONE,NO_CLICK
3945,NONE,NO_CLICK
3946,NONE,NO_CLICK
3947,NONE,NO_CLICK
3948,NONE,NO_CLICK
3949,NONE,NO_CLICK
3950,NONE,NO_CLICK
3951,NONE,NO_CLICK
3952,NONE,NO_CLICK
3953,NONE,NO_CLICK
3954,NONE,NO_CLICK
3955,NONE,NO_CLICK
3956,NONE,NO_CLICK
3957,NONE,NO_CLICK
3958,NONE,NO_CLICK
3959,NONE,NO_CLICK
3960,NONE,NO_CLICK
3961,NONE,NO_CLICK
3962,NONE,NO_CLICK
3963,NONE,NO_CLICK
3964,NONE,NO_CLICK
3965,NONE,NO_CLICK
3966,NONE,NO_CLICK
3967,NONE,NO_CLICK
3968,NONE,NO_CLICK
3969,NONE,NO_CLICK
3970,NONE,NO_CLICK
3971,NONE,NO_CLICK
3972,NONE,NO_CLICK
3973,NONE,NO_CLICK
3974,NONE,NO_CLICK
3975,NONE,NO_CLICK
3976,NONE,NO_CLICK
3977,NONE,NO_CLICK
3978,NONE,NO_CLICK
3979,NONE,NO_CLICK
3980,NONE,NO_CLICK
3981,NONE,NO_CLICK
3982,NONE,NO_CLICK
3983,NONE,NO_CLICK
3984,NONE,NO_CLICK
3985,NONE,NO_CLICK
3986,NONE,NO_CLICK
3987,NONE,NO_CLICK
3988,NONE,NO_CLICK
3989,NONE,NO_CLICK
3990,NONE,NO_CLICK
3991,NONE,NO_CLICK
3992,NONE,NO_CLICK
3993,NONE,NO_CLICK
3994,NONE,NO_CLICK
3995,NONE,NO_CLICK
3996,NONE,NO_CLICK
3997,NONE,NO_CLICK
3998,NONE,NO_CLICK
3999,NONE,NO_CLICK
4000,NONE,NO_CLICK
4001,NONE,NO_CLICK
4002,NONE,NO_CLICK
4003,NONE,NO_CLICK
4004,NONE,NO_CLICK
4005,NONE,NO_CLICK
4006,NONE,NO_CLICK
4007,NONE,NO_CLICK
4008,NONE,NO_CLICK
4009,NONE,NO_CLICK
4010,NONE,NO_CLICK
4011,NONE,NO_CLICK
4012,NONE,NO_CLICK
4013,NONE,NO_CLICK
4014,NONE,NO_CLICK
4015,NONE,NO_CLICK
4016,NONE,NO_CLICK
4017,NONE,NO_CLICK
4018,NONE,NO_CLICK
4019,NONE,NO_CLICK
4020,NONE,NO_CLICK
4021,NONE,NO_CLICK
4022,NONE,NO_CLICK
4023,NONE,NO_CLICK
4024,NONE,NO_CLICK
4025,NONE,NO_CLICK
4026,NONE,NO_CLICK
4027,NONE,NO_CLICK
4028,NONE,NO_CLICK
4029,NONE,NO_CLICK
4030,NONE,NO_CLICK
4031,NONE,NO_CLICK
4032,NONE,NO_CLICK
4033,NONE,NO_CLICK
4034,NONE,NO_CLICK
4035,NONE,NO_CLICK
4036,NONE,NO_CLICK
4037,NONE,NO_CLICK
4038,NONE,NO_CLICK
4039,NONE,NO_CLICK
4040,NONE,NO_CLICK
4041,NONE,NO_CLICK
4042,NONE,NO_CLICK
4043,NONE,NO_CLICK
4044,NONE,NO_CLICK
4045,NONE,NO_CLICK
4046,NONE,NO_CLICK
4047,NONE,NO_CLICK
4048,NONE,NO_CLICK
4049,NONE,NO_CLICK
4050,NONE,NO_CLICK
4051,NONE,NO_CLICK
4052,NONE,NO_CLICK
4053,NONE,NO_CLICK
4054,NONE,NO_CLICK
4055,NONE,NO_CLICK
4056,NONE,NO_CLICK
4057,NONE,NO_CLICK
4058,NONE,NO_CLICK
4059,NONE,NO_CLICK
4060,NONE,NO_CLICK
4061,NONE,NO_CLICK
4062,NONE,NO_CLICK
4063,NONE,NO_CLICK
4064,NONE,NO_CLICK
4065,NONE,NO_CLICK
4066,NONE,NO_CLICK
4067,NONE,NO_CLICK
4068,NONE,NO_CLICK
4069,NONE,NO_CLICK
4070,NONE,NO_CLICK
4071,NONE,NO_CLICK
4072,NONE,NO_CLICK
4073,NONE,NO_CLICK
4074,NONE,NO_CLICK
4075,NONE,NO_CLICK
4076,NONE,NO_CLICK
4077,NONE,NO_CLICK
4078,NONE,NO_CLICK
4079,NONE,NO_CLICK
4080,NONE,NO_CLICK
4081,NONE,NO_CLICK
4082,NONE,NO_CLICK
4083,NONE,NO_CLICK
4084,NONE,NO_CLICK
4085,NONE,NO_CLICK
4086,NONE,NO_CLICK
4087,NONE,NO_CLICK
4088,NONE,NO_CLICK
4089,NONE,NO_CLICK
4090,NONE,NO_CLICK
4091,NONE,NO_CLICK
4092,NONE,NO_CLICK
4093,NONE,NO_CLICK
4094,NONE,NO_CLICK
4095,NONE,NO_CLICK
4096,NONE,NO_CLICK
4097,NONE,NO_CLICK
4098,NONE,NO_CLICK
4099,NONE,NO_CLICK
4100,NONE,NO_CLICK
4101,NONE,NO_CLICK
4102,NONE,NO_CLICK
4103,NONE,NO_CLICK
4104,NONE,NO_CLICK
4105,NONE,NO_CLICK
4106,NONE,NO_CLICK
4107,NONE,NO_CLICK
4108,NONE,NO_CLICK
4109,NONE,NO_CLICK
4110,NONE,NO_CLICK
4111,NONE,NO_CLICK
4112,NONE,NO_CLICK
4113,NONE,NO_CLICK
4114,NONE,NO_CLICK
4115,NONE,NO_CLICK
4116,NONE,NO_CLICK
4117,NONE,NO_CLICK
4118,NONE,NO_CLICK
4119,NONE,NO_CLICK
4120,NONE,NO_CLICK
4121,NONE,NO_CLICK
4122,NONE,NO_CLICK
4123,NONE,NO_CLICK
4124,NONE,NO_CLICK
4125,NONE,NO_CLICK
4126,NONE,NO_CLICK
4127,NONE,NO_CLICK
4128,NONE,NO_CLICK
4129,NONE,NO_CLICK
4130,D1,D1_CLICK
4131,D1,D1_CLICK
4132,D1,D1_CLICK
4133,D1,D1_CLICK
4134,D1,D1_CLICK
4135,D1,D1_CLICK
4136,D1,D1_CLICK
4137,D1,D1_CLICK
4138,D1,D1_CLICK
4139,D1,D1_CLICK
4140,D1,D1_CLICK
4141,D1,D1_CLICK
4142,D1,D1_CLICK
4143,D1,D1_CLICK
4144,D1,D1_CLICK
4145,D1,D1_CLICK
4146,D1,D1_CLICK
4147,D1,D1_CLICK
4148,D1,D1_CLICK
4149,D1,D1_CLICK
4150,D1,D1_CLICK
4151,D1,D1_CLICK
4152,D1,D1_CLICK
4153,D1,D1_CLICK
4154,D1,D1_CLICK
4155,D1,D1_CLICK
4156,D1,D1_CLICK
4157,D1,D1_CLICK
4158,D1,D1_CLICK
4159,D1,D1_CLICK
4160,D1,D1_CLICK
4161,D1,D1_CLICK
4162,D1,D1_CLICK
4163,D1,D1_CLICK
4164,D1,D1_CLICK
4165,D1,D1_CLICK
4166,D1,D1_CLICK
4167,D1,D1_CLICK
4168,NONE,NO_CLICK
4169,NONE,NO_CLICK
4170,NONE,NO_CLICK
4171,NONE,NO_CLICK
4172,NONE,NO_CLICK
4173,NONE,NO_CLICK
4174,NONE,NO_CLICK
4175,NONE,NO_CLICK
4176,NONE,NO_CLICK
4177,NONE,NO_CLICK
4178,NONE,NO_CLICK
4179,NONE,NO_CLICK
4180,NONE,NO_CLICK
4181,NONE,NO_CLICK
4182,NONE,NO_CLICK
4183,NONE,NO_CLICK
4184,NONE,NO_CLICK
4185,NONE,NO_CLICK
4186,NONE,NO_CLICK
4187,NONE,NO_CLICK
4188,NONE,NO_CLICK
4189,NONE,NO_CLICK
4190,NONE,NO_CLICK
4191,NONE,NO_CLICK
4192,NONE,NO_CLICK
4193,NONE,NO_CLICK
4194,NONE,NO_CLICK
4195,NONE,NO_CLICK
4196,NONE,NO_CLICK
4197,NONE,NO_CLICK
4198,NONE,NO_CLICK
4199,NONE,NO_CLICK
4200,NONE,NO_CLICK
4201,NONE,NO_CLICK
4202,NONE,NO_CLICK
4203,NONE,NO_CLICK
4204,NONE,NO_CLICK
4205,NONE,NO_CLICK
4206,NONE,NO_CLICK
4207,NONE,NO_CLICK
4208,NONE,NO_CLICK
4209,NONE,NO_CLICK
4210,NONE,NO_CLICK
4211,NONE,NO_CLICK
4212,NONE,NO_CLICK
4213,NONE,NO_CLICK
4214,NONE,NO_CLICK
4215,NONE,NO_CLICK
4216,NONE,NO_CLICK
4217,NONE,NO_CLICK
4218,NONE,NO_CLICK
4219,NONE,NO_CLICK
4220,NONE,NO_CLICK
4221,NONE,NO_CLICK
4222,NONE,NO_CLICK
4223,NONE,NO_CLICK
4224,NONE,NO_CLICK
4225,NONE,NO_CLICK
4226,D2,D2_CLICK
4227,D2,D2_CLICK
4228,D2,D2_CLICK
4229,D2,D2_CLICK
4230,D2,D2_CLICK
4231,D2,D2_CLICK
4232,D2,D2_CLICK
4233,D2,D2_CLICK
4234,D2,D2_CLICK
4235,D2,D2_CLICK
4236,D2,D2_CLICK
4237,D2,D2_CLICK
4238,D2,D2_CLICK
4239,D2,D2_CLICK
4240,D2,D2_CLICK
4241,D2,D2_CLICK
4242,D2,D2_CLICK
4243,D2,D2_CLICK
4244,D2,D2_CLICK
4245,D2,D2_CLICK
4246,D2,D2_CLICK
4247,D2,D2_CLICK
4248,D2,D2_CLICK
4249,D2,D2_CLICK
4250,D2,D2_CLICK
4251,D2,D2_CLICK
4252,D2,D2_CLICK
4253,D2,D2_CLICK
4254,D2,D2_CLICK
4255,D2,D2_CLICK
4256,D2,D2_CLICK
4257,D2,D2_CLICK
4258,D2,D2_CLICK
4259,D2,D2_CLICK
4260,D2,D2_CLICK
4261,D2,D2_CLICK
4262,D2,D2_CLICK
4263,D2,D2_CLICK
4264,NONE,NO_CLICK
4265,NONE,NO_CLICK
4266,NONE,NO_CLICK
4267,NONE,NO_CLICK
4268,NONE,NO_CLICK
4269,NONE,NO_CLICK
4270,NONE,NO_CLICK
4271,NONE,NO_CLICK
4272,NONE,NO_CLICK
4273,NONE,NO_CLICK
4274,NONE,NO_CLICK
4275,NONE,NO_CLICK
4276,NONE,NO_CLICK
4277,NONE,NO_CLICK
4278,NONE,NO_CLICK
4279,NONE,NO_CLICK
4280,NONE,NO_CLICK
4281,NONE,NO_CLICK
4282,NONE,NO_CLICK
4283,NONE,NO_CLICK
4284,NONE,NO_CLICK
4285,NONE,NO_CLICK
4286,NONE,NO_CLICK
4287,NONE,NO_CLICK
4288,NONE,NO_CLICK
4289,NONE,NO_CLICK
4290,NONE,NO_CLICK
4291,NONE,NO_CLICK
4292,NONE,NO_CLICK
4293,NONE,NO_CLICK
4294,NONE,NO_CLICK
4295,NONE,NO_CLICK
4296,NONE,NO_CLICK
4297,NONE,NO_CLICK
4298,NONE,NO_CLICK
4299,NONE,NO_CLICK
4300,NONE,NO_CLICK
4301,NONE,NO_CLICK
4302,NONE,NO_CLICK
4303,NONE,NO_CLICK
4304,NONE,NO_CLICK
4305,NONE,NO_CLICK
4306,NONE,NO_CLICK
4307,NONE,NO_CLICK
4308,NONE,NO_CLICK
4309,NONE,NO_CLICK
4310,NONE,NO_CLICK
4311,NONE,NO_CLICK
4312,NONE,NO_CLICK
4313,NONE,NO_CLICK
4314,NONE,NO_CLICK
4315,NONE,NO_CLICK
4316,NONE,NO_CLICK
4317,NONE,NO_CLICK
4318,NONE,NO_CLICK
4319,NONE,NO_CLICK
4320,NONE,NO_CLICK
4321,NONE,NO_CLICK
4322,NONE,NO_CLICK
4323,NONE,NO_CLICK
4324,NONE,NO_CLICK
4325,NONE,NO_CLICK
4326,NONE,NO_CLICK
4327,NONE,NO_CLICK
4328,NONE,NO_CLICK
4329,NONE,NO_CLICK
4330,NONE,NO_CLICK
4331,NONE,NO_CLICK
4332,NONE,NO_CLICK
4333,NONE,NO_CLICK
4334,NONE,NO_CLICK
4335,NONE,NO_CLICK
4336,NONE,NO_CLICK
4337,NONE,NO_CLICK
4338,NONE,NO_CLICK
4339,NONE,NO_CLICK
4340,NONE,NO_CLICK
4341,NONE,NO_CLICK
4342,NONE,NO_CLICK
4343,NONE,NO_CLICK
4344,NONE,NO_CLICK
4345,NONE,NO_CLICK
4346,NONE,NO_CLICK
4347,NONE,NO_CLICK
4348,NONE,NO_CLICK
4349,NONE,NO_CLICK
4350,NONE,NO_CLICK
4351,NONE,NO_CLICK
4352,NONE,NO_CLICK
4353,NONE,NO_CLICK
4354,NONE,NO_CLICK
4355,NONE,NO_CLICK
4356,NONE,NO_CLICK
4357,NONE,NO_CLICK
4358,NONE,NO_CLICK
4359,NONE,NO_CLICK
4360,NONE,NO_CLICK
4361,NONE,NO_CLICK
4362,NONE,NO_CLICK
4363,NONE,NO_CLICK
4364,NONE,NO_CLICK
4365,NONE,NO_CLICK
4366,NONE,NO_CLICK
4367,NONE,NO_CLICK
4368,NONE,NO_CLICK
4369,NONE,NO_CLICK
4370,NONE,NO_CLICK
4371,NONE,NO_CLICK
4372,NONE,NO_CLICK
4373,NONE,NO_CLICK
4374,NONE,NO_CLICK
4375,NONE,NO_CLICK
4376,NONE,NO_CLICK
4377,NONE,NO_CLICK
4378,NONE,NO_CLICK
4379,NONE,NO_CLICK
4380,NONE,NO_CLICK
4381,NONE,NO_CLICK
4382,NONE,NO_CLICK
4383,NONE,NO_CLICK
4384,NONE,NO_CLICK
4385,NONE,NO_CLICK
4386,NONE,NO_CLICK
4387,NONE,NO_CLICK
4388,NONE,NO_CLICK
4389,NONE,NO_CLICK
4390,NONE,NO_CLICK
4391,NONE,NO_CLICK
4392,NONE,NO_CLICK
4393,NONE,NO_CLICK
4394,NONE,NO_CLICK
4395,NONE,NO_CLICK
4396,NONE,NO_CLICK
4397,NONE,NO_CLICK
4398,NONE,NO_CLICK
4399,NONE,NO_CLICK
4400,NONE,NO_CLICK
4401,NONE,NO_CLICK
4402,NONE,NO_CLICK
4403,NONE,NO_CLICK
4404,NONE,NO_CLICK
4405,NONE,NO_CLICK
4406,NONE,NO_CLICK
4407,NONE,NO_CLICK
4408,NONE,NO_CLICK
4409,NONE,NO_CLICK
4410,NONE,NO_CLICK
4411,NONE,NO_CLICK
4412,NONE,NO_CLICK
4413,NONE,NO_CLICK
4414,NONE,NO_CLICK
4415,NONE,NO_CLICK
4416,NONE,NO_CLICK
4417,NONE,NO_CLICK
4418,NONE,NO_CLICK
4419,NONE,NO_CLICK
4420,NONE,NO_CLICK
4421,NONE,NO_CLICK
4422,NONE,NO_CLICK
4423,NONE,NO_CLICK
4424,NONE,NO_CLICK
4425,NONE,NO_CLICK
4426,NONE,NO_CLICK
4427,NONE,NO_CLICK
4428,NONE,NO_CLICK
4429,NONE,NO_CLICK
4430,NONE,NO_CLICK
4431,NONE,NO_CLICK
4432,NONE,NO_CLICK
4433,NONE,NO_CLICK
4434,NONE,NO_CLICK
4435,NONE,NO_CLICK
4436,NONE,NO_CLICK
4437,NONE,NO_CLICK
4438,NONE,NO_CLICK
4439,NONE,NO_CLICK
4440,NONE,NO_CLICK
4441,NONE,NO_CLICK
4442,NONE,NO_CLICK
4443,NONE,NO_CLICK
4444,NONE,NO_CLICK
4445,NONE,NO_CLICK
4446,NONE,NO_CLICK
4447,NONE,NO_CLICK
4448,NONE,NO_CLICK
4449,NONE,NO_CLICK
4450,NONE,NO_CLICK
4451,NONE,NO_CLICK
4452,NONE,NO_CLICK
4453,NONE,NO_CLICK
4454,NONE,NO_CLICK
4455,NONE,NO_CLICK
4456,NONE,NO_CLICK
4457,NONE,NO_CLICK
4458,NONE,NO_CLICK
4459,NONE,NO_CLICK
4460,NONE,NO_CLICK
4461,NONE,NO_CLICK
4462,NONE,NO_CLICK
4463,NONE,NO_CLICK
4464,NONE,NO_CLICK
4465,NONE,NO_CLICK
4466,NONE,NO_CLICK
4467,NONE,NO_CLICK
4468,NONE,NO_CLICK
4469,NONE,NO_CLICK
4470,NONE,NO_CLICK
4471,NONE,NO_CLICK
4472,NONE,NO_CLICK
4473,NONE,NO_CLICK
4474,NONE,NO_CLICK
4475,NONE,NO_CLICK
4476,NONE,NO_CLICK
4477,NONE,NO_CLICK
4478,NONE,NO_CLICK
4479,NONE,NO_CLICK
4480,NONE,NO_CLICK
4481,NONE,NO_CLICK
4482,D1,D1_CLICK
4483,D1,D1_CLICK
4484,D1,D1_CLICK
4485,D1,D1_CLICK
4486,D1,D1_CLICK
4487,D1,D1_CLICK
4488,D1,D1_CLICK
4489,D1,D1_CLICK
4490,D1,D1_CLICK
4491,D1,D1_CLICK
4492,D1,D1_CLICK
4493,D1,D1_CLICK
4494,D1,D1_CLICK
4495,D1,D1_CLICK
4496,D1,D1_CLICK
4497,D1,D1_CLICK
4498,D1,D1_CLICK
4499,D1,D1_CLICK
4500,D1,D1_CLICK
4501,D1,D1_CLICK
4502,D1,D1_CLICK
4503,D1,D1_CLICK
4504,D1,D1_CLICK
4505,D1,D1_CLICK
4506,D1,D1_CLICK
4507,D1,D1_CLICK
4508,D1,D1_CLICK
4509,D1,D1_CLICK
4510,D1,D1_CLICK
4511,D1,D1_CLICK
4512,D1,D1_CLICK
4513,D1,D1_CLICK
4514,D1,D1_CLICK
4515,D1,D1_CLICK
4516,D1,D1_CLICK
4517,D1,D1_CLICK
4518,D1,D1_CLICK
4519,D1,D1_CLICK
4520,NONE,NO_CLICK
4521,NONE,NO_CLICK
4522,NONE,NO_CLICK
4523,NONE,NO_CLICK
4524,NONE,NO_CLICK
4525,NONE,NO_CLICK
4526,NONE,NO_CLICK
4527,NONE,NO_CLICK
4528,NONE,NO_CLICK
4529,NONE,NO_CLICK
4530,NONE,NO_CLICK
4531,NONE,NO_CLICK
4532,NONE,NO_CLICK
4533,NONE,NO_CLICK
4534,NONE,NO_CLICK
4535,NONE,NO_CLICK
4536,NONE,NO_CLICK
4537,NONE,NO_CLICK
4538,NONE,NO_CLICK
4539,NONE,NO_CLICK
4540,NONE,NO_CLICK
4541,NONE,NO_CLICK
4542,NONE,NO_CLICK
4543,NONE,NO_CLICK
4544,NONE,NO_CLICK
4545,NONE,NO_CLICK
4546,NONE,NO_CLICK
4547,NONE,NO_CLICK
4548,NONE,NO_CLICK
4549,NONE,NO_CLICK
4550,NONE,NO_CLICK
4551,NONE,NO_CLICK
4552,NONE,NO_CLICK
4553,NONE,NO_CLICK
4554,NONE,NO_CLICK
4555,NONE,NO_CLICK
4556,NONE,NO_CLICK
4557,NONE,NO_CLICK
4558,NONE,NO_CLICK
4559,NONE,NO_CLICK
4560,NONE,NO_CLICK
4561,NONE,NO_CLICK
4562,NONE,NO_CLICK
4563,NONE,NO_CLICK
4564,NONE,NO_CLICK
4565,NONE,NO_CLICK
4566,NONE,NO_CLICK
4567,NONE,NO_CLICK
4568,NONE,NO_CLICK
4569,NONE,NO_CLICK
4570,NONE,NO_CLICK
4571,NONE,NO_CLICK
4572,NONE,NO_CLICK
4573,NONE,NO_CLICK
4574,NONE,NO_CLICK
4575,NONE,NO_CLICK
4576,NONE,NO_CLICK
4577,NONE,NO_CLICK
4578,NONE,NO_CLICK
4579,NONE,NO_CLICK
4580,NONE,NO_CLICK
4581,NONE,NO_CLICK
4582,NONE,NO_CLICK
4583,NONE,NO_CLICK
4584,NONE,NO_CLICK
4585,NONE,NO_CLICK
4586,NONE,NO_CLICK
4587,NONE,NO_CLICK
4588,NONE,NO_CLICK
4589,NONE,NO_CLICK
4590,NONE,NO_CLICK
4591,NONE,NO_CLICK
4592,NONE,NO_CLICK
4593,NONE,NO_CLICK
4594,NONE,NO_CLICK
4595,NONE,NO_CLICK
4596,NONE,NO_CLICK
4597,NONE,NO_CLICK
4598,NONE,NO_CLICK
4599,NONE,NO_CLICK
4600,NONE,NO_CLICK
4601,NONE,NO_CLICK
4602,NONE,NO_CLICK
4603,NONE,NO_CLICK
4604,NONE,NO_CLICK
4605,NONE,NO_CLICK
4606,NONE,NO_CLICK
4607,NONE,NO_CLICK
4608,NONE,NO_CLICK
4609,NONE,NO_CLICK
4610,NONE,NO_CLICK
4611,NONE,NO_CLICK
4612,NONE,NO_CLICK
4613,NONE,NO_CLICK
4614,NONE,NO_CLICK
4615,NONE,NO_CLICK
4616,NONE,NO_CLICK
4617,NONE,NO_CLICK
4618,NONE,NO_CLICK
4619,NONE,NO_CLICK
4620,NONE,NO_CLICK
4621,NONE,NO_CLICK
4622,NONE,NO_CLICK
4623,NONE,NO_CLICK
4624,NONE,NO_CLICK
4625,NONE,NO_CLICK
4626,NONE,NO_CLICK
4627,NONE,NO_CLICK
4628,NONE,NO_CLICK
4629,NONE,NO_CLICK
4630,NONE,NO_CLICK
4631,NONE,NO_CLICK
4632,NONE,NO_CLICK
4633,NONE,NO_CLICK
4634,NONE,NO_CLICK
4635,NONE,NO_CLICK
4636,NONE,NO_CLICK
4637,NONE,NO_CLICK
4638,NONE,NO_CLICK
4639,NONE,NO_CLICK
4640,NONE,NO_CLICK
4641,NONE,NO_CLICK
4642,NONE,NO_CLICK
4643,NONE,NO_CLICK
4644,NONE,NO_CLICK
4645,NONE,NO_CLICK
4646,NONE,NO_CLICK
4647,NONE,NO_CLICK
4648,NONE,NO_CLICK
4649,NONE,NO_CLICK
4650,NONE,NO_CLICK
4651,NONE,NO_CLICK
4652,NONE,NO_CLICK
4653,NONE,NO_CLICK
4654,NONE,NO_CLICK
4655,NONE,NO_CLICK
4656,NONE,NO_CLICK
4657,NONE,NO_CLICK
4658,NONE,NO_CLICK
4659,NONE,NO_CLICK
4660,NONE,NO_CLICK
4661,NONE,NO_CLICK
4662,NONE,NO_CLICK
4663,NONE,NO_CLICK
4664,NONE,NO_CLICK
4665,NONE,NO_CLICK
4666,NONE,NO_CLICK
4667,NONE,NO_CLICK
4668,NONE,NO_CLICK
4669,NONE,NO_CLICK
4670,NONE,NO_CLICK
4671,NONE,NO_CLICK
4672,NONE,NO_CLICK
4673,NONE,NO_CLICK
4674,D2,D2_CLICK
4675,D2,D2_CLICK
4676,D2,D2_CLICK
4677,D2,D2_CLICK
4678,D2,D2_CLICK
4679,D2,D2_CLICK
4680,D2,D2_CLICK
4681,D2,D2_CLICK
4682,D2,D2_CLICK
4683,D2,D2_CLICK
4684,D2,D2_CLICK
4685,D2,D2_CLICK
4686,D2,D2_CLICK
4687,D2,D2_CLICK
4688,D2,D2_CLICK
4689,D2,D2_CLICK
4690,D2,D2_CLICK
4691,D2,D2_CLICK
4692,D2,D2_CLICK
4693,D2,D2_CLICK
4694,D2,D2_CLICK
4695,D2,D2_CLICK
4696,D2,D2_CLICK
4697,D2,D2_CLICK
4698,D2,D2_CLICK
4699,D2,D2_CLICK
4700,D2,D2_CLICK
4701,D2,D2_CLICK
4702,D2,D2_CLICK
4703,D2,D2_CLICK
4704,D2,D2_CLICK
4705,D2,D2_CLICK
4706,D2,D2_CLICK
4707,D2,D2_CLICK
4708,D2,D2_CLICK
4709,D2,D2_CLICK
4710,D2,D2_CLICK
4711,D2,D2_CLICK
4712,NONE,NO_CLICK
4713,NONE,NO_CLICK
4714,NONE,NO_CLICK
4715,NONE,NO_CLICK
4716,NONE,NO_CLICK
4717,NONE,NO_CLICK
4718,NONE,NO_CLICK
4719,NONE,NO_CLICK
4720,NONE,NO_CLICK
4721,NONE,NO_CLICK
4722,NONE,NO_CLICK
4723,NONE,NO_CLICK
4724,NONE,NO_CLICK
4725,NONE,NO_CLICK
4726,NONE,NO_CLICK
4727,NONE,NO_CLICK
4728,NONE,NO_CLICK
4729,NONE,NO_CLICK
4730,NONE,NO_CLICK
4731,NONE,NO_CLICK
4732,NONE,NO_CLICK
4733,NONE,NO_CLICK
4734,NONE,NO_CLICK
4735,NONE,NO_CLICK
4736,NONE,NO_CLICK
4737,NONE,NO_CLICK
4738,NONE,NO_CLICK
4739,NONE,NO_CLICK
4740,NONE,NO_CLICK
4741,NONE,NO_CLICK
4742,NONE,NO_CLICK
4743,NONE,NO_CLICK
4744,NONE,NO_CLICK
4745,NONE,NO_CLICK
4746,NONE,NO_CLICK
4747,NONE,NO_CLICK
4748,NONE,NO_CLICK
4749,NONE,NO_CLICK
4750,NONE,NO_CLICK
4751,NONE,NO_CLICK
4752,NONE,NO_CLICK
4753,NONE,NO_CLICK
4754,NONE,NO_CLICK
4755,NONE,NO_CLICK
4756,NONE,NO_CLICK
4757,NONE,NO_CLICK
4758,NONE,NO_CLICK
4759,NONE,NO_CLICK
4760,NONE,NO_CLICK
4761,NONE,NO_CLICK
4762,NONE,NO_CLICK
4763,NONE,NO_CLICK
4764,NONE,NO_CLICK
4765,NONE,NO_CLICK
4766,NONE,NO_CLICK
4767,NONE,NO_CLICK
4768,NONE,NO_CLICK
4769,NONE,NO_CLICK
4770,NONE,NO_CLICK
4771,NONE,NO_CLICK
4772,NONE,NO_CLICK
4773,NONE,NO_CLICK
4774,NONE,NO_CLICK
4775,NONE,NO_CLICK
4776,NONE,NO_CLICK
4777,NONE,NO_CLICK
4778,NONE,NO_CLICK
4779,NONE,NO_CLICK
4780,NONE,NO_CLICK
4781,NONE,NO_CLICK
4782,NONE,NO_CLICK
4783,NONE,NO_CLICK
4784,NONE,NO_CLICK
4785,NONE,NO_CLICK
4786,NONE,NO_CLICK
4787,NONE,NO_CLICK
4788,NONE,NO_CLICK
4789,NONE,NO_CLICK
4790,NONE,NO_CLICK
4791,NONE,NO_CLICK
4792,NONE,NO_CLICK
4793,NONE,NO_CLICK
4794,NONE,NO_CLICK
4795,NONE,NO_CLICK
4796,NONE,NO_CLICK
4797,NONE,NO_CLICK
4798,NONE,NO_CLICK
4799,NONE,NO_CLICK
4800,NONE,NO_CLICK
4801,NONE,NO_CLICK
4802,NONE,NO_CLICK
4803,NONE,NO_CLICK
4804,NONE,NO_CLICK
4805,NONE,NO_CLICK
4806,NONE,NO_CLICK
4807,NONE,NO_CLICK
4808,NONE,NO_CLICK
4809,NONE,NO_CLICK
4810,NONE,NO_CLICK
4811,NONE,NO_CLICK
4812,NONE,NO_CLICK
4813,NONE,NO_CLICK
4814,NONE,NO_CLICK
4815,NONE,NO_CLICK
4816,NONE,NO_CLICK
4817,NONE,NO_CLICK
4818,NONE,NO_CLICK
4819,NONE,NO_CLICK
4820,NONE,NO_CLICK
4821,NONE,NO_CLICK
4822,NONE,NO_CLICK
4823,NONE,NO_CLICK
4824,NONE,NO_CLICK
4825,NONE,NO_CLICK
4826,NONE,NO_CLICK
4827,NONE,NO_CLICK
4828,NONE,NO_CLICK
4829,NONE,NO_CLICK
4830,NONE,NO_CLICK
4831,NONE,NO_CLICK
4832,NONE,NO_CLICK
4833,NONE,NO_CLICK
4834,NONE,NO_CLICK
4835,NONE,NO_CLICK
4836,NONE,NO_CLICK
4837,NONE,NO_CLICK
4838,NONE,NO_CLICK
4839,NONE,NO_CLICK
4840,NONE,NO_CLICK
4841,NONE,NO_CLICK
4842,NONE,NO_CLICK
4843,NONE,NO_CLICK
4844,NONE,NO_CLICK
4845,NONE,NO_CLICK
4846,NONE,NO_CLICK
4847,NONE,NO_CLICK
4848,NONE,NO_CLICK
4849,NONE,NO_CLICK
4850,NONE,NO_CLICK
4851,NONE,NO_CLICK
4852,NONE,NO_CLICK
4853,NONE,NO_CLICK
4854,NONE,NO_CLICK
4855,NONE,NO_CLICK
4856,NONE,NO_CLICK
4857,NONE,NO_CLICK
4858,NONE,NO_CLICK
4859,NONE,NO_CLICK
4860,NONE,NO_CLICK
4861,NONE,NO_CLICK
4862,NONE,NO_CLICK
4863,NONE,NO_CLICK
4864,NONE,NO_CLICK
4865,NONE,NO_CLICK
4866,NONE,NO_CLICK
4867,NONE,NO_CLICK
4868,NONE,NO_CLICK
4869,NONE,NO_CLICK
4870,NONE,NO_CLICK
4871,NONE,NO_CLICK
4872,NONE,NO_CLICK
4873,NONE,NO_CLICK
4874,NONE,NO_CLICK
4875,NONE,NO_CLICK
4876,NONE,NO_CLICK
4877,NONE,NO_CLICK
4878,NONE,NO_CLICK
4879,NONE,NO_CLICK
4880,NONE,NO_CLICK
4881,NONE,NO_CLICK
4882,NONE,NO_CLICK
4883,NONE,NO_CLICK
4884,NONE,NO_CLICK
4885,NONE,NO_CLICK
4886,NONE,NO_CLICK
4887,NONE,NO_CLICK
4888,NONE,NO_CLICK
4889,NONE,NO_CLICK
4890,NONE,NO_CLICK
4891,NONE,NO_CLICK
4892,NONE,NO_CLICK
4893,NONE,NO_CLICK
4894,NONE,NO_CLICK
4895,NONE,NO_CLICK
4896,NONE,NO_CLICK
4897,NONE,NO_CLICK
4898,NONE,NO_CLICK
4899,NONE,NO_CLICK
4900,NONE,NO_CLICK
4901,NONE,NO_CLICK
4902,NONE,NO_CLICK
4903,NONE,NO_CLICK
4904,NONE,NO_CLICK
4905,NONE,NO_CLICK
4906,NONE,NO_CLICK
4907,NONE,NO_CLICK
4908,NONE,NO_CLICK
4909,NONE,NO_CLICK
4910,NONE,NO_CLICK
4911,NONE,NO_CLICK
4912,NONE,NO_CLICK
4913,NONE,NO_CLICK
4914,NONE,NO_CLICK
4915,NONE,NO_CLICK
4916,NONE,NO_CLICK
4917,NONE,NO_CLICK
4918,NONE,NO_CLICK
4919,NONE,NO_CLICK
4920,NONE,NO_CLICK
4921,NONE,NO_CLICK
4922,NONE,NO_CLICK
4923,NONE,NO_CLICK
4924,NONE,NO_CLICK
4925,NONE,NO_CLICK
4926,NONE,NO_CLICK
4927,NONE,NO_CLICK
4928,NONE,NO_CLICK
4929,NONE,NO_CLICK
4930,NONE,NO_CLICK
4931,NONE,NO_CLICK
4932,NONE,NO_CLICK
4933,NONE,NO_CLICK
4934,NONE,NO_CLICK
4935,NONE,NO_CLICK
4936,NONE,NO_CLICK
4937,NONE,NO_CLICK
4938,NONE,NO_CLICK
4939,NONE,NO_CLICK
4940,NONE,NO_CLICK
4941,NONE,NO_CLICK
4942,NONE,NO_CLICK
4943,NONE,NO_CLICK
4944,NONE,NO_CLICK
4945,NONE,NO_CLICK
4946,NONE,NO_CLICK
4947,NONE,NO_CLICK
4948,NONE,NO_CLICK
4949,NONE,NO_CLICK
4950,NONE,NO_CLICK
4951,NONE,NO_CLICK
4952,NONE,NO_CLICK
4953,NONE,NO_CLICK
4954,NONE,NO_CLICK
4955,NONE,NO_CLICK
4956,NONE,NO_CLICK
4957,NONE,NO_CLICK
4958,NONE,NO_CLICK
4959,NONE,NO_CLICK
4960,NONE,NO_CLICK
4961,NONE,NO_CLICK
4962,NONE,NO_CLICK
4963,NONE,NO_CLICK
4964,NONE,NO_CLICK
4965,NONE,NO_CLICK
4966,NONE,NO_CLICK
4967,NONE,NO_CLICK
4968,NONE,NO_CLICK
4969,NONE,NO_CLICK
4970,NONE,NO_CLICK
4971,NONE,NO_CLICK
4972,NONE,NO_CLICK
4973,NONE,NO_CLICK
4974,NONE,NO_CLICK
4975,NONE,NO_CLICK
4976,NONE,NO_CLICK
4977,NONE,NO_CLICK
4978,NONE,NO_CLICK
4979,NONE,NO_CLICK
4980,NONE,NO_CLICK
4981,NONE,NO_CLICK
4982,NONE,NO_CLICK
4983,NONE,NO_CLICK
4984,NONE,NO_CLICK
4985,NONE,NO_CLICK
4986,NONE,NO_CLICK
4987,NONE,NO_CLICK
4988,NONE,NO_CLICK
4989,NONE,NO_CLICK
4990,NONE,NO_CLICK
4991,NONE,NO_CLICK
4992,NONE,NO_CLICK
4993,NONE,NO_CLICK
4994,NONE,NO_CLICK
4995,NONE,NO_CLICK
4996,NONE,NO_CLICK
4997,NONE,NO_CLICK
4998,NONE,NO_CLICK
4999,NONE,NO_CLICK
5000,NONE,NO_CLICK
5001,NONE,NO_CLICK
5002,NONE,NO_CLICK
5003,NONE,NO_CLICK
5004,NONE,NO_CLICK
5005,NONE,NO_CLICK
5006,NONE,NO_CLICK
5007,NONE,NO_CLICK
5008,NONE,NO_CLICK
5009,NONE,NO_CLICK
5010,NONE,NO_CLICK
5011,NONE,NO_CLICK
5012,NONE,NO_CLICK
5013,NONE,NO_CLICK
5014,NONE,NO_CLICK
5015,NONE,NO_CLICK
5016,NONE,NO_CLICK
5017,NONE,NO_CLICK
5018,NONE,NO_CLICK
5019,NONE,NO_CLICK
5020,NONE,NO_CLICK
5021,NONE,NO_CLICK
5022,NONE,NO_CLICK
5023,NONE,NO_CLICK
5024,NONE,NO_CLICK
5025,NONE,NO_CLICK
5026,NONE,NO_CLICK
5027,NONE,NO_CLICK
5028,NONE,NO_CLICK
5029,NONE,NO_CLICK
5030,NONE,NO_CLICK
5031,NONE,NO_CLICK
5032,NONE,NO_CLICK
5033,NONE,NO_CLICK
5034,NONE,NO_CLICK
5035,NONE,NO_CLICK
5036,NONE,NO_CLICK
5037,NONE,NO_CLICK
5038,NONE,NO_CLICK
5039,NONE,NO_CLICK
5040,NONE,NO_CLICK
5041,NONE,NO_CLICK
5042,NONE,NO_CLICK
5043,NONE,NO_CLICK
5044,NONE,NO_CLICK
5045,NONE,NO_CLICK
5046,NONE,NO_CLICK
5047,NONE,NO_CLICK
5048,NONE,NO_CLICK
5049,NONE,NO_CLICK
5050,NONE,NO_CLICK
5051,NONE,NO_CLICK
5052,NONE,NO_CLICK
5053,NONE,NO_CLICK
5054,NONE,NO_CLICK
5055,NONE,NO_CLICK
5056,NONE,NO_CLICK
5057,NONE,NO_CLICK
5058,D1,D1_CLICK
5059,D1,D1_CLICK
5060,D1,D1_CLICK
5061,D1,D1_CLICK
5062,D1,D1_CLICK
5063,D1,D1_CLICK
5064,D1,D1_CLICK
5065,D1,D1_CLICK
5066,D1,D1_CLICK
5067,D1,D1_CLICK
5068,D1,D1_CLICK
5069,D1,D1_CLICK
5070,D1,D1_CLICK
5071,D1,D1_CLICK
5072,D1,D1_CLICK
5073,D1,D1_CLICK
5074,D1,D1_CLICK
5075,D1,D1_CLICK
5076,D1,D1_CLICK
5077,D1,D1_CLICK
5078,D1,D1_CLICK
5079,D1,D1_CLICK
5080,D1,D1_CLICK
5081,D1,D1_CLICK
5082,D1,D1_CLICK
5083,D1,D1_CLICK
5084,D1,D1_CLICK
5085,D1,D1_CLICK
5086,D1,D1_CLICK
5087,D1,D1_CLICK
5088,D1,D1_CLICK
5089,D1,D1_CLICK
5090,D1,D1_CLICK
5091,D1,D1_CLICK
5092,D1,D1_CLICK
5093,D1,D1_CLICK
5094,D1,D1_CLICK
5095,D1,D1_CLICK
5096,NONE,NO_CLICK
5097,NONE,NO_CLICK
5098,NONE,NO_CLICK
5099,NONE,NO_CLICK
5100,NONE,NO_CLICK
5101,NONE,NO_CLICK
5102,NONE,NO_CLICK
5103,NONE,NO_CLICK
5104,NONE,NO_CLICK
5105,NONE,NO_CLICK
5106,NONE,NO_CLICK
5107,NONE,NO_CLICK
5108,NONE,NO_CLICK
5109,NONE,NO_CLICK
5110,NONE,NO_CLICK
5111,NONE,NO_CLICK
5112,NONE,NO_CLICK
5113,NONE,NO_CLICK
5114,NONE,NO_CLICK
5115,NONE,NO_CLICK
5116,NONE,NO_CLICK
5117,NONE,NO_CLICK
5118,NONE,NO_CLICK
5119,NONE,NO_CLICK
5120,NONE,NO_CLICK
5121,NONE,NO_CLICK
5122,NONE,NO_CLICK
5123,NONE,NO_CLICK
5124,NONE,NO_CLICK
5125,NONE,NO_CLICK
5126,NONE,NO_CLICK
5127,NONE,NO_CLICK
5128,NONE,NO_CLICK
5129,NONE,NO_CLICK
5130,NONE,NO_CLICK
5131,NONE,NO_CLICK
5132,NONE,NO_CLICK
5133,NONE,NO_CLICK
5134,NONE,NO_CLICK
5135,NONE,NO_CLICK
5136,NONE,NO_CLICK
5137,NONE,NO_CLICK
5138,NONE,NO_CLICK
5139,NONE,NO_CLICK
5140,NONE,NO_CLICK
5141,NONE,NO_CLICK
5142,NONE,NO_CLICK
5143,NONE,NO_CLICK
5144,NONE,NO_CLICK
5145,NONE,NO_CLICK
5146,NONE,NO_CLICK
5147,NONE,NO_CLICK
5148,NONE,NO_CLICK
5149,NONE,NO_CLICK
5150,NONE,NO_CLICK
5151,NONE,NO_CLICK
5152,NONE,NO_CLICK
5153,NONE,NO_CLICK
5154,NONE,NO_CLICK
5155,NONE,NO_CLICK
5156,NONE,NO_CLICK
5157,NONE,NO_CLICK
5158,NONE,NO_CLICK
5159,NONE,NO_CLICK
5160,NONE,NO_CLICK
5161,NONE,NO_CLICK
5162,NONE,NO_CLICK
5163,NONE,NO_CLICK
5164,NONE,NO_CLICK
5165,NONE,NO_CLICK
5166,NONE,NO_CLICK
5167,NONE,NO_CLICK
5168,NONE,NO_CLICK
5169,NONE,NO_CLICK
5170,NONE,NO_CLICK
5171,NONE,NO_CLICK
5172,NONE,NO_CLICK
5173,NONE,NO_CLICK
5174,NONE,NO_CLICK
5175,NONE,NO_CLICK
5176,NONE,NO_CLICK
5177,NONE,NO_CLICK
5178,NONE,NO_CLICK
5179,NONE,NO_CLICK
5180,NONE,NO_CLICK
5181,NONE,NO_CLICK
5182,NONE,NO_CLICK
5183,NONE,NO_CLICK
5184,NONE,NO_CLICK
5185,NONE,NO_CLICK
5186,NONE,NO_CLICK
5187,NONE,NO_CLICK
5188,NONE,NO_CLICK
5189,NONE,NO_CLICK
5190,NONE,NO_CLICK
5191,NONE,NO_CLICK
5192,NONE,NO_CLICK
5193,NONE,NO_CLICK
5194,NONE,NO_CLICK
5195,NONE,NO_CLICK
5196,NONE,NO_CLICK
5197,NONE,NO_CLICK
5198,NONE,NO_CLICK
5199,NONE,NO_CLICK
5200,NONE,NO_CLICK
5201,NONE,NO_CLICK
5202,NONE,NO_CLICK
5203,NONE,NO_CLICK
5204,NONE,NO_CLICK
5205,NONE,NO_CLICK
5206,NONE,NO_CLICK
5207,NONE,NO_CLICK
5208,NONE,NO_CLICK
5209,NONE,NO_CLICK
5210,NONE,NO_CLICK
5211,NONE,NO_CLICK
5212,NONE,NO_CLICK
5213,NONE,NO_CLICK
5214,NONE,NO_CLICK
5215,NONE,NO_CLICK
5216,NONE,NO_CLICK
5217,NONE,NO_CLICK
5218,NONE,NO_CLICK
5219,NONE,NO_CLICK
5220,NONE,NO_CLICK
5221,NONE,NO_CLICK
5222,NONE,NO_CLICK
5223,NONE,NO_CLICK
5224,NONE,NO_CLICK
5225,NONE,NO_CLICK
5226,NONE,NO_CLICK
5227,NONE,NO_CLICK
5228,NONE,NO_CLICK
5229,NONE,NO_CLICK
5230,NONE,NO_CLICK
5231,NONE,NO_CLICK
5232,NONE,NO_CLICK
5233,NONE,NO_CLICK
5234,NONE,NO_CLICK
5235,NONE,NO_CLICK
5236,NONE,NO_CLICK
5237,NONE,NO_CLICK
5238,NONE,NO_CLICK
5239,NONE,NO_CLICK
5240,NONE,NO_CLICK
5241,NONE,NO_CLICK
5242,NONE,NO_CLICK
5243,NONE,NO_CLICK
5244,NONE,NO_CLICK
5245,NONE,NO_CLICK
5246,NONE,NO_CLICK
5247,NONE,NO_CLICK
5248,NONE,NO_CLICK
5249,NONE,NO_CLICK
5250,NONE,NO_CLICK
5251,NONE,NO_CLICK
5252,NONE,NO_CLICK
5253,NONE,NO_CLICK
5254,NONE,NO_CLICK
5255,NONE,NO_CLICK
5256,NONE,NO_CLICK
5257,NONE,NO_CLICK
5258,NONE,NO_CLICK
5259,NONE,NO_CLICK
5260,NONE,NO_CLICK
5261,NONE,NO_CLICK
5262,NONE,NO_CLICK
5263,NONE,NO_CLICK
5264,NONE,NO_CLICK
5265,NONE,NO_CLICK
5266,NONE,NO_CLICK
5267,NONE,NO_CLICK
5268,NONE,NO_CLICK
5269,NONE,NO_CLICK
5270,NONE,NO_CLICK
5271,NONE,NO_CLICK
5272,NONE,NO_CLICK
5273,NONE,NO_CLICK
5274,NONE,NO_CLICK
5275,NONE,NO_CLICK
5276,NONE,NO_CLICK
5277,NONE,NO_CLICK
5278,NONE,NO_CLICK
5279,NONE,NO_CLICK
5280,NONE,NO_CLICK
5281,NONE,NO_CLICK
5282,NONE,NO_CLICK
5283,NONE,NO_CLICK
5284,NONE,NO_CLICK
5285,NONE,NO_CLICK
5286,NONE,NO_CLICK
5287,NONE,NO_CLICK
5288,NONE,NO_CLICK
5289,NONE,NO_CLICK
5290,NONE,NO_CLICK
5291,NONE,NO_CLICK
5292,NONE,NO_CLICK
5293,NONE,NO_CLICK
5294,NONE,NO_CLICK
5295,NONE,NO_CLICK
5296,NONE,NO_CLICK
5297,NONE,NO_CLICK
5298,NONE,NO_CLICK
5299,NONE,NO_CLICK
5300,NONE,NO_CLICK
5301,NONE,NO_CLICK
5302,NONE,NO_CLICK
5303,NONE,NO_CLICK
5304,NONE,NO_CLICK
5305,NONE,NO_CLICK
5306,NONE,NO_CLICK
5307,NONE,NO_CLICK
5308,NONE,NO_CLICK
5309,NONE,NO_CLICK
5310,NONE,NO_CLICK
5311,NONE,NO_CLICK
5312,NONE,NO_CLICK
5313,NONE,NO_CLICK
5314,NONE,NO_CLICK
5315,NONE,NO_CLICK
5316,NONE,NO_CLICK
5317,NONE,NO_CLICK
5318,NONE,NO_CLICK
5319,NONE,NO_CLICK
5320,NONE,NO_CLICK
5321,NONE,NO_CLICK
5322,NONE,NO_CLICK
5323,NONE,NO_CLICK
5324,NONE,NO_CLICK
5325,NONE,NO_CLICK
5326,NONE,NO_CLICK
5327,NONE,NO_CLICK
5328,NONE,NO_CLICK
5329,NONE,NO_CLICK
5330,NONE,NO_CLICK
5331,NONE,NO_CLICK
5332,NONE,NO_CLICK
5333,NONE,NO_CLICK
5334,NONE,NO_CLICK
5335,NONE,NO_CLICK
5336,NONE,NO_CLICK
5337,NONE,NO_CLICK
5338,NONE,NO_CLICK
5339,NONE,NO_CLICK
5340,NONE,NO_CLICK
5341,NONE,NO_CLICK
5342,NONE,NO_CLICK
5343,NONE,NO_CLICK
5344,NONE,NO_CLICK
5345,NONE,NO_CLICK
5346,NONE,NO_CLICK
5347,NONE,NO_CLICK
5348,NONE,NO_CLICK
5349,NONE,NO_CLICK
5350,NONE,NO_CLICK
5351,NONE,NO_CLICK
5352,NONE,NO_CLICK
5353,NONE,NO_CLICK
5354,NONE,NO_CLICK
5355,NONE,NO_CLICK
5356,NONE,NO_CLICK
5357,NONE,NO_CLICK
5358,NONE,NO_CLICK
5359,NONE,NO_CLICK
5360,NONE,NO_CLICK
5361,NONE,NO_CLICK
5362,NONE,NO_CLICK
5363,NONE,NO_CLICK
5364,NONE,NO_CLICK
5365,NONE,NO_CLICK
5366,NONE,NO_CLICK
5367,NONE,NO_CLICK
5368,NONE,NO_CLICK
5369,NONE,NO_CLICK
5370,NONE,NO_CLICK
5371,NONE,NO_CLICK
5372,NONE,NO_CLICK
5373,NONE,NO_CLICK
5374,NONE,NO_CLICK
5375,NONE,NO_CLICK
5376,NONE,NO_CLICK
5377,NONE,NO_CLICK
5378,NONE,NO_CLICK
5379,NONE,NO_CLICK
5380,NONE,NO_CLICK
5381,NONE,NO_CLICK
5382,NONE,NO_CLICK
5383,NONE,NO_CLICK
5384,NONE,NO_CLICK
5385,NONE,NO_CLICK
5386,NONE,NO_CLICK
5387,NONE,NO_CLICK
5388,NONE,NO_CLICK
5389,NONE,NO_CLICK
5390,NONE,NO_CLICK
5391,NONE,NO_CLICK
5392,NONE,NO_CLICK
5393,NONE,NO_CLICK
5394,NONE,NO_CLICK
5395,NONE,NO_CLICK
5396,NONE,NO_CLICK
5397,NONE,NO_CLICK
5398,NONE,NO_CLICK
5399,NONE,NO_CLICK
5400,NONE,NO_CLICK
5401,NONE,NO_CLICK
5402,NONE,NO_CLICK
5403,NONE,NO_CLICK
5404,NONE,NO_CLICK
5405,NONE,NO_CLICK
5406,NONE,NO_CLICK
5407,NONE,NO_CLICK
5408,NONE,NO_CLICK
5409,NONE,NO_CLICK
5410,NONE,NO_CLICK
5411,NONE,NO_CLICK
5412,NONE,NO_CLICK
5413,NONE,NO_CLICK
5414,NONE,NO_CLICK
5415,NONE,NO_CLICK
5416,NONE,NO_CLICK
5417,NONE,NO_CLICK
5418,NONE,NO_CLICK
5419,NONE,NO_CLICK
5420,NONE,NO_CLICK
5421,NONE,NO_CLICK
5422,NONE,NO_CLICK
5423,NONE,NO_CLICK
5424,NONE,NO_CLICK
5425,NONE,NO_CLICK
5426,NONE,NO_CLICK
5427,NONE,NO_CLICK
5428,NONE,NO_CLICK
5429,NONE,NO_CLICK
5430,NONE,NO_CLICK
5431,NONE,NO_CLICK
5432,NONE,NO_CLICK
5433,NONE,NO_CLICK
5434,NONE,NO_CLICK
5435,NONE,NO_CLICK
5436,NONE,NO_CLICK
5437,NONE,NO_CLICK
5438,NONE,NO_CLICK
5439,NONE,NO_CLICK
5440,NONE,NO_CLICK
5441,NONE,NO_CLICK
5442,D1,D1_CLICK
5443,D1,D1_CLICK
5444,D1,D1_CLICK
5445,D1,D1_CLICK
5446,D1,D1_CLICK
5447,D1,D1_CLICK
5448,D1,D1_CLICK
5449,D1,D1_CLICK
5450,D1,D1_CLICK
5451,D1,D1_CLICK
5452,D1,D1_CLICK
5453,D1,D1_CLICK
5454,D1,D1_CLICK
5455,D1,D1_CLICK
5456,D1,D1_CLICK
5457,D1,D1_CLICK
5458,D1,D1_CLICK
5459,D1,D1_CLICK
5460,D1,D1_CLICK
5461,D1,D1_CLICK
5462,D1,D1_CLICK
5463,D1,D1_CLICK
5464,D1,D1_CLICK
5465,D1,D1_CLICK
5466,D1,D1_CLICK
5467,D1,D1_CLICK
5468,D1,D1_CLICK
5469,D1,D1_CLICK
5470,D1,D1_CLICK
5471,D1,D1_CLICK
5472,D1,D1_CLICK
5473,D1,D1_CLICK
5474,D1,D1_CLICK
5475,D1,D1_CLICK
5476,D1,D1_CLICK
5477,D1,D1_CLICK
5478,D1,D1_CLICK
5479,D1,D1_CLICK
5480,NONE,NO_CLICK
5481,NONE,NO_CLICK
5482,NONE,NO_CLICK
5483,NONE,NO_CLICK
5484,NONE,NO_CLICK
5485,NONE,NO_CLICK
5486,NONE,NO_CLICK
5487,NONE,NO_CLICK
5488,NONE,NO_CLICK
5489,NONE,NO_CLICK
5490,NONE,NO_CLICK
5491,NONE,NO_CLICK
5492,NONE,NO_CLICK
5493,NONE,NO_CLICK
5494,NONE,NO_CLICK
5495,NONE,NO_CLICK
5496,NONE,NO_CLICK
5497,NONE,NO_CLICK
5498,NONE,NO_CLICK
5499,NONE,NO_CLICK
5500,NONE,NO_CLICK
5501,NONE,NO_CLICK
5502,NONE,NO_CLICK
5503,NONE,NO_CLICK
5504,NONE,NO_CLICK
5505,NONE,NO_CLICK
5506,NONE,NO_CLICK
5507,NONE,NO_CLICK
5508,NONE,NO_CLICK
5509,NONE,NO_CLICK
5510,NONE,NO_CLICK
5511,NONE,NO_CLICK
5512,NONE,NO_CLICK
5513,NONE,NO_CLICK
5514,NONE,NO_CLICK
5515,NONE,NO_CLICK
5516,NONE,NO_CLICK
5517,NONE,NO_CLICK
5518,NONE,NO_CLICK
5519,NONE,NO_CLICK
5520,NONE,NO_CLICK
5521,NONE,NO_CLICK
5522,NONE,NO_CLICK
5523,NONE,NO_CLICK
5524,NONE,NO_CLICK
5525,NONE,NO_CLICK
5526,NONE,NO_CLICK
5527,NONE,NO_CLICK
5528,NONE,NO_CLICK
5529,NONE,NO_CLICK
5530,NONE,NO_CLICK
5531,NONE,NO_CLICK
5532,NONE,NO_CLICK
5533,NONE,NO_CLICK
5534,NONE,NO_CLICK
5535,NONE,NO_CLICK
5536,NONE,NO_CLICK
5537,NONE,NO_CLICK
5538,NONE,NO_CLICK
5539,NONE,NO_CLICK
5540,NONE,NO_CLICK
5541,NONE,NO_CLICK
5542,NONE,NO_CLICK
5543,NONE,NO_CLICK
5544,NONE,NO_CLICK
5545,NONE,NO_CLICK
5546,NONE,NO_CLICK
5547,NONE,NO_CLICK
5548,NONE,NO_CLICK
5549,NONE,NO_CLICK
5550,NONE,NO_CLICK
5551,NONE,NO_CLICK
5552,NONE,NO_CLICK
5553,NONE,NO_CLICK
5554,NONE,NO_CLICK
5555,NONE,NO_CLICK
5556,NONE,NO_CLICK
5557,NONE,NO_CLICK
5558,NONE,NO_CLICK
5559,NONE,NO_CLICK
5560,NONE,NO_CLICK
5561,NONE,NO_CLICK
5562,NONE,NO_CLICK
5563,NONE,NO_CLICK
5564,NONE,NO_CLICK
5565,NONE,NO_CLICK
5566,NONE,NO_CLICK
5567,NONE,NO_CLICK
5568,NONE,NO_CLICK
5569,NONE,NO_CLICK
5570,NONE,NO_CLICK
5571,NONE,NO_CLICK
5572,NONE,NO_CLICK
5573,NONE,NO_CLICK
5574,NONE,NO_CLICK
5575,NONE,NO_CLICK
5576,NONE,NO_CLICK
5577,NONE,NO_CLICK
5578,NONE,NO_CLICK
5579,NONE,NO_CLICK
5580,NONE,NO_CLICK
5581,NONE,NO_CLICK
5582,NONE,NO_CLICK
5583,NONE,NO_CLICK
5584,NONE,NO_CLICK
5585,NONE,NO_CLICK
5586,NONE,NO_CLICK
5587,NONE,NO_CLICK
5588,NONE,NO_CLICK
5589,NONE,NO_CLICK
5590,NONE,NO_CLICK
5591,NONE,NO_CLICK
5592,NONE,NO_CLICK
5593,NONE,NO_CLICK
5594,NONE,NO_CLICK
5595,NONE,NO_CLICK
5596,NONE,NO_CLICK
5597,NONE,NO_CLICK
5598,NONE,NO_CLICK
5599,NONE,NO_CLICK
5600,NONE,NO_CLICK
5601,NONE,NO_CLICK
5602,D2,D2_CLICK
5603,D2,D2_CLICK
5604,D2,D2_CLICK
5605,D2,D2_CLICK
5606,D2,D2_CLICK
5607,D2,D2_CLICK
5608,D2,D2_CLICK
5609,D2,D2_CLICK
5610,D2,D2_CLICK
5611,D2,D2_CLICK
5612,D2,D2_CLICK
5613,D2,D2_CLICK
5614,D2,D2_CLICK
5615,D2,D2_CLICK
5616,D2,D2_CLICK
5617,D2,D2_CLICK
5618,D2,D2_CLICK
5619,D2,D2_CLICK
5620,D2,D2_CLICK
5621,D2,D2_CLICK
5622,D2,D2_CLICK
5623,D2,D2_CLICK
5624,D2,D2_CLICK
5625,D2,D2_CLICK
5626,D2,D2_CLICK
5627,D2,D2_CLICK
5628,D2,D2_CLICK
5629,D2,D2_CLICK
5630,D2,D2_CLICK
5631,D2,D2_CLICK
5632,D2,D2_CLICK
5633,D2,D2_CLICK
5634,D2,D2_CLICK
5635,D2,D2_CLICK
5636,D2,D2_CLICK
5637,D2,D2_CLICK
5638,D2,D2_CLICK
5639,D2,D2_CLICK
5640,NONE,NO_CLICK
5641,NONE,NO_CLICK
5642,NONE,NO_CLICK
5643,NONE,NO_CLICK
5644,NONE,NO_CLICK
5645,NONE,NO_CLICK
5646,NONE,NO_CLICK
5647,NONE,NO_CLICK
5648,NONE,NO_CLICK
5649,NONE,NO_CLICK
5650,NONE,NO_CLICK
5651,NONE,NO_CLICK
5652,NONE,NO_CLICK
5653,NONE,NO_CLICK
5654,NONE,NO_CLICK
5655,NONE,NO_CLICK
5656,NONE,NO_CLICK
5657,NONE,NO_CLICK
5658,NONE,NO_CLICK
5659,NONE,NO_CLICK
5660,NONE,NO_CLICK
5661,NONE,NO_CLICK
5662,NONE,NO_CLICK
5663,NONE,NO_CLICK
5664,NONE,NO_CLICK
5665,NONE,NO_CLICK
5666,NONE,NO_CLICK
5667,NONE,NO_CLICK
5668,NONE,NO_CLICK
5669,NONE,NO_CLICK
5670,NONE,NO_CLICK
5671,NONE,NO_CLICK
5672,NONE,NO_CLICK
5673,NONE,NO_CLICK
5674,NONE,NO_CLICK
5675,NONE,NO_CLICK
5676,NONE,NO_CLICK
5677,NONE,NO_CLICK
5678,NONE,NO_CLICK
5679,NONE,NO_CLICK
5680,NONE,NO_CLICK
5681,NONE,NO_CLICK
5682,NONE,NO_CLICK
5683,NONE,NO_CLICK
5684,NONE,NO_CLICK
5685,NONE,NO_CLICK
5686,NONE,NO_CLICK
5687,NONE,NO_CLICK
5688,NONE,NO_CLICK
5689,NONE,NO_CLICK
5690,NONE,NO_CLICK
5691,NONE,NO_CLICK
5692,NONE,NO_CLICK
5693,NONE,NO_CLICK
5694,NONE,NO_CLICK
5695,NONE,NO_CLICK
5696,NONE,NO_CLICK
5697,NONE,NO_CLICK
5698,NONE,NO_CLICK
5699,NONE,NO_CLICK
5700,NONE,NO_CLICK
5701,NONE,NO_CLICK
5702,NONE,NO_CLICK
5703,NONE,NO_CLICK
5704,NONE,NO_CLICK
5705,NONE,NO_CLICK
5706,NONE,NO_CLICK
5707,NONE,NO_CLICK
5708,NONE,NO_CLICK
5709,NONE,NO_CLICK
5710,NONE,NO_CLICK
5711,NONE,NO_CLICK
5712,NONE,NO_CLICK
5713,NONE,NO_CLICK
5714,NONE,NO_CLICK
5715,NONE,NO_CLICK
5716,NONE,NO_CLICK
5717,NONE,NO_CLICK
5718,NONE,NO_CLICK
5719,NONE,NO_CLICK
5720,NONE,NO_CLICK
5721,NONE,NO_CLICK
5722,NONE,NO_CLICK
5723,NONE,NO_CLICK
5724,NONE,NO_CLICK
5725,NONE,NO_CLICK
5726,NONE,NO_CLICK
5727,NONE,NO_CLICK
5728,NONE,NO_CLICK
5729,NONE,NO_CLICK
5730,NONE,NO_CLICK
5731,NONE,NO_CLICK
5732,NONE,NO_CLICK
5733,NONE,NO_CLICK
5734,NONE,NO_CLICK
5735,NONE,NO_CLICK
5736,NONE,NO_CLICK
5737,NONE,NO_CLICK
5738,NONE,NO_CLICK
5739,NONE,NO_CLICK
5740,NONE,NO_CLICK
5741,NONE,NO_CLICK
5742,NONE,NO_CLICK
5743,NONE,NO_CLICK
5744,NONE,NO_CLICK
5745,NONE,NO_CLICK
5746,NONE,NO_CLICK
5747,NONE,NO_CLICK
5748,NONE,NO_CLICK
5749,NONE,NO_CLICK
5750,NONE,NO_CLICK
5751,NONE,NO_CLICK
5752,NONE,NO_CLICK
5753,NONE,NO_CLICK
5754,NONE,NO_CLICK
5755,NONE,NO_CLICK
5756,NONE,NO_CLICK
5757,NONE,NO_CLICK
5758,NONE,NO_CLICK
5759,NONE,NO_CLICK
5760,NONE,NO_CLICK
5761,NONE,NO_CLICK
5762,NONE,NO_CLICK
5763,NONE,NO_CLICK
5764,NONE,NO_CLICK
5765,NONE,NO_CLICK
5766,NONE,NO_CLICK
5767,NONE,NO_CLICK
5768,NONE,NO_CLICK
5769,NONE,NO_CLICK
5770,NONE,NO_CLICK
5771,NONE,NO_CLICK
5772,NONE,NO_CLICK
5773,NONE,NO_CLICK
5774,NONE,NO_CLICK
5775,NONE,NO_CLICK
5776,NONE,NO_CLICK
5777,NONE,NO_CLICK
5778,NONE,NO_CLICK
5779,NONE,NO_CLICK
5780,NONE,NO_CLICK
5781,NONE,NO_CLICK
5782,NONE,NO_CLICK
5783,NONE,NO_CLICK
5784,NONE,NO_CLICK
5785,NONE,NO_CLICK
5786,NONE,NO_CLICK
5787,NONE,NO_CLICK
5788,NONE,NO_CLICK
5789,NONE,NO_CLICK
5790,NONE,NO_CLICK
5791,NONE,NO_CLICK
5792,NONE,NO_CLICK
5793,NONE,NO_CLICK
5794,NONE,NO_CLICK
5795,NONE,NO_CLICK
5796,NONE,NO_CLICK
5797,NONE,NO_CLICK
5798,NONE,NO_CLICK
5799,NONE,NO_CLICK
5800,NONE,NO_CLICK
5801,NONE,NO_CLICK
5802,NONE,NO_CLICK
5803,NONE,NO_CLICK
5804,NONE,NO_CLICK
5805,NONE,NO_CLICK
5806,NONE,NO_CLICK
5807,NONE,NO_CLICK
5808,NONE,NO_CLICK
5809,NONE,NO_CLICK
5810,NONE,NO_CLICK
5811,NONE,NO_CLICK
5812,NONE,NO_CLICK
5813,NONE,NO_CLICK
5814,NONE,NO_CLICK
5815,NONE,NO_CLICK
5816,NONE,NO_CLICK
5817,NONE,NO_CLICK
5818,NONE,NO_CLICK
5819,NONE,NO_CLICK
5820,NONE,NO_CLICK
5821,NONE,NO_CLICK
5822,NONE,NO_CLICK
5823,NONE,NO_CLICK
5824,NONE,NO_CLICK
5825,NONE,NO_CLICK
5826,NONE,NO_CLICK
5827,NONE,NO_CLICK
5828,NONE,NO_CLICK
5829,NONE,NO_CLICK
5830,NONE,NO_CLICK
5831,NONE,NO_CLICK
5832,NONE,NO_CLICK
5833,NONE,NO_CLICK
5834,NONE,NO_CLICK
5835,NONE,NO_CLICK
5836,NONE,NO_CLICK
5837,NONE,NO_CLICK
5838,NONE,NO_CLICK
5839,NONE,NO_CLICK
5840,NONE,NO_CLICK
5841,NONE,NO_CLICK
5842,NONE,NO_CLICK
5843,NONE,NO_CLICK
5844,NONE,NO_CLICK
5845,NONE,NO_CLICK
5846,NONE,NO_CLICK
5847,NONE,NO_CLICK
5848,NONE,NO_CLICK
5849,NONE,NO_CLICK
5850,NONE,NO_CLICK
5851,NONE,NO_CLICK
5852,NONE,NO_CLICK
5853,NONE,NO_CLICK
5854,NONE,NO_CLICK
5855,NONE,NO_CLICK
5856,NONE,NO_CLICK
5857,NONE,NO_CLICK
5858,NONE,NO_CLICK
5859,NONE,NO_CLICK
5860,NONE,NO_CLICK
5861,NONE,NO_CLICK
5862,NONE,NO_CLICK
5863,NONE,NO_CLICK
5864,NONE,NO_CLICK
5865,NONE,NO_CLICK
5866,NONE,NO_CLICK
5867,NONE,NO_CLICK
5868,NONE,NO_CLICK
5869,NONE,NO_CLICK
5870,NONE,NO_CLICK
5871,NONE,NO_CLICK
5872,NONE,NO_CLICK
5873,NONE,NO_CLICK
5874,NONE,NO_CLICK
5875,NONE,NO_CLICK
5876,NONE,NO_CLICK
5877,NONE,NO_CLICK
5878,NONE,NO_CLICK
5879,NONE,NO_CLICK
5880,NONE,NO_CLICK
5881,NONE,NO_CLICK
5882,NONE,NO_CLICK
5883,NONE,NO_CLICK
5884,NONE,NO_CLICK
5885,NONE,NO_CLICK
5886,NONE,NO_CLICK
5887,NONE,NO_CLICK
5888,NONE,NO_CLICK
5889,NONE,NO_CLICK
5890,NONE,NO_CLICK
5891,NONE,NO_CLICK
5892,NONE,NO_CLICK
5893,NONE,NO_CLICK
5894,NONE,NO_CLICK
5895,NONE,NO_CLICK
5896,NONE,NO_CLICK
5897,NONE,NO_CLICK
5898,NONE,NO_CLICK
5899,NONE,NO_CLICK
5900,NONE,NO_CLICK
5901,NONE,NO_CLICK
5902,NONE,NO_CLICK
5903,NONE,NO_CLICK
5904,NONE,NO_CLICK
5905,NONE,NO_CLICK
5906,NONE,NO_CLICK
5907,NONE,NO_CLICK
5908,NONE,NO_CLICK
5909,NONE,NO_CLICK
5910,NONE,NO_CLICK
5911,NONE,NO_CLICK
5912,NONE,NO_CLICK
5913,NONE,NO_CLICK
5914,NONE,NO_CLICK
5915,NONE,NO_CLICK
5916,NONE,NO_CLICK
5917,NONE,NO_CLICK
5918,NONE,NO_CLICK
5919,NONE,NO_CLICK
5920,NONE,NO_CLICK
5921,NONE,NO_CLICK
5922,NONE,NO_CLICK
5923,NONE,NO_CLICK
5924,NONE,NO_CLICK
5925,NONE,NO_CLICK
5926,NONE,NO_CLICK
5927,NONE,NO_CLICK
5928,NONE,NO_CLICK
5929,NONE,NO_CLICK
5930,NONE,NO_CLICK
5931,NONE,NO_CLICK
5932,NONE,NO_CLICK
5933,NONE,NO_CLICK
5934,NONE,NO_CLICK
5935,NONE,NO_CLICK
5936,NONE,NO_CLICK
5937,NONE,NO_CLICK
5938,NONE,NO_CLICK
5939,NONE,NO_CLICK
5940,NONE,NO_CLICK
5941,NONE,NO_CLICK
5942,NONE,NO_CLICK
5943,NONE,NO_CLICK
5944,NONE,NO_CLICK
5945,NONE,NO_CLICK
5946,NONE,NO_CLICK
5947,NONE,NO_CLICK
5948,NONE,NO_CLICK
5949,NONE,NO_CLICK
5950,NONE,NO_CLICK
5951,NONE,NO_CLICK
5952,NONE,NO_CLICK
5953,NONE,NO_CLICK
5954,NONE,NO_CLICK
5955,NONE,NO_CLICK
5956,NONE,NO_CLICK
5957,NONE,NO_CLICK
5958,NONE,NO_CLICK
5959,NONE,NO_CLICK
5960,NONE,NO_CLICK
5961,NONE,NO_CLICK
5962,NONE,NO_CLICK
5963,NONE,NO_CLICK
5964,NONE,NO_CLICK
5965,NONE,NO_CLICK
5966,NONE,NO_CLICK
5967,NONE,NO_CLICK
5968,NONE,NO_CLICK
5969,NONE,NO_CLICK
5970,NONE,NO_CLICK
5971,NONE,NO_CLICK
5972,NONE,NO_CLICK
5973,NONE,NO_CLICK
5974,NONE,NO_CLICK
5975,NONE,NO_CLICK
5976,NONE,NO_CLICK
5977,NONE,NO_CLICK
5978,NONE,NO_CLICK
5979,NONE,NO_CLICK
5980,NONE,NO_CLICK
5981,NONE,NO_CLICK
5982,NONE,NO_CLICK
5983,NONE,NO_CLICK
5984,NONE,NO_CLICK
5985,NONE,NO_CLICK
5986,NONE,NO_CLICK
5987,NONE,NO_CLICK
5988,NONE,NO_CLICK
5989,NONE,NO_CLICK
5990,NONE,NO_CLICK
5991,NONE,NO_CLICK
5992,NONE,NO_CLICK
5993,NONE,NO_CLICK
5994,NONE,NO_CLICK
5995,NONE,NO_CLICK
5996,NONE,NO_CLICK
5997,NONE,NO_CLICK
5998,NONE,NO_CLICK
5999,NONE,NO_CLICK
6000,NONE,NO_CLICK
6001,NONE,NO_CLICK
6002,NONE,NO_CLICK
6003,NONE,NO_CLICK
6004,NONE,NO_CLICK
6005,NONE,NO_CLICK
6006,NONE,NO_CLICK
6007,NONE,NO_CLICK
6008,NONE,NO_CLICK
6009,NONE,NO_CLICK
6010,NONE,NO_CLICK
6011,NONE,NO_CLICK
6012,NONE,NO_CLICK
6013,NONE,NO_CLICK
6014,NONE,NO_CLICK
6015,NONE,NO_CLICK
6016,NONE,NO_CLICK
6017,NONE,NO_CLICK
6018,NONE,NO_CLICK
6019,NONE,NO_CLICK
6020,NONE,NO_CLICK
6021,NONE,NO_CLICK
6022,NONE,NO_CLICK
6023,NONE,NO_CLICK
6024,NONE,NO_CLICK
6025,NONE,NO_CLICK
6026,NONE,NO_CLICK
6027,NONE,NO_CLICK
6028,NONE,NO_CLICK
6029,NONE,NO_CLICK
6030,NONE,NO_CLICK
6031,NONE,NO_CLICK
6032,NONE,NO_CLICK
6033,NONE,NO_CLICK
6034,NONE,NO_CLICK
6035,NONE,NO_CLICK
6036,NONE,NO_CLICK
6037,NONE,NO_CLICK
6038,NONE,NO_CLICK
6039,NONE,NO_CLICK
6040,NONE,NO_CLICK
6041,NONE,NO_CLICK
6042,NONE,NO_CLICK
6043,NONE,NO_CLICK
6044,NONE,NO_CLICK
6045,NONE,NO_CLICK
6046,NONE,NO_CLICK
6047,NONE,NO_CLICK
6048,NONE,NO_CLICK
6049,NONE,NO_CLICK
6050,D2,D2_CLICK
6051,D2,D2_CLICK
6052,D2,D2_CLICK
6053,D2,D2_CLICK
6054,D2,D2_CLICK
6055,D2,D2_CLICK
6056,D2,D2_CLICK
6057,D2,D2_CLICK
6058,D2,D2_CLICK
6059,D2,D2_CLICK
6060,D2,D2_CLICK
6061,D2,D2_CLICK
6062,D2,D2_CLICK
6063,D2,D2_CLICK
6064,D2,D2_CLICK
6065,D2,D2_CLICK
6066,D2,D2_CLICK
6067,D2,D2_CLICK
6068,D2,D2_CLICK
6069,D2,D2_CLICK
6070,D2,D2_CLICK
6071,D2,D2_CLICK
6072,D2,D2_CLICK
6073,D2,D2_CLICK
6074,D2,D2_CLICK
6075,D2,D2_CLICK
6076,D2,D2_CLICK
6077,D2,D2_CLICK
6078,D2,D2_CLICK
6079,D2,D2_CLICK
6080,D2,D2_CLICK
6081,D2,D2_CLICK
6082,D2,D2_CLICK
6083,D2,D2_CLICK
6084,D2,D2_CLICK
6085,D2,D2_CLICK
6086,D2,D2_CLICK
6087,D2,D2_CLICK
6088,NONE,NO_CLICK
6089,NONE,NO_CLICK
6090,NONE,NO_CLICK
6091,NONE,NO_CLICK
6092,NONE,NO_CLICK
6093,NONE,NO_CLICK
6094,NONE,NO_CLICK
6095,NONE,NO_CLICK
6096,NONE,NO_CLICK
6097,NONE,NO_CLICK
6098,NONE,NO_CLICK
6099,NONE,NO_CLICK
6100,NONE,NO_CLICK
6101,NONE,NO_CLICK
6102,NONE,NO_CLICK
6103,NONE,NO_CLICK
6104,NONE,NO_CLICK
6105,NONE,NO_CLICK
6106,NONE,NO_CLICK
6107,NONE,NO_CLICK
6108,NONE,NO_CLICK
6109,NONE,NO_CLICK
6110,NONE,NO_CLICK
6111,NONE,NO_CLICK
6112,NONE,NO_CLICK
6113,NONE,NO_CLICK
6114,NONE,NO_CLICK
6115,NONE,NO_CLICK
6116,NONE,NO_CLICK
6117,NONE,NO_CLICK
6118,NONE,NO_CLICK
6119,NONE,NO_CLICK
6120,NONE,NO_CLICK
6121,NONE,NO_CLICK
6122,NONE,NO_CLICK
6123,NONE,NO_CLICK
6124,NONE,NO_CLICK
6125,NONE,NO_CLICK
6126,NONE,NO_CLICK
6127,NONE,NO_CLICK
6128,NONE,NO_CLICK
6129,NONE,NO_CLICK
6130,NONE,NO_CLICK
6131,NONE,NO_CLICK
6132,NONE,NO_CLICK
6133,NONE,NO_CLICK
6134,NONE,NO_CLICK
6135,NONE,NO_CLICK
6136,NONE,NO_CLICK
6137,NONE,NO_CLICK
6138,NONE,NO_CLICK
6139,NONE,NO_CLICK
6140,NONE,NO_CLICK
6141,NONE,NO_CLICK
6142,NONE,NO_CLICK
6143,NONE,NO_CLICK
6144,NONE,NO_CLICK
6145,NONE,NO_CLICK
6146,NONE,NO_CLICK
6147,NONE,NO_CLICK
6148,NONE,NO_CLICK
6149,NONE,NO_CLICK
6150,NONE,NO_CLICK
6151,NONE,NO_CLICK
6152,NONE,NO_CLICK
6153,NONE,NO_CLICK
6154,NONE,NO_CLICK
6155,NONE,NO_CLICK
6156,NONE,NO_CLICK
6157,NONE,NO_CLICK
6158,NONE,NO_CLICK
6159,NONE,NO_CLICK
6160,NONE,NO_CLICK
6161,NONE,NO_CLICK
6162,NONE,NO_CLICK
6163,NONE,NO_CLICK
6164,NONE,NO_CLICK
6165,NONE,NO_CLICK
6166,NONE,NO_CLICK
6167,NONE,NO_CLICK
6168,NONE,NO_CLICK
6169,NONE,NO_CLICK
6170,NONE,NO_CLICK
6171,NONE,NO_CLICK
6172,NONE,NO_CLICK
6173,NONE,NO_CLICK
6174,NONE,NO_CLICK
6175,NONE,NO_CLICK
6176,NONE,NO_CLICK
6177,NONE,NO_CLICK
6178,NONE,NO_CLICK
6179,NONE,NO_CLICK
6180,NONE,NO_CLICK
6181,NONE,NO_CLICK
6182,NONE,NO_CLICK
6183,NONE,NO_CLICK
6184,NONE,NO_CLICK
6185,NONE,NO_CLICK
6186,NONE,NO_CLICK
6187,NONE,NO_CLICK
6188,NONE,NO_CLICK
6189,NONE,NO_CLICK
6190,NONE,NO_CLICK
6191,NONE,NO_CLICK
6192,NONE,NO_CLICK
6193,NONE,NO_CLICK
6194,NONE,NO_CLICK
6195,NONE,NO_CLICK
6196,NONE,NO_CLICK
6197,NONE,NO_CLICK
6198,NONE,NO_CLICK
6199,NONE,NO_CLICK
6200,NONE,NO_CLICK
6201,NONE,NO_CLICK
6202,NONE,NO_CLICK
6203,NONE,NO_CLICK
6204,NONE,NO_CLICK
6205,NONE,NO_CLICK
6206,NONE,NO_CLICK
6207,NONE,NO_CLICK
6208,NONE,NO_CLICK
6209,NONE,NO_CLICK
6210,NONE,NO_CLICK
6211,NONE,NO_CLICK
6212,NONE,NO_CLICK
6213,NONE,NO_CLICK
6214,NONE,NO_CLICK
6215,NONE,NO_CLICK
6216,NONE,NO_CLICK
6217,NONE,NO_CLICK
6218,NONE,NO_CLICK
6219,NONE,NO_CLICK
6220,NONE,NO_CLICK
6221,NONE,NO_CLICK
6222,NONE,NO_CLICK
6223,NONE,NO_CLICK
6224,NONE,NO_CLICK
6225,NONE,NO_CLICK
6226,NONE,NO_CLICK
6227,NONE,NO_CLICK
6228,NONE,NO_CLICK
6229,NONE,NO_CLICK
6230,NONE,NO_CLICK
6231,NONE,NO_CLICK
6232,NONE,NO_CLICK
6233,NONE,NO_CLICK
6234,NONE,NO_CLICK
6235,NONE,NO_CLICK
6236,NONE,NO_CLICK
6237,NONE,NO_CLICK
6238,NONE,NO_CLICK
6239,NONE,NO_CLICK
6240,NONE,NO_CLICK
6241,NONE,NO_CLICK
6242,NONE,NO_CLICK
6243,NONE,NO_CLICK
6244,NONE,NO_CLICK
6245,NONE,NO_CLICK
6246,NONE,NO_CLICK
6247,NONE,NO_CLICK
6248,NONE,NO_CLICK
6249,NONE,NO_CLICK
6250,NONE,NO_CLICK
6251,NONE,NO_CLICK
6252,NONE,NO_CLICK
6253,NONE,NO_CLICK
6254,NONE,NO_CLICK
6255,NONE,NO_CLICK
6256,NONE,NO_CLICK
6257,NONE,NO_CLICK
6258,NONE,NO_CLICK
6259,NONE,NO_CLICK
6260,NONE,NO_CLICK
6261,NONE,NO_CLICK
6262,NONE,NO_CLICK
6263,NONE,NO_CLICK
6264,NONE,NO_CLICK
6265,NONE,NO_CLICK
6266,NONE,NO_CLICK
6267,NONE,NO_CLICK
6268,NONE,NO_CLICK
6269,NONE,NO_CLICK
6270,NONE,NO_CLICK
6271,NONE,NO_CLICK
6272,NONE,NO_CLICK
6273,NONE,NO_CLICK
6274,NONE,NO_CLICK
6275,NONE,NO_CLICK
6276,NONE,NO_CLICK
6277,NONE,NO_CLICK
6278,NONE,NO_CLICK
6279,NONE,NO_CLICK
6280,NONE,NO_CLICK
6281,NONE,NO_CLICK
6282,NONE,NO_CLICK
6283,NONE,NO_CLICK
6284,NONE,NO_CLICK
6285,NONE,NO_CLICK
6286,NONE,NO_CLICK
6287,NONE,NO_CLICK
6288,NONE,NO_CLICK
6289,NONE,NO_CLICK
6290,NONE,NO_CLICK
6291,NONE,NO_CLICK
6292,NONE,NO_CLICK
6293,NONE,NO_CLICK
6294,NONE,NO_CLICK
6295,NONE,NO_CLICK
6296,NONE,NO_CLICK
6297,NONE,NO_CLICK
6298,NONE,NO_CLICK
6299,NONE,NO_CLICK
6300,NONE,NO_CLICK
6301,NONE,NO_CLICK
6302,NONE,NO_CLICK
6303,NONE,NO_CLICK
6304,NONE,NO_CLICK
6305,NONE,NO_CLICK
6306,D1,D1_CLICK
6307,D1,D1_CLICK
6308,D1,D1_CLICK
6309,D1,D1_CLICK
6310,D1,D1_CLICK
6311,D1,D1_CLICK
6312,D1,D1_CLICK
6313,D1,D1_CLICK
6314,D1,D1_CLICK
6315,D1,D1_CLICK
6316,D1,D1_CLICK
6317,D1,D1_CLICK
6318,D1,D1_CLICK
6319,D1,D1_CLICK
6320,D1,D1_CLICK
6321,D1,D1_CLICK
6322,D1,D1_CLICK
6323,D1,D1_CLICK
6324,D1,D1_CLICK
6325,D1,D1_CLICK
6326,D1,D1_CLICK
6327,D1,D1_CLICK
6328,D1,D1_CLICK
6329,D1,D1_CLICK
6330,D1,D1_CLICK
6331,D1,D1_CLICK
6332,D1,D1_CLICK
6333,D1,D1_CLICK
6334,D1,D1_CLICK
6335,D1,D1_CLICK
6336,D1,D1_CLICK
6337,D1,D1_CLICK
6338,D1,D1_CLICK
6339,D1,D1_CLICK
6340,D1,D1_CLICK
6341,D1,D1_CLICK
6342,D1,D1_CLICK
6343,D1,D1_CLICK
6344,NONE,NO_CLICK
6345,NONE,NO_CLICK
6346,NONE,NO_CLICK
6347,NONE,NO_CLICK
6348,NONE,NO_CLICK
6349,NONE,NO_CLICK
6350,NONE,NO_CLICK
6351,NONE,NO_CLICK
6352,NONE,NO_CLICK
6353,NONE,NO_CLICK
6354,NONE,NO_CLICK
6355,NONE,NO_CLICK
6356,NONE,NO_CLICK
6357,NONE,NO_CLICK
6358,NONE,NO_CLICK
6359,NONE,NO_CLICK
6360,NONE,NO_CLICK
6361,NONE,NO_CLICK
6362,NONE,NO_CLICK
6363,NONE,NO_CLICK
6364,NONE,NO_CLICK
6365,NONE,NO_CLICK
6366,NONE,NO_CLICK
6367,NONE,NO_CLICK
6368,NONE,NO_CLICK
6369,NONE,NO_CLICK
6370,NONE,NO_CLICK
6371,NONE,NO_CLICK
6372,NONE,NO_CLICK
6373,NONE,NO_CLICK
6374,NONE,NO_CLICK
6375,NONE,NO_CLICK
6376,NONE,NO_CLICK
6377,NONE,NO_CLICK
6378,NONE,NO_CLICK
6379,NONE,NO_CLICK
6380,NONE,NO_CLICK
6381,NONE,NO_CLICK
6382,NONE,NO_CLICK
6383,NONE,NO_CLICK
6384,NONE,NO_CLICK
6385,NONE,NO_CLICK
6386,NONE,NO_CLICK
6387,NONE,NO_CLICK
6388,NONE,NO_CLICK
6389,NONE,NO_CLICK
6390,NONE,NO_CLICK
6391,NONE,NO_CLICK
6392,NONE,NO_CLICK
6393,NONE,NO_CLICK
6394,NONE,NO_CLICK
6395,NONE,NO_CLICK
6396,NONE,NO_CLICK
6397,NONE,NO_CLICK
6398,NONE,NO_CLICK
6399,NONE,NO_CLICK
6400,NONE,NO_CLICK
6401,NONE,NO_CLICK
6402,NONE,NO_CLICK
6403,NONE,NO_CLICK
6404,NONE,NO_CLICK
6405,NONE,NO_CLICK
6406,NONE,NO_CLICK
6407,NONE,NO_CLICK
6408,NONE,NO_CLICK
6409,NONE,NO_CLICK
6410,NONE,NO_CLICK
6411,NONE,NO_CLICK
6412,NONE,NO_CLICK
6413,NONE,NO_CLICK
6414,NONE,NO_CLICK
6415,NONE,NO_CLICK
6416,NONE,NO_CLICK
6417,NONE,NO_CLICK
6418,NONE,NO_CLICK
6419,NONE,NO_CLICK
6420,NONE,NO_CLICK
6421,NONE,NO_CLICK
6422,NONE,NO_CLICK
6423,NONE,NO_CLICK
6424,NONE,NO_CLICK
6425,NONE,NO_CLICK
6426,NONE,NO_CLICK
6427,NONE,NO_CLICK
6428,NONE,NO_CLICK
6429,NONE,NO_CLICK
6430,NONE,NO_CLICK
6431,NONE,NO_CLICK
6432,NONE,NO_CLICK
6433,NONE,NO_CLICK
6434,D2,D2_CLICK
6435,D2,D2_CLICK
6436,D2,D2_CLICK
6437,D2,D2_CLICK
6438,D2,D2_CLICK
6439,D2,D2_CLICK
6440,D2,D2_CLICK
6441,D2,D2_CLICK
6442,D2,D2_CLICK
6443,D2,D2_CLICK
6444,D2,D2_CLICK
6445,D2,D2_CLICK
6446,D2,D2_CLICK
6447,D2,D2_CLICK
6448,D2,D2_CLICK
6449,D2,D2_CLICK
6450,D2,D2_CLICK
6451,D2,D2_CLICK
6452,D2,D2_CLICK
6453,D2,D2_CLICK
6454,D2,D2_CLICK
6455,D2,D2_CLICK
6456,D2,D2_CLICK
6457,D2,D2_CLICK
6458,D2,D2_CLICK
6459,D2,D2_CLICK
6460,D2,D2_CLICK
6461,D2,D2_CLICK
6462,D2,D2_CLICK
6463,D2,D2_CLICK
6464,D2,D2_CLICK
6465,D2,D2_CLICK
6466,D2,D2_CLICK
6467,D2,D2_CLICK
6468,D2,D2_CLICK
6469,D2,D2_CLICK
6470,D2,D2_CLICK
6471,D2,D2_CLICK
6472,NONE,NO_CLICK
6473,NONE,NO_CLICK
6474,NONE,NO_CLICK
6475,NONE,NO_CLICK
6476,NONE,NO_CLICK
6477,NONE,NO_CLICK
6478,NONE,NO_CLICK
6479,NONE,NO_CLICK
6480,NONE,NO_CLICK
6481,NONE,NO_CLICK
6482,NONE,NO_CLICK
6483,NONE,NO_CLICK
6484,NONE,NO_CLICK
6485,NONE,NO_CLICK
6486,NONE,NO_CLICK
6487,NONE,NO_CLICK
6488,NONE,NO_CLICK
6489,NONE,NO_CLICK
6490,NONE,NO_CLICK
6491,NONE,NO_CLICK
6492,NONE,NO_CLICK
6493,NONE,NO_CLICK
6494,NONE,NO_CLICK
6495,NONE,NO_CLICK
6496,NONE,NO_CLICK
6497,NONE,NO_CLICK
6498,NONE,NO_CLICK
6499,NONE,NO_CLICK
6500,NONE,NO_CLICK
6501,NONE,NO_CLICK
6502,NONE,NO_CLICK
6503,NONE,NO_CLICK
6504,NONE,NO_CLICK
6505,NONE,NO_CLICK
6506,NONE,NO_CLICK
6507,NONE,NO_CLICK
6508,NONE,NO_CLICK
6509,NONE,NO_CLICK
6510,NONE,NO_CLICK
6511,NONE,NO_CLICK
6512,NONE,NO_CLICK
6513,NONE,NO_CLICK
6514,NONE,NO_CLICK
6515,NONE,NO_CLICK
6516,NONE,NO_CLICK
6517,NONE,NO_CLICK
6518,NONE,NO_CLICK
6519,NONE,NO_CLICK
6520,NONE,NO_CLICK
6521,NONE,NO_CLICK
6522,NONE,NO_CLICK
6523,NONE,NO_CLICK
6524,NONE,NO_CLICK
6525,NONE,NO_CLICK
6526,NONE,NO_CLICK
6527,NONE,NO_CLICK
6528,NONE,NO_CLICK
6529,NONE,NO_CLICK
6530,NONE,NO_CLICK
6531,NONE,NO_CLICK
6532,NONE,NO_CLICK
6533,NONE,NO_CLICK
6534,NONE,NO_CLICK
6535,NONE,NO_CLICK
6536,NONE,NO_CLICK
6537,NONE,NO_CLICK
6538,NONE,NO_CLICK
6539,NONE,NO_CLICK
6540,NONE,NO_CLICK
6541,NONE,NO_CLICK
6542,NONE,NO_CLICK
6543,NONE,NO_CLICK
6544,NONE,NO_CLICK
6545,NONE,NO_CLICK
6546,NONE,NO_CLICK
6547,NONE,NO_CLICK
6548,NONE,NO_CLICK
6549,NONE,NO_CLICK
6550,NONE,NO_CLICK
6551,NONE,NO_CLICK
6552,NONE,NO_CLICK
6553,NONE,NO_CLICK
6554,NONE,NO_CLICK
6555,NONE,NO_CLICK
6556,NONE,NO_CLICK
6557,NONE,NO_CLICK
6558,NONE,NO_CLICK
6559,NONE,NO_CLICK
6560,NONE,NO_CLICK
6561,NONE,NO_CLICK
6562,NONE,NO_CLICK
6563,NONE,NO_CLICK
6564,NONE,NO_CLICK
6565,NONE,NO_CLICK
6566,NONE,NO_CLICK
6567,NONE,NO_CLICK
6568,NONE,NO_CLICK
6569,NONE,NO_CLICK
6570,NONE,NO_CLICK
6571,NONE,NO_CLICK
6572,NONE,NO_CLICK
6573,NONE,NO_CLICK
6574,NONE,NO_CLICK
6575,NONE,NO_CLICK
6576,NONE,NO_CLICK
6577,NONE,NO_CLICK
6578,NONE,NO_CLICK
6579,NONE,NO_CLICK
6580,NONE,NO_CLICK
6581,NONE,NO_CLICK
6582,NONE,NO_CLICK
6583,NONE,NO_CLICK
6584,NONE,NO_CLICK
6585,NONE,NO_CLICK
6586,NONE,NO_CLICK
6587,NONE,NO_CLICK
6588,NONE,NO_CLICK
6589,NONE,NO_CLICK
6590,NONE,NO_CLICK
6591,NONE,NO_CLICK
6592,NONE,NO_CLICK
6593,NONE,NO_CLICK
6594,NONE,NO_CLICK
6595,NONE,NO_CLICK
6596,NONE,NO_CLICK
6597,NONE,NO_CLICK
6598,NONE,NO_CLICK
6599,NONE,NO_CLICK
6600,NONE,NO_CLICK
6601,NONE,NO_CLICK
6602,NONE,NO_CLICK
6603,NONE,NO_CLICK
6604,NONE,NO_CLICK
6605,NONE,NO_CLICK
6606,NONE,NO_CLICK
6607,NONE,NO_CLICK
6608,NONE,NO_CLICK
6609,NONE,NO_CLICK
6610,NONE,NO_CLICK
6611,NONE,NO_CLICK
6612,NONE,NO_CLICK
6613,NONE,NO_CLICK
6614,NONE,NO_CLICK
6615,NONE,NO_CLICK
6616,NONE,NO_CLICK
6617,NONE,NO_CLICK
6618,NONE,NO_CLICK
6619,NONE,NO_CLICK
6620,NONE,NO_CLICK
6621,NONE,NO_CLICK
6622,NONE,NO_CLICK
6623,NONE,NO_CLICK
6624,NONE,NO_CLICK
6625,NONE,NO_CLICK
6626,NONE,NO_CLICK
6627,NONE,NO_CLICK
6628,NONE,NO_CLICK
6629,NONE,NO_CLICK
6630,NONE,NO_CLICK
6631,NONE,NO_CLICK
6632,NONE,NO_CLICK
6633,NONE,NO_CLICK
6634,NONE,NO_CLICK
6635,NONE,NO_CLICK
6636,NONE,NO_CLICK
6637,NONE,NO_CLICK
6638,NONE,NO_CLICK
6639,NONE,NO_CLICK
6640,NONE,NO_CLICK
6641,NONE,NO_CLICK
6642,NONE,NO_CLICK
6643,NONE,NO_CLICK
6644,NONE,NO_CLICK
6645,NONE,NO_CLICK
6646,NONE,NO_CLICK
6647,NONE,NO_CLICK
6648,NONE,NO_CLICK
6649,NONE,NO_CLICK
6650,NONE,NO_CLICK
6651,NONE,NO_CLICK
6652,NONE,NO_CLICK
6653,NONE,NO_CLICK
6654,NONE,NO_CLICK
6655,NONE,NO_CLICK
6656,NONE,NO_CLICK
6657,NONE,NO_CLICK
6658,NONE,NO_CLICK
6659,NONE,NO_CLICK
6660,NONE,NO_CLICK
6661,NONE,NO_CLICK
6662,NONE,NO_CLICK
6663,NONE,NO_CLICK
6664,NONE,NO_CLICK
6665,NONE,NO_CLICK
6666,NONE,NO_CLICK
6667,NONE,NO_CLICK
6668,NONE,NO_CLICK
6669,NONE,NO_CLICK
6670,NONE,NO_CLICK
6671,NONE,NO_CLICK
6672,NONE,NO_CLICK
6673,NONE,NO_CLICK
6674,NONE,NO_CLICK
6675,NONE,NO_CLICK
6676,NONE,NO_CLICK
6677,NONE,NO_CLICK
6678,NONE,NO_CLICK
6679,NONE,NO_CLICK
6680,NONE,NO_CLICK
6681,NONE,NO_CLICK
6682,NONE,NO_CLICK
6683,NONE,NO_CLICK
6684,NONE,NO_CLICK
6685,NONE,NO_CLICK
6686,NONE,NO_CLICK
6687,NONE,NO_CLICK
6688,NONE,NO_CLICK
6689,NONE,NO_CLICK
6690,D1,D1_CLICK
6691,D1,D1_CLICK
6692,D1,D1_CLICK
6693,D1,D1_CLICK
6694,D1,D1_CLICK
6695,D1,D1_CLICK
6696,D1,D1_CLICK
6697,D1,D1_CLICK
6698,D1,D1_CLICK
6699,D1,D1_CLICK
6700,D1,D1_CLICK
6701,D1,D1_CLICK
6702,D1,D1_CLICK
6703,D1,D1_CLICK
6704,D1,D1_CLICK
6705,D1,D1_CLICK
6706,D1,D1_CLICK
6707,D1,D1_CLICK
6708,D1,D1_CLICK
6709,D1,D1_CLICK
6710,D1,D1_CLICK
6711,D1,D1_CLICK
6712,D1,D1_CLICK
6713,D1,D1_CLICK
6714,D1,D1_CLICK
6715,D1,D1_CLICK
6716,D1,D1_CLICK
6717,D1,D1_CLICK
6718,D1,D1_CLICK
6719,D1,D1_CLICK
6720,D1,D1_CLICK
6721,D1,D1_CLICK
6722,D1,D1_CLICK
6723,D1,D1_CLICK
6724,D1,D1_CLICK
6725,D1,D1_CLICK
6726,D1,D1_CLICK
6727,D1,D1_CLICK
6728,NONE,NO_CLICK
6729,NONE,NO_CLICK
6730,NONE,NO_CLICK
6731,NONE,NO_CLICK
6732,NONE,NO_CLICK
6733,NONE,NO_CLICK
6734,NONE,NO_CLICK
6735,NONE,NO_CLICK
6736,NONE,NO_CLICK
6737,NONE,NO_CLICK
6738,NONE,NO_CLICK
6739,NONE,NO_CLICK
6740,NONE,NO_CLICK
6741,NONE,NO_CLICK
6742,NONE,NO_CLICK
6743,NONE,NO_CLICK
6744,NONE,NO_CLICK
6745,NONE,NO_CLICK
6746,NONE,NO_CLICK
6747,NONE,NO_CLICK
6748,NONE,NO_CLICK
6749,NONE,NO_CLICK
6750,NONE,NO_CLICK
6751,NONE,NO_CLICK
6752,NONE,NO_CLICK
6753,NONE,NO_CLICK
6754,NONE,NO_CLICK
6755,NONE,NO_CLICK
6756,NONE,NO_CLICK
6757,NONE,NO_CLICK
6758,NONE,NO_CLICK
6759,NONE,NO_CLICK
6760,NONE,NO_CLICK
6761,NONE,NO_CLICK
6762,NONE,NO_CLICK
6763,NONE,NO_CLICK
6764,NONE,NO_CLICK
6765,NONE,NO_CLICK
6766,NONE,NO_CLICK
6767,NONE,NO_CLICK
6768,NONE,NO_CLICK
6769,NONE,NO_CLICK
6770,NONE,NO_CLICK
6771,NONE,NO_CLICK
6772,NONE,NO_CLICK
6773,NONE,NO_CLICK
6774,NONE,NO_CLICK
6775,NONE,NO_CLICK
6776,NONE,NO_CLICK
6777,NONE,NO_CLICK
6778,NONE,NO_CLICK
6779,NONE,NO_CLICK
6780,NONE,NO_CLICK
6781,NONE,NO_CLICK
6782,NONE,NO_CLICK
6783,NONE,NO_CLICK
6784,NONE,NO_CLICK
6785,NONE,NO_CLICK
6786,NONE,NO_CLICK
6787,NONE,NO_CLICK
6788,NONE,NO_CLICK
6789,NONE,NO_CLICK
6790,NONE,NO_CLICK
6791,NONE,NO_CLICK
6792,NONE,NO_CLICK
6793,NONE,NO_CLICK
6794,NONE,NO_CLICK
6795,NONE,NO_CLICK
6796,NONE,NO_CLICK
6797,NONE,NO_CLICK
6798,NONE,NO_CLICK
6799,NONE,NO_CLICK
6800,NONE,NO_CLICK
6801,NONE,NO_CLICK
6802,NONE,NO_CLICK
6803,NONE,NO_CLICK
6804,NONE,NO_CLICK
6805,NONE,NO_CLICK
6806,NONE,NO_CLICK
6807,NONE,NO_CLICK
6808,NONE,NO_CLICK
6809,NONE,NO_CLICK
6810,NONE,NO_CLICK
6811,NONE,NO_CLICK
6812,NONE,NO_CLICK
6813,NONE,NO_CLICK
6814,NONE,NO_CLICK
6815,NONE,NO_CLICK
6816,NONE,NO_CLICK
6817,NONE,NO_CLICK
6818,NONE,NO_CLICK
6819,NONE,NO_CLICK
6820,NONE,NO_CLICK
6821,NONE,NO_CLICK
6822,NONE,NO_CLICK
6823,NONE,NO_CLICK
6824,NONE,NO_CLICK
6825,NONE,NO_CLICK
6826,NONE,NO_CLICK
6827,NONE,NO_CLICK
6828,NONE,NO_CLICK
6829,NONE,NO_CLICK
6830,NONE,NO_CLICK
6831,NONE,NO_CLICK
6832,NONE,NO_CLICK
6833,NONE,NO_CLICK
6834,NONE,NO_CLICK
6835,NONE,NO_CLICK
6836,NONE,NO_CLICK
6837,NONE,NO_CLICK
6838,NONE,NO_CLICK
6839,NONE,NO_CLICK
6840,NONE,NO_CLICK
6841,NONE,NO_CLICK
6842,NONE,NO_CLICK
6843,NONE,NO_CLICK
6844,NONE,NO_CLICK
6845,NONE,NO_CLICK
6846,NONE,NO_CLICK
6847,NONE,NO_CLICK
6848,NONE,NO_CLICK
6849,NONE,NO_CLICK
6850,NONE,NO_CLICK
6851,NONE,NO_CLICK
6852,NONE,NO_CLICK
6853,NONE,NO_CLICK
6854,NONE,NO_CLICK
6855,NONE,NO_CLICK
6856,NONE,NO_CLICK
6857,NONE,NO_CLICK
6858,NONE,NO_CLICK
6859,NONE,NO_CLICK
6860,NONE,NO_CLICK
6861,NONE,NO_CLICK
6862,NONE,NO_CLICK
6863,NONE,NO_CLICK
6864,NONE,NO_CLICK
6865,NONE,NO_CLICK
6866,NONE,NO_CLICK
6867,NONE,NO_CLICK
6868,NONE,NO_CLICK
6869,NONE,NO_CLICK
6870,NONE,NO_CLICK
6871,NONE,NO_CLICK
6872,NONE,NO_CLICK
6873,NONE,NO_CLICK
6874,NONE,NO_CLICK
6875,NONE,NO_CLICK
6876,NONE,NO_CLICK
6877,NONE,NO_CLICK
6878,NONE,NO_CLICK
6879,NONE,NO_CLICK
6880,NONE,NO_CLICK
6881,NONE,NO_CLICK
6882,D2,D2_CLICK
6883,D2,D2_CLICK
6884,D2,D2_CLICK
6885,D2,D2_CLICK
6886,D2,D2_CLICK
6887,D2,D2_CLICK
6888,D2,D2_CLICK
6889,D2,D2_CLICK
6890,D2,D2_CLICK
6891,D2,D2_CLICK
6892,D2,D2_CLICK
6893,D2,D2_CLICK
6894,D2,D2_CLICK
6895,D2,D2_CLICK
6896,D2,D2_CLICK
6897,D2,D2_CLICK
6898,D2,D2_CLICK
6899,D2,D2_CLICK
6900,D2,D2_CLICK
6901,D2,D2_CLICK
6902,D2,D2_CLICK
6903,D2,D2_CLICK
6904,D2,D2_CLICK
6905,D2,D2_CLICK
6906,D2,D2_CLICK
6907,D2,D2_CLICK
6908,D2,D2_CLICK
6909,D2,D2_CLICK
6910,D2,D2_CLICK
6911,D2,D2_CLICK
6912,D2,D2_CLICK
6913,D2,D2_CLICK
6914,D2,D2_CLICK
6915,D2,D2_CLICK
6916,D2,D2_CLICK
6917,D2,D2_CLICK
6918,D2,D2_CLICK
6919,D2,D2_CLICK
6920,NONE,NO_CLICK
6921,NONE,NO_CLICK
6922,NONE,NO_CLICK
6923,NONE,NO_CLICK
6924,NONE,NO_CLICK
6925,NONE,NO_CLICK
6926,NONE,NO_CLICK
6927,NONE,NO_CLICK
6928,NONE,NO_CLICK
6929,NONE,NO_CLICK
6930,NONE,NO_CLICK
6931,NONE,NO_CLICK
6932,NONE,NO_CLICK
6933,NONE,NO_CLICK
6934,NONE,NO_CLICK
6935,NONE,NO_CLICK
6936,NONE,NO_CLICK
6937,NONE,NO_CLICK
6938,NONE,NO_CLICK
6939,NONE,NO_CLICK
6940,NONE,NO_CLICK
6941,NONE,NO_CLICK
6942,NONE,NO_CLICK
6943,NONE,NO_CLICK
6944,NONE,NO_CLICK
6945,NONE,NO_CLICK
6946,NONE,NO_CLICK
6947,NONE,NO_CLICK
6948,NONE,NO_CLICK
6949,NONE,NO_CLICK
6950,NONE,NO_CLICK
6951,NONE,NO_CLICK
6952,NONE,NO_CLICK
6953,NONE,NO_CLICK
6954,NONE,NO_CLICK
6955,NONE,NO_CLICK
6956,NONE,NO_CLICK
6957,NONE,NO_CLICK
6958,NONE,NO_CLICK
6959,NONE,NO_CLICK
6960,NONE,NO_CLICK
6961,NONE,NO_CLICK
6962,NONE,NO_CLICK
6963,NONE,NO_CLICK
6964,NONE,NO_CLICK
6965,NONE,NO_CLICK
6966,NONE,NO_CLICK
6967,NONE,NO_CLICK
6968,NONE,NO_CLICK
6969,NONE,NO_CLICK
6970,NONE,NO_CLICK
6971,NONE,NO_CLICK
6972,NONE,NO_CLICK
6973,NONE,NO_CLICK
6974,NONE,NO_CLICK
6975,NONE,NO_CLICK
6976,NONE,NO_CLICK
6977,NONE,NO_CLICK
6978,NONE,NO_CLICK
6979,NONE,NO_CLICK
6980,NONE,NO_CLICK
6981,NONE,NO_CLICK
6982,NONE,NO_CLICK
6983,NONE,NO_CLICK
6984,NONE,NO_CLICK
6985,NONE,NO_CLICK
6986,NONE,NO_CLICK
6987,NONE,NO_CLICK
6988,NONE,NO_CLICK
6989,NONE,NO_CLICK
6990,NONE,NO_CLICK
6991,NONE,NO_CLICK
6992,NONE,NO_CLICK
6993,NONE,NO_CLICK
6994,NONE,NO_CLICK
6995,NONE,NO_CLICK
6996,NONE,NO_CLICK
6997,NONE,NO_CLICK
6998,NONE,NO_CLICK
6999,NONE,NO_CLICK
7000,NONE,NO_CLICK
7001,NONE,NO_CLICK
7002,NONE,NO_CLICK
7003,NONE,NO_CLICK
7004,NONE,NO_CLICK
7005,NONE,NO_CLICK
7006,NONE,NO_CLICK
7007,NONE,NO_CLICK
7008,NONE,NO_CLICK
7009,NONE,NO_CLICK
7010,NONE,NO_CLICK
7011,NONE,NO_CLICK
7012,NONE,NO_CLICK
7013,NONE,NO_CLICK
7014,NONE,NO_CLICK
7015,NONE,NO_CLICK
7016,NONE,NO_CLICK
7017,NONE,NO_CLICK
7018,NONE,NO_CLICK
7019,NONE,NO_CLICK
7020,NONE,NO_CLICK
7021,NONE,NO_CLICK
7022,NONE,NO_CLICK
7023,NONE,NO_CLICK
7024,NONE,NO_CLICK
7025,NONE,NO_CLICK
7026,NONE,NO_CLICK
7027,NONE,NO_CLICK
7028,NONE,NO_CLICK
7029,NONE,NO_CLICK
7030,NONE,NO_CLICK
7031,NONE,NO_CLICK
7032,NONE,NO_CLICK
7033,NONE,NO_CLICK
7034,NONE,NO_CLICK
7035,NONE,NO_CLICK
7036,NONE,NO_CLICK
7037,NONE,NO_CLICK
7038,NONE,NO_CLICK
7039,NONE,NO_CLICK
7040,NONE,NO_CLICK
7041,NONE,NO_CLICK
7042,NONE,NO_CLICK
7043,NONE,NO_CLICK
7044,NONE,NO_CLICK
7045,NONE,NO_CLICK
7046,NONE,NO_CLICK
7047,NONE,NO_CLICK
7048,NONE,NO_CLICK
7049,NONE,NO_CLICK
7050,NONE,NO_CLICK
7051,NONE,NO_CLICK
7052,NONE,NO_CLICK
7053,NONE,NO_CLICK
7054,NONE,NO_CLICK
7055,NONE,NO_CLICK
7056,NONE,NO_CLICK
7057,NONE,NO_CLICK
7058,NONE,NO_CLICK
7059,NONE,NO_CLICK
7060,NONE,NO_CLICK
7061,NONE,NO_CLICK
7062,NONE,NO_CLICK
7063,NONE,NO_CLICK
7064,NONE,NO_CLICK
7065,NONE,NO_CLICK
7066,NONE,NO_CLICK
7067,NONE,NO_CLICK
7068,NONE,NO_CLICK
7069,NONE,NO_CLICK
7070,NONE,NO_CLICK
7071,NONE,NO_CLICK
7072,NONE,NO_CLICK
7073,NONE,NO_CLICK
7074,NONE,NO_CLICK
7075,NONE,NO_CLICK
7076,NONE,NO_CLICK
7077,NONE,NO_CLICK
7078,NONE,NO_CLICK
7079,NONE,NO_CLICK
7080,NONE,NO_CLICK
7081,NONE,NO_CLICK
7082,NONE,NO_CLICK
7083,NONE,NO_CLICK
7084,NONE,NO_CLICK
7085,NONE,NO_CLICK
7086,NONE,NO_CLICK
7087,NONE,NO_CLICK
7088,NONE,NO_CLICK
7089,NONE,NO_CLICK
7090,NONE,NO_CLICK
7091,NONE,NO_CLICK
7092,NONE,NO_CLICK
7093,NONE,NO_CLICK
7094,NONE,NO_CLICK
7095,NONE,NO_CLICK
7096,NONE,NO_CLICK
7097,NONE,NO_CLICK
7098,NONE,NO_CLICK
7099,NONE,NO_CLICK
7100,NONE,NO_CLICK
7101,NONE,NO_CLICK
7102,NONE,NO_CLICK
7103,NONE,NO_CLICK
7104,NONE,NO_CLICK
7105,NONE,NO_CLICK
7106,NONE,NO_CLICK
7107,NONE,NO_CLICK
7108,NONE,NO_CLICK
7109,NONE,NO_CLICK
7110,NONE,NO_CLICK
7111,NONE,NO_CLICK
7112,NONE,NO_CLICK
7113,NONE,NO_CLICK
7114,NONE,NO_CLICK
7115,NONE,NO_CLICK
7116,NONE,NO_CLICK
7117,NONE,NO_CLICK
7118,NONE,NO_CLICK
7119,NONE,NO_CLICK
7120,NONE,NO_CLICK
7121,NONE,NO_CLICK
7122,NONE,NO_CLICK
7123,NONE,NO_CLICK
7124,NONE,NO_CLICK
7125,NONE,NO_CLICK
7126,NONE,NO_CLICK
7127,NONE,NO_CLICK
7128,NONE,NO_CLICK
7129,NONE,NO_CLICK
7130,NONE,NO_CLICK
7131,NONE,NO_CLICK
7132,NONE,NO_CLICK
7133,NONE,NO_CLICK
7134,NONE,NO_CLICK
7135,NONE,NO_CLICK
7136,NONE,NO_CLICK
7137,NONE,NO_CLICK
7138,NONE,NO_CLICK
7139,NONE,NO_CLICK
7140,NONE,NO_CLICK
7141,NONE,NO_CLICK
7142,NONE,NO_CLICK
7143,NONE,NO_CLICK
7144,NONE,NO_CLICK
7145,NONE,NO_CLICK
7146,NONE,NO_CLICK
7147,NONE,NO_CLICK
7148,NONE,NO_CLICK
7149,NONE,NO_CLICK
7150,NONE,NO_CLICK
7151,NONE,NO_CLICK
7152,NONE,NO_CLICK
7153,NONE,NO_CLICK
7154,NONE,NO_CLICK
7155,NONE,NO_CLICK
7156,NONE,NO_CLICK
7157,NONE,NO_CLICK
7158,NONE,NO_CLICK
7159,NONE,NO_CLICK
7160,NONE,NO_CLICK
7161,NONE,NO_CLICK
7162,NONE,NO_CLICK
7163,NONE,NO_CLICK
7164,NONE,NO_CLICK
7165,NONE,NO_CLICK
7166,NONE,NO_CLICK
7167,NONE,NO_CLICK
7168,NONE,NO_CLICK
7169,NONE,NO_CLICK
7170,NONE,NO_CLICK
7171,NONE,NO_CLICK
7172,NONE,NO_CLICK
7173,NONE,NO_CLICK
7174,NONE,NO_CLICK
7175,NONE,NO_CLICK
7176,NONE,NO_CLICK
7177,NONE,NO_CLICK
7178,NONE,NO_CLICK
7179,NONE,NO_CLICK
7180,NONE,NO_CLICK
7181,NONE,NO_CLICK
7182,NONE,NO_CLICK
7183,NONE,NO_CLICK
7184,NONE,NO_CLICK
7185,NONE,NO_CLICK
7186,NONE,NO_CLICK
7187,NONE,NO_CLICK
7188,NONE,NO_CLICK
7189,NONE,NO_CLICK
7190,NONE,NO_CLICK
7191,NONE,NO_CLICK
7192,NONE,NO_CLICK
7193,NONE,NO_CLICK
7194,NONE,NO_CLICK
7195,NONE,NO_CLICK
7196,NONE,NO_CLICK
7197,NONE,NO_CLICK
7198,NONE,NO_CLICK
7199,NONE,NO_CLICK
7200,NONE,NO_CLICK
7201,NONE,NO_CLICK
7202,D2,D2_CLICK
7203,D2,D2_CLICK
7204,D2,D2_CLICK
7205,D2,D2_CLICK
7206,D2,D2_CLICK
7207,D2,D2_CLICK
7208,D2,D2_CLICK
7209,D2,D2_CLICK
7210,D2,D2_CLICK
7211,D2,D2_CLICK
7212,D2,D2_CLICK
7213,D2,D2_CLICK
7214,D2,D2_CLICK
7215,D2,D2_CLICK
7216,D2,D2_CLICK
7217,D2,D2_CLICK
7218,D2,D2_CLICK
7219,D2,D2_CLICK
7220,D2,D2_CLICK
7221,D2,D2_CLICK
7222,D2,D2_CLICK
7223,D2,D2_CLICK
7224,D2,D2_CLICK
7225,D2,D2_CLICK
7226,D2,D2_CLICK
7227,D2,D2_CLICK
7228,D2,D2_CLICK
7229,D2,D2_CLICK
7230,D2,D2_CLICK
7231,D2,D2_CLICK
7232,D2,D2_CLICK
7233,D2,D2_CLICK
7234,D2,D2_CLICK
7235,D2,D2_CLICK
7236,D2,D2_CLICK
7237,D2,D2_CLICK
7238,D2,D2_CLICK
7239,D2,D2_CLICK
7240,NONE,NO_CLICK
7241,NONE,NO_CLICK
7242,NONE,NO_CLICK
7243,NONE,NO_CLICK
7244,NONE,NO_CLICK
7245,NONE,NO_CLICK
7246,NONE,NO_CLICK
7247,NONE,NO_CLICK
7248,NONE,NO_CLICK
7249,NONE,NO_CLICK
7250,NONE,NO_CLICK
7251,NONE,NO_CLICK
7252,NONE,NO_CLICK
7253,NONE,NO_CLICK
7254,NONE,NO_CLICK
7255,NONE,NO_CLICK
7256,NONE,NO_CLICK
7257,NONE,NO_CLICK
7258,NONE,NO_CLICK
7259,NONE,NO_CLICK
7260,NONE,NO_CLICK
7261,NONE,NO_CLICK
7262,NONE,NO_CLICK
7263,NONE,NO_CLICK
7264,NONE,NO_CLICK
7265,NONE,NO_CLICK
7266,NONE,NO_CLICK
7267,NONE,NO_CLICK
7268,NONE,NO_CLICK
7269,NONE,NO_CLICK
7270,NONE,NO_CLICK
7271,NONE,NO_CLICK
7272,NONE,NO_CLICK
7273,NONE,NO_CLICK
7274,NONE,NO_CLICK
7275,NONE,NO_CLICK
7276,NONE,NO_CLICK
7277,NONE,NO_CLICK
7278,NONE,NO_CLICK
7279,NONE,NO_CLICK
7280,NONE,NO_CLICK
7281,NONE,NO_CLICK
7282,NONE,NO_CLICK
7283,NONE,NO_CLICK
7284,NONE,NO_CLICK
7285,NONE,NO_CLICK
7286,NONE,NO_CLICK
7287,NONE,NO_CLICK
7288,NONE,NO_CLICK
7289,NONE,NO_CLICK
7290,NONE,NO_CLICK
7291,NONE,NO_CLICK
7292,NONE,NO_CLICK
7293,NONE,NO_CLICK
7294,NONE,NO_CLICK
7295,NONE,NO_CLICK
7296,NONE,NO_CLICK
7297,NONE,NO_CLICK
7298,NONE,NO_CLICK
7299,NONE,NO_CLICK
7300,NONE,NO_CLICK
7301,NONE,NO_CLICK
7302,NONE,NO_CLICK
7303,NONE,NO_CLICK
7304,NONE,NO_CLICK
7305,NONE,NO_CLICK
7306,NONE,NO_CLICK
7307,NONE,NO_CLICK
7308,NONE,NO_CLICK
7309,NONE,NO_CLICK
7310,NONE,NO_CLICK
7311,NONE,NO_CLICK
7312,NONE,NO_CLICK
7313,NONE,NO_CLICK
7314,NONE,NO_CLICK
7315,NONE,NO_CLICK
7316,NONE,NO_CLICK
7317,NONE,NO_CLICK
7318,NONE,NO_CLICK
7319,NONE,NO_CLICK
7320,NONE,NO_CLICK
7321,NONE,NO_CLICK
7322,NONE,NO_CLICK
7323,NONE,NO_CLICK
7324,NONE,NO_CLICK
7325,NONE,NO_CLICK
7326,NONE,NO_CLICK
7327,NONE,NO_CLICK
7328,NONE,NO_CLICK
7329,NONE,NO_CLICK
7330,NONE,NO_CLICK
7331,NONE,NO_CLICK
7332,NONE,NO_CLICK
7333,NONE,NO_CLICK
7334,NONE,NO_CLICK
7335,NONE,NO_CLICK
7336,NONE,NO_CLICK
7337,NONE,NO_CLICK
7338,NONE,NO_CLICK
7339,NONE,NO_CLICK
7340,NONE,NO_CLICK
7341,NONE,NO_CLICK
7342,NONE,NO_CLICK
7343,NONE,NO_CLICK
7344,NONE,NO_CLICK
7345,NONE,NO_CLICK
7346,NONE,NO_CLICK
7347,NONE,NO_CLICK
7348,NONE,NO_CLICK
7349,NONE,NO_CLICK
7350,NONE,NO_CLICK
7351,NONE,NO_CLICK
7352,NONE,NO_CLICK
7353,NONE,NO_CLICK
7354,NONE,NO_CLICK
7355,NONE,NO_CLICK
7356,NONE,NO_CLICK
7357,NONE,NO_CLICK
7358,NONE,NO_CLICK
7359,NONE,NO_CLICK
7360,NONE,NO_CLICK
7361,NONE,NO_CLICK
7362,NONE,NO_CLICK
7363,NONE,NO_CLICK
7364,NONE,NO_CLICK
7365,NONE,NO_CLICK
7366,NONE,NO_CLICK
7367,NONE,NO_CLICK
7368,NONE,NO_CLICK
7369,NONE,NO_CLICK
7370,NONE,NO_CLICK
7371,NONE,NO_CLICK
7372,NONE,NO_CLICK
7373,NONE,NO_CLICK
7374,NONE,NO_CLICK
7375,NONE,NO_CLICK
7376,NONE,NO_CLICK
7377,NONE,NO_CLICK
7378,NONE,NO_CLICK
7379,NONE,NO_CLICK
7380,NONE,NO_CLICK
7381,NONE,NO_CLICK
7382,NONE,NO_CLICK
7383,NONE,NO_CLICK
7384,NONE,NO_CLICK
7385,NONE,NO_CLICK
7386,NONE,NO_CLICK
7387,NONE,NO_CLICK
7388,NONE,NO_CLICK
7389,NONE,NO_CLICK
7390,NONE,NO_CLICK
7391,NONE,NO_CLICK
7392,NONE,NO_CLICK
7393,NONE,NO_CLICK
7394,NONE,NO_CLICK
7395,NONE,NO_CLICK
7396,NONE,NO_CLICK
7397,NONE,NO_CLICK
7398,NONE,NO_CLICK
7399,NONE,NO_CLICK
7400,NONE,NO_CLICK
7401,NONE,NO_CLICK
7402,NONE,NO_CLICK
7403,NONE,NO_CLICK
7404,NONE,NO_CLICK
7405,NONE,NO_CLICK
7406,NONE,NO_CLICK
7407,NONE,NO_CLICK
7408,NONE,NO_CLICK
7409,NONE,NO_CLICK
7410,NONE,NO_CLICK
7411,NONE,NO_CLICK
7412,NONE,NO_CLICK
7413,NONE,NO_CLICK
7414,NONE,NO_CLICK
7415,NONE,NO_CLICK
7416,NONE,NO_CLICK
7417,NONE,NO_CLICK
7418,NONE,NO_CLICK
7419,NONE,NO_CLICK
7420,NONE,NO_CLICK
7421,NONE,NO_CLICK
7422,NONE,NO_CLICK
7423,NONE,NO_CLICK
7424,NONE,NO_CLICK
7425,NONE,NO_CLICK
7426,NONE,NO_CLICK
7427,NONE,NO_CLICK
7428,NONE,NO_CLICK
7429,NONE,NO_CLICK
7430,NONE,NO_CLICK
7431,NONE,NO_CLICK
7432,NONE,NO_CLICK
7433,NONE,NO_CLICK
7434,NONE,NO_CLICK
7435,NONE,NO_CLICK
7436,NONE,NO_CLICK
7437,NONE,NO_CLICK
7438,NONE,NO_CLICK
7439,NONE,NO_CLICK
7440,NONE,NO_CLICK
7441,NONE,NO_CLICK
7442,NONE,NO_CLICK
7443,NONE,NO_CLICK
7444,NONE,NO_CLICK
7445,NONE,NO_CLICK
7446,NONE,NO_CLICK
7447,NONE,NO_CLICK
7448,NONE,NO_CLICK
7449,NONE,NO_CLICK
7450,NONE,NO_CLICK
7451,NONE,NO_CLICK
7452,NONE,NO_CLICK
7453,NONE,NO_CLICK
7454,NONE,NO_CLICK
7455,NONE,NO_CLICK
7456,NONE,NO_CLICK
7457,NONE,NO_CLICK
7458,D1,D1_CLICK
7459,D1,D1_CLICK
7460,D1,D1_CLICK
7461,D1,D1_CLICK
7462,D1,D1_CLICK
7463,D1,D1_CLICK
7464,D1,D1_CLICK
7465,D1,D1_CLICK
7466,D1,D1_CLICK
7467,D1,D1_CLICK
7468,D1,D1_CLICK
7469,D1,D1_CLICK
7470,D1,D1_CLICK
7471,D1,D1_CLICK
7472,D1,D1_CLICK
7473,D1,D1_CLICK
7474,D1,D1_CLICK
7475,D1,D1_CLICK
7476,D1,D1_CLICK
7477,D1,D1_CLICK
7478,D1,D1_CLICK
7479,D1,D1_CLICK
7480,D1,D1_CLICK
7481,D1,D1_CLICK
7482,D1,D1_CLICK
7483,D1,D1_CLICK
7484,D1,D1_CLICK
7485,D1,D1_CLICK
7486,D1,D1_CLICK
7487,D1,D1_CLICK
7488,D1,D1_CLICK
7489,D1,D1_CLICK
7490,D1,D1_CLICK
7491,D1,D1_CLICK
7492,D1,D1_CLICK
7493,D1,D1_CLICK
7494,D1,D1_CLICK
7495,D1,D1_CLICK
7496,NONE,NO_CLICK
7497,NONE,NO_CLICK
7498,NONE,NO_CLICK
7499,NONE,NO_CLICK
7500,NONE,NO_CLICK
7501,NONE,NO_CLICK
7502,NONE,NO_CLICK
7503,NONE,NO_CLICK
7504,NONE,NO_CLICK
7505,NONE,NO_CLICK
7506,NONE,NO_CLICK
7507,NONE,NO_CLICK
7508,NONE,NO_CLICK
7509,NONE,NO_CLICK
7510,NONE,NO_CLICK
7511,NONE,NO_CLICK
7512,NONE,NO_CLICK
7513,NONE,NO_CLICK
7514,NONE,NO_CLICK
7515,NONE,NO_CLICK
7516,NONE,NO_CLICK
7517,NONE,NO_CLICK
7518,NONE,NO_CLICK
7519,NONE,NO_CLICK
7520,NONE,NO_CLICK
7521,NONE,NO_CLICK
7522,NONE,NO_CLICK
7523,NONE,NO_CLICK
7524,NONE,NO_CLICK
7525,NONE,NO_CLICK
7526,NONE,NO_CLICK
7527,NONE,NO_CLICK
7528,NONE,NO_CLICK
7529,NONE,NO_CLICK
7530,NONE,NO_CLICK
7531,NONE,NO_CLICK
7532,NONE,NO_CLICK
7533,NONE,NO_CLICK
7534,NONE,NO_CLICK
7535,NONE,NO_CLICK
7536,NONE,NO_CLICK
7537,NONE,NO_CLICK
7538,NONE,NO_CLICK
7539,NONE,NO_CLICK
7540,NONE,NO_CLICK
7541,NONE,NO_CLICK
7542,NONE,NO_CLICK
7543,NONE,NO_CLICK
7544,NONE,NO_CLICK
7545,NONE,NO_CLICK
7546,NONE,NO_CLICK
7547,NONE,NO_CLICK
7548,NONE,NO_CLICK
7549,NONE,NO_CLICK
7550,NONE,NO_CLICK
7551,NONE,NO_CLICK
7552,NONE,NO_CLICK
7553,NONE,NO_CLICK
7554,NONE,NO_CLICK
7555,NONE,NO_CLICK
7556,NONE,NO_CLICK
7557,NONE,NO_CLICK
7558,NONE,NO_CLICK
7559,NONE,NO_CLICK
7560,NONE,NO_CLICK
7561,NONE,NO_CLICK
7562,NONE,NO_CLICK
7563,NONE,NO_CLICK
7564,NONE,NO_CLICK
7565,NONE,NO_CLICK
7566,NONE,NO_CLICK
7567,NONE,NO_CLICK
7568,NONE,NO_CLICK
7569,NONE,NO_CLICK
7570,NONE,NO_CLICK
7571,NONE,NO_CLICK
7572,NONE,NO_CLICK
7573,NONE,NO_CLICK
7574,NONE,NO_CLICK
7575,NONE,NO_CLICK
7576,NONE,NO_CLICK
7577,NONE,NO_CLICK
7578,NONE,NO_CLICK
7579,NONE,NO_CLICK
7580,NONE,NO_CLICK
7581,NONE,NO_CLICK
7582,NONE,NO_CLICK
7583,NONE,NO_CLICK
7584,NONE,NO_CLICK
7585,NONE,NO_CLICK
7586,NONE,NO_CLICK
7587,NONE,NO_CLICK
7588,NONE,NO_CLICK
7589,NONE,NO_CLICK
7590,NONE,NO_CLICK
7591,NONE,NO_CLICK
7592,NONE,NO_CLICK
7593,NONE,NO_CLICK
7594,NONE,NO_CLICK
7595,NONE,NO_CLICK
7596,NONE,NO_CLICK
7597,NONE,NO_CLICK
7598,NONE,NO_CLICK
7599,NONE,NO_CLICK
7600,NONE,NO_CLICK
7601,NONE,NO_CLICK
7602,NONE,NO_CLICK
7603,NONE,NO_CLICK
7604,NONE,NO_CLICK
7605,NONE,NO_CLICK
7606,NONE,NO_CLICK
7607,NONE,NO_CLICK
7608,NONE,NO_CLICK
7609,NONE,NO_CLICK
7610,NONE,NO_CLICK
7611,NONE,NO_CLICK
7612,NONE,NO_CLICK
7613,NONE,NO_CLICK
7614,NONE,NO_CLICK
7615,NONE,NO_CLICK
7616,NONE,NO_CLICK
7617,NONE,NO_CLICK
7618,NONE,NO_CLICK
7619,NONE,NO_CLICK
7620,NONE,NO_CLICK
7621,NONE,NO_CLICK
7622,NONE,NO_CLICK
7623,NONE,NO_CLICK
7624,NONE,NO_CLICK
7625,NONE,NO_CLICK
7626,NONE,NO_CLICK
7627,NONE,NO_CLICK
7628,NONE,NO_CLICK
7629,NONE,NO_CLICK
7630,NONE,NO_CLICK
7631,NONE,NO_CLICK
7632,NONE,NO_CLICK
7633,NONE,NO_CLICK
7634,NONE,NO_CLICK
7635,NONE,NO_CLICK
7636,NONE,NO_CLICK
7637,NONE,NO_CLICK
7638,NONE,NO_CLICK
7639,NONE,NO_CLICK
7640,NONE,NO_CLICK
7641,NONE,NO_CLICK
7642,NONE,NO_CLICK
7643,NONE,NO_CLICK
7644,NONE,NO_CLICK
7645,NONE,NO_CLICK
7646,NONE,NO_CLICK
7647,NONE,NO_CLICK
7648,NONE,NO_CLICK
7649,NONE,NO_CLICK
7650,D2,D2_CLICK
7651,D2,D2_CLICK
7652,D2,D2_CLICK
7653,D2,D2_CLICK
7654,D2,D2_CLICK
7655,D2,D2_CLICK
7656,D2,D2_CLICK
7657,D2,D2_CLICK
7658,D2,D2_CLICK
7659,D2,D2_CLICK
7660,D2,D2_CLICK
7661,D2,D2_CLICK
7662,D2,D2_CLICK
7663,D2,D2_CLICK
7664,D2,D2_CLICK
7665,D2,D2_CLICK
7666,D2,D2_CLICK
7667,D2,D2_CLICK
7668,D2,D2_CLICK
7669,D2,D2_CLICK
7670,D2,D2_CLICK
7671,D2,D2_CLICK
7672,D2,D2_CLICK
7673,D2,D2_CLICK
7674,D2,D2_CLICK
7675,D2,D2_CLICK
7676,D2,D2_CLICK
7677,D2,D2_CLICK
7678,D2,D2_CLICK
7679,D2,D2_CLICK
7680,D2,D2_CLICK
7681,D2,D2_CLICK
7682,D2,D2_CLICK
7683,D2,D2_CLICK
7684,D2,D2_CLICK
7685,D2,D2_CLICK
7686,D2,D2_CLICK
7687,D2,D2_CLICK
7688,NONE,NO_CLICK
7689,NONE,NO_CLICK
7690,NONE,NO_CLICK
7691,NONE,NO_CLICK
7692,NONE,NO_CLICK
7693,NONE,NO_CLICK
7694,NONE,NO_CLICK
7695,NONE,NO_CLICK
7696,NONE,NO_CLICK
7697,NONE,NO_CLICK
7698,NONE,NO_CLICK
7699,NONE,NO_CLICK
7700,NONE,NO_CLICK
7701,NONE,NO_CLICK
7702,NONE,NO_CLICK
7703,NONE,NO_CLICK
7704,NONE,NO_CLICK
7705,NONE,NO_CLICK
7706,NONE,NO_CLICK
7707,NONE,NO_CLICK
7708,NONE,NO_CLICK
7709,NONE,NO_CLICK
7710,NONE,NO_CLICK
7711,NONE,NO_CLICK
7712,NONE,NO_CLICK
7713,NONE,NO_CLICK
7714,NONE,NO_CLICK
7715,NONE,NO_CLICK
7716,NONE,NO_CLICK
7717,NONE,NO_CLICK
7718,NONE,NO_CLICK
7719,NONE,NO_CLICK
7720,NONE,NO_CLICK
7721,NONE,NO_CLICK
7722,NONE,NO_CLICK
7723,NONE,NO_CLICK
7724,NONE,NO_CLICK
7725,NONE,NO_CLICK
7726,NONE,NO_CLICK
7727,NONE,NO_CLICK
7728,NONE,NO_CLICK
7729,NONE,NO_CLICK
7730,NONE,NO_CLICK
7731,NONE,NO_CLICK
7732,NONE,NO_CLICK
7733,NONE,NO_CLICK
7734,NONE,NO_CLICK
7735,NONE,NO_CLICK
7736,NONE,NO_CLICK
7737,NONE,NO_CLICK
7738,NONE,NO_CLICK
7739,NONE,NO_CLICK
7740,NONE,NO_CLICK
7741,NONE,NO_CLICK
7742,NONE,NO_CLICK
7743,NONE,NO_CLICK
7744,NONE,NO_CLICK
7745,NONE,NO_CLICK
7746,NONE,NO_CLICK
7747,NONE,NO_CLICK
7748,NONE,NO_CLICK
7749,NONE,NO_CLICK
7750,NONE,NO_CLICK
7751,NONE,NO_CLICK
7752,NONE,NO_CLICK
7753,NONE,NO_CLICK
7754,NONE,NO_CLICK
7755,NONE,NO_CLICK
7756,NONE,NO_CLICK
7757,NONE,NO_CLICK
7758,NONE,NO_CLICK
7759,NONE,NO_CLICK
7760,NONE,NO_CLICK
7761,NONE,NO_CLICK
7762,NONE,NO_CLICK
7763,NONE,NO_CLICK
7764,NONE,NO_CLICK
7765,NONE,NO_CLICK
7766,NONE,NO_CLICK
7767,NONE,NO_CLICK
7768,NONE,NO_CLICK
7769,NONE,NO_CLICK
7770,NONE,NO_CLICK
7771,NONE,NO_CLICK
7772,NONE,NO_CLICK
7773,NONE,NO_CLICK
7774,NONE,NO_CLICK
7775,NONE,NO_CLICK
7776,NONE,NO_CLICK
7777,NONE,NO_CLICK
7778,NONE,NO_CLICK
7779,NONE,NO_CLICK
7780,NONE,NO_CLICK
7781,NONE,NO_CLICK
7782,NONE,NO_CLICK
7783,NONE,NO_CLICK
7784,NONE,NO_CLICK
7785,NONE,NO_CLICK
7786,NONE,NO_CLICK
7787,NONE,NO_CLICK
7788,NONE,NO_CLICK
7789,NONE,NO_CLICK
7790,NONE,NO_CLICK
7791,NONE,NO_CLICK
7792,NONE,NO_CLICK
7793,NONE,NO_CLICK
7794,NONE,NO_CLICK
7795,NONE,NO_CLICK
7796,NONE,NO_CLICK
7797,NONE,NO_CLICK
7798,NONE,NO_CLICK
7799,NONE,NO_CLICK
7800,NONE,NO_CLICK
7801,NONE,NO_CLICK
7802,NONE,NO_CLICK
7803,NONE,NO_CLICK
7804,NONE,NO_CLICK
7805,NONE,NO_CLICK
7806,NONE,NO_CLICK
7807,NONE,NO_CLICK
7808,NONE,NO_CLICK
7809,NONE,NO_CLICK
7810,NONE,NO_CLICK
7811,NONE,NO_CLICK
7812,NONE,NO_CLICK
7813,NONE,NO_CLICK
7814,NONE,NO_CLICK
7815,NONE,NO_CLICK
7816,NONE,NO_CLICK
7817,NONE,NO_CLICK
7818,NONE,NO_CLICK
7819,NONE,NO_CLICK
7820,NONE,NO_CLICK
7821,NONE,NO_CLICK
7822,NONE,NO_CLICK
7823,NONE,NO_CLICK
7824,NONE,NO_CLICK
7825,NONE,NO_CLICK
7826,NONE,NO_CLICK
7827,NONE,NO_CLICK
7828,NONE,NO_CLICK
7829,NONE,NO_CLICK
7830,NONE,NO_CLICK
7831,NONE,NO_CLICK
7832,NONE,NO_CLICK
7833,NONE,NO_CLICK
7834,NONE,NO_CLICK
7835,NONE,NO_CLICK
7836,NONE,NO_CLICK
7837,NONE,NO_CLICK
7838,NONE,NO_CLICK
7839,NONE,NO_CLICK
7840,NONE,NO_CLICK
7841,NONE,NO_CLICK
7842,NONE,NO_CLICK
7843,NONE,NO_CLICK
7844,NONE,NO_CLICK
7845,NONE,NO_CLICK
7846,NONE,NO_CLICK
7847,NONE,NO_CLICK
7848,NONE,NO_CLICK
7849,NONE,NO_CLICK
7850,NONE,NO_CLICK
7851,NONE,NO_CLICK
7852,NONE,NO_CLICK
7853,NONE,NO_CLICK
7854,NONE,NO_CLICK
7855,NONE,NO_CLICK
7856,NONE,NO_CLICK
7857,NONE,NO_CLICK
7858,NONE,NO_CLICK
7859,NONE,NO_CLICK
7860,NONE,NO_CLICK
7861,NONE,NO_CLICK
7862,NONE,NO_CLICK
7863,NONE,NO_CLICK
7864,NONE,NO_CLICK
7865,NONE,NO_CLICK
7866,NONE,NO_CLICK
7867,NONE,NO_CLICK
7868,NONE,NO_CLICK
7869,NONE,NO_CLICK
7870,NONE,NO_CLICK
7871,NONE,NO_CLICK
7872,NONE,NO_CLICK
7873,NONE,NO_CLICK
7874,NONE,NO_CLICK
7875,NONE,NO_CLICK
7876,NONE,NO_CLICK
7877,NONE,NO_CLICK
7878,NONE,NO_CLICK
7879,NONE,NO_CLICK
7880,NONE,NO_CLICK
7881,NONE,NO_CLICK
7882,NONE,NO_CLICK
7883,NONE,NO_CLICK
7884,NONE,NO_CLICK
7885,NONE,NO_CLICK
7886,NONE,NO_CLICK
7887,NONE,NO_CLICK
7888,NONE,NO_CLICK
7889,NONE,NO_CLICK
7890,NONE,NO_CLICK
7891,NONE,NO_CLICK
7892,NONE,NO_CLICK
7893,NONE,NO_CLICK
7894,NONE,NO_CLICK
7895,NONE,NO_CLICK
7896,NONE,NO_CLICK
7897,NONE,NO_CLICK
7898,NONE,NO_CLICK
7899,NONE,NO_CLICK
7900,NONE,NO_CLICK
7901,NONE,NO_CLICK
7902,NONE,NO_CLICK
7903,NONE,NO_CLICK
7904,NONE,NO_CLICK
7905,NONE,NO_CLICK
7906,NONE,NO_CLICK
7907,NONE,NO_CLICK
7908,NONE,NO_CLICK
7909,NONE,NO_CLICK
7910,NONE,NO_CLICK
7911,NONE,NO_CLICK
7912,NONE,NO_CLICK
7913,NONE,NO_CLICK
7914,NONE,NO_CLICK
7915,NONE,NO_CLICK
7916,NONE,NO_CLICK
7917,NONE,NO_CLICK
7918,NONE,NO_CLICK
7919,NONE,NO_CLICK
7920,NONE,NO_CLICK
7921,NONE,NO_CLICK
7922,NONE,NO_CLICK
7923,NONE,NO_CLICK
7924,NONE,NO_CLICK
7925,NONE,NO_CLICK
7926,NONE,NO_CLICK
7927,NONE,NO_CLICK
7928,NONE,NO_CLICK
7929,NONE,NO_CLICK
7930,NONE,NO_CLICK
7931,NONE,NO_CLICK
7932,NONE,NO_CLICK
7933,NONE,NO_CLICK
7934,NONE,NO_CLICK
7935,NONE,NO_CLICK
7936,NONE,NO_CLICK
7937,NONE,NO_CLICK
7938,NONE,NO_CLICK
7939,NONE,NO_CLICK
7940,NONE,NO_CLICK
7941,NONE,NO_CLICK
7942,NONE,NO_CLICK
7943,NONE,NO_CLICK
7944,NONE,NO_CLICK
7945,NONE,NO_CLICK
7946,NONE,NO_CLICK
7947,NONE,NO_CLICK
7948,NONE,NO_CLICK
7949,NONE,NO_CLICK
7950,NONE,NO_CLICK
7951,NONE,NO_CLICK
7952,NONE,NO_CLICK
7953,NONE,NO_CLICK
7954,NONE,NO_CLICK
7955,NONE,NO_CLICK
7956,NONE,NO_CLICK
7957,NONE,NO_CLICK
7958,NONE,NO_CLICK
7959,NONE,NO_CLICK
7960,NONE,NO_CLICK
7961,NONE,NO_CLICK
7962,NONE,NO_CLICK
7963,NONE,NO_CLICK
7964,NONE,NO_CLICK
7965,NONE,NO_CLICK
7966,NONE,NO_CLICK
7967,NONE,NO_CLICK
7968,NONE,NO_CLICK
7969,NONE,NO_CLICK
7970,NONE,NO_CLICK
7971,NONE,NO_CLICK
7972,NONE,NO_CLICK
7973,NONE,NO_CLICK
7974,NONE,NO_CLICK
7975,NONE,NO_CLICK
7976,NONE,NO_CLICK
7977,NONE,NO_CLICK
7978,NONE,NO_CLICK
7979,NONE,NO_CLICK
7980,NONE,NO_CLICK
7981,NONE,NO_CLICK
7982,NONE,NO_CLICK
7983,NONE,NO_CLICK
7984,NONE,NO_CLICK
7985,NONE,NO_CLICK
7986,NONE,NO_CLICK
7987,NONE,NO_CLICK
7988,NONE,NO_CLICK
7989,NONE,NO_CLICK
7990,NONE,NO_CLICK
7991,NONE,NO_CLICK
7992,NONE,NO_CLICK
7993,NONE,NO_CLICK
7994,NONE,NO_CLICK
7995,NONE,NO_CLICK
7996,NONE,NO_CLICK
7997,NONE,NO_CLICK
7998,NONE,NO_CLICK
7999,NONE,NO_CLICK
8000,NONE,NO_CLICK
8001,NONE,NO_CLICK
8002,NONE,NO_CLICK
8003,NONE,NO_CLICK
8004,NONE,NO_CLICK
8005,NONE,NO_CLICK
8006,NONE,NO_CLICK
8007,NONE,NO_CLICK
8008,NONE,NO_CLICK
8009,NONE,NO_CLICK
8010,NONE,NO_CLICK
8011,NONE,NO_CLICK
8012,NONE,NO_CLICK
8013,NONE,NO_CLICK
8014,NONE,NO_CLICK
8015,NONE,NO_CLICK
8016,NONE,NO_CLICK
8017,NONE,NO_CLICK
8018,NONE,NO_CLICK
8019,NONE,NO_CLICK
8020,NONE,NO_CLICK
8021,NONE,NO_CLICK
8022,NONE,NO_CLICK
8023,NONE,NO_CLICK
8024,NONE,NO_CLICK
8025,NONE,NO_CLICK
8026,NONE,NO_CLICK
8027,NONE,NO_CLICK
8028,NONE,NO_CLICK
8029,NONE,NO_CLICK
8030,NONE,NO_CLICK
8031,NONE,NO_CLICK
8032,NONE,NO_CLICK
8033,NONE,NO_CLICK
8034,D1,D1_CLICK
8035,D1,D1_CLICK
8036,D1,D1_CLICK
8037,D1,D1_CLICK
8038,D1,D1_CLICK
8039,D1,D1_CLICK
8040,D1,D1_CLICK
8041,D1,D1_CLICK
8042,D1,D1_CLICK
8043,D1,D1_CLICK
8044,D1,D1_CLICK
8045,D1,D1_CLICK
8046,D1,D1_CLICK
8047,D1,D1_CLICK
8048,D1,D1_CLICK
8049,D1,D1_CLICK
8050,D1,D1_CLICK
8051,D1,D1_CLICK
8052,D1,D1_CLICK
8053,D1,D1_CLICK
8054,D1,D1_CLICK
8055,D1,D1_CLICK
8056,D1,D1_CLICK
8057,D1,D1_CLICK
8058,D1,D1_CLICK
8059,D1,D1_CLICK
8060,D1,D1_CLICK
8061,D1,D1_CLICK
8062,D1,D1_CLICK
8063,D1,D1_CLICK
8064,D1,D1_CLICK
8065,D1,D1_CLICK
8066,BOTH,DOUBLE_CLICK
8067,BOTH,DOUBLE_CLICK
8068,BOTH,DOUBLE_CLICK
8069,BOTH,DOUBLE_CLICK
8070,BOTH,DOUBLE_CLICK
8071,BOTH,DOUBLE_CLICK
8072,D2,D2_CLICK
8073,D2,D2_CLICK
8074,D2,D2_CLICK
8075,D2,D2_CLICK
8076,D2,D2_CLICK
8077,D2,D2_CLICK
8078,D2,D2_CLICK
8079,D2,D2_CLICK
8080,D2,D2_CLICK
8081,D2,D2_CLICK
8082,D2,D2_CLICK
8083,D2,D2_CLICK
8084,D2,D2_CLICK
8085,D2,D2_CLICK
8086,D2,D2_CLICK
8087,D2,D2_CLICK
8088,D2,D2_CLICK
8089,D2,D2_CLICK
8090,D2,D2_CLICK
8091,D2,D2_CLICK
8092,D2,D2_CLICK
8093,D2,D2_CLICK
8094,D2,D2_CLICK
8095,D2,D2_CLICK
8096,D2,D2_CLICK
8097,D2,D2_CLICK
8098,D2,D2_CLICK
8099,D2,D2_CLICK
8100,D2,D2_CLICK
8101,D2,D2_CLICK
8102,D2,D2_CLICK
8103,D2,D2_CLICK
8104,NONE,NO_CLICK
8105,NONE,NO_CLICK
8106,NONE,NO_CLICK
8107,NONE,NO_CLICK
8108,NONE,NO_CLICK
8109,NONE,NO_CLICK
8110,NONE,NO_CLICK
8111,NONE,NO_CLICK
8112,NONE,NO_CLICK
8113,NONE,NO_CLICK
8114,NONE,NO_CLICK
8115,NONE,NO_CLICK
8116,NONE,NO_CLICK
8117,NONE,NO_CLICK
8118,NONE,NO_CLICK
8119,NONE,NO_CLICK
8120,NONE,NO_CLICK
8121,NONE,NO_CLICK
8122,NONE,NO_CLICK
8123,NONE,NO_CLICK
8124,NONE,NO_CLICK
8125,NONE,NO_CLICK
8126,NONE,NO_CLICK
8127,NONE,NO_CLICK
8128,NONE,NO_CLICK
8129,NONE,NO_CLICK
8130,NONE,NO_CLICK
8131,NONE,NO_CLICK
8132,NONE,NO_CLICK
8133,NONE,NO_CLICK
8134,NONE,NO_CLICK
8135,NONE,NO_CLICK
8136,NONE,NO_CLICK
8137,NONE,NO_CLICK
8138,NONE,NO_CLICK
8139,NONE,NO_CLICK
8140,NONE,NO_CLICK
8141,NONE,NO_CLICK
8142,NONE,NO_CLICK
8143,NONE,NO_CLICK
8144,NONE,NO_CLICK
8145,NONE,NO_CLICK
8146,NONE,NO_CLICK
8147,NONE,NO_CLICK
8148,NONE,NO_CLICK
8149,NONE,NO_CLICK
8150,NONE,NO_CLICK
8151,NONE,NO_CLICK
8152,NONE,NO_CLICK
8153,NONE,NO_CLICK
8154,NONE,NO_CLICK
8155,NONE,NO_CLICK
8156,NONE,NO_CLICK
8157,NONE,NO_CLICK
8158,NONE,NO_CLICK
8159,NONE,NO_CLICK
8160,NONE,NO_CLICK
8161,NONE,NO_CLICK
8162,NONE,NO_CLICK
8163,NONE,NO_CLICK
8164,NONE,NO_CLICK
8165,NONE,NO_CLICK
8166,NONE,NO_CLICK
8167,NONE,NO_CLICK
8168,NONE,NO_CLICK
8169,NONE,NO_CLICK
8170,NONE,NO_CLICK
8171,NONE,NO_CLICK
8172,NONE,NO_CLICK
8173,NONE,NO_CLICK
8174,NONE,NO_CLICK
8175,NONE,NO_CLICK
8176,NONE,NO_CLICK
8177,NONE,NO_CLICK
8178,NONE,NO_CLICK
8179,NONE,NO_CLICK
8180,NONE,NO_CLICK
8181,NONE,NO_CLICK
8182,NONE,NO_CLICK
8183,NONE,NO_CLICK
8184,NONE,NO_CLICK
8185,NONE,NO_CLICK
8186,NONE,NO_CLICK
8187,NONE,NO_CLICK
8188,NONE,NO_CLICK
8189,NONE,NO_CLICK
8190,NONE,NO_CLICK
8191,NONE,NO_CLICK
8192,NONE,NO_CLICK
8193,NONE,NO_CLICK
8194,NONE,NO_CLICK
8195,NONE,NO_CLICK
8196,NONE,NO_CLICK
8197,NONE,NO_CLICK
8198,NONE,NO_CLICK
8199,NONE,NO_CLICK
8200,NONE,NO_CLICK
8201,NONE,NO_CLICK
8202,NONE,NO_CLICK
8203,NONE,NO_CLICK
8204,NONE,NO_CLICK
8205,NONE,NO_CLICK
8206,NONE,NO_CLICK
8207,NONE,NO_CLICK
8208,NONE,NO_CLICK
8209,NONE,NO_CLICK
8210,NONE,NO_CLICK
8211,NONE,NO_CLICK
8212,NONE,NO_CLICK
8213,NONE,NO_CLICK
8214,NONE,NO_CLICK
8215,NONE,NO_CLICK
8216,NONE,NO_CLICK
8217,NONE,NO_CLICK
8218,NONE,NO_CLICK
8219,NONE,NO_CLICK
8220,NONE,NO_CLICK
8221,NONE,NO_CLICK
8222,NONE,NO_CLICK
8223,NONE,NO_CLICK
8224,NONE,NO_CLICK
8225,NONE,NO_CLICK
8226,NONE,NO_CLICK
8227,NONE,NO_CLICK
8228,NONE,NO_CLICK
8229,NONE,NO_CLICK
8230,NONE,NO_CLICK
8231,NONE,NO_CLICK
8232,NONE,NO_CLICK
8233,NONE,NO_CLICK
8234,NONE,NO_CLICK
8235,NONE,NO_CLICK
8236,NONE,NO_CLICK
8237,NONE,NO_CLICK
8238,NONE,NO_CLICK
8239,NONE,NO_CLICK
8240,NONE,NO_CLICK
8241,NONE,NO_CLICK
8242,NONE,NO_CLICK
8243,NONE,NO_CLICK
8244,NONE,NO_CLICK
8245,NONE,NO_CLICK
8246,NONE,NO_CLICK
8247,NONE,NO_CLICK
8248,NONE,NO_CLICK
8249,NONE,NO_CLICK
8250,NONE,NO_CLICK
8251,NONE,NO_CLICK
8252,NONE,NO_CLICK
8253,NONE,NO_CLICK
8254,NONE,NO_CLICK
8255,NONE,NO_CLICK
8256,NONE,NO_CLICK
8257,NONE,NO_CLICK
8258,NONE,NO_CLICK
8259,NONE,NO_CLICK
8260,NONE,NO_CLICK
8261,NONE,NO_CLICK
8262,NONE,NO_CLICK
8263,NONE,NO_CLICK
8264,NONE,NO_CLICK
8265,NONE,NO_CLICK
8266,NONE,NO_CLICK
8267,NONE,NO_CLICK
8268,NONE,NO_CLICK
8269,NONE,NO_CLICK
8270,NONE,NO_CLICK
8271,NONE,NO_CLICK
8272,NONE,NO_CLICK
8273,NONE,NO_CLICK
8274,NONE,NO_CLICK
8275,NONE,NO_CLICK
8276,NONE,NO_CLICK
8277,NONE,NO_CLICK
8278,NONE,NO_CLICK
8279,NONE,NO_CLICK
8280,NONE,NO_CLICK
8281,NONE,NO_CLICK
8282,NONE,NO_CLICK
8283,NONE,NO_CLICK
8284,NONE,NO_CLICK
8285,NONE,NO_CLICK
8286,NONE,NO_CLICK
8287,NONE,NO_CLICK
8288,NONE,NO_CLICK
8289,NONE,NO_CLICK
8290,NONE,NO_CLICK
8291,NONE,NO_CLICK
8292,NONE,NO_CLICK
8293,NONE,NO_CLICK
8294,NONE,NO_CLICK
8295,NONE,NO_CLICK
8296,NONE,NO_CLICK
8297,NONE,NO_CLICK
8298,NONE,NO_CLICK
8299,NONE,NO_CLICK
8300,NONE,NO_CLICK
8301,NONE,NO_CLICK
8302,NONE,NO_CLICK
8303,NONE,NO_CLICK
8304,NONE,NO_CLICK
8305,NONE,NO_CLICK
8306,NONE,NO_CLICK
8307,NONE,NO_CLICK
8308,NONE,NO_CLICK
8309,NONE,NO_CLICK
8310,NONE,NO_CLICK
8311,NONE,NO_CLICK
8312,NONE,NO_CLICK
8313,NONE,NO_CLICK
8314,NONE,NO_CLICK
8315,NONE,NO_CLICK
8316,NONE,NO_CLICK
8317,NONE,NO_CLICK
8318,NONE,NO_CLICK
8319,NONE,NO_CLICK
8320,NONE,NO_CLICK
8321,NONE,NO_CLICK
8322,NONE,NO_CLICK
8323,NONE,NO_CLICK
8324,NONE,NO_CLICK
8325,NONE,NO_CLICK
8326,NONE,NO_CLICK
8327,NONE,NO_CLICK
8328,NONE,NO_CLICK
8329,NONE,NO_CLICK
8330,NONE,NO_CLICK
8331,NONE,NO_CLICK
8332,NONE,NO_CLICK
8333,NONE,NO_CLICK
8334,NONE,NO_CLICK
8335,NONE,NO_CLICK
8336,NONE,NO_CLICK
8337,NONE,NO_CLICK
8338,NONE,NO_CLICK
8339,NONE,NO_CLICK
8340,NONE,NO_CLICK
8341,NONE,NO_CLICK
8342,NONE,NO_CLICK
8343,NONE,NO_CLICK
8344,NONE,NO_CLICK
8345,NONE,NO_CLICK
8346,NONE,NO_CLICK
8347,NONE,NO_CLICK
8348,NONE,NO_CLICK
8349,NONE,NO_CLICK
8350,NONE,NO_CLICK
8351,NONE,NO_CLICK
8352,NONE,NO_CLICK
8353,NONE,NO_CLICK
8354,D1,D1_CLICK
8355,D1,D1_CLICK
8356,D1,D1_CLICK
8357,D1,D1_CLICK
8358,D1,D1_CLICK
8359,D1,D1_CLICK
8360,D1,D1_CLICK
8361,D1,D1_CLICK
8362,D1,D1_CLICK
8363,D1,D1_CLICK
8364,D1,D1_CLICK
8365,D1,D1_CLICK
8366,D1,D1_CLICK
8367,D1,D1_CLICK
8368,D1,D1_CLICK
8369,D1,D1_CLICK
8370,D1,D1_CLICK
8371,D1,D1_CLICK
8372,D1,D1_CLICK
8373,D1,D1_CLICK
8374,D1,D1_CLICK
8375,D1,D1_CLICK
8376,D1,D1_CLICK
8377,D1,D1_CLICK
8378,D1,D1_CLICK
8379,D1,D1_CLICK
8380,D1,D1_CLICK
8381,D1,D1_CLICK
8382,D1,D1_CLICK
8383,D1,D1_CLICK
8384,D1,D1_CLICK
8385,D1,D1_CLICK
8386,D1,D1_CLICK
8387,D1,D1_CLICK
8388,D1,D1_CLICK
8389,D1,D1_CLICK
8390,D1,D1_CLICK
8391,D1,D1_CLICK
8392,NONE,NO_CLICK
8393,NONE,NO_CLICK
8394,NONE,NO_CLICK
8395,NONE,NO_CLICK
8396,NONE,NO_CLICK
8397,NONE,NO_CLICK
8398,NONE,NO_CLICK
8399,NONE,NO_CLICK
8400,NONE,NO_CLICK
8401,NONE,NO_CLICK
8402,NONE,NO_CLICK
8403,NONE,NO_CLICK
8404,NONE,NO_CLICK
8405,NONE,NO_CLICK
8406,NONE,NO_CLICK
8407,NONE,NO_CLICK
8408,NONE,NO_CLICK
8409,NONE,NO_CLICK
8410,NONE,NO_CLICK
8411,NONE,NO_CLICK
8412,NONE,NO_CLICK
8413,NONE,NO_CLICK
8414,NONE,NO_CLICK
8415,NONE,NO_CLICK
8416,NONE,NO_CLICK
8417,NONE,NO_CLICK
8418,NONE,NO_CLICK
8419,NONE,NO_CLICK
8420,NONE,NO_CLICK
8421,NONE,NO_CLICK
8422,NONE,NO_CLICK
8423,NONE,NO_CLICK
8424,NONE,NO_CLICK
8425,NONE,NO_CLICK
8426,NONE,NO_CLICK
8427,NONE,NO_CLICK
8428,NONE,NO_CLICK
8429,NONE,NO_CLICK
8430,NONE,NO_CLICK
8431,NONE,NO_CLICK
8432,NONE,NO_CLICK
8433,NONE,NO_CLICK
8434,NONE,NO_CLICK
8435,NONE,NO_CLICK
8436,NONE,NO_CLICK
8437,NONE,NO_CLICK
8438,NONE,NO_CLICK
8439,NONE,NO_CLICK
8440,NONE,NO_CLICK
8441,NONE,NO_CLICK
8442,NONE,NO_CLICK
8443,NONE,NO_CLICK
8444,NONE,NO_CLICK
8445,NONE,NO_CLICK
8446,NONE,NO_CLICK
8447,NONE,NO_CLICK
8448,NONE,NO_CLICK
8449,NONE,NO_CLICK
8450,NONE,NO_CLICK
8451,NONE,NO_CLICK
8452,NONE,NO_CLICK
8453,NONE,NO_CLICK
8454,NONE,NO_CLICK
8455,NONE,NO_CLICK
8456,NONE,NO_CLICK
8457,NONE,NO_CLICK
8458,NONE,NO_CLICK
8459,NONE,NO_CLICK
8460,NONE,NO_CLICK
8461,NONE,NO_CLICK
8462,NONE,NO_CLICK
8463,NONE,NO_CLICK
8464,NONE,NO_CLICK
8465,NONE,NO_CLICK
8466,NONE,NO_CLICK
8467,NONE,NO_CLICK
8468,NONE,NO_CLICK
8469,NONE,NO_CLICK
8470,NONE,NO_CLICK
8471,NONE,NO_CLICK
8472,NONE,NO_CLICK
8473,NONE,NO_CLICK
8474,NONE,NO_CLICK
8475,NONE,NO_CLICK
8476,NONE,NO_CLICK
8477,NONE,NO_CLICK
8478,NONE,NO_CLICK
8479,NONE,NO_CLICK
8480,NONE,NO_CLICK
8481,NONE,NO_CLICK
8482,NONE,NO_CLICK
8483,NONE,NO_CLICK
8484,NONE,NO_CLICK
8485,NONE,NO_CLICK
8486,NONE,NO_CLICK
8487,NONE,NO_CLICK
8488,NONE,NO_CLICK
8489,NONE,NO_CLICK
8490,NONE,NO_CLICK
8491,NONE,NO_CLICK
8492,NONE,NO_CLICK
8493,NONE,NO_CLICK
8494,NONE,NO_CLICK
8495,NONE,NO_CLICK
8496,NONE,NO_CLICK
8497,NONE,NO_CLICK
8498,NONE,NO_CLICK
8499,NONE,NO_CLICK
8500,NONE,NO_CLICK
8501,NONE,NO_CLICK
8502,NONE,NO_CLICK
8503,NONE,NO_CLICK
8504,NONE,NO_CLICK
8505,NONE,NO_CLICK
8506,NONE,NO_CLICK
8507,NONE,NO_CLICK
8508,NONE,NO_CLICK
8509,NONE,NO_CLICK
8510,NONE,NO_CLICK
8511,NONE,NO_CLICK
8512,NONE,NO_CLICK
8513,NONE,NO_CLICK
8514,D2,D2_CLICK
8515,D2,D2_CLICK
8516,D2,D2_CLICK
8517,D2,D2_CLICK
8518,D2,D2_CLICK
8519,D2,D2_CLICK
8520,D2,D2_CLICK
8521,D2,D2_CLICK
8522,D2,D2_CLICK
8523,D2,D2_CLICK
8524,D2,D2_CLICK
8525,D2,D2_CLICK
8526,D2,D2_CLICK
8527,D2,D2_CLICK
8528,D2,D2_CLICK
8529,D2,D2_CLICK
8530,D2,D2_CLICK
8531,D2,D2_CLICK
8532,D2,D2_CLICK
8533,D2,D2_CLICK
8534,D2,D2_CLICK
8535,D2,D2_CLICK
8536,D2,D2_CLICK
8537,D2,D2_CLICK
8538,D2,D2_CLICK
8539,D2,D2_CLICK
8540,D2,D2_CLICK
8541,D2,D2_CLICK
8542,D2,D2_CLICK
8543,D2,D2_CLICK
8544,D2,D2_CLICK
8545,D2,D2_CLICK
8546,D2,D2_CLICK
8547,D2,D2_CLICK
8548,D2,D2_CLICK
8549,D2,D2_CLICK
8550,D2,D2_CLICK
8551,D2,D2_CLICK
8552,NONE,NO_CLICK
8553,NONE,NO_CLICK
8554,NONE,NO_CLICK
8555,NONE,NO_CLICK
8556,NONE,NO_CLICK
8557,NONE,NO_CLICK
8558,NONE,NO_CLICK
8559,NONE,NO_CLICK
8560,NONE,NO_CLICK
8561,NONE,NO_CLICK
8562,NONE,NO_CLICK
8563,NONE,NO_CLICK
8564,NONE,NO_CLICK
8565,NONE,NO_CLICK
8566,NONE,NO_CLICK
8567,NONE,NO_CLICK
8568,NONE,NO_CLICK
8569,NONE,NO_CLICK
8570,NONE,NO_CLICK
8571,NONE,NO_CLICK
8572,NONE,NO_CLICK
8573,NONE,NO_CLICK
8574,NONE,NO_CLICK
8575,NONE,NO_CLICK
8576,NONE,NO_CLICK
8577,NONE,NO_CLICK
8578,NONE,NO_CLICK
8579,NONE,NO_CLICK
8580,NONE,NO_CLICK
8581,NONE,NO_CLICK
8582,NONE,NO_CLICK
8583,NONE,NO_CLICK
8584,NONE,NO_CLICK
8585,NONE,NO_CLICK
8586,NONE,NO_CLICK
8587,NONE,NO_CLICK
8588,NONE,NO_CLICK
8589,NONE,NO_CLICK
8590,NONE,NO_CLICK
8591,NONE,NO_CLICK
8592,NONE,NO_CLICK
8593,NONE,NO_CLICK
8594,NONE,NO_CLICK
8595,NONE,NO_CLICK
8596,NONE,NO_CLICK
8597,NONE,NO_CLICK
8598,NONE,NO_CLICK
8599,NONE,NO_CLICK
8600,NONE,NO_CLICK
8601,NONE,NO_CLICK
8602,NONE,NO_CLICK
8603,NONE,NO_CLICK
8604,NONE,NO_CLICK
8605,NONE,NO_CLICK
8606,NONE,NO_CLICK
8607,NONE,NO_CLICK
8608,NONE,NO_CLICK
8609,NONE,NO_CLICK
8610,NONE,NO_CLICK
8611,NONE,NO_CLICK
8612,NONE,NO_CLICK
8613,NONE,NO_CLICK
8614,NONE,NO_CLICK
8615,NONE,NO_CLICK
8616,NONE,NO_CLICK
8617,NONE,NO_CLICK
8618,NONE,NO_CLICK
8619,NONE,NO_CLICK
8620,NONE,NO_CLICK
8621,NONE,NO_CLICK
8622,NONE,NO_CLICK
8623,NONE,NO_CLICK
8624,NONE,NO_CLICK
8625,NONE,NO_CLICK
8626,NONE,NO_CLICK
8627,NONE,NO_CLICK
8628,NONE,NO_CLICK
8629,NONE,NO_CLICK
8630,NONE,NO_CLICK
8631,NONE,NO_CLICK
8632,NONE,NO_CLICK
8633,NONE,NO_CLICK
8634,NONE,NO_CLICK
8635,NONE,NO_CLICK
8636,NONE,NO_CLICK
8637,NONE,NO_CLICK
8638,NONE,NO_CLICK
8639,NONE,NO_CLICK
8640,NONE,NO_CLICK
8641,NONE,NO_CLICK
8642,NONE,NO_CLICK
8643,NONE,NO_CLICK
8644,NONE,NO_CLICK
8645,NONE,NO_CLICK
8646,NONE,NO_CLICK
8647,NONE,NO_CLICK
8648,NONE,NO_CLICK
8649,NONE,NO_CLICK
8650,NONE,NO_CLICK
8651,NONE,NO_CLICK
8652,NONE,NO_CLICK
8653,NONE,NO_CLICK
8654,NONE,NO_CLICK
8655,NONE,NO_CLICK
8656,NONE,NO_CLICK
8657,NONE,NO_CLICK
8658,NONE,NO_CLICK
8659,NONE,NO_CLICK
8660,NONE,NO_CLICK
8661,NONE,NO_CLICK
8662,NONE,NO_CLICK
8663,NONE,NO_CLICK
8664,NONE,NO_CLICK
8665,NONE,NO_CLICK
8666,NONE,NO_CLICK
8667,NONE,NO_CLICK
8668,NONE,NO_CLICK
8669,NONE,NO_CLICK
8670,NONE,NO_CLICK
8671,NONE,NO_CLICK
8672,NONE,NO_CLICK
8673,NONE,NO_CLICK
8674,NONE,NO_CLICK
8675,NONE,NO_CLICK
8676,NONE,NO_CLICK
8677,NONE,NO_CLICK
8678,NONE,NO_CLICK
8679,NONE,NO_CLICK
8680,NONE,NO_CLICK
8681,NONE,NO_CLICK
8682,NONE,NO_CLICK
8683,NONE,NO_CLICK
8684,NONE,NO_CLICK
8685,NONE,NO_CLICK
8686,NONE,NO_CLICK
8687,NONE,NO_CLICK
8688,NONE,NO_CLICK
8689,NONE,NO_CLICK
8690,NONE,NO_CLICK
8691,NONE,NO_CLICK
8692,NONE,NO_CLICK
8693,NONE,NO_CLICK
8694,NONE,NO_CLICK
8695,NONE,NO_CLICK
8696,NONE,NO_CLICK
8697,NONE,NO_CLICK
8698,NONE,NO_CLICK
8699,NONE,NO_CLICK
8700,NONE,NO_CLICK
8701,NONE,NO_CLICK
8702,NONE,NO_CLICK
8703,NONE,NO_CLICK
8704,NONE,NO_CLICK
8705,NONE,NO_CLICK
8706,D1,D1_CLICK
8707,D1,D1_CLICK
8708,D1,D1_CLICK
8709,D1,D1_CLICK
8710,D1,D1_CLICK
8711,D1,D1_CLICK
8712,D1,D1_CLICK
8713,D1,D1_CLICK
8714,D1,D1_CLICK
8715,D1,D1_CLICK
8716,D1,D1_CLICK
8717,D1,D1_CLICK
8718,D1,D1_CLICK
8719,D1,D1_CLICK
8720,D1,D1_CLICK
8721,D1,D1_CLICK
8722,D1,D1_CLICK
8723,D1,D1_CLICK
8724,D1,D1_CLICK
8725,D1,D1_CLICK
8726,D1,D1_CLICK
8727,D1,D1_CLICK
8728,D1,D1_CLICK
8729,D1,D1_CLICK
8730,D1,D1_CLICK
8731,D1,D1_CLICK
8732,D1,D1_CLICK
8733,D1,D1_CLICK
8734,D1,D1_CLICK
8735,D1,D1_CLICK
8736,D1,D1_CLICK
8737,D1,D1_CLICK
8738,D1,D1_CLICK
8739,D1,D1_CLICK
8740,D1,D1_CLICK
8741,D1,D1_CLICK
8742,D1,D1_CLICK
8743,D1,D1_CLICK
8744,NONE,NO_CLICK
8745,NONE,NO_CLICK
8746,NONE,NO_CLICK
8747,NONE,NO_CLICK
8748,NONE,NO_CLICK
8749,NONE,NO_CLICK
8750,NONE,NO_CLICK
8751,NONE,NO_CLICK
8752,NONE,NO_CLICK
8753,NONE,NO_CLICK
8754,NONE,NO_CLICK
8755,NONE,NO_CLICK
8756,NONE,NO_CLICK
8757,NONE,NO_CLICK
8758,NONE,NO_CLICK
8759,NONE,NO_CLICK
8760,NONE,NO_CLICK
8761,NONE,NO_CLICK
8762,NONE,NO_CLICK
8763,NONE,NO_CLICK
8764,NONE,NO_CLICK
8765,NONE,NO_CLICK
8766,NONE,NO_CLICK
8767,NONE,NO_CLICK
8768,NONE,NO_CLICK
8769,NONE,NO_CLICK
8770,NONE,NO_CLICK
8771,NONE,NO_CLICK
8772,NONE,NO_CLICK
8773,NONE,NO_CLICK
8774,NONE,NO_CLICK
8775,NONE,NO_CLICK
8776,NONE,NO_CLICK
8777,NONE,NO_CLICK
8778,NONE,NO_CLICK
8779,NONE,NO_CLICK
8780,NONE,NO_CLICK
8781,NONE,NO_CLICK
8782,NONE,NO_CLICK
8783,NONE,NO_CLICK
8784,NONE,NO_CLICK
8785,NONE,NO_CLICK
8786,NONE,NO_CLICK
8787,NONE,NO_CLICK
8788,NONE,NO_CLICK
8789,NONE,NO_CLICK
8790,NONE,NO_CLICK
8791,NONE,NO_CLICK
8792,NONE,NO_CLICK
8793,NONE,NO_CLICK
8794,NONE,NO_CLICK
8795,NONE,NO_CLICK
8796,NONE,NO_CLICK
8797,NONE,NO_CLICK
8798,NONE,NO_CLICK
8799,NONE,NO_CLICK
8800,NONE,NO_CLICK
8801,NONE,NO_CLICK
8802,NONE,NO_CLICK
8803,NONE,NO_CLICK
8804,NONE,NO_CLICK
8805,NONE,NO_CLICK
8806,NONE,NO_CLICK
8807,NONE,NO_CLICK
8808,NONE,NO_CLICK
8809,NONE,NO_CLICK
8810,NONE,NO_CLICK
8811,NONE,NO_CLICK
8812,NONE,NO_CLICK
8813,NONE,NO_CLICK
8814,NONE,NO_CLICK
8815,NONE,NO_CLICK
8816,NONE,NO_CLICK
8817,NONE,NO_CLICK
8818,NONE,NO_CLICK
8819,NONE,NO_CLICK
8820,NONE,NO_CLICK
8821,NONE,NO_CLICK
8822,NONE,NO_CLICK
8823,NONE,NO_CLICK
8824,NONE,NO_CLICK
8825,NONE,NO_CLICK
8826,NONE,NO_CLICK
8827,NONE,NO_CLICK
8828,NONE,NO_CLICK
8829,NONE,NO_CLICK
8830,NONE,NO_CLICK
8831,NONE,NO_CLICK
8832,NONE,NO_CLICK
8833,NONE,NO_CLICK
8834,NONE,NO_CLICK
8835,NONE,NO_CLICK
8836,NONE,NO_CLICK
8837,NONE,NO_CLICK
8838,NONE,NO_CLICK
8839,NONE,NO_CLICK
8840,NONE,NO_CLICK
8841,NONE,NO_CLICK
8842,NONE,NO_CLICK
8843,NONE,NO_CLICK
8844,NONE,NO_CLICK
8845,NONE,NO_CLICK
8846,NONE,NO_CLICK
8847,NONE,NO_CLICK
8848,NONE,NO_CLICK
8849,NONE,NO_CLICK
8850,NONE,NO_CLICK
8851,NONE,NO_CLICK
8852,NONE,NO_CLICK
8853,NONE,NO_CLICK
8854,NONE,NO_CLICK
8855,NONE,NO_CLICK
8856,NONE,NO_CLICK
8857,NONE,NO_CLICK
8858,NONE,NO_CLICK
8859,NONE,NO_CLICK
8860,NONE,NO_CLICK
8861,NONE,NO_CLICK
8862,NONE,NO_CLICK
8863,NONE,NO_CLICK
8864,NONE,NO_CLICK
8865,NONE,NO_CLICK
8866,NONE,NO_CLICK
8867,NONE,NO_CLICK
8868,NONE,NO_CLICK
8869,NONE,NO_CLICK
8870,NONE,NO_CLICK
8871,NONE,NO_CLICK
8872,NONE,NO_CLICK
8873,NONE,NO_CLICK
8874,NONE,NO_CLICK
8875,NONE,NO_CLICK
8876,NONE,NO_CLICK
8877,NONE,NO_CLICK
8878,NONE,NO_CLICK
8879,NONE,NO_CLICK
8880,NONE,NO_CLICK
8881,NONE,NO_CLICK
8882,NONE,NO_CLICK
8883,NONE,NO_CLICK
8884,NONE,NO_CLICK
8885,NONE,NO_CLICK
8886,NONE,NO_CLICK
8887,NONE,NO_CLICK
8888,NONE,NO_CLICK
8889,NONE,NO_CLICK
8890,NONE,NO_CLICK
8891,NONE,NO_CLICK
8892,NONE,NO_CLICK
8893,NONE,NO_CLICK
8894,NONE,NO_CLICK
8895,NONE,NO_CLICK
8896,NONE,NO_CLICK
8897,NONE,NO_CLICK
8898,NONE,NO_CLICK
8899,NONE,NO_CLICK
8900,NONE,NO_CLICK
8901,NONE,NO_CLICK
8902,NONE,NO_CLICK
8903,NONE,NO_CLICK
8904,NONE,NO_CLICK
8905,NONE,NO_CLICK
8906,NONE,NO_CLICK
8907,NONE,NO_CLICK
8908,NONE,NO_CLICK
8909,NONE,NO_CLICK
8910,NONE,NO_CLICK
8911,NONE,NO_CLICK
8912,NONE,NO_CLICK
8913,NONE,NO_CLICK
8914,NONE,NO_CLICK
8915,NONE,NO_CLICK
8916,NONE,NO_CLICK
8917,NONE,NO_CLICK
8918,NONE,NO_CLICK
8919,NONE,NO_CLICK
8920,NONE,NO_CLICK
8921,NONE,NO_CLICK
8922,NONE,NO_CLICK
8923,NONE,NO_CLICK
8924,NONE,NO_CLICK
8925,NONE,NO_CLICK
8926,NONE,NO_CLICK
8927,NONE,NO_CLICK
8928,NONE,NO_CLICK
8929,NONE,NO_CLICK
8930,NONE,NO_CLICK
8931,NONE,NO_CLICK
8932,NONE,NO_CLICK
8933,NONE,NO_CLICK
8934,NONE,NO_CLICK
8935,NONE,NO_CLICK
8936,NONE,NO_CLICK
8937,NONE,NO_CLICK
8938,NONE,NO_CLICK
8939,NONE,NO_CLICK
8940,NONE,NO_CLICK
8941,NONE,NO_CLICK
8942,NONE,NO_CLICK
8943,NONE,NO_CLICK
8944,NONE,NO_CLICK
8945,NONE,NO_CLICK
8946,NONE,NO_CLICK
8947,NONE,NO_CLICK
8948,NONE,NO_CLICK
8949,NONE,NO_CLICK
8950,NONE,NO_CLICK
8951,NONE,NO_CLICK
8952,NONE,NO_CLICK
8953,NONE,NO_CLICK
8954,NONE,NO_CLICK
8955,NONE,NO_CLICK
8956,NONE,NO_CLICK
8957,NONE,NO_CLICK
8958,NONE,NO_CLICK
8959,NONE,NO_CLICK
8960,NONE,NO_CLICK
8961,NONE,NO_CLICK
8962,NONE,NO_CLICK
8963,NONE,NO_CLICK
8964,NONE,NO_CLICK
8965,NONE,NO_CLICK
8966,NONE,NO_CLICK
8967,NONE,NO_CLICK
8968,NONE,NO_CLICK
8969,NONE,NO_CLICK
8970,NONE,NO_CLICK
8971,NONE,NO_CLICK
8972,NONE,NO_CLICK
8973,NONE,NO_CLICK
8974,NONE,NO_CLICK
8975,NONE,NO_CLICK
8976,NONE,NO_CLICK
8977,NONE,NO_CLICK
8978,NONE,NO_CLICK
8979,NONE,NO_CLICK
8980,NONE,NO_CLICK
8981,NONE,NO_CLICK
8982,NONE,NO_CLICK
8983,NONE,NO_CLICK
8984,NONE,NO_CLICK
8985,NONE,NO_CLICK
8986,NONE,NO_CLICK
8987,NONE,NO_CLICK
8988,NONE,NO_CLICK
8989,NONE,NO_CLICK
8990,NONE,NO_CLICK
8991,NONE,NO_CLICK
8992,NONE,NO_CLICK
8993,NONE,NO_CLICK
8994,NONE,NO_CLICK
8995,NONE,NO_CLICK
8996,NONE,NO_CLICK
8997,NONE,NO_CLICK
8998,NONE,NO_CLICK
8999,NONE,NO_CLICK
9000,NONE,NO_CLICK
9001,NONE,NO_CLICK
9002,NONE,NO_CLICK
9003,NONE,NO_CLICK
9004,NONE,NO_CLICK
9005,NONE,NO_CLICK
9006,NONE,NO_CLICK
9007,NONE,NO_CLICK
9008,NONE,NO_CLICK
9009,NONE,NO_CLICK
9010,NONE,NO_CLICK
9011,NONE,NO_CLICK
9012,NONE,NO_CLICK
9013,NONE,NO_CLICK
9014,NONE,NO_CLICK
9015,NONE,NO_CLICK
9016,NONE,NO_CLICK
9017,NONE,NO_CLICK
9018,NONE,NO_CLICK
9019,NONE,NO_CLICK
9020,NONE,NO_CLICK
9021,NONE,NO_CLICK
9022,NONE,NO_CLICK
9023,NONE,NO_CLICK
9024,NONE,NO_CLICK
9025,NONE,NO_CLICK
9026,D1,D1_CLICK
9027,D1,D1_CLICK
9028,D1,D1_CLICK
9029,D1,D1_CLICK
9030,D1,D1_CLICK
9031,D1,D1_CLICK
9032,D1,D1_CLICK
9033,D1,D1_CLICK
9034,D1,D1_CLICK
9035,D1,D1_CLICK
9036,D1,D1_CLICK
9037,D1,D1_CLICK
9038,D1,D1_CLICK
9039,D1,D1_CLICK
9040,D1,D1_CLICK
9041,D1,D1_CLICK
9042,D1,D1_CLICK
9043,D1,D1_CLICK
9044,D1,D1_CLICK
9045,D1,D1_CLICK
9046,D1,D1_CLICK
9047,D1,D1_CLICK
9048,D1,D1_CLICK
9049,D1,D1_CLICK
9050,D1,D1_CLICK
9051,D1,D1_CLICK
9052,D1,D1_CLICK
9053,D1,D1_CLICK
9054,D1,D1_CLICK
9055,D1,D1_CLICK
9056,D1,D1_CLICK
9057,D1,D1_CLICK
9058,D1,D1_CLICK
9059,D1,D1_CLICK
9060,D1,D1_CLICK
9061,D1,D1_CLICK
9062,D1,D1_CLICK
9063,D1,D1_CLICK
9064,NONE,NO_CLICK
9065,NONE,NO_CLICK
9066,NONE,NO_CLICK
9067,NONE,NO_CLICK
9068,NONE,NO_CLICK
9069,NONE,NO_CLICK
9070,NONE,NO_CLICK
9071,NONE,NO_CLICK
9072,NONE,NO_CLICK
9073,NONE,NO_CLICK
9074,NONE,NO_CLICK
9075,NONE,NO_CLICK
9076,NONE,NO_CLICK
9077,NONE,NO_CLICK
9078,NONE,NO_CLICK
9079,NONE,NO_CLICK
9080,NONE,NO_CLICK
9081,NONE,NO_CLICK
9082,NONE,NO_CLICK
9083,NONE,NO_CLICK
9084,NONE,NO_CLICK
9085,NONE,NO_CLICK
9086,NONE,NO_CLICK
9087,NONE,NO_CLICK
9088,NONE,NO_CLICK
9089,NONE,NO_CLICK
9090,NONE,NO_CLICK
9091,NONE,NO_CLICK
9092,NONE,NO_CLICK
9093,NONE,NO_CLICK
9094,NONE,NO_CLICK
9095,NONE,NO_CLICK
9096,NONE,NO_CLICK
9097,NONE,NO_CLICK
9098,NONE,NO_CLICK
9099,NONE,NO_CLICK
9100,NONE,NO_CLICK
9101,NONE,NO_CLICK
9102,NONE,NO_CLICK
9103,NONE,NO_CLICK
9104,NONE,NO_CLICK
9105,NONE,NO_CLICK
9106,NONE,NO_CLICK
9107,NONE,NO_CLICK
9108,NONE,NO_CLICK
9109,NONE,NO_CLICK
9110,NONE,NO_CLICK
9111,NONE,NO_CLICK
9112,NONE,NO_CLICK
9113,NONE,NO_CLICK
9114,NONE,NO_CLICK
9115,NONE,NO_CLICK
9116,NONE,NO_CLICK
9117,NONE,NO_CLICK
9118,NONE,NO_CLICK
9119,NONE,NO_CLICK
9120,NONE,NO_CLICK
9121,NONE,NO_CLICK
9122,NONE,NO_CLICK
9123,NONE,NO_CLICK
9124,NONE,NO_CLICK
9125,NONE,NO_CLICK
9126,NONE,NO_CLICK
9127,NONE,NO_CLICK
9128,NONE,NO_CLICK
9129,NONE,NO_CLICK
9130,NONE,NO_CLICK
9131,NONE,NO_CLICK
9132,NONE,NO_CLICK
9133,NONE,NO_CLICK
9134,NONE,NO_CLICK
9135,NONE,NO_CLICK
9136,NONE,NO_CLICK
9137,NONE,NO_CLICK
9138,NONE,NO_CLICK
9139,NONE,NO_CLICK
9140,NONE,NO_CLICK
9141,NONE,NO_CLICK
9142,NONE,NO_CLICK
9143,NONE,NO_CLICK
9144,NONE,NO_CLICK
9145,NONE,NO_CLICK
9146,NONE,NO_CLICK
9147,NONE,NO_CLICK
9148,NONE,NO_CLICK
9149,NONE,NO_CLICK
9150,NONE,NO_CLICK
9151,NONE,NO_CLICK
9152,NONE,NO_CLICK
9153,NONE,NO_CLICK
9154,D2,D2_CLICK
9155,D2,D2_CLICK
9156,D2,D2_CLICK
9157,D2,D2_CLICK
9158,D2,D2_CLICK
9159,D2,D2_CLICK
9160,D2,D2_CLICK
9161,D2,D2_CLICK
9162,D2,D2_CLICK
9163,D2,D2_CLICK
9164,D2,D2_CLICK
9165,D2,D2_CLICK
9166,D2,D2_CLICK
9167,D2,D2_CLICK
9168,D2,D2_CLICK
9169,D2,D2_CLICK
9170,D2,D2_CLICK
9171,D2,D2_CLICK
9172,D2,D2_CLICK
9173,D2,D2_CLICK
9174,D2,D2_CLICK
9175,D2,D2_CLICK
9176,D2,D2_CLICK
9177,D2,D2_CLICK
9178,D2,D2_CLICK
9179,D2,D2_CLICK
9180,D2,D2_CLICK
9181,D2,D2_CLICK
9182,D2,D2_CLICK
9183,D2,D2_CLICK
9184,D2,D2_CLICK
9185,D2,D2_CLICK
9186,D2,D2_CLICK
9187,D2,D2_CLICK
9188,D2,D2_CLICK
9189,D2,D2_CLICK
9190,D2,D2_CLICK
9191,D2,D2_CLICK
9192,NONE,NO_CLICK
9193,NONE,NO_CLICK
9194,NONE,NO_CLICK
9195,NONE,NO_CLICK
9196,NONE,NO_CLICK
9197,NONE,NO_CLICK
9198,NONE,NO_CLICK
9199,NONE,NO_CLICK
9200,NONE,NO_CLICK
9201,NONE,NO_CLICK
9202,NONE,NO_CLICK
9203,NONE,NO_CLICK
9204,NONE,NO_CLICK
9205,NONE,NO_CLICK
9206,NONE,NO_CLICK
9207,NONE,NO_CLICK
9208,NONE,NO_CLICK
9209,NONE,NO_CLICK
9210,NONE,NO_CLICK
9211,NONE,NO_CLICK
9212,NONE,NO_CLICK
9213,NONE,NO_CLICK
9214,NONE,NO_CLICK
9215,NONE,NO_CLICK
9216,NONE,NO_CLICK
9217,NONE,NO_CLICK
9218,NONE,NO_CLICK
9219,NONE,NO_CLICK
9220,NONE,NO_CLICK
9221,NONE,NO_CLICK
9222,NONE,NO_CLICK
9223,NONE,NO_CLICK
9224,NONE,NO_CLICK
9225,NONE,NO_CLICK
9226,NONE,NO_CLICK
9227,NONE,NO_CLICK
9228,NONE,NO_CLICK
9229,NONE,NO_CLICK
9230,NONE,NO_CLICK
9231,NONE,NO_CLICK
9232,NONE,NO_CLICK
9233,NONE,NO_CLICK
9234,NONE,NO_CLICK
9235,NONE,NO_CLICK
9236,NONE,NO_CLICK
9237,NONE,NO_CLICK
9238,NONE,NO_CLICK
9239,NONE,NO_CLICK
9240,NONE,NO_CLICK
9241,NONE,NO_CLICK
9242,NONE,NO_CLICK
9243,NONE,NO_CLICK
9244,NONE,NO_CLICK
9245,NONE,NO_CLICK
9246,NONE,NO_CLICK
9247,NONE,NO_CLICK
9248,NONE,NO_CLICK
9249,NONE,NO_CLICK
9250,NONE,NO_CLICK
9251,NONE,NO_CLICK
9252,NONE,NO_CLICK
9253,NONE,NO_CLICK
9254,NONE,NO_CLICK
9255,NONE,NO_CLICK
9256,NONE,NO_CLICK
9257,NONE,NO_CLICK
9258,NONE,NO_CLICK
9259,NONE,NO_CLICK
9260,NONE,NO_CLICK
9261,NONE,NO_CLICK
9262,NONE,NO_CLICK
9263,NONE,NO_CLICK
9264,NONE,NO_CLICK
9265,NONE,NO_CLICK
9266,NONE,NO_CLICK
9267,NONE,NO_CLICK
9268,NONE,NO_CLICK
9269,NONE,NO_CLICK
9270,NONE,NO_CLICK
9271,NONE,NO_CLICK
9272,NONE,NO_CLICK
9273,NONE,NO_CLICK
9274,NONE,NO_CLICK
9275,NONE,NO_CLICK
9276,NONE,NO_CLICK
9277,NONE,NO_CLICK
9278,NONE,NO_CLICK
9279,NONE,NO_CLICK
9280,NONE,NO_CLICK
9281,NONE,NO_CLICK
9282,D2,D2_CLICK
9283,D2,D2_CLICK
9284,D2,D2_CLICK
9285,D2,D2_CLICK
9286,D2,D2_CLICK
9287,D2,D2_CLICK
9288,D2,D2_CLICK
9289,D2,D2_CLICK
9290,D2,D2_CLICK
9291,D2,D2_CLICK
9292,D2,D2_CLICK
9293,D2,D2_CLICK
9294,D2,D2_CLICK
9295,D2,D2_CLICK
9296,D2,D2_CLICK
9297,D2,D2_CLICK
9298,D2,D2_CLICK
9299,D2,D2_CLICK
9300,D2,D2_CLICK
9301,D2,D2_CLICK
9302,D2,D2_CLICK
9303,D2,D2_CLICK
9304,D2,D2_CLICK
9305,D2,D2_CLICK
9306,D2,D2_CLICK
9307,D2,D2_CLICK
9308,D2,D2_CLICK
9309,D2,D2_CLICK
9310,D2,D2_CLICK
9311,D2,D2_CLICK
9312,D2,D2_CLICK
9313,D2,D2_CLICK
9314,D2,D2_CLICK
9315,D2,D2_CLICK
9316,D2,D2_CLICK
9317,D2,D2_CLICK
9318,D2,D2_CLICK
9319,D2,D2_CLICK
9320,NONE,NO_CLICK
9321,NONE,NO_CLICK
9322,NONE,NO_CLICK
9323,NONE,NO_CLICK
9324,NONE,NO_CLICK
9325,NONE,NO_CLICK
9326,NONE,NO_CLICK
9327,NONE,NO_CLICK
9328,NONE,NO_CLICK
9329,NONE,NO_CLICK
9330,NONE,NO_CLICK
9331,NONE,NO_CLICK
9332,NONE,NO_CLICK
9333,NONE,NO_CLICK
9334,NONE,NO_CLICK
9335,NONE,NO_CLICK
9336,NONE,NO_CLICK
9337,NONE,NO_CLICK
9338,NONE,NO_CLICK
9339,NONE,NO_CLICK
9340,NONE,NO_CLICK
9341,NONE,NO_CLICK
9342,NONE,NO_CLICK
9343,NONE,NO_CLICK
9344,NONE,NO_CLICK
9345,NONE,NO_CLICK
9346,NONE,NO_CLICK
9347,NONE,NO_CLICK
9348,NONE,NO_CLICK
9349,NONE,NO_CLICK
9350,NONE,NO_CLICK
9351,NONE,NO_CLICK
9352,NONE,NO_CLICK
9353,NONE,NO_CLICK
9354,NONE,NO_CLICK
9355,NONE,NO_CLICK
9356,NONE,NO_CLICK
9357,NONE,NO_CLICK
9358,NONE,NO_CLICK
9359,NONE,NO_CLICK
9360,NONE,NO_CLICK
9361,NONE,NO_CLICK
9362,NONE,NO_CLICK
9363,NONE,NO_CLICK
9364,NONE,NO_CLICK
9365,NONE,NO_CLICK
9366,NONE,NO_CLICK
9367,NONE,NO_CLICK
9368,NONE,NO_CLICK
9369,NONE,NO_CLICK
9370,NONE,NO_CLICK
9371,NONE,NO_CLICK
9372,NONE,NO_CLICK
9373,NONE,NO_CLICK
9374,NONE,NO_CLICK
9375,NONE,NO_CLICK
9376,NONE,NO_CLICK
9377,NONE,NO_CLICK
9378,NONE,NO_CLICK
9379,NONE,NO_CLICK
9380,NONE,NO_CLICK
9381,NONE,NO_CLICK
9382,NONE,NO_CLICK
9383,NONE,NO_CLICK
9384,NONE,NO_CLICK
9385,NONE,NO_CLICK
9386,NONE,NO_CLICK
9387,NONE,NO_CLICK
9388,NONE,NO_CLICK
9389,NONE,NO_CLICK
9390,NONE,NO_CLICK
9391,NONE,NO_CLICK
9392,NONE,NO_CLICK
9393,NONE,NO_CLICK
9394,NONE,NO_CLICK
9395,NONE,NO_CLICK
9396,NONE,NO_CLICK
9397,NONE,NO_CLICK
9398,NONE,NO_CLICK
9399,NONE,NO_CLICK
9400,NONE,NO_CLICK
9401,NONE,NO_CLICK
9402,NONE,NO_CLICK
9403,NONE,NO_CLICK
9404,NONE,NO_CLICK
9405,NONE,NO_CLICK
9406,NONE,NO_CLICK
9407,NONE,NO_CLICK
9408,NONE,NO_CLICK
9409,NONE,NO_CLICK
9410,D1,D1_CLICK
9411,D1,D1_CLICK
9412,D1,D1_CLICK
9413,D1,D1_CLICK
9414,D1,D1_CLICK
9415,D1,D1_CLICK
9416,D1,D1_CLICK
9417,D1,D1_CLICK
9418,D1,D1_CLICK
9419,D1,D1_CLICK
9420,D1,D1_CLICK
9421,D1,D1_CLICK
9422,D1,D1_CLICK
9423,D1,D1_CLICK
9424,D1,D1_CLICK
9425,D1,D1_CLICK
9426,D1,D1_CLICK
9427,D1,D1_CLICK
9428,D1,D1_CLICK
9429,D1,D1_CLICK
9430,D1,D1_CLICK
9431,D1,D1_CLICK
9432,D1,D1_CLICK
9433,D1,D1_CLICK
9434,D1,D1_CLICK
9435,D1,D1_CLICK
9436,D1,D1_CLICK
9437,D1,D1_CLICK
9438,D1,D1_CLICK
9439,D1,D1_CLICK
9440,D1,D1_CLICK
9441,D1,D1_CLICK
9442,D1,D1_CLICK
9443,D1,D1_CLICK
9444,D1,D1_CLICK
9445,D1,D1_CLICK
9446,D1,D1_CLICK
9447,D1,D1_CLICK
9448,NONE,NO_CLICK
9449,NONE,NO_CLICK
9450,NONE,NO_CLICK
9451,NONE,NO_CLICK
9452,NONE,NO_CLICK
9453,NONE,NO_CLICK
9454,NONE,NO_CLICK
9455,NONE,NO_CLICK
9456,NONE,NO_CLICK
9457,NONE,NO_CLICK
9458,NONE,NO_CLICK
9459,NONE,NO_CLICK
9460,NONE,NO_CLICK
9461,NONE,NO_CLICK
9462,NONE,NO_CLICK
9463,NONE,NO_CLICK
9464,NONE,NO_CLICK
9465,NONE,NO_CLICK
9466,NONE,NO_CLICK
9467,NONE,NO_CLICK
9468,NONE,NO_CLICK
9469,NONE,NO_CLICK
9470,NONE,NO_CLICK
9471,NONE,NO_CLICK
9472,NONE,NO_CLICK
9473,NONE,NO_CLICK
9474,NONE,NO_CLICK
9475,NONE,NO_CLICK
9476,NONE,NO_CLICK
9477,NONE,NO_CLICK
9478,NONE,NO_CLICK
9479,NONE,NO_CLICK
9480,NONE,NO_CLICK
9481,NONE,NO_CLICK
9482,NONE,NO_CLICK
9483,NONE,NO_CLICK
9484,NONE,NO_CLICK
9485,NONE,NO_CLICK
9486,NONE,NO_CLICK
9487,NONE,NO_CLICK
9488,NONE,NO_CLICK
9489,NONE,NO_CLICK
9490,NONE,NO_CLICK
9491,NONE,NO_CLICK
9492,NONE,NO_CLICK
9493,NONE,NO_CLICK
9494,NONE,NO_CLICK
9495,NONE,NO_CLICK
9496,NONE,NO_CLICK
9497,NONE,NO_CLICK
9498,NONE,NO_CLICK
9499,NONE,NO_CLICK
9500,NONE,NO_CLICK
9501,NONE,NO_CLICK
9502,NONE,NO_CLICK
9503,NONE,NO_CLICK
9504,NONE,NO_CLICK
9505,NONE,NO_CLICK
9506,NONE,NO_CLICK
9507,NONE,NO_CLICK
9508,NONE,NO_CLICK
9509,NONE,NO_CLICK
9510,NONE,NO_CLICK
9511,NONE,NO_CLICK
9512,NONE,NO_CLICK
9513,NONE,NO_CLICK
9514,NONE,NO_CLICK
9515,NONE,NO_CLICK
9516,NONE,NO_CLICK
9517,NONE,NO_CLICK
9518,NONE,NO_CLICK
9519,NONE,NO_CLICK
9520,NONE,NO_CLICK
9521,NONE,NO_CLICK
9522,NONE,NO_CLICK
9523,NONE,NO_CLICK
9524,NONE,NO_CLICK
9525,NONE,NO_CLICK
9526,NONE,NO_CLICK
9527,NONE,NO_CLICK
9528,NONE,NO_CLICK
9529,NONE,NO_CLICK
9530,NONE,NO_CLICK
9531,NONE,NO_CLICK
9532,NONE,NO_CLICK
9533,NONE,NO_CLICK
9534,NONE,NO_CLICK
9535,NONE,NO_CLICK
9536,NONE,NO_CLICK
9537,NONE,NO_CLICK
9538,NONE,NO_CLICK
9539,NONE,NO_CLICK
9540,NONE,NO_CLICK
9541,NONE,NO_CLICK
9542,NONE,NO_CLICK
9543,NONE,NO_CLICK
9544,NONE,NO_CLICK
9545,NONE,NO_CLICK
9546,NONE,NO_CLICK
9547,NONE,NO_CLICK
9548,NONE,NO_CLICK
9549,NONE,NO_CLICK
9550,NONE,NO_CLICK
9551,NONE,NO_CLICK
9552,NONE,NO_CLICK
9553,NONE,NO_CLICK
9554,NONE,NO_CLICK
9555,NONE,NO_CLICK
9556,NONE,NO_CLICK
9557,NONE,NO_CLICK
9558,NONE,NO_CLICK
9559,NONE,NO_CLICK
9560,NONE,NO_CLICK
9561,NONE,NO_CLICK
9562,NONE,NO_CLICK
9563,NONE,NO_CLICK
9564,NONE,NO_CLICK
9565,NONE,NO_CLICK
9566,NONE,NO_CLICK
9567,NONE,NO_CLICK
9568,NONE,NO_CLICK
9569,NONE,NO_CLICK
9570,NONE,NO_CLICK
9571,NONE,NO_CLICK
9572,NONE,NO_CLICK
9573,NONE,NO_CLICK
9574,NONE,NO_CLICK
9575,NONE,NO_CLICK
9576,NONE,NO_CLICK
9577,NONE,NO_CLICK
9578,NONE,NO_CLICK
9579,NONE,NO_CLICK
9580,NONE,NO_CLICK
9581,NONE,NO_CLICK
9582,NONE,NO_CLICK
9583,NONE,NO_CLICK
9584,NONE,NO_CLICK
9585,NONE,NO_CLICK
9586,NONE,NO_CLICK
9587,NONE,NO_CLICK
9588,NONE,NO_CLICK
9589,NONE,NO_CLICK
9590,NONE,NO_CLICK
9591,NONE,NO_CLICK
9592,NONE,NO_CLICK
9593,NONE,NO_CLICK
9594,NONE,NO_CLICK
9595,NONE,NO_CLICK
9596,NONE,NO_CLICK
9597,NONE,NO_CLICK
9598,NONE,NO_CLICK
9599,NONE,NO_CLICK
9600,NONE,NO_CLICK
9601,NONE,NO_CLICK
9602,NONE,NO_CLICK
9603,NONE,NO_CLICK
9604,NONE,NO_CLICK
9605,NONE,NO_CLICK
9606,NONE,NO_CLICK
9607,NONE,NO_CLICK
9608,NONE,NO_CLICK
9609,NONE,NO_CLICK
9610,NONE,NO_CLICK
9611,NONE,NO_CLICK
9612,NONE,NO_CLICK
9613,NONE,NO_CLICK
9614,NONE,NO_CLICK
9615,NONE,NO_CLICK
9616,NONE,NO_CLICK
9617,NONE,NO_CLICK
9618,NONE,NO_CLICK
9619,NONE,NO_CLICK
9620,NONE,NO_CLICK
9621,NONE,NO_CLICK
9622,NONE,NO_CLICK
9623,NONE,NO_CLICK
9624,NONE,NO_CLICK
9625,NONE,NO_CLICK
9626,NONE,NO_CLICK
9627,NONE,NO_CLICK
9628,NONE,NO_CLICK
9629,NONE,NO_CLICK
9630,NONE,NO_CLICK
9631,NONE,NO_CLICK
9632,NONE,NO_CLICK
9633,NONE,NO_CLICK
9634,NONE,NO_CLICK
9635,NONE,NO_CLICK
9636,NONE,NO_CLICK
9637,NONE,NO_CLICK
9638,NONE,NO_CLICK
9639,NONE,NO_CLICK
9640,NONE,NO_CLICK
9641,NONE,NO_CLICK
9642,NONE,NO_CLICK
9643,NONE,NO_CLICK
9644,NONE,NO_CLICK
9645,NONE,NO_CLICK
9646,NONE,NO_CLICK
9647,NONE,NO_CLICK
9648,NONE,NO_CLICK
9649,NONE,NO_CLICK
9650,NONE,NO_CLICK
9651,NONE,NO_CLICK
9652,NONE,NO_CLICK
9653,NONE,NO_CLICK
9654,NONE,NO_CLICK
9655,NONE,NO_CLICK
9656,NONE,NO_CLICK
9657,NONE,NO_CLICK
9658,NONE,NO_CLICK
9659,NONE,NO_CLICK
9660,NONE,NO_CLICK
9661,NONE,NO_CLICK
9662,NONE,NO_CLICK
9663,NONE,NO_CLICK
9664,NONE,NO_CLICK
9665,NONE,NO_CLICK
9666,NONE,NO_CLICK
9667,NONE,NO_CLICK
9668,NONE,NO_CLICK
9669,NONE,NO_CLICK
9670,NONE,NO_CLICK
9671,NONE,NO_CLICK
9672,NONE,NO_CLICK
9673,NONE,NO_CLICK
9674,NONE,NO_CLICK
9675,NONE,NO_CLICK
9676,NONE,NO_CLICK
9677,NONE,NO_CLICK
9678,NONE,NO_CLICK
9679,NONE,NO_CLICK
9680,NONE,NO_CLICK
9681,NONE,NO_CLICK
9682,NONE,NO_CLICK
9683,NONE,NO_CLICK
9684,NONE,NO_CLICK
9685,NONE,NO_CLICK
9686,NONE,NO_CLICK
9687,NONE,NO_CLICK
9688,NONE,NO_CLICK
9689,NONE,NO_CLICK
9690,NONE,NO_CLICK
9691,NONE,NO_CLICK
9692,NONE,NO_CLICK
9693,NONE,NO_CLICK
9694,NONE,NO_CLICK
9695,NONE,NO_CLICK
9696,NONE,NO_CLICK
9697,NONE,NO_CLICK
9698,NONE,NO_CLICK
9699,NONE,NO_CLICK
9700,NONE,NO_CLICK
9701,NONE,NO_CLICK
9702,NONE,NO_CLICK
9703,NONE,NO_CLICK
9704,NONE,NO_CLICK
9705,NONE,NO_CLICK
9706,NONE,NO_CLICK
9707,NONE,NO_CLICK
9708,NONE,NO_CLICK
9709,NONE,NO_CLICK
9710,NONE,NO_CLICK
9711,NONE,NO_CLICK
9712,NONE,NO_CLICK
9713,NONE,NO_CLICK
9714,NONE,NO_CLICK
9715,NONE,NO_CLICK
9716,NONE,NO_CLICK
9717,NONE,NO_CLICK
9718,NONE,NO_CLICK
9719,NONE,NO_CLICK
9720,NONE,NO_CLICK
9721,NONE,NO_CLICK
9722,NONE,NO_CLICK
9723,NONE,NO_CLICK
9724,NONE,NO_CLICK
9725,NONE,NO_CLICK
9726,NONE,NO_CLICK
9727,NONE,NO_CLICK
9728,NONE,NO_CLICK
9729,NONE,NO_CLICK
9730,D1,D1_CLICK
9731,D1,D1_CLICK
9732,D1,D1_CLICK
9733,D1,D1_CLICK
9734,D1,D1_CLICK
9735,D1,D1_CLICK
9736,D1,D1_CLICK
9737,D1,D1_CLICK
9738,D1,D1_CLICK
9739,D1,D1_CLICK
9740,D1,D1_CLICK
9741,D1,D1_CLICK
9742,D1,D1_CLICK
9743,D1,D1_CLICK
9744,D1,D1_CLICK
9745,D1,D1_CLICK
9746,D1,D1_CLICK
9747,D1,D1_CLICK
9748,D1,D1_CLICK
9749,D1,D1_CLICK
9750,D1,D1_CLICK
9751,D1,D1_CLICK
9752,D1,D1_CLICK
9753,D1,D1_CLICK
9754,D1,D1_CLICK
9755,D1,D1_CLICK
9756,D1,D1_CLICK
9757,D1,D1_CLICK
9758,D1,D1_CLICK
9759,D1,D1_CLICK
9760,D1,D1_CLICK
9761,D1,D1_CLICK
9762,D1,D1_CLICK
9763,D1,D1_CLICK
9764,D1,D1_CLICK
9765,D1,D1_CLICK
9766,D1,D1_CLICK
9767,D1,D1_CLICK
9768,NONE,NO_CLICK
9769,NONE,NO_CLICK
9770,NONE,NO_CLICK
9771,NONE,NO_CLICK
9772,NONE,NO_CLICK
9773,NONE,NO_CLICK
9774,NONE,NO_CLICK
9775,NONE,NO_CLICK
9776,NONE,NO_CLICK
9777,NONE,NO_CLICK
9778,NONE,NO_CLICK
9779,NONE,NO_CLICK
9780,NONE,NO_CLICK
9781,NONE,NO_CLICK
9782,NONE,NO_CLICK
9783,NONE,NO_CLICK
9784,NONE,NO_CLICK
9785,NONE,NO_CLICK
9786,NONE,NO_CLICK
9787,NONE,NO_CLICK
9788,NONE,NO_CLICK
9789,NONE,NO_CLICK
9790,NONE,NO_CLICK
9791,NONE,NO_CLICK
9792,NONE,NO_CLICK
9793,NONE,NO_CLICK
9794,NONE,NO_CLICK
9795,NONE,NO_CLICK
9796,NONE,NO_CLICK
9797,NONE,NO_CLICK
9798,NONE,NO_CLICK
9799,NONE,NO_CLICK
9800,NONE,NO_CLICK
9801,NONE,NO_CLICK
9802,NONE,NO_CLICK
9803,NONE,NO_CLICK
9804,NONE,NO_CLICK
9805,NONE,NO_CLICK
9806,NONE,NO_CLICK
9807,NONE,NO_CLICK
9808,NONE,NO_CLICK
9809,NONE,NO_CLICK
9810,NONE,NO_CLICK
9811,NONE,NO_CLICK
9812,NONE,NO_CLICK
9813,NONE,NO_CLICK
9814,NONE,NO_CLICK
9815,NONE,NO_CLICK
9816,NONE,NO_CLICK
9817,NONE,NO_CLICK
9818,NONE,NO_CLICK
9819,NONE,NO_CLICK
9820,NONE,NO_CLICK
9821,NONE,NO_CLICK
9822,NONE,NO_CLICK
9823,NONE,NO_CLICK
9824,NONE,NO_CLICK
9825,NONE,NO_CLICK
9826,NONE,NO_CLICK
9827,NONE,NO_CLICK
9828,NONE,NO_CLICK
9829,NONE,NO_CLICK
9830,NONE,NO_CLICK
9831,NONE,NO_CLICK
9832,NONE,NO_CLICK
9833,NONE,NO_CLICK
9834,NONE,NO_CLICK
9835,NONE,NO_CLICK
9836,NONE,NO_CLICK
9837,NONE,NO_CLICK
9838,NONE,NO_CLICK
9839,NONE,NO_CLICK
9840,NONE,NO_CLICK
9841,NONE,NO_CLICK
9842,NONE,NO_CLICK
9843,NONE,NO_CLICK
9844,NONE,NO_CLICK
9845,NONE,NO_CLICK
9846,NONE,NO_CLICK
9847,NONE,NO_CLICK
9848,NONE,NO_CLICK
9849,NONE,NO_CLICK
9850,NONE,NO_CLICK
9851,NONE,NO_CLICK
9852,NONE,NO_CLICK
9853,NONE,NO_CLICK
9854,NONE,NO_CLICK
9855,NONE,NO_CLICK
9856,NONE,NO_CLICK
9857,NONE,NO_CLICK
9858,D2,D2_CLICK
9859,D2,D2_CLICK
9860,D2,D2_CLICK
9861,D2,D2_CLICK
9862,D2,D2_CLICK
9863,D2,D2_CLICK
9864,D2,D2_CLICK
9865,D2,D2_CLICK
9866,D2,D2_CLICK
9867,D2,D2_CLICK
9868,D2,D2_CLICK
9869,D2,D2_CLICK
9870,D2,D2_CLICK
9871,D2,D2_CLICK
9872,D2,D2_CLICK
9873,D2,D2_CLICK
9874,D2,D2_CLICK
9875,D2,D2_CLICK
9876,D2,D2_CLICK
9877,D2,D2_CLICK
9878,D2,D2_CLICK
9879,D2,D2_CLICK
9880,D2,D2_CLICK
9881,D2,D2_CLICK
9882,D2,D2_CLICK
9883,D2,D2_CLICK
9884,D2,D2_CLICK
9885,D2,D2_CLICK
9886,D2,D2_CLICK
9887,D2,D2_CLICK
9888,D2,D2_CLICK
9889,D2,D2_CLICK
9890,D2,D2_CLICK
9891,D2,D2_CLICK
9892,D2,D2_CLICK
9893,D2,D2_CLICK
9894,D2,D2_CLICK
9895,D2,D2_CLICK
9896,NONE,NO_CLICK
9897,NONE,NO_CLICK
9898,NONE,NO_CLICK
9899,NONE,NO_CLICK
9900,NONE,NO_CLICK
9901,NONE,NO_CLICK
9902,NONE,NO_CLICK
9903,NONE,NO_CLICK
9904,NONE,NO_CLICK
9905,NONE,NO_CLICK
9906,NONE,NO_CLICK
9907,NONE,NO_CLICK
9908,NONE,NO_CLICK
9909,NONE,NO_CLICK
9910,NONE,NO_CLICK
9911,NONE,NO_CLICK
9912,NONE,NO_CLICK
9913,NONE,NO_CLICK
9914,NONE,NO_CLICK
9915,NONE,NO_CLICK
9916,NONE,NO_CLICK
9917,NONE,NO_CLICK
9918,NONE,NO_CLICK
9919,NONE,NO_CLICK
9920,NONE,NO_CLICK
9921,NONE,NO_CLICK
9922,D2,D2_CLICK
9923,D2,D2_CLICK
9924,D2,D2_CLICK
9925,D2,D2_CLICK
9926,D2,D2_CLICK
9927,D2,D2_CLICK
9928,D2,D2_CLICK
9929,D2,D2_CLICK
9930,D2,D2_CLICK
9931,D2,D2_CLICK
9932,D2,D2_CLICK
9933,D2,D2_CLICK
9934,D2,D2_CLICK
9935,D2,D2_CLICK
9936,D2,D2_CLICK
9937,D2,D2_CLICK
9938,D2,D2_CLICK
9939,D2,D2_CLICK
9940,D2,D2_CLICK
9941,D2,D2_CLICK
9942,D2,D2_CLICK
9943,D2,D2_CLICK
9944,D2,D2_CLICK
9945,D2,D2_CLICK
9946,D2,D2_CLICK
9947,D2,D2_CLICK
9948,D2,D2_CLICK
9949,D2,D2_CLICK
9950,D2,D2_CLICK
9951,D2,D2_CLICK
9952,D2,D2_CLICK
9953,D2,D2_CLICK
9954,D2,D2_CLICK
9955,D2,D2_CLICK
9956,D2,D2_CLICK
9957,D2,D2_CLICK
9958,D2,D2_CLICK
9959,D2,D2_CLICK
9960,NONE,NO_CLICK
9961,NONE,NO_CLICK
9962,NONE,NO_CLICK
9963,NONE,NO_CLICK
9964,NONE,NO_CLICK
9965,NONE,NO_CLICK
9966,NONE,NO_CLICK
9967,NONE,NO_CLICK
9968,NONE,NO_CLICK
9969,NONE,NO_CLICK
9970,NONE,NO_CLICK
9971,NONE,NO_CLICK
9972,NONE,NO_CLICK
9973,NONE,NO_CLICK
9974,NONE,NO_CLICK
9975,NONE,NO_CLICK
9976,NONE,NO_CLICK
9977,NONE,NO_CLICK
9978,NONE,NO_CLICK
9979,NONE,NO_CLICK
9980,NONE,NO_CLICK
9981,NONE,NO_CLICK
9982,NONE,NO_CLICK
9983,NONE,NO_CLICK
9984,NONE,NO_CLICK
9985,NONE,NO_CLICK
9986,NONE,NO_CLICK
9987,NONE,NO_CLICK
9988,NONE,NO_CLICK
9989,NONE,NO_CLICK
9990,NONE,NO_CLICK
9991,NONE,NO_CLICK
9992,NONE,NO_CLICK
9993,NONE,NO_CLICK
9994,NONE,NO_CLICK
9995,NONE,NO_CLICK
9996,NONE,NO_CLICK
9997,NONE,NO_CLICK
9998,NONE,NO_CLICK
9999,NONE,NO_CLICK
10000,NONE,NO_CLICK
10001,NONE,NO_CLICK
10002,NONE,NO_CLICK
10003,NONE,NO_CLICK
10004,NONE,NO_CLICK
10005,NONE,NO_CLICK
10006,NONE,NO_CLICK
10007,NONE,NO_CLICK
10008,NONE,NO_CLICK
10009,NONE,NO_CLICK
10010,NONE,NO_CLICK
10011,NONE,NO_CLICK
10012,NONE,NO_CLICK
10013,NONE,NO_CLICK
10014,NONE,NO_CLICK
10015,NONE,NO_CLICK
10016,NONE,NO_CLICK
10017,NONE,NO_CLICK
10018,D2,D2_CLICK
10019,D2,D2_CLICK
10020,D2,D2_CLICK
10021,D2,D2_CLICK
10022,D2,D2_CLICK
10023,D2,D2_CLICK
10024,D2,D2_CLICK
10025,D2,D2_CLICK
10026,D2,D2_CLICK
10027,D2,D2_CLICK
10028,D2,D2_CLICK
10029,D2,D2_CLICK
10030,D2,D2_CLICK
10031,D2,D2_CLICK
10032,D2,D2_CLICK
10033,D2,D2_CLICK
10034,D2,D2_CLICK
10035,D2,D2_CLICK
10036,D2,D2_CLICK
10037,D2,D2_CLICK
10038,D2,D2_CLICK
10039,D2,D2_CLICK
10040,D2,D2_CLICK
10041,D2,D2_CLICK
10042,D2,D2_CLICK
10043,D2,D2_CLICK
10044,D2,D2_CLICK
10045,D2,D2_CLICK
10046,D2,D2_CLICK
10047,D2,D2_CLICK
10048,D2,D2_CLICK
10049,D2,D2_CLICK
10050,D2,D2_CLICK
10051,D2,D2_CLICK
10052,D2,D2_CLICK
10053,D2,D2_CLICK
10054,D2,D2_CLICK
10055,D2,D2_CLICK
10056,NONE,NO_CLICK
10057,NONE,NO_CLICK
10058,NONE,NO_CLICK
10059,NONE,NO_CLICK
10060,NONE,NO_CLICK
10061,NONE,NO_CLICK
10062,NONE,NO_CLICK
10063,NONE,NO_CLICK
10064,NONE,NO_CLICK
10065,NONE,NO_CLICK
10066,NONE,NO_CLICK
10067,NONE,NO_CLICK
10068,NONE,NO_CLICK
10069,NONE,NO_CLICK
10070,NONE,NO_CLICK
10071,NONE,NO_CLICK
10072,NONE,NO_CLICK
10073,NONE,NO_CLICK
10074,NONE,NO_CLICK
10075,NONE,NO_CLICK
10076,NONE,NO_CLICK
10077,NONE,NO_CLICK
10078,NONE,NO_CLICK
10079,NONE,NO_CLICK
10080,NONE,NO_CLICK
10081,NONE,NO_CLICK
10082,NONE,NO_CLICK
10083,NONE,NO_CLICK
10084,NONE,NO_CLICK
10085,NONE,NO_CLICK
10086,NONE,NO_CLICK
10087,NONE,NO_CLICK
10088,NONE,NO_CLICK
10089,NONE,NO_CLICK
10090,NONE,NO_CLICK
10091,NONE,NO_CLICK
10092,NONE,NO_CLICK
10093,NONE,NO_CLICK
10094,NONE,NO_CLICK
10095,NONE,NO_CLICK
10096,NONE,NO_CLICK
10097,NONE,NO_CLICK
10098,NONE,NO_CLICK
10099,NONE,NO_CLICK
10100,NONE,NO_CLICK
10101,NONE,NO_CLICK
10102,NONE,NO_CLICK
10103,NONE,NO_CLICK
10104,NONE,NO_CLICK
10105,NONE,NO_CLICK
10106,NONE,NO_CLICK
10107,NONE,NO_CLICK
10108,NONE,NO_CLICK
10109,NONE,NO_CLICK
10110,NONE,NO_CLICK
10111,NONE,NO_CLICK
10112,NONE,NO_CLICK
10113,NONE,NO_CLICK
10114,NONE,NO_CLICK
10115,NONE,NO_CLICK
10116,NONE,NO_CLICK
10117,NONE,NO_CLICK
10118,NONE,NO_CLICK
10119,NONE,NO_CLICK
10120,NONE,NO_CLICK
10121,NONE,NO_CLICK
10122,NONE,NO_CLICK
10123,NONE,NO_CLICK
10124,NONE,NO_CLICK
10125,NONE,NO_CLICK
10126,NONE,NO_CLICK
10127,NONE,NO_CLICK
10128,NONE,NO_CLICK
10129,NONE,NO_CLICK
10130,NONE,NO_CLICK
10131,NONE,NO_CLICK
10132,NONE,NO_CLICK
10133,NONE,NO_CLICK
10134,NONE,NO_CLICK
10135,NONE,NO_CLICK
10136,NONE,NO_CLICK
10137,NONE,NO_CLICK
10138,NONE,NO_CLICK
10139,NONE,NO_CLICK
10140,NONE,NO_CLICK
10141,NONE,NO_CLICK
10142,NONE,NO_CLICK
10143,NONE,NO_CLICK
10144,NONE,NO_CLICK
10145,NONE,NO_CLICK
10146,NONE,NO_CLICK
10147,NONE,NO_CLICK
10148,NONE,NO_CLICK
10149,NONE,NO_CLICK
10150,NONE,NO_CLICK
10151,NONE,NO_CLICK
10152,NONE,NO_CLICK
10153,NONE,NO_CLICK
10154,NONE,NO_CLICK
10155,NONE,NO_CLICK
10156,NONE,NO_CLICK
10157,NONE,NO_CLICK
10158,NONE,NO_CLICK
10159,NONE,NO_CLICK
10160,NONE,NO_CLICK
10161,NONE,NO_CLICK
10162,NONE,NO_CLICK
10163,NONE,NO_CLICK
10164,NONE,NO_CLICK
10165,NONE,NO_CLICK
10166,NONE,NO_CLICK
10167,NONE,NO_CLICK
10168,NONE,NO_CLICK
10169,NONE,NO_CLICK
10170,NONE,NO_CLICK
10171,NONE,NO_CLICK
10172,NONE,NO_CLICK
10173,NONE,NO_CLICK
10174,NONE,NO_CLICK
10175,NONE,NO_CLICK
10176,NONE,NO_CLICK
10177,NONE,NO_CLICK
10178,NONE,NO_CLICK
10179,NONE,NO_CLICK
10180,NONE,NO_CLICK
10181,NONE,NO_CLICK
10182,NONE,NO_CLICK
10183,NONE,NO_CLICK
10184,NONE,NO_CLICK
10185,NONE,NO_CLICK
10186,NONE,NO_CLICK
10187,NONE,NO_CLICK
10188,NONE,NO_CLICK
10189,NONE,NO_CLICK
10190,NONE,NO_CLICK
10191,NONE,NO_CLICK
10192,NONE,NO_CLICK
10193,NONE,NO_CLICK
10194,NONE,NO_CLICK
10195,NONE,NO_CLICK
10196,NONE,NO_CLICK
10197,NONE,NO_CLICK
10198,NONE,NO_CLICK
10199,NONE,NO_CLICK
10200,NONE,NO_CLICK
10201,NONE,NO_CLICK
10202,NONE,NO_CLICK
10203,NONE,NO_CLICK
10204,NONE,NO_CLICK
10205,NONE,NO_CLICK
10206,NONE,NO_CLICK
10207,NONE,NO_CLICK
10208,NONE,NO_CLICK
10209,NONE,NO_CLICK
10210,NONE,NO_CLICK
10211,NONE,NO_CLICK
10212,NONE,NO_CLICK
10213,NONE,NO_CLICK
10214,NONE,NO_CLICK
10215,NONE,NO_CLICK
10216,NONE,NO_CLICK
10217,NONE,NO_CLICK
10218,NONE,NO_CLICK
10219,NONE,NO_CLICK
10220,NONE,NO_CLICK
10221,NONE,NO_CLICK
10222,NONE,NO_CLICK
10223,NONE,NO_CLICK
10224,NONE,NO_CLICK
10225,NONE,NO_CLICK
10226,NONE,NO_CLICK
10227,NONE,NO_CLICK
10228,NONE,NO_CLICK
10229,NONE,NO_CLICK
10230,NONE,NO_CLICK
10231,NONE,NO_CLICK
10232,NONE,NO_CLICK
10233,NONE,NO_CLICK
10234,NONE,NO_CLICK
10235,NONE,NO_CLICK
10236,NONE,NO_CLICK
10237,NONE,NO_CLICK
10238,NONE,NO_CLICK
10239,NONE,NO_CLICK
10240,NONE,NO_CLICK
10241,NONE,NO_CLICK
10242,D2,D2_CLICK
10243,D2,D2_CLICK
10244,D2,D2_CLICK
10245,D2,D2_CLICK
10246,D2,D2_CLICK
10247,D2,D2_CLICK
10248,D2,D2_CLICK
10249,D2,D2_CLICK
10250,D2,D2_CLICK
10251,D2,D2_CLICK
10252,D2,D2_CLICK
10253,D2,D2_CLICK
10254,D2,D2_CLICK
10255,D2,D2_CLICK
10256,D2,D2_CLICK
10257,D2,D2_CLICK
10258,D2,D2_CLICK
10259,D2,D2_CLICK
10260,D2,D2_CLICK
10261,D2,D2_CLICK
10262,D2,D2_CLICK
10263,D2,D2_CLICK
10264,D2,D2_CLICK
10265,D2,D2_CLICK
10266,D2,D2_CLICK
10267,D2,D2_CLICK
10268,D2,D2_CLICK
10269,D2,D2_CLICK
10270,D2,D2_CLICK
10271,D2,D2_CLICK
10272,D2,D2_CLICK
10273,D2,D2_CLICK
10274,BOTH,DOUBLE_CLICK
10275,BOTH,DOUBLE_CLICK
10276,BOTH,DOUBLE_CLICK
10277,BOTH,DOUBLE_CLICK
10278,BOTH,DOUBLE_CLICK
10279,BOTH,DOUBLE_CLICK
10280,D1,D1_CLICK
10281,D1,D1_CLICK
10282,D1,D1_CLICK
10283,D1,D1_CLICK
10284,D1,D1_CLICK
10285,D1,D1_CLICK
10286,D1,D1_CLICK
10287,D1,D1_CLICK
10288,D1,D1_CLICK
10289,D1,D1_CLICK
10290,D1,D1_CLICK
10291,D1,D1_CLICK
10292,D1,D1_CLICK
10293,D1,D1_CLICK
10294,D1,D1_CLICK
10295,D1,D1_CLICK
10296,D1,D1_CLICK
10297,D1,D1_CLICK
10298,D1,D1_CLICK
10299,D1,D1_CLICK
10300,D1,D1_CLICK
10301,D1,D1_CLICK
10302,D1,D1_CLICK
10303,D1,D1_CLICK
10304,D1,D1_CLICK
10305,D1,D1_CLICK
10306,D1,D1_CLICK
10307,D1,D1_CLICK
10308,D1,D1_CLICK
10309,D1,D1_CLICK
10310,D1,D1_CLICK
10311,D1,D1_CLICK
10312,NONE,NO_CLICK
10313,NONE,NO_CLICK
10314,NONE,NO_CLICK
10315,NONE,NO_CLICK
10316,NONE,NO_CLICK
10317,NONE,NO_CLICK
10318,NONE,NO_CLICK
10319,NONE,NO_CLICK
10320,NONE,NO_CLICK
10321,NONE,NO_CLICK
10322,NONE,NO_CLICK
10323,NONE,NO_CLICK
10324,NONE,NO_CLICK
10325,NONE,NO_CLICK
10326,NONE,NO_CLICK
10327,NONE,NO_CLICK
10328,NONE,NO_CLICK
10329,NONE,NO_CLICK
10330,NONE,NO_CLICK
10331,NONE,NO_CLICK
10332,NONE,NO_CLICK
10333,NONE,NO_CLICK
10334,NONE,NO_CLICK
10335,NONE,NO_CLICK
10336,NONE,NO_CLICK
10337,NONE,NO_CLICK
10338,NONE,NO_CLICK
10339,NONE,NO_CLICK
10340,NONE,NO_CLICK
10341,NONE,NO_CLICK
10342,NONE,NO_CLICK
10343,NONE,NO_CLICK
10344,NONE,NO_CLICK
10345,NONE,NO_CLICK
10346,NONE,NO_CLICK
10347,NONE,NO_CLICK
10348,NONE,NO_CLICK
10349,NONE,NO_CLICK
10350,NONE,NO_CLICK
10351,NONE,NO_CLICK
10352,NONE,NO_CLICK
10353,NONE,NO_CLICK
10354,NONE,NO_CLICK
10355,NONE,NO_CLICK
10356,NONE,NO_CLICK
10357,NONE,NO_CLICK
10358,NONE,NO_CLICK
10359,NONE,NO_CLICK
10360,NONE,NO_CLICK
10361,NONE,NO_CLICK
10362,NONE,NO_CLICK
10363,NONE,NO_CLICK
10364,NONE,NO_CLICK
10365,NONE,NO_CLICK
10366,NONE,NO_CLICK
10367,NONE,NO_CLICK
10368,NONE,NO_CLICK
10369,NONE,NO_CLICK
10370,NONE,NO_CLICK
10371,NONE,NO_CLICK
10372,NONE,NO_CLICK
10373,NONE,NO_CLICK
10374,NONE,NO_CLICK
10375,NONE,NO_CLICK
10376,NONE,NO_CLICK
10377,NONE,NO_CLICK
10378,NONE,NO_CLICK
10379,NONE,NO_CLICK
10380,NONE,NO_CLICK
10381,NONE,NO_CLICK
10382,NONE,NO_CLICK
10383,NONE,NO_CLICK
10384,NONE,NO_CLICK
10385,NONE,NO_CLICK
10386,NONE,NO_CLICK
10387,NONE,NO_CLICK
10388,NONE,NO_CLICK
10389,NONE,NO_CLICK
10390,NONE,NO_CLICK
10391,NONE,NO_CLICK
10392,NONE,NO_CLICK
10393,NONE,NO_CLICK
10394,NONE,NO_CLICK
10395,NONE,NO_CLICK
10396,NONE,NO_CLICK
10397,NONE,NO_CLICK
10398,NONE,NO_CLICK
10399,NONE,NO_CLICK
10400,NONE,NO_CLICK
10401,NONE,NO_CLICK
10402,NONE,NO_CLICK
10403,NONE,NO_CLICK
10404,NONE,NO_CLICK
10405,NONE,NO_CLICK
10406,NONE,NO_CLICK
10407,NONE,NO_CLICK
10408,NONE,NO_CLICK
10409,NONE,NO_CLICK
10410,NONE,NO_CLICK
10411,NONE,NO_CLICK
10412,NONE,NO_CLICK
10413,NONE,NO_CLICK
10414,NONE,NO_CLICK
10415,NONE,NO_CLICK
10416,NONE,NO_CLICK
10417,NONE,NO_CLICK
10418,NONE,NO_CLICK
10419,NONE,NO_CLICK
10420,NONE,NO_CLICK
10421,NONE,NO_CLICK
10422,NONE,NO_CLICK
10423,NONE,NO_CLICK
10424,NONE,NO_CLICK
10425,NONE,NO_CLICK
10426,NONE,NO_CLICK
10427,NONE,NO_CLICK
10428,NONE,NO_CLICK
10429,NONE,NO_CLICK
10430,NONE,NO_CLICK
10431,NONE,NO_CLICK
10432,NONE,NO_CLICK
10433,NONE,NO_CLICK
10434,NONE,NO_CLICK
10435,NONE,NO_CLICK
10436,NONE,NO_CLICK
10437,NONE,NO_CLICK
10438,NONE,NO_CLICK
10439,NONE,NO_CLICK
10440,NONE,NO_CLICK
10441,NONE,NO_CLICK
10442,NONE,NO_CLICK
10443,NONE,NO_CLICK
10444,NONE,NO_CLICK
10445,NONE,NO_CLICK
10446,NONE,NO_CLICK
10447,NONE,NO_CLICK
10448,NONE,NO_CLICK
10449,NONE,NO_CLICK
10450,NONE,NO_CLICK
10451,NONE,NO_CLICK
10452,NONE,NO_CLICK
10453,NONE,NO_CLICK
10454,NONE,NO_CLICK
10455,NONE,NO_CLICK
10456,NONE,NO_CLICK
10457,NONE,NO_CLICK
10458,NONE,NO_CLICK
10459,NONE,NO_CLICK
10460,NONE,NO_CLICK
10461,NONE,NO_CLICK
10462,NONE,NO_CLICK
10463,NONE,NO_CLICK
10464,NONE,NO_CLICK
10465,NONE,NO_CLICK
10466,NONE,NO_CLICK
10467,NONE,NO_CLICK
10468,NONE,NO_CLICK
10469,NONE,NO_CLICK
10470,NONE,NO_CLICK
10471,NONE,NO_CLICK
10472,NONE,NO_CLICK
10473,NONE,NO_CLICK
10474,NONE,NO_CLICK
10475,NONE,NO_CLICK
10476,NONE,NO_CLICK
10477,NONE,NO_CLICK
10478,NONE,NO_CLICK
10479,NONE,NO_CLICK
10480,NONE,NO_CLICK
10481,NONE,NO_CLICK
10482,NONE,NO_CLICK
10483,NONE,NO_CLICK
10484,NONE,NO_CLICK
10485,NONE,NO_CLICK
10486,NONE,NO_CLICK
10487,NONE,NO_CLICK
10488,NONE,NO_CLICK
10489,NONE,NO_CLICK
10490,NONE,NO_CLICK
10491,NONE,NO_CLICK
10492,NONE,NO_CLICK
10493,NONE,NO_CLICK
10494,NONE,NO_CLICK
10495,NONE,NO_CLICK
10496,NONE,NO_CLICK
10497,NONE,NO_CLICK
10498,NONE,NO_CLICK
10499,NONE,NO_CLICK
10500,NONE,NO_CLICK
10501,NONE,NO_CLICK
10502,NONE,NO_CLICK
10503,NONE,NO_CLICK
10504,NONE,NO_CLICK
10505,NONE,NO_CLICK
10506,NONE,NO_CLICK
10507,NONE,NO_CLICK
10508,NONE,NO_CLICK
10509,NONE,NO_CLICK
10510,NONE,NO_CLICK
10511,NONE,NO_CLICK
10512,NONE,NO_CLICK
10513,NONE,NO_CLICK
10514,NONE,NO_CLICK
10515,NONE,NO_CLICK
10516,NONE,NO_CLICK
10517,NONE,NO_CLICK
10518,NONE,NO_CLICK
10519,NONE,NO_CLICK
10520,NONE,NO_CLICK
10521,NONE,NO_CLICK
10522,NONE,NO_CLICK
10523,NONE,NO_CLICK
10524,NONE,NO_CLICK
10525,NONE,NO_CLICK
10526,NONE,NO_CLICK
10527,NONE,NO_CLICK
10528,NONE,NO_CLICK
10529,NONE,NO_CLICK
10530,NONE,NO_CLICK
10531,NONE,NO_CLICK
10532,NONE,NO_CLICK
10533,NONE,NO_CLICK
10534,NONE,NO_CLICK
10535,NONE,NO_CLICK
10536,NONE,NO_CLICK
10537,NONE,NO_CLICK
10538,NONE,NO_CLICK
10539,NONE,NO_CLICK
10540,NONE,NO_CLICK
10541,NONE,NO_CLICK
10542,NONE,NO_CLICK
10543,NONE,NO_CLICK
10544,NONE,NO_CLICK
10545,NONE,NO_CLICK
10546,NONE,NO_CLICK
10547,NONE,NO_CLICK
10548,NONE,NO_CLICK
10549,NONE,NO_CLICK
10550,NONE,NO_CLICK
10551,NONE,NO_CLICK
10552,NONE,NO_CLICK
10553,NONE,NO_CLICK
10554,NONE,NO_CLICK
10555,NONE,NO_CLICK
10556,NONE,NO_CLICK
10557,NONE,NO_CLICK
10558,NONE,NO_CLICK
10559,NONE,NO_CLICK
10560,NONE,NO_CLICK
10561,NONE,NO_CLICK
10562,NONE,NO_CLICK
10563,NONE,NO_CLICK
10564,NONE,NO_CLICK
10565,NONE,NO_CLICK
10566,NONE,NO_CLICK
10567,NONE,NO_CLICK
10568,NONE,NO_CLICK
10569,NONE,NO_CLICK
10570,NONE,NO_CLICK
10571,NONE,NO_CLICK
10572,NONE,NO_CLICK
10573,NONE,NO_CLICK
10574,NONE,NO_CLICK
10575,NONE,NO_CLICK
10576,NONE,NO_CLICK
10577,NONE,NO_CLICK
10578,NONE,NO_CLICK
10579,NONE,NO_CLICK
10580,NONE,NO_CLICK
10581,NONE,NO_CLICK
10582,NONE,NO_CLICK
10583,NONE,NO_CLICK
10584,NONE,NO_CLICK
10585,NONE,NO_CLICK
10586,NONE,NO_CLICK
10587,NONE,NO_CLICK
10588,NONE,NO_CLICK
10589,NONE,NO_CLICK
10590,NONE,NO_CLICK
10591,NONE,NO_CLICK
10592,NONE,NO_CLICK
10593,NONE,NO_CLICK
10594,D2,D2_CLICK
10595,D2,D2_CLICK
10596,D2,D2_CLICK
10597,D2,D2_CLICK
10598,D2,D2_CLICK
10599,D2,D2_CLICK
10600,D2,D2_CLICK
10601,D2,D2_CLICK
10602,D2,D2_CLICK
10603,D2,D2_CLICK
10604,D2,D2_CLICK
10605,D2,D2_CLICK
10606,D2,D2_CLICK
10607,D2,D2_CLICK
10608,D2,D2_CLICK
10609,D2,D2_CLICK
10610,D2,D2_CLICK
10611,D2,D2_CLICK
10612,D2,D2_CLICK
10613,D2,D2_CLICK
10614,D2,D2_CLICK
10615,D2,D2_CLICK
10616,D2,D2_CLICK
10617,D2,D2_CLICK
10618,D2,D2_CLICK
10619,D2,D2_CLICK
10620,D2,D2_CLICK
10621,D2,D2_CLICK
10622,D2,D2_CLICK
10623,D2,D2_CLICK
10624,D2,D2_CLICK
10625,D2,D2_CLICK
10626,D2,D2_CLICK
10627,D2,D2_CLICK
10628,D2,D2_CLICK
10629,D2,D2_CLICK
10630,D2,D2_CLICK
10631,D2,D2_CLICK
10632,NONE,NO_CLICK
10633,NONE,NO_CLICK
10634,NONE,NO_CLICK
10635,NONE,NO_CLICK
10636,NONE,NO_CLICK
10637,NONE,NO_CLICK
10638,NONE,NO_CLICK
10639,NONE,NO_CLICK
10640,NONE,NO_CLICK
10641,NONE,NO_CLICK
10642,NONE,NO_CLICK
10643,NONE,NO_CLICK
10644,NONE,NO_CLICK
10645,NONE,NO_CLICK
10646,NONE,NO_CLICK
10647,NONE,NO_CLICK
10648,NONE,NO_CLICK
10649,NONE,NO_CLICK
10650,NONE,NO_CLICK
10651,NONE,NO_CLICK
10652,NONE,NO_CLICK
10653,NONE,NO_CLICK
10654,NONE,NO_CLICK
10655,NONE,NO_CLICK
10656,NONE,NO_CLICK
10657,NONE,NO_CLICK
10658,D1,D1_CLICK
10659,D1,D1_CLICK
10660,D1,D1_CLICK
10661,D1,D1_CLICK
10662,D1,D1_CLICK
10663,D1,D1_CLICK
10664,D1,D1_CLICK
10665,D1,D1_CLICK
10666,D1,D1_CLICK
10667,D1,D1_CLICK
10668,D1,D1_CLICK
10669,D1,D1_CLICK
10670,D1,D1_CLICK
10671,D1,D1_CLICK
10672,D1,D1_CLICK
10673,D1,D1_CLICK
10674,D1,D1_CLICK
10675,D1,D1_CLICK
10676,D1,D1_CLICK
10677,D1,D1_CLICK
10678,D1,D1_CLICK
10679,D1,D1_CLICK
10680,D1,D1_CLICK
10681,D1,D1_CLICK
10682,D1,D1_CLICK
10683,D1,D1_CLICK
10684,D1,D1_CLICK
10685,D1,D1_CLICK
10686,D1,D1_CLICK
10687,D1,D1_CLICK
10688,D1,D1_CLICK
10689,D1,D1_CLICK
10690,D1,D1_CLICK
10691,D1,D1_CLICK
10692,D1,D1_CLICK
10693,D1,D1_CLICK
10694,D1,D1_CLICK
10695,D1,D1_CLICK
10696,NONE,NO_CLICK
10697,NONE,NO_CLICK
10698,NONE,NO_CLICK
10699,NONE,NO_CLICK
10700,NONE,NO_CLICK
10701,NONE,NO_CLICK
10702,NONE,NO_CLICK
10703,NONE,NO_CLICK
10704,NONE,NO_CLICK
10705,NONE,NO_CLICK
10706,NONE,NO_CLICK
10707,NONE,NO_CLICK
10708,NONE,NO_CLICK
10709,NONE,NO_CLICK
10710,NONE,NO_CLICK
10711,NONE,NO_CLICK
10712,NONE,NO_CLICK
10713,NONE,NO_CLICK
10714,NONE,NO_CLICK
10715,NONE,NO_CLICK
10716,NONE,NO_CLICK
10717,NONE,NO_CLICK
10718,NONE,NO_CLICK
10719,NONE,NO_CLICK
10720,NONE,NO_CLICK
10721,NONE,NO_CLICK
10722,NONE,NO_CLICK
10723,NONE,NO_CLICK
10724,NONE,NO_CLICK
10725,NONE,NO_CLICK
10726,NONE,NO_CLICK
10727,NONE,NO_CLICK
10728,NONE,NO_CLICK
10729,NONE,NO_CLICK
10730,NONE,NO_CLICK
10731,NONE,NO_CLICK
10732,NONE,NO_CLICK
10733,NONE,NO_CLICK
10734,NONE,NO_CLICK
10735,NONE,NO_CLICK
10736,NONE,NO_CLICK
10737,NONE,NO_CLICK
10738,NONE,NO_CLICK
10739,NONE,NO_CLICK
10740,NONE,NO_CLICK
10741,NONE,NO_CLICK
10742,NONE,NO_CLICK
10743,NONE,NO_CLICK
10744,NONE,NO_CLICK
10745,NONE,NO_CLICK
10746,NONE,NO_CLICK
10747,NONE,NO_CLICK
10748,NONE,NO_CLICK
10749,NONE,NO_CLICK
10750,NONE,NO_CLICK
10751,NONE,NO_CLICK
10752,NONE,NO_CLICK
10753,NONE,NO_CLICK
10754,NONE,NO_CLICK
10755,NONE,NO_CLICK
10756,NONE,NO_CLICK
10757,NONE,NO_CLICK
10758,NONE,NO_CLICK
10759,NONE,NO_CLICK
10760,NONE,NO_CLICK
10761,NONE,NO_CLICK
10762,NONE,NO_CLICK
10763,NONE,NO_CLICK
10764,NONE,NO_CLICK
10765,NONE,NO_CLICK
10766,NONE,NO_CLICK
10767,NONE,NO_CLICK
10768,NONE,NO_CLICK
10769,NONE,NO_CLICK
10770,NONE,NO_CLICK
10771,NONE,NO_CLICK
10772,NONE,NO_CLICK
10773,NONE,NO_CLICK
10774,NONE,NO_CLICK
10775,NONE,NO_CLICK
10776,NONE,NO_CLICK
10777,NONE,NO_CLICK
10778,NONE,NO_CLICK
10779,NONE,NO_CLICK
10780,NONE,NO_CLICK
10781,NONE,NO_CLICK
10782,NONE,NO_CLICK
10783,NONE,NO_CLICK
10784,NONE,NO_CLICK
10785,NONE,NO_CLICK
10786,NONE,NO_CLICK
10787,NONE,NO_CLICK
10788,NONE,NO_CLICK
10789,NONE,NO_CLICK
10790,NONE,NO_CLICK
10791,NONE,NO_CLICK
10792,NONE,NO_CLICK
10793,NONE,NO_CLICK
10794,NONE,NO_CLICK
10795,NONE,NO_CLICK
10796,NONE,NO_CLICK
10797,NONE,NO_CLICK
10798,NONE,NO_CLICK
10799,NONE,NO_CLICK
10800,NONE,NO_CLICK
10801,NONE,NO_CLICK
10802,NONE,NO_CLICK
10803,NONE,NO_CLICK
10804,NONE,NO_CLICK
10805,NONE,NO_CLICK
10806,NONE,NO_CLICK
10807,NONE,NO_CLICK
10808,NONE,NO_CLICK
10809,NONE,NO_CLICK
10810,NONE,NO_CLICK
10811,NONE,NO_CLICK
10812,NONE,NO_CLICK
10813,NONE,NO_CLICK
10814,NONE,NO_CLICK
10815,NONE,NO_CLICK
10816,NONE,NO_CLICK
10817,NONE,NO_CLICK
10818,NONE,NO_CLICK
10819,NONE,NO_CLICK
10820,NONE,NO_CLICK
10821,NONE,NO_CLICK
10822,NONE,NO_CLICK
10823,NONE,NO_CLICK
10824,NONE,NO_CLICK
10825,NONE,NO_CLICK
10826,NONE,NO_CLICK
10827,NONE,NO_CLICK
10828,NONE,NO_CLICK
10829,NONE,NO_CLICK
10830,NONE,NO_CLICK
10831,NONE,NO_CLICK
10832,NONE,NO_CLICK
10833,NONE,NO_CLICK
10834,NONE,NO_CLICK
10835,NONE,NO_CLICK
10836,NONE,NO_CLICK
10837,NONE,NO_CLICK
10838,NONE,NO_CLICK
10839,NONE,NO_CLICK
10840,NONE,NO_CLICK
10841,NONE,NO_CLICK
10842,NONE,NO_CLICK
10843,NONE,NO_CLICK
10844,NONE,NO_CLICK
10845,NONE,NO_CLICK
10846,NONE,NO_CLICK
10847,NONE,NO_CLICK
10848,NONE,NO_CLICK
10849,NONE,NO_CLICK
10850,NONE,NO_CLICK
10851,NONE,NO_CLICK
10852,NONE,NO_CLICK
10853,NONE,NO_CLICK
10854,NONE,NO_CLICK
10855,NONE,NO_CLICK
10856,NONE,NO_CLICK
10857,NONE,NO_CLICK
10858,NONE,NO_CLICK
10859,NONE,NO_CLICK
10860,NONE,NO_CLICK
10861,NONE,NO_CLICK
10862,NONE,NO_CLICK
10863,NONE,NO_CLICK
10864,NONE,NO_CLICK
10865,NONE,NO_CLICK
10866,NONE,NO_CLICK
10867,NONE,NO_CLICK
10868,NONE,NO_CLICK
10869,NONE,NO_CLICK
10870,NONE,NO_CLICK
10871,NONE,NO_CLICK
10872,NONE,NO_CLICK
10873,NONE,NO_CLICK
10874,NONE,NO_CLICK
10875,NONE,NO_CLICK
10876,NONE,NO_CLICK
10877,NONE,NO_CLICK
10878,NONE,NO_CLICK
10879,NONE,NO_CLICK
10880,NONE,NO_CLICK
10881,NONE,NO_CLICK
10882,NONE,NO_CLICK
10883,NONE,NO_CLICK
10884,NONE,NO_CLICK
10885,NONE,NO_CLICK
10886,NONE,NO_CLICK
10887,NONE,NO_CLICK
10888,NONE,NO_CLICK
10889,NONE,NO_CLICK
10890,NONE,NO_CLICK
10891,NONE,NO_CLICK
10892,NONE,NO_CLICK
10893,NONE,NO_CLICK
10894,NONE,NO_CLICK
10895,NONE,NO_CLICK
10896,NONE,NO_CLICK
10897,NONE,NO_CLICK
10898,NONE,NO_CLICK
10899,NONE,NO_CLICK
10900,NONE,NO_CLICK
10901,NONE,NO_CLICK
10902,NONE,NO_CLICK
10903,NONE,NO_CLICK
10904,NONE,NO_CLICK
10905,NONE,NO_CLICK
10906,NONE,NO_CLICK
10907,NONE,NO_CLICK
10908,NONE,NO_CLICK
10909,NONE,NO_CLICK
10910,NONE,NO_CLICK
10911,NONE,NO_CLICK
10912,NONE,NO_CLICK
10913,NONE,NO_CLICK
10914,NONE,NO_CLICK
10915,NONE,NO_CLICK
10916,NONE,NO_CLICK
10917,NONE,NO_CLICK
10918,NONE,NO_CLICK
10919,NONE,NO_CLICK
10920,NONE,NO_CLICK
10921,NONE,NO_CLICK
10922,NONE,NO_CLICK
10923,NONE,NO_CLICK
10924,NONE,NO_CLICK
10925,NONE,NO_CLICK
10926,NONE,NO_CLICK
10927,NONE,NO_CLICK
10928,NONE,NO_CLICK
10929,NONE,NO_CLICK
10930,NONE,NO_CLICK
10931,NONE,NO_CLICK
10932,NONE,NO_CLICK
10933,NONE,NO_CLICK
10934,NONE,NO_CLICK
10935,NONE,NO_CLICK
10936,NONE,NO_CLICK
10937,NONE,NO_CLICK
10938,NONE,NO_CLICK
10939,NONE,NO_CLICK
10940,NONE,NO_CLICK
10941,NONE,NO_CLICK
10942,NONE,NO_CLICK
10943,NONE,NO_CLICK
10944,NONE,NO_CLICK
10945,NONE,NO_CLICK
10946,NONE,NO_CLICK
10947,NONE,NO_CLICK
10948,NONE,NO_CLICK
10949,NONE,NO_CLICK
10950,NONE,NO_CLICK
10951,NONE,NO_CLICK
10952,NONE,NO_CLICK
10953,NONE,NO_CLICK
10954,NONE,NO_CLICK
10955,NONE,NO_CLICK
10956,NONE,NO_CLICK
10957,NONE,NO_CLICK
10958,NONE,NO_CLICK
10959,NONE,NO_CLICK
10960,NONE,NO_CLICK
10961,NONE,NO_CLICK
10962,NONE,NO_CLICK
10963,NONE,NO_CLICK
10964,NONE,NO_CLICK
10965,NONE,NO_CLICK
10966,NONE,NO_CLICK
10967,NONE,NO_CLICK
10968,NONE,NO_CLICK
10969,NONE,NO_CLICK
10970,NONE,NO_CLICK
10971,NONE,NO_CLICK
10972,NONE,NO_CLICK
10973,NONE,NO_CLICK
10974,NONE,NO_CLICK
10975,NONE,NO_CLICK
10976,NONE,NO_CLICK
10977,NONE,NO_CLICK
10978,NONE,NO_CLICK
10979,NONE,NO_CLICK
10980,NONE,NO_CLICK
10981,NONE,NO_CLICK
10982,NONE,NO_CLICK
10983,NONE,NO_CLICK
10984,NONE,NO_CLICK
10985,NONE,NO_CLICK
10986,NONE,NO_CLICK
10987,NONE,NO_CLICK
10988,NONE,NO_CLICK
10989,NONE,NO_CLICK
10990,NONE,NO_CLICK
10991,NONE,NO_CLICK
10992,NONE,NO_CLICK
10993,NONE,NO_CLICK
10994,NONE,NO_CLICK
10995,NONE,NO_CLICK
10996,NONE,NO_CLICK
10997,NONE,NO_CLICK
10998,NONE,NO_CLICK
10999,NONE,NO_CLICK
11000,NONE,NO_CLICK
11001,NONE,NO_CLICK
11002,NONE,NO_CLICK
11003,NONE,NO_CLICK
11004,NONE,NO_CLICK
11005,NONE,NO_CLICK
11006,NONE,NO_CLICK
11007,NONE,NO_CLICK
11008,NONE,NO_CLICK
11009,NONE,NO_CLICK
11010,NONE,NO_CLICK
11011,NONE,NO_CLICK
11012,NONE,NO_CLICK
11013,NONE,NO_CLICK
11014,NONE,NO_CLICK
11015,NONE,NO_CLICK
11016,NONE,NO_CLICK
11017,NONE,NO_CLICK
11018,NONE,NO_CLICK
11019,NONE,NO_CLICK
11020,NONE,NO_CLICK
11021,NONE,NO_CLICK
11022,NONE,NO_CLICK
11023,NONE,NO_CLICK
11024,NONE,NO_CLICK
11025,NONE,NO_CLICK
11026,NONE,NO_CLICK
11027,NONE,NO_CLICK
11028,NONE,NO_CLICK
11029,NONE,NO_CLICK
11030,NONE,NO_CLICK
11031,NONE,NO_CLICK
11032,NONE,NO_CLICK
11033,NONE,NO_CLICK
11034,NONE,NO_CLICK
11035,NONE,NO_CLICK
11036,NONE,NO_CLICK
11037,NONE,NO_CLICK
11038,NONE,NO_CLICK
11039,NONE,NO_CLICK
11040,NONE,NO_CLICK
11041,NONE,NO_CLICK
11042,D1,D1_CLICK
11043,D1,D1_CLICK
11044,D1,D1_CLICK
11045,D1,D1_CLICK
11046,D1,D1_CLICK
11047,D1,D1_CLICK
11048,D1,D1_CLICK
11049,D1,D1_CLICK
11050,D1,D1_CLICK
11051,D1,D1_CLICK
11052,D1,D1_CLICK
11053,D1,D1_CLICK
11054,D1,D1_CLICK
11055,D1,D1_CLICK
11056,D1,D1_CLICK
11057,D1,D1_CLICK
11058,D1,D1_CLICK
11059,D1,D1_CLICK
11060,D1,D1_CLICK
11061,D1,D1_CLICK
11062,D1,D1_CLICK
11063,D1,D1_CLICK
11064,D1,D1_CLICK
11065,D1,D1_CLICK
11066,D1,D1_CLICK
11067,D1,D1_CLICK
11068,D1,D1_CLICK
11069,D1,D1_CLICK
11070,D1,D1_CLICK
11071,D1,D1_CLICK
11072,D1,D1_CLICK
11073,D1,D1_CLICK
11074,BOTH,DOUBLE_CLICK
11075,BOTH,DOUBLE_CLICK
11076,BOTH,DOUBLE_CLICK
11077,BOTH,DOUBLE_CLICK
11078,BOTH,DOUBLE_CLICK
11079,BOTH,DOUBLE_CLICK
11080,D2,D2_CLICK
11081,D2,D2_CLICK
11082,D2,D2_CLICK
11083,D2,D2_CLICK
11084,D2,D2_CLICK
11085,D2,D2_CLICK
11086,D2,D2_CLICK
11087,D2,D2_CLICK
11088,D2,D2_CLICK
11089,D2,D2_CLICK
11090,D2,D2_CLICK
11091,D2,D2_CLICK
11092,D2,D2_CLICK
11093,D2,D2_CLICK
11094,D2,D2_CLICK
11095,D2,D2_CLICK
11096,D2,D2_CLICK
11097,D2,D2_CLICK
11098,D2,D2_CLICK
11099,D2,D2_CLICK
11100,D2,D2_CLICK
11101,D2,D2_CLICK
11102,D2,D2_CLICK
11103,D2,D2_CLICK
11104,D2,D2_CLICK
11105,D2,D2_CLICK
11106,D2,D2_CLICK
11107,D2,D2_CLICK
11108,D2,D2_CLICK
11109,D2,D2_CLICK
11110,D2,D2_CLICK
11111,D2,D2_CLICK
11112,NONE,NO_CLICK
11113,NONE,NO_CLICK
11114,NONE,NO_CLICK
11115,NONE,NO_CLICK
11116,NONE,NO_CLICK
11117,NONE,NO_CLICK
11118,NONE,NO_CLICK
11119,NONE,NO_CLICK
11120,NONE,NO_CLICK
11121,NONE,NO_CLICK
11122,NONE,NO_CLICK
11123,NONE,NO_CLICK
11124,NONE,NO_CLICK
11125,NONE,NO_CLICK
11126,NONE,NO_CLICK
11127,NONE,NO_CLICK
11128,NONE,NO_CLICK
11129,NONE,NO_CLICK
11130,NONE,NO_CLICK
11131,NONE,NO_CLICK
11132,NONE,NO_CLICK
11133,NONE,NO_CLICK
11134,NONE,NO_CLICK
11135,NONE,NO_CLICK
11136,NONE,NO_CLICK
11137,NONE,NO_CLICK
11138,NONE,NO_CLICK
11139,NONE,NO_CLICK
11140,NONE,NO_CLICK
11141,NONE,NO_CLICK
11142,NONE,NO_CLICK
11143,NONE,NO_CLICK
11144,NONE,NO_CLICK
11145,NONE,NO_CLICK
11146,NONE,NO_CLICK
11147,NONE,NO_CLICK
11148,NONE,NO_CLICK
11149,NONE,NO_CLICK
11150,NONE,NO_CLICK
11151,NONE,NO_CLICK
11152,NONE,NO_CLICK
11153,NONE,NO_CLICK
11154,NONE,NO_CLICK
11155,NONE,NO_CLICK
11156,NONE,NO_CLICK
11157,NONE,NO_CLICK
11158,NONE,NO_CLICK
11159,NONE,NO_CLICK
11160,NONE,NO_CLICK
11161,NONE,NO_CLICK
11162,NONE,NO_CLICK
11163,NONE,NO_CLICK
11164,NONE,NO_CLICK
11165,NONE,NO_CLICK
11166,NONE,NO_CLICK
11167,NONE,NO_CLICK
11168,NONE,NO_CLICK
11169,NONE,NO_CLICK
11170,NONE,NO_CLICK
11171,NONE,NO_CLICK
11172,NONE,NO_CLICK
11173,NONE,NO_CLICK
11174,NONE,NO_CLICK
11175,NONE,NO_CLICK
11176,NONE,NO_CLICK
11177,NONE,NO_CLICK
11178,NONE,NO_CLICK
11179,NONE,NO_CLICK
11180,NONE,NO_CLICK
11181,NONE,NO_CLICK
11182,NONE,NO_CLICK
11183,NONE,NO_CLICK
11184,NONE,NO_CLICK
11185,NONE,NO_CLICK
11186,NONE,NO_CLICK
11187,NONE,NO_CLICK
11188,NONE,NO_CLICK
11189,NONE,NO_CLICK
11190,NONE,NO_CLICK
11191,NONE,NO_CLICK
11192,NONE,NO_CLICK
11193,NONE,NO_CLICK
11194,NONE,NO_CLICK
11195,NONE,NO_CLICK
11196,NONE,NO_CLICK
11197,NONE,NO_CLICK
11198,NONE,NO_CLICK
11199,NONE,NO_CLICK
11200,NONE,NO_CLICK
11201,NONE,NO_CLICK
11202,NONE,NO_CLICK
11203,NONE,NO_CLICK
11204,NONE,NO_CLICK
11205,NONE,NO_CLICK
11206,NONE,NO_CLICK
11207,NONE,NO_CLICK
11208,NONE,NO_CLICK
11209,NONE,NO_CLICK
11210,NONE,NO_CLICK
11211,NONE,NO_CLICK
11212,NONE,NO_CLICK
11213,NONE,NO_CLICK
11214,NONE,NO_CLICK
11215,NONE,NO_CLICK
11216,NONE,NO_CLICK
11217,NONE,NO_CLICK
11218,NONE,NO_CLICK
11219,NONE,NO_CLICK
11220,NONE,NO_CLICK
11221,NONE,NO_CLICK
11222,NONE,NO_CLICK
11223,NONE,NO_CLICK
11224,NONE,NO_CLICK
11225,NONE,NO_CLICK
11226,NONE,NO_CLICK
11227,NONE,NO_CLICK
11228,NONE,NO_CLICK
11229,NONE,NO_CLICK
11230,NONE,NO_CLICK
11231,NONE,NO_CLICK
11232,NONE,NO_CLICK
11233,NONE,NO_CLICK
11234,NONE,NO_CLICK
11235,NONE,NO_CLICK
11236,NONE,NO_CLICK
11237,NONE,NO_CLICK
11238,NONE,NO_CLICK
11239,NONE,NO_CLICK
11240,NONE,NO_CLICK
11241,NONE,NO_CLICK
11242,NONE,NO_CLICK
11243,NONE,NO_CLICK
11244,NONE,NO_CLICK
11245,NONE,NO_CLICK
11246,NONE,NO_CLICK
11247,NONE,NO_CLICK
11248,NONE,NO_CLICK
11249,NONE,NO_CLICK
11250,NONE,NO_CLICK
11251,NONE,NO_CLICK
11252,NONE,NO_CLICK
11253,NONE,NO_CLICK
11254,NONE,NO_CLICK
11255,NONE,NO_CLICK
11256,NONE,NO_CLICK
11257,NONE,NO_CLICK
11258,NONE,NO_CLICK
11259,NONE,NO_CLICK
11260,NONE,NO_CLICK
11261,NONE,NO_CLICK
11262,NONE,NO_CLICK
11263,NONE,NO_CLICK
11264,NONE,NO_CLICK
11265,NONE,NO_CLICK
11266,NONE,NO_CLICK
11267,NONE,NO_CLICK
11268,NONE,NO_CLICK
11269,NONE,NO_CLICK
11270,NONE,NO_CLICK
11271,NONE,NO_CLICK
11272,NONE,NO_CLICK
11273,NONE,NO_CLICK
11274,NONE,NO_CLICK
11275,NONE,NO_CLICK
11276,NONE,NO_CLICK
11277,NONE,NO_CLICK
11278,NONE,NO_CLICK
11279,NONE,NO_CLICK
11280,NONE,NO_CLICK
11281,NONE,NO_CLICK
11282,NONE,NO_CLICK
11283,NONE,NO_CLICK
11284,NONE,NO_CLICK
11285,NONE,NO_CLICK
11286,NONE,NO_CLICK
11287,NONE,NO_CLICK
11288,NONE,NO_CLICK
11289,NONE,NO_CLICK
11290,NONE,NO_CLICK
11291,NONE,NO_CLICK
11292,NONE,NO_CLICK
11293,NONE,NO_CLICK
11294,NONE,NO_CLICK
11295,NONE,NO_CLICK
11296,NONE,NO_CLICK
11297,NONE,NO_CLICK
11298,NONE,NO_CLICK
11299,NONE,NO_CLICK
11300,NONE,NO_CLICK
11301,NONE,NO_CLICK
11302,NONE,NO_CLICK
11303,NONE,NO_CLICK
11304,NONE,NO_CLICK
11305,NONE,NO_CLICK
11306,NONE,NO_CLICK
11307,NONE,NO_CLICK
11308,NONE,NO_CLICK
11309,NONE,NO_CLICK
11310,NONE,NO_CLICK
11311,NONE,NO_CLICK
11312,NONE,NO_CLICK
11313,NONE,NO_CLICK
11314,NONE,NO_CLICK
11315,NONE,NO_CLICK
11316,NONE,NO_CLICK
11317,NONE,NO_CLICK
11318,NONE,NO_CLICK
11319,NONE,NO_CLICK
11320,NONE,NO_CLICK
11321,NONE,NO_CLICK
11322,NONE,NO_CLICK
11323,NONE,NO_CLICK
11324,NONE,NO_CLICK
11325,NONE,NO_CLICK
11326,NONE,NO_CLICK
11327,NONE,NO_CLICK
11328,NONE,NO_CLICK
11329,NONE,NO_CLICK
11330,D2,D2_CLICK
11331,D2,D2_CLICK
11332,D2,D2_CLICK
11333,D2,D2_CLICK
11334,D2,D2_CLICK
11335,D2,D2_CLICK
11336,D2,D2_CLICK
11337,D2,D2_CLICK
11338,D2,D2_CLICK
11339,D2,D2_CLICK
11340,D2,D2_CLICK
11341,D2,D2_CLICK
11342,D2,D2_CLICK
11343,D2,D2_CLICK
11344,D2,D2_CLICK
11345,D2,D2_CLICK
11346,D2,D2_CLICK
11347,D2,D2_CLICK
11348,D2,D2_CLICK
11349,D2,D2_CLICK
11350,D2,D2_CLICK
11351,D2,D2_CLICK
11352,D2,D2_CLICK
11353,D2,D2_CLICK
11354,D2,D2_CLICK
11355,D2,D2_CLICK
11356,D2,D2_CLICK
11357,D2,D2_CLICK
11358,D2,D2_CLICK
11359,D2,D2_CLICK
11360,D2,D2_CLICK
11361,D2,D2_CLICK
11362,D2,D2_CLICK
11363,D2,D2_CLICK
11364,D2,D2_CLICK
11365,D2,D2_CLICK
11366,D2,D2_CLICK
11367,D2,D2_CLICK
11368,NONE,NO_CLICK
11369,NONE,NO_CLICK
11370,NONE,NO_CLICK
11371,NONE,NO_CLICK
11372,NONE,NO_CLICK
11373,NONE,NO_CLICK
11374,NONE,NO_CLICK
11375,NONE,NO_CLICK
11376,NONE,NO_CLICK
11377,NONE,NO_CLICK
11378,NONE,NO_CLICK
11379,NONE,NO_CLICK
11380,NONE,NO_CLICK
11381,NONE,NO_CLICK
11382,NONE,NO_CLICK
11383,NONE,NO_CLICK
11384,NONE,NO_CLICK
11385,NONE,NO_CLICK
11386,NONE,NO_CLICK
11387,NONE,NO_CLICK
11388,NONE,NO_CLICK
11389,NONE,NO_CLICK
11390,NONE,NO_CLICK
11391,NONE,NO_CLICK
11392,NONE,NO_CLICK
11393,NONE,NO_CLICK
11394,NONE,NO_CLICK
11395,NONE,NO_CLICK
11396,NONE,NO_CLICK
11397,NONE,NO_CLICK
11398,NONE,NO_CLICK
11399,NONE,NO_CLICK
11400,NONE,NO_CLICK
11401,NONE,NO_CLICK
11402,NONE,NO_CLICK
11403,NONE,NO_CLICK
11404,NONE,NO_CLICK
11405,NONE,NO_CLICK
11406,NONE,NO_CLICK
11407,NONE,NO_CLICK
11408,NONE,NO_CLICK
11409,NONE,NO_CLICK
11410,NONE,NO_CLICK
11411,NONE,NO_CLICK
11412,NONE,NO_CLICK
11413,NONE,NO_CLICK
11414,NONE,NO_CLICK
11415,NONE,NO_CLICK
11416,NONE,NO_CLICK
11417,NONE,NO_CLICK
11418,NONE,NO_CLICK
11419,NONE,NO_CLICK
11420,NONE,NO_CLICK
11421,NONE,NO_CLICK
11422,NONE,NO_CLICK
11423,NONE,NO_CLICK
11424,NONE,NO_CLICK
11425,NONE,NO_CLICK
11426,D1,D1_CLICK
11427,D1,D1_CLICK
11428,D1,D1_CLICK
11429,D1,D1_CLICK
11430,D1,D1_CLICK
11431,D1,D1_CLICK
11432,D1,D1_CLICK
11433,D1,D1_CLICK
11434,D1,D1_CLICK
11435,D1,D1_CLICK
11436,D1,D1_CLICK
11437,D1,D1_CLICK
11438,D1,D1_CLICK
11439,D1,D1_CLICK
11440,D1,D1_CLICK
11441,D1,D1_CLICK
11442,D1,D1_CLICK
11443,D1,D1_CLICK
11444,D1,D1_CLICK
11445,D1,D1_CLICK
11446,D1,D1_CLICK
11447,D1,D1_CLICK
11448,D1,D1_CLICK
11449,D1,D1_CLICK
11450,D1,D1_CLICK
11451,D1,D1_CLICK
11452,D1,D1_CLICK
11453,D1,D1_CLICK
11454,D1,D1_CLICK
11455,D1,D1_CLICK
11456,D1,D1_CLICK
11457,D1,D1_CLICK
11458,D1,D1_CLICK
11459,D1,D1_CLICK
11460,D1,D1_CLICK
11461,D1,D1_CLICK
11462,D1,D1_CLICK
11463,D1,D1_CLICK
11464,NONE,NO_CLICK
11465,NONE,NO_CLICK
11466,NONE,NO_CLICK
11467,NONE,NO_CLICK
11468,NONE,NO_CLICK
11469,NONE,NO_CLICK
11470,NONE,NO_CLICK
11471,NONE,NO_CLICK
11472,NONE,NO_CLICK
11473,NONE,NO_CLICK
11474,NONE,NO_CLICK
11475,NONE,NO_CLICK
11476,NONE,NO_CLICK
11477,NONE,NO_CLICK
11478,NONE,NO_CLICK
11479,NONE,NO_CLICK
11480,NONE,NO_CLICK
11481,NONE,NO_CLICK
11482,NONE,NO_CLICK
11483,NONE,NO_CLICK
11484,NONE,NO_CLICK
11485,NONE,NO_CLICK
11486,NONE,NO_CLICK
11487,NONE,NO_CLICK
11488,NONE,NO_CLICK
11489,NONE,NO_CLICK
11490,NONE,NO_CLICK
11491,NONE,NO_CLICK
11492,NONE,NO_CLICK
11493,NONE,NO_CLICK
11494,NONE,NO_CLICK
11495,NONE,NO_CLICK
11496,NONE,NO_CLICK
11497,NONE,NO_CLICK
11498,NONE,NO_CLICK
11499,NONE,NO_CLICK
11500,NONE,NO_CLICK
11501,NONE,NO_CLICK
11502,NONE,NO_CLICK
11503,NONE,NO_CLICK
11504,NONE,NO_CLICK
11505,NONE,NO_CLICK
11506,NONE,NO_CLICK
11507,NONE,NO_CLICK
11508,NONE,NO_CLICK
11509,NONE,NO_CLICK
11510,NONE,NO_CLICK
11511,NONE,NO_CLICK
11512,NONE,NO_CLICK
11513,NONE,NO_CLICK
11514,NONE,NO_CLICK
11515,NONE,NO_CLICK
11516,NONE,NO_CLICK
11517,NONE,NO_CLICK
11518,NONE,NO_CLICK
11519,NONE,NO_CLICK
11520,NONE,NO_CLICK
11521,NONE,NO_CLICK
11522,NONE,NO_CLICK
11523,NONE,NO_CLICK
11524,NONE,NO_CLICK
11525,NONE,NO_CLICK
11526,NONE,NO_CLICK
11527,NONE,NO_CLICK
11528,NONE,NO_CLICK
11529,NONE,NO_CLICK
11530,NONE,NO_CLICK
11531,NONE,NO_CLICK
11532,NONE,NO_CLICK
11533,NONE,NO_CLICK
11534,NONE,NO_CLICK
11535,NONE,NO_CLICK
11536,NONE,NO_CLICK
11537,NONE,NO_CLICK
11538,NONE,NO_CLICK
11539,NONE,NO_CLICK
11540,NONE,NO_CLICK
11541,NONE,NO_CLICK
11542,NONE,NO_CLICK
11543,NONE,NO_CLICK
11544,NONE,NO_CLICK
11545,NONE,NO_CLICK
11546,NONE,NO_CLICK
11547,NONE,NO_CLICK
11548,NONE,NO_CLICK
11549,NONE,NO_CLICK
11550,NONE,NO_CLICK
11551,NONE,NO_CLICK
11552,NONE,NO_CLICK
11553,NONE,NO_CLICK
11554,NONE,NO_CLICK
11555,NONE,NO_CLICK
11556,NONE,NO_CLICK
11557,NONE,NO_CLICK
11558,NONE,NO_CLICK
11559,NONE,NO_CLICK
11560,NONE,NO_CLICK
11561,NONE,NO_CLICK
11562,NONE,NO_CLICK
11563,NONE,NO_CLICK
11564,NONE,NO_CLICK
11565,NONE,NO_CLICK
11566,NONE,NO_CLICK
11567,NONE,NO_CLICK
11568,NONE,NO_CLICK
11569,NONE,NO_CLICK
11570,NONE,NO_CLICK
11571,NONE,NO_CLICK
11572,NONE,NO_CLICK
11573,NONE,NO_CLICK
11574,NONE,NO_CLICK
11575,NONE,NO_CLICK
11576,NONE,NO_CLICK
11577,NONE,NO_CLICK
11578,NONE,NO_CLICK
11579,NONE,NO_CLICK
11580,NONE,NO_CLICK
11581,NONE,NO_CLICK
11582,NONE,NO_CLICK
11583,NONE,NO_CLICK
11584,NONE,NO_CLICK
11585,NONE,NO_CLICK
11586,NONE,NO_CLICK
11587,NONE,NO_CLICK
11588,NONE,NO_CLICK
11589,NONE,NO_CLICK
11590,NONE,NO_CLICK
11591,NONE,NO_CLICK
11592,NONE,NO_CLICK
11593,NONE,NO_CLICK
11594,NONE,NO_CLICK
11595,NONE,NO_CLICK
11596,NONE,NO_CLICK
11597,NONE,NO_CLICK
11598,NONE,NO_CLICK
11599,NONE,NO_CLICK
11600,NONE,NO_CLICK
11601,NONE,NO_CLICK
11602,NONE,NO_CLICK
11603,NONE,NO_CLICK
11604,NONE,NO_CLICK
11605,NONE,NO_CLICK
11606,NONE,NO_CLICK
11607,NONE,NO_CLICK
11608,NONE,NO_CLICK
11609,NONE,NO_CLICK
11610,NONE,NO_CLICK
11611,NONE,NO_CLICK
11612,NONE,NO_CLICK
11613,NONE,NO_CLICK
11614,NONE,NO_CLICK
11615,NONE,NO_CLICK
11616,NONE,NO_CLICK
11617,NONE,NO_CLICK
11618,NONE,NO_CLICK
11619,NONE,NO_CLICK
11620,NONE,NO_CLICK
11621,NONE,NO_CLICK
11622,NONE,NO_CLICK
11623,NONE,NO_CLICK
11624,NONE,NO_CLICK
11625,NONE,NO_CLICK
11626,NONE,NO_CLICK
11627,NONE,NO_CLICK
11628,NONE,NO_CLICK
11629,NONE,NO_CLICK
11630,NONE,NO_CLICK
11631,NONE,NO_CLICK
11632,NONE,NO_CLICK
11633,NONE,NO_CLICK
11634,NONE,NO_CLICK
11635,NONE,NO_CLICK
11636,NONE,NO_CLICK
11637,NONE,NO_CLICK
11638,NONE,NO_CLICK
11639,NONE,NO_CLICK
11640,NONE,NO_CLICK
11641,NONE,NO_CLICK
11642,NONE,NO_CLICK
11643,NONE,NO_CLICK
11644,NONE,NO_CLICK
11645,NONE,NO_CLICK
11646,NONE,NO_CLICK
11647,NONE,NO_CLICK
11648,NONE,NO_CLICK
11649,NONE,NO_CLICK
11650,NONE,NO_CLICK
11651,NONE,NO_CLICK
11652,NONE,NO_CLICK
11653,NONE,NO_CLICK
11654,NONE,NO_CLICK
11655,NONE,NO_CLICK
11656,NONE,NO_CLICK
11657,NONE,NO_CLICK
11658,NONE,NO_CLICK
11659,NONE,NO_CLICK
11660,NONE,NO_CLICK
11661,NONE,NO_CLICK
11662,NONE,NO_CLICK
11663,NONE,NO_CLICK
11664,NONE,NO_CLICK
11665,NONE,NO_CLICK
11666,NONE,NO_CLICK
11667,NONE,NO_CLICK
11668,NONE,NO_CLICK
11669,NONE,NO_CLICK
11670,NONE,NO_CLICK
11671,NONE,NO_CLICK
11672,NONE,NO_CLICK
11673,NONE,NO_CLICK
11674,NONE,NO_CLICK
11675,NONE,NO_CLICK
11676,NONE,NO_CLICK
11677,NONE,NO_CLICK
11678,NONE,NO_CLICK
11679,NONE,NO_CLICK
11680,NONE,NO_CLICK
11681,NONE,NO_CLICK
11682,D2,D2_CLICK
11683,D2,D2_CLICK
11684,D2,D2_CLICK
11685,D2,D2_CLICK
11686,D2,D2_CLICK
11687,D2,D2_CLICK
11688,D2,D2_CLICK
11689,D2,D2_CLICK
11690,D2,D2_CLICK
11691,D2,D2_CLICK
11692,D2,D2_CLICK
11693,D2,D2_CLICK
11694,D2,D2_CLICK
11695,D2,D2_CLICK
11696,D2,D2_CLICK
11697,D2,D2_CLICK
11698,D2,D2_CLICK
11699,D2,D2_CLICK
11700,D2,D2_CLICK
11701,D2,D2_CLICK
11702,D2,D2_CLICK
11703,D2,D2_CLICK
11704,D2,D2_CLICK
11705,D2,D2_CLICK
11706,D2,D2_CLICK
11707,D2,D2_CLICK
11708,D2,D2_CLICK
11709,D2,D2_CLICK
11710,D2,D2_CLICK
11711,D2,D2_CLICK
11712,D2,D2_CLICK
11713,D2,D2_CLICK
11714,D2,D2_CLICK
11715,D2,D2_CLICK
11716,D2,D2_CLICK
11717,D2,D2_CLICK
11718,D2,D2_CLICK
11719,D2,D2_CLICK
11720,NONE,NO_CLICK
11721,NONE,NO_CLICK
11722,NONE,NO_CLICK
11723,NONE,NO_CLICK
11724,NONE,NO_CLICK
11725,NONE,NO_CLICK
11726,NONE,NO_CLICK
11727,NONE,NO_CLICK
11728,NONE,NO_CLICK
11729,NONE,NO_CLICK
11730,NONE,NO_CLICK
11731,NONE,NO_CLICK
11732,NONE,NO_CLICK
11733,NONE,NO_CLICK
11734,NONE,NO_CLICK
11735,NONE,NO_CLICK
11736,NONE,NO_CLICK
11737,NONE,NO_CLICK
11738,NONE,NO_CLICK
11739,NONE,NO_CLICK
11740,NONE,NO_CLICK
11741,NONE,NO_CLICK
11742,NONE,NO_CLICK
11743,NONE,NO_CLICK
11744,NONE,NO_CLICK
11745,NONE,NO_CLICK
11746,D1,D1_CLICK
11747,D1,D1_CLICK
11748,D1,D1_CLICK
11749,D1,D1_CLICK
11750,D1,D1_CLICK
11751,D1,D1_CLICK
11752,D1,D1_CLICK
11753,D1,D1_CLICK
11754,D1,D1_CLICK
11755,D1,D1_CLICK
11756,D1,D1_CLICK
11757,D1,D1_CLICK
11758,D1,D1_CLICK
11759,D1,D1_CLICK
11760,D1,D1_CLICK
11761,D1,D1_CLICK
11762,D1,D1_CLICK
11763,D1,D1_CLICK
11764,D1,D1_CLICK
11765,D1,D1_CLICK
11766,D1,D1_CLICK
11767,D1,D1_CLICK
11768,D1,D1_CLICK
11769,D1,D1_CLICK
11770,D1,D1_CLICK
11771,D1,D1_CLICK
11772,D1,D1_CLICK
11773,D1,D1_CLICK
11774,D1,D1_CLICK
11775,D1,D1_CLICK
11776,D1,D1_CLICK
11777,D1,D1_CLICK
11778,D1,D1_CLICK
11779,D1,D1_CLICK
11780,D1,D1_CLICK
11781,D1,D1_CLICK
11782,D1,D1_CLICK
11783,D1,D1_CLICK
11784,NONE,NO_CLICK
11785,NONE,NO_CLICK
11786,NONE,NO_CLICK
11787,NONE,NO_CLICK
11788,NONE,NO_CLICK
11789,NONE,NO_CLICK
11790,NONE,NO_CLICK
11791,NONE,NO_CLICK
11792,NONE,NO_CLICK
11793,NONE,NO_CLICK
11794,NONE,NO_CLICK
11795,NONE,NO_CLICK
11796,NONE,NO_CLICK
11797,NONE,NO_CLICK
11798,NONE,NO_CLICK
11799,NONE,NO_CLICK
11800,NONE,NO_CLICK
11801,NONE,NO_CLICK
11802,NONE,NO_CLICK
11803,NONE,NO_CLICK
11804,NONE,NO_CLICK
11805,NONE,NO_CLICK
11806,NONE,NO_CLICK
11807,NONE,NO_CLICK
11808,NONE,NO_CLICK
11809,NONE,NO_CLICK
11810,NONE,NO_CLICK
11811,NONE,NO_CLICK
11812,NONE,NO_CLICK
11813,NONE,NO_CLICK
11814,NONE,NO_CLICK
11815,NONE,NO_CLICK
11816,NONE,NO_CLICK
11817,NONE,NO_CLICK
11818,NONE,NO_CLICK
11819,NONE,NO_CLICK
11820,NONE,NO_CLICK
11821,NONE,NO_CLICK
11822,NONE,NO_CLICK
11823,NONE,NO_CLICK
11824,NONE,NO_CLICK
11825,NONE,NO_CLICK
11826,NONE,NO_CLICK
11827,NONE,NO_CLICK
11828,NONE,NO_CLICK
11829,NONE,NO_CLICK
11830,NONE,NO_CLICK
11831,NONE,NO_CLICK
11832,NONE,NO_CLICK
11833,NONE,NO_CLICK
11834,NONE,NO_CLICK
11835,NONE,NO_CLICK
11836,NONE,NO_CLICK
11837,NONE,NO_CLICK
11838,NONE,NO_CLICK
11839,NONE,NO_CLICK
11840,NONE,NO_CLICK
11841,NONE,NO_CLICK
11842,NONE,NO_CLICK
11843,NONE,NO_CLICK
11844,NONE,NO_CLICK
11845,NONE,NO_CLICK
11846,NONE,NO_CLICK
11847,NONE,NO_CLICK
11848,NONE,NO_CLICK
11849,NONE,NO_CLICK
11850,NONE,NO_CLICK
11851,NONE,NO_CLICK
11852,NONE,NO_CLICK
11853,NONE,NO_CLICK
11854,NONE,NO_CLICK
11855,NONE,NO_CLICK
11856,NONE,NO_CLICK
11857,NONE,NO_CLICK
11858,NONE,NO_CLICK
11859,NONE,NO_CLICK
11860,NONE,NO_CLICK
11861,NONE,NO_CLICK
11862,NONE,NO_CLICK
11863,NONE,NO_CLICK
11864,NONE,NO_CLICK
11865,NONE,NO_CLICK
11866,NONE,NO_CLICK
11867,NONE,NO_CLICK
11868,NONE,NO_CLICK
11869,NONE,NO_CLICK
11870,NONE,NO_CLICK
11871,NONE,NO_CLICK
11872,NONE,NO_CLICK
11873,NONE,NO_CLICK
11874,NONE,NO_CLICK
11875,NONE,NO_CLICK
11876,NONE,NO_CLICK
11877,NONE,NO_CLICK
11878,NONE,NO_CLICK
11879,NONE,NO_CLICK
11880,NONE,NO_CLICK
11881,NONE,NO_CLICK
11882,NONE,NO_CLICK
11883,NONE,NO_CLICK
11884,NONE,NO_CLICK
11885,NONE,NO_CLICK
11886,NONE,NO_CLICK
11887,NONE,NO_CLICK
11888,NONE,NO_CLICK
11889,NONE,NO_CLICK
11890,NONE,NO_CLICK
11891,NONE,NO_CLICK
11892,NONE,NO_CLICK
11893,NONE,NO_CLICK
11894,NONE,NO_CLICK
11895,NONE,NO_CLICK
11896,NONE,NO_CLICK
11897,NONE,NO_CLICK
11898,NONE,NO_CLICK
11899,NONE,NO_CLICK
11900,NONE,NO_CLICK
11901,NONE,NO_CLICK
11902,NONE,NO_CLICK
11903,NONE,NO_CLICK
11904,NONE,NO_CLICK
11905,NONE,NO_CLICK
11906,D2,D2_CLICK
11907,D2,D2_CLICK
11908,D2,D2_CLICK
11909,D2,D2_CLICK
11910,D2,D2_CLICK
11911,D2,D2_CLICK
11912,D2,D2_CLICK
11913,D2,D2_CLICK
11914,D2,D2_CLICK
11915,D2,D2_CLICK
11916,D2,D2_CLICK
11917,D2,D2_CLICK
11918,D2,D2_CLICK
11919,D2,D2_CLICK
11920,D2,D2_CLICK
11921,D2,D2_CLICK
11922,D2,D2_CLICK
11923,D2,D2_CLICK
11924,D2,D2_CLICK
11925,D2,D2_CLICK
11926,D2,D2_CLICK
11927,D2,D2_CLICK
11928,D2,D2_CLICK
11929,D2,D2_CLICK
11930,D2,D2_CLICK
11931,D2,D2_CLICK
11932,D2,D2_CLICK
11933,D2,D2_CLICK
11934,D2,D2_CLICK
11935,D2,D2_CLICK
11936,D2,D2_CLICK
11937,D2,D2_CLICK
11938,D2,D2_CLICK
11939,D2,D2_CLICK
11940,D2,D2_CLICK
11941,D2,D2_CLICK
11942,D2,D2_CLICK
11943,D2,D2_CLICK
11944,NONE,NO_CLICK
11945,NONE,NO_CLICK
11946,NONE,NO_CLICK
11947,NONE,NO_CLICK
11948,NONE,NO_CLICK
11949,NONE,NO_CLICK
11950,NONE,NO_CLICK
11951,NONE,NO_CLICK
11952,NONE,NO_CLICK
11953,NONE,NO_CLICK
11954,NONE,NO_CLICK
11955,NONE,NO_CLICK
11956,NONE,NO_CLICK
11957,NONE,NO_CLICK
11958,NONE,NO_CLICK
11959,NONE,NO_CLICK
11960,NONE,NO_CLICK
11961,NONE,NO_CLICK
11962,NONE,NO_CLICK
11963,NONE,NO_CLICK
11964,NONE,NO_CLICK
11965,NONE,NO_CLICK
11966,NONE,NO_CLICK
11967,NONE,NO_CLICK
11968,NONE,NO_CLICK
11969,NONE,NO_CLICK
11970,NONE,NO_CLICK
11971,NONE,NO_CLICK
11972,NONE,NO_CLICK
11973,NONE,NO_CLICK
11974,NONE,NO_CLICK
11975,NONE,NO_CLICK
11976,NONE,NO_CLICK
11977,NONE,NO_CLICK
11978,NONE,NO_CLICK
11979,NONE,NO_CLICK
11980,NONE,NO_CLICK
11981,NONE,NO_CLICK
11982,NONE,NO_CLICK
11983,NONE,NO_CLICK
11984,NONE,NO_CLICK
11985,NONE,NO_CLICK
11986,NONE,NO_CLICK
11987,NONE,NO_CLICK
11988,NONE,NO_CLICK
11989,NONE,NO_CLICK
11990,NONE,NO_CLICK
11991,NONE,NO_CLICK
11992,NONE,NO_CLICK
11993,NONE,NO_CLICK
11994,NONE,NO_CLICK
11995,NONE,NO_CLICK
11996,NONE,NO_CLICK
11997,NONE,NO_CLICK
11998,NONE,NO_CLICK
11999,NONE,NO_CLICK
12000,NONE,NO_CLICK
12001,NONE,NO_CLICK
12002,D2,D2_CLICK
12003,D2,D2_CLICK
12004,D2,D2_CLICK
12005,D2,D2_CLICK
12006,D2,D2_CLICK
12007,D2,D2_CLICK
12008,D2,D2_CLICK
12009,D2,D2_CLICK
12010,D2,D2_CLICK
12011,D2,D2_CLICK
12012,D2,D2_CLICK
12013,D2,D2_CLICK
12014,D2,D2_CLICK
12015,D2,D2_CLICK
12016,D2,D2_CLICK
12017,D2,D2_CLICK
12018,D2,D2_CLICK
12019,D2,D2_CLICK
12020,D2,D2_CLICK
12021,D2,D2_CLICK
12022,D2,D2_CLICK
12023,D2,D2_CLICK
12024,D2,D2_CLICK
12025,D2,D2_CLICK
12026,D2,D2_CLICK
12027,D2,D2_CLICK
12028,D2,D2_CLICK
12029,D2,D2_CLICK
12030,D2,D2_CLICK
12031,D2,D2_CLICK
12032,D2,D2_CLICK
12033,D2,D2_CLICK
12034,D2,D2_CLICK
12035,D2,D2_CLICK
12036,D2,D2_CLICK
12037,D2,D2_CLICK
12038,D2,D2_CLICK
12039,D2,D2_CLICK
12040,NONE,NO_CLICK
12041,NONE,NO_CLICK
12042,NONE,NO_CLICK
12043,NONE,NO_CLICK
12044,NONE,NO_CLICK
12045,NONE,NO_CLICK
12046,NONE,NO_CLICK
12047,NONE,NO_CLICK
12048,NONE,NO_CLICK
12049,NONE,NO_CLICK
12050,NONE,NO_CLICK
12051,NONE,NO_CLICK
12052,NONE,NO_CLICK
12053,NONE,NO_CLICK
12054,NONE,NO_CLICK
12055,NONE,NO_CLICK
12056,NONE,NO_CLICK
12057,NONE,NO_CLICK
12058,NONE,NO_CLICK
12059,NONE,NO_CLICK
12060,NONE,NO_CLICK
12061,NONE,NO_CLICK
12062,NONE,NO_CLICK
12063,NONE,NO_CLICK
12064,NONE,NO_CLICK
12065,NONE,NO_CLICK
12066,NONE,NO_CLICK
12067,NONE,NO_CLICK
12068,NONE,NO_CLICK
12069,NONE,NO_CLICK
12070,NONE,NO_CLICK
12071,NONE,NO_CLICK
12072,NONE,NO_CLICK
12073,NONE,NO_CLICK
12074,NONE,NO_CLICK
12075,NONE,NO_CLICK
12076,NONE,NO_CLICK
12077,NONE,NO_CLICK
12078,NONE,NO_CLICK
12079,NONE,NO_CLICK
12080,NONE,NO_CLICK
12081,NONE,NO_CLICK
12082,NONE,NO_CLICK
12083,NONE,NO_CLICK
12084,NONE,NO_CLICK
12085,NONE,NO_CLICK
12086,NONE,NO_CLICK
12087,NONE,NO_CLICK
12088,NONE,NO_CLICK
12089,NONE,NO_CLICK
12090,NONE,NO_CLICK
12091,NONE,NO_CLICK
12092,NONE,NO_CLICK
12093,NONE,NO_CLICK
12094,NONE,NO_CLICK
12095,NONE,NO_CLICK
12096,NONE,NO_CLICK
12097,NONE,NO_CLICK
12098,NONE,NO_CLICK
12099,NONE,NO_CLICK
12100,NONE,NO_CLICK
12101,NONE,NO_CLICK
12102,NONE,NO_CLICK
12103,NONE,NO_CLICK
12104,NONE,NO_CLICK
12105,NONE,NO_CLICK
12106,NONE,NO_CLICK
12107,NONE,NO_CLICK
12108,NONE,NO_CLICK
12109,NONE,NO_CLICK
12110,NONE,NO_CLICK
12111,NONE,NO_CLICK
12112,NONE,NO_CLICK
12113,NONE,NO_CLICK
12114,NONE,NO_CLICK
12115,NONE,NO_CLICK
12116,NONE,NO_CLICK
12117,NONE,NO_CLICK
12118,NONE,NO_CLICK
12119,NONE,NO_CLICK
12120,NONE,NO_CLICK
12121,NONE,NO_CLICK
12122,NONE,NO_CLICK
12123,NONE,NO_CLICK
12124,NONE,NO_CLICK
12125,NONE,NO_CLICK
12126,NONE,NO_CLICK
12127,NONE,NO_CLICK
12128,NONE,NO_CLICK
12129,NONE,NO_CLICK
12130,NONE,NO_CLICK
12131,NONE,NO_CLICK
12132,NONE,NO_CLICK
12133,NONE,NO_CLICK
12134,NONE,NO_CLICK
12135,NONE,NO_CLICK
12136,NONE,NO_CLICK
12137,NONE,NO_CLICK
12138,NONE,NO_CLICK
12139,NONE,NO_CLICK
12140,NONE,NO_CLICK
12141,NONE,NO_CLICK
12142,NONE,NO_CLICK
12143,NONE,NO_CLICK
12144,NONE,NO_CLICK
12145,NONE,NO_CLICK
12146,NONE,NO_CLICK
12147,NONE,NO_CLICK
12148,NONE,NO_CLICK
12149,NONE,NO_CLICK
12150,NONE,NO_CLICK
12151,NONE,NO_CLICK
12152,NONE,NO_CLICK
12153,NONE,NO_CLICK
12154,NONE,NO_CLICK
12155,NONE,NO_CLICK
12156,NONE,NO_CLICK
12157,NONE,NO_CLICK
12158,NONE,NO_CLICK
12159,NONE,NO_CLICK
12160,NONE,NO_CLICK
12161,NONE,NO_CLICK
12162,NONE,NO_CLICK
12163,NONE,NO_CLICK
12164,NONE,NO_CLICK
12165,NONE,NO_CLICK
12166,NONE,NO_CLICK
12167,NONE,NO_CLICK
12168,NONE,NO_CLICK
12169,NONE,NO_CLICK
12170,NONE,NO_CLICK
12171,NONE,NO_CLICK
12172,NONE,NO_CLICK
12173,NONE,NO_CLICK
12174,NONE,NO_CLICK
12175,NONE,NO_CLICK
12176,NONE,NO_CLICK
12177,NONE,NO_CLICK
12178,NONE,NO_CLICK
12179,NONE,NO_CLICK
12180,NONE,NO_CLICK
12181,NONE,NO_CLICK
12182,NONE,NO_CLICK
12183,NONE,NO_CLICK
12184,NONE,NO_CLICK
12185,NONE,NO_CLICK
12186,NONE,NO_CLICK
12187,NONE,NO_CLICK
12188,NONE,NO_CLICK
12189,NONE,NO_CLICK
12190,NONE,NO_CLICK
12191,NONE,NO_CLICK
12192,NONE,NO_CLICK
12193,NONE,NO_CLICK
12194,D1,D1_CLICK
12195,D1,D1_CLICK
12196,D1,D1_CLICK
12197,D1,D1_CLICK
12198,D1,D1_CLICK
12199,D1,D1_CLICK
12200,D1,D1_CLICK
12201,D1,D1_CLICK
12202,D1,D1_CLICK
12203,D1,D1_CLICK
12204,D1,D1_CLICK
12205,D1,D1_CLICK
12206,D1,D1_CLICK
12207,D1,D1_CLICK
12208,D1,D1_CLICK
12209,D1,D1_CLICK
12210,D1,D1_CLICK
12211,D1,D1_CLICK
12212,D1,D1_CLICK
12213,D1,D1_CLICK
12214,D1,D1_CLICK
12215,D1,D1_CLICK
12216,D1,D1_CLICK
12217,D1,D1_CLICK
12218,D1,D1_CLICK
12219,D1,D1_CLICK
12220,D1,D1_CLICK
12221,D1,D1_CLICK
12222,D1,D1_CLICK
12223,D1,D1_CLICK
12224,D1,D1_CLICK
12225,D1,D1_CLICK
12226,D1,D1_CLICK
12227,D1,D1_CLICK
12228,D1,D1_CLICK
12229,D1,D1_CLICK
12230,D1,D1_CLICK
12231,D1,D1_CLICK
12232,NONE,NO_CLICK
12233,NONE,NO_CLICK
12234,NONE,NO_CLICK
12235,NONE,NO_CLICK
12236,NONE,NO_CLICK
12237,NONE,NO_CLICK
12238,NONE,NO_CLICK
12239,NONE,NO_CLICK
12240,NONE,NO_CLICK
12241,NONE,NO_CLICK
12242,NONE,NO_CLICK
12243,NONE,NO_CLICK
12244,NONE,NO_CLICK
12245,NONE,NO_CLICK
12246,NONE,NO_CLICK
12247,NONE,NO_CLICK
12248,NONE,NO_CLICK
12249,NONE,NO_CLICK
12250,NONE,NO_CLICK
12251,NONE,NO_CLICK
12252,NONE,NO_CLICK
12253,NONE,NO_CLICK
12254,NONE,NO_CLICK
12255,NONE,NO_CLICK
12256,NONE,NO_CLICK
12257,NONE,NO_CLICK
12258,NONE,NO_CLICK
12259,NONE,NO_CLICK
12260,NONE,NO_CLICK
12261,NONE,NO_CLICK
12262,NONE,NO_CLICK
12263,NONE,NO_CLICK
12264,NONE,NO_CLICK
12265,NONE,NO_CLICK
12266,NONE,NO_CLICK
12267,NONE,NO_CLICK
12268,NONE,NO_CLICK
12269,NONE,NO_CLICK
12270,NONE,NO_CLICK
12271,NONE,NO_CLICK
12272,NONE,NO_CLICK
12273,NONE,NO_CLICK
12274,NONE,NO_CLICK
12275,NONE,NO_CLICK
12276,NONE,NO_CLICK
12277,NONE,NO_CLICK
12278,NONE,NO_CLICK
12279,NONE,NO_CLICK
12280,NONE,NO_CLICK
12281,NONE,NO_CLICK
12282,NONE,NO_CLICK
12283,NONE,NO_CLICK
12284,NONE,NO_CLICK
12285,NONE,NO_CLICK
12286,NONE,NO_CLICK
12287,NONE,NO_CLICK
12288,NONE,NO_CLICK
12289,NONE,NO_CLICK
12290,NONE,NO_CLICK
12291,NONE,NO_CLICK
12292,NONE,NO_CLICK
12293,NONE,NO_CLICK
12294,NONE,NO_CLICK
12295,NONE,NO_CLICK
12296,NONE,NO_CLICK
12297,NONE,NO_CLICK
12298,NONE,NO_CLICK
12299,NONE,NO_CLICK
12300,NONE,NO_CLICK
12301,NONE,NO_CLICK
12302,NONE,NO_CLICK
12303,NONE,NO_CLICK
12304,NONE,NO_CLICK
12305,NONE,NO_CLICK
12306,NONE,NO_CLICK
12307,NONE,NO_CLICK
12308,NONE,NO_CLICK
12309,NONE,NO_CLICK
12310,NONE,NO_CLICK
12311,NONE,NO_CLICK
12312,NONE,NO_CLICK
12313,NONE,NO_CLICK
12314,NONE,NO_CLICK
12315,NONE,NO_CLICK
12316,NONE,NO_CLICK
12317,NONE,NO_CLICK
12318,NONE,NO_CLICK
12319,NONE,NO_CLICK
12320,NONE,NO_CLICK
12321,NONE,NO_CLICK
12322,NONE,NO_CLICK
12323,NONE,NO_CLICK
12324,NONE,NO_CLICK
12325,NONE,NO_CLICK
12326,NONE,NO_CLICK
12327,NONE,NO_CLICK
12328,NONE,NO_CLICK
12329,NONE,NO_CLICK
12330,NONE,NO_CLICK
12331,NONE,NO_CLICK
12332,NONE,NO_CLICK
12333,NONE,NO_CLICK
12334,NONE,NO_CLICK
12335,NONE,NO_CLICK
12336,NONE,NO_CLICK
12337,NONE,NO_CLICK
12338,NONE,NO_CLICK
12339,NONE,NO_CLICK
12340,NONE,NO_CLICK
12341,NONE,NO_CLICK
12342,NONE,NO_CLICK
12343,NONE,NO_CLICK
12344,NONE,NO_CLICK
12345,NONE,NO_CLICK
12346,NONE,NO_CLICK
12347,NONE,NO_CLICK
12348,NONE,NO_CLICK
12349,NONE,NO_CLICK
12350,NONE,NO_CLICK
12351,NONE,NO_CLICK
12352,NONE,NO_CLICK
12353,NONE,NO_CLICK
12354,NONE,NO_CLICK
12355,NONE,NO_CLICK
12356,NONE,NO_CLICK
12357,NONE,NO_CLICK
12358,NONE,NO_CLICK
12359,NONE,NO_CLICK
12360,NONE,NO_CLICK
12361,NONE,NO_CLICK
12362,NONE,NO_CLICK
12363,NONE,NO_CLICK
12364,NONE,NO_CLICK
12365,NONE,NO_CLICK
12366,NONE,NO_CLICK
12367,NONE,NO_CLICK
12368,NONE,NO_CLICK
12369,NONE,NO_CLICK
12370,NONE,NO_CLICK
12371,NONE,NO_CLICK
12372,NONE,NO_CLICK
12373,NONE,NO_CLICK
12374,NONE,NO_CLICK
12375,NONE,NO_CLICK
12376,NONE,NO_CLICK
12377,NONE,NO_CLICK
12378,NONE,NO_CLICK
12379,NONE,NO_CLICK
12380,NONE,NO_CLICK
12381,NONE,NO_CLICK
12382,NONE,NO_CLICK
12383,NONE,NO_CLICK
12384,NONE,NO_CLICK
12385,NONE,NO_CLICK
12386,NONE,NO_CLICK
12387,NONE,NO_CLICK
12388,NONE,NO_CLICK
12389,NONE,NO_CLICK
12390,NONE,NO_CLICK
12391,NONE,NO_CLICK
12392,NONE,NO_CLICK
12393,NONE,NO_CLICK
12394,NONE,NO_CLICK
12395,NONE,NO_CLICK
12396,NONE,NO_CLICK
12397,NONE,NO_CLICK
12398,NONE,NO_CLICK
12399,NONE,NO_CLICK
12400,NONE,NO_CLICK
12401,NONE,NO_CLICK
12402,NONE,NO_CLICK
12403,NONE,NO_CLICK
12404,NONE,NO_CLICK
12405,NONE,NO_CLICK
12406,NONE,NO_CLICK
12407,NONE,NO_CLICK
12408,NONE,NO_CLICK
12409,NONE,NO_CLICK
12410,NONE,NO_CLICK
12411,NONE,NO_CLICK
12412,NONE,NO_CLICK
12413,NONE,NO_CLICK
12414,NONE,NO_CLICK
12415,NONE,NO_CLICK
12416,NONE,NO_CLICK
12417,NONE,NO_CLICK
12418,NONE,NO_CLICK
12419,NONE,NO_CLICK
12420,NONE,NO_CLICK
12421,NONE,NO_CLICK
12422,NONE,NO_CLICK
12423,NONE,NO_CLICK
12424,NONE,NO_CLICK
12425,NONE,NO_CLICK
12426,NONE,NO_CLICK
12427,NONE,NO_CLICK
12428,NONE,NO_CLICK
12429,NONE,NO_CLICK
12430,NONE,NO_CLICK
12431,NONE,NO_CLICK
12432,NONE,NO_CLICK
12433,NONE,NO_CLICK
12434,NONE,NO_CLICK
12435,NONE,NO_CLICK
12436,NONE,NO_CLICK
12437,NONE,NO_CLICK
12438,NONE,NO_CLICK
12439,NONE,NO_CLICK
12440,NONE,NO_CLICK
12441,NONE,NO_CLICK
12442,NONE,NO_CLICK
12443,NONE,NO_CLICK
12444,NONE,NO_CLICK
12445,NONE,NO_CLICK
12446,NONE,NO_CLICK
12447,NONE,NO_CLICK
12448,NONE,NO_CLICK
12449,NONE,NO_CLICK
12450,NONE,NO_CLICK
12451,NONE,NO_CLICK
12452,NONE,NO_CLICK
12453,NONE,NO_CLICK
12454,NONE,NO_CLICK
12455,NONE,NO_CLICK
12456,NONE,NO_CLICK
12457,NONE,NO_CLICK
12458,NONE,NO_CLICK
12459,NONE,NO_CLICK
12460,NONE,NO_CLICK
12461,NONE,NO_CLICK
12462,NONE,NO_CLICK
12463,NONE,NO_CLICK
12464,NONE,NO_CLICK
12465,NONE,NO_CLICK
12466,NONE,NO_CLICK
12467,NONE,NO_CLICK
12468,NONE,NO_CLICK
12469,NONE,NO_CLICK
12470,NONE,NO_CLICK
12471,NONE,NO_CLICK
12472,NONE,NO_CLICK
12473,NONE,NO_CLICK
12474,NONE,NO_CLICK
12475,NONE,NO_CLICK
12476,NONE,NO_CLICK
12477,NONE,NO_CLICK
12478,NONE,NO_CLICK
12479,NONE,NO_CLICK
12480,NONE,NO_CLICK
12481,NONE,NO_CLICK
12482,D2,D2_CLICK
12483,D2,D2_CLICK
12484,D2,D2_CLICK
12485,D2,D2_CLICK
12486,D2,D2_CLICK
12487,D2,D2_CLICK
12488,D2,D2_CLICK
12489,D2,D2_CLICK
12490,D2,D2_CLICK
12491,D2,D2_CLICK
12492,D2,D2_CLICK
12493,D2,D2_CLICK
12494,D2,D2_CLICK
12495,D2,D2_CLICK
12496,D2,D2_CLICK
12497,D2,D2_CLICK
12498,D2,D2_CLICK
12499,D2,D2_CLICK
12500,D2,D2_CLICK
12501,D2,D2_CLICK
12502,D2,D2_CLICK
12503,D2,D2_CLICK
12504,D2,D2_CLICK
12505,D2,D2_CLICK
12506,D2,D2_CLICK
12507,D2,D2_CLICK
12508,D2,D2_CLICK
12509,D2,D2_CLICK
12510,D2,D2_CLICK
12511,D2,D2_CLICK
12512,D2,D2_CLICK
12513,D2,D2_CLICK
12514,D2,D2_CLICK
12515,D2,D2_CLICK
12516,D2,D2_CLICK
12517,D2,D2_CLICK
12518,D2,D2_CLICK
12519,D2,D2_CLICK
12520,NONE,NO_CLICK
12521,NONE,NO_CLICK
12522,NONE,NO_CLICK
12523,NONE,NO_CLICK
12524,NONE,NO_CLICK
12525,NONE,NO_CLICK
12526,NONE,NO_CLICK
12527,NONE,NO_CLICK
12528,NONE,NO_CLICK
12529,NONE,NO_CLICK
12530,NONE,NO_CLICK
12531,NONE,NO_CLICK
12532,NONE,NO_CLICK
12533,NONE,NO_CLICK
12534,NONE,NO_CLICK
12535,NONE,NO_CLICK
12536,NONE,NO_CLICK
12537,NONE,NO_CLICK
12538,NONE,NO_CLICK
12539,NONE,NO_CLICK
12540,NONE,NO_CLICK
12541,NONE,NO_CLICK
12542,NONE,NO_CLICK
12543,NONE,NO_CLICK
12544,NONE,NO_CLICK
12545,NONE,NO_CLICK
12546,NONE,NO_CLICK
12547,NONE,NO_CLICK
12548,NONE,NO_CLICK
12549,NONE,NO_CLICK
12550,NONE,NO_CLICK
12551,NONE,NO_CLICK
12552,NONE,NO_CLICK
12553,NONE,NO_CLICK
12554,NONE,NO_CLICK
12555,NONE,NO_CLICK
12556,NONE,NO_CLICK
12557,NONE,NO_CLICK
12558,NONE,NO_CLICK
12559,NONE,NO_CLICK
12560,NONE,NO_CLICK
12561,NONE,NO_CLICK
12562,NONE,NO_CLICK
12563,NONE,NO_CLICK
12564,NONE,NO_CLICK
12565,NONE,NO_CLICK
12566,NONE,NO_CLICK
12567,NONE,NO_CLICK
12568,NONE,NO_CLICK
12569,NONE,NO_CLICK
12570,NONE,NO_CLICK
12571,NONE,NO_CLICK
12572,NONE,NO_CLICK
12573,NONE,NO_CLICK
12574,NONE,NO_CLICK
12575,NONE,NO_CLICK
12576,NONE,NO_CLICK
12577,NONE,NO_CLICK
12578,D1,D1_CLICK
12579,D1,D1_CLICK
12580,D1,D1_CLICK
12581,D1,D1_CLICK
12582,D1,D1_CLICK
12583,D1,D1_CLICK
12584,D1,D1_CLICK
12585,D1,D1_CLICK
12586,D1,D1_CLICK
12587,D1,D1_CLICK
12588,D1,D1_CLICK
12589,D1,D1_CLICK
12590,D1,D1_CLICK
12591,D1,D1_CLICK
12592,D1,D1_CLICK
12593,D1,D1_CLICK
12594,D1,D1_CLICK
12595,D1,D1_CLICK
12596,D1,D1_CLICK
12597,D1,D1_CLICK
12598,D1,D1_CLICK
12599,D1,D1_CLICK
12600,D1,D1_CLICK
12601,D1,D1_CLICK
12602,D1,D1_CLICK
12603,D1,D1_CLICK
12604,D1,D1_CLICK
12605,D1,D1_CLICK
12606,D1,D1_CLICK
12607,D1,D1_CLICK
12608,D1,D1_CLICK
12609,D1,D1_CLICK
12610,D1,D1_CLICK
12611,D1,D1_CLICK
12612,D1,D1_CLICK
12613,D1,D1_CLICK
12614,D1,D1_CLICK
12615,D1,D1_CLICK
12616,NONE,NO_CLICK
12617,NONE,NO_CLICK
12618,NONE,NO_CLICK
12619,NONE,NO_CLICK
12620,NONE,NO_CLICK
12621,NONE,NO_CLICK
12622,NONE,NO_CLICK
12623,NONE,NO_CLICK
12624,NONE,NO_CLICK
12625,NONE,NO_CLICK
12626,NONE,NO_CLICK
12627,NONE,NO_CLICK
12628,NONE,NO_CLICK
12629,NONE,NO_CLICK
12630,NONE,NO_CLICK
12631,NONE,NO_CLICK
12632,NONE,NO_CLICK
12633,NONE,NO_CLICK
12634,NONE,NO_CLICK
12635,NONE,NO_CLICK
12636,NONE,NO_CLICK
12637,NONE,NO_CLICK
12638,NONE,NO_CLICK
12639,NONE,NO_CLICK
12640,NONE,NO_CLICK
12641,NONE,NO_CLICK
12642,NONE,NO_CLICK
12643,NONE,NO_CLICK
12644,NONE,NO_CLICK
12645,NONE,NO_CLICK
12646,NONE,NO_CLICK
12647,NONE,NO_CLICK
12648,NONE,NO_CLICK
12649,NONE,NO_CLICK
12650,NONE,NO_CLICK
12651,NONE,NO_CLICK
12652,NONE,NO_CLICK
12653,NONE,NO_CLICK
12654,NONE,NO_CLICK
12655,NONE,NO_CLICK
12656,NONE,NO_CLICK
12657,NONE,NO_CLICK
12658,NONE,NO_CLICK
12659,NONE,NO_CLICK
12660,NONE,NO_CLICK
12661,NONE,NO_CLICK
12662,NONE,NO_CLICK
12663,NONE,NO_CLICK
12664,NONE,NO_CLICK
12665,NONE,NO_CLICK
12666,NONE,NO_CLICK
12667,NONE,NO_CLICK
12668,NONE,NO_CLICK
12669,NONE,NO_CLICK
12670,NONE,NO_CLICK
12671,NONE,NO_CLICK
12672,NONE,NO_CLICK
12673,NONE,NO_CLICK
12674,NONE,NO_CLICK
12675,NONE,NO_CLICK
12676,NONE,NO_CLICK
12677,NONE,NO_CLICK
12678,NONE,NO_CLICK
12679,NONE,NO_CLICK
12680,NONE,NO_CLICK
12681,NONE,NO_CLICK
12682,NONE,NO_CLICK
12683,NONE,NO_CLICK
12684,NONE,NO_CLICK
12685,NONE,NO_CLICK
12686,NONE,NO_CLICK
12687,NONE,NO_CLICK
12688,NONE,NO_CLICK
12689,NONE,NO_CLICK
12690,NONE,NO_CLICK
12691,NONE,NO_CLICK
12692,NONE,NO_CLICK
12693,NONE,NO_CLICK
12694,NONE,NO_CLICK
12695,NONE,NO_CLICK
12696,NONE,NO_CLICK
12697,NONE,NO_CLICK
12698,NONE,NO_CLICK
12699,NONE,NO_CLICK
12700,NONE,NO_CLICK
12701,NONE,NO_CLICK
12702,NONE,NO_CLICK
12703,NONE,NO_CLICK
12704,NONE,NO_CLICK
12705,NONE,NO_CLICK
12706,NONE,NO_CLICK
12707,NONE,NO_CLICK
12708,NONE,NO_CLICK
12709,NONE,NO_CLICK
12710,NONE,NO_CLICK
12711,NONE,NO_CLICK
12712,NONE,NO_CLICK
12713,NONE,NO_CLICK
12714,NONE,NO_CLICK
12715,NONE,NO_CLICK
12716,NONE,NO_CLICK
12717,NONE,NO_CLICK
12718,NONE,NO_CLICK
12719,NONE,NO_CLICK
12720,NONE,NO_CLICK
12721,NONE,NO_CLICK
12722,NONE,NO_CLICK
12723,NONE,NO_CLICK
12724,NONE,NO_CLICK
12725,NONE,NO_CLICK
12726,NONE,NO_CLICK
12727,NONE,NO_CLICK
12728,NONE,NO_CLICK
12729,NONE,NO_CLICK
12730,NONE,NO_CLICK
12731,NONE,NO_CLICK
12732,NONE,NO_CLICK
12733,NONE,NO_CLICK
12734,NONE,NO_CLICK
12735,NONE,NO_CLICK
12736,NONE,NO_CLICK
12737,NONE,NO_CLICK
12738,NONE,NO_CLICK
12739,NONE,NO_CLICK
12740,NONE,NO_CLICK
12741,NONE,NO_CLICK
12742,NONE,NO_CLICK
12743,NONE,NO_CLICK
12744,NONE,NO_CLICK
12745,NONE,NO_CLICK
12746,NONE,NO_CLICK
12747,NONE,NO_CLICK
12748,NONE,NO_CLICK
12749,NONE,NO_CLICK
12750,NONE,NO_CLICK
12751,NONE,NO_CLICK
12752,NONE,NO_CLICK
12753,NONE,NO_CLICK
12754,NONE,NO_CLICK
12755,NONE,NO_CLICK
12756,NONE,NO_CLICK
12757,NONE,NO_CLICK
12758,NONE,NO_CLICK
12759,NONE,NO_CLICK
12760,NONE,NO_CLICK
12761,NONE,NO_CLICK
12762,NONE,NO_CLICK
12763,NONE,NO_CLICK
12764,NONE,NO_CLICK
12765,NONE,NO_CLICK
12766,NONE,NO_CLICK
12767,NONE,NO_CLICK
12768,NONE,NO_CLICK
12769,NONE,NO_CLICK
12770,NONE,NO_CLICK
12771,NONE,NO_CLICK
12772,NONE,NO_CLICK
12773,NONE,NO_CLICK
12774,NONE,NO_CLICK
12775,NONE,NO_CLICK
12776,NONE,NO_CLICK
12777,NONE,NO_CLICK
12778,NONE,NO_CLICK
12779,NONE,NO_CLICK
12780,NONE,NO_CLICK
12781,NONE,NO_CLICK
12782,NONE,NO_CLICK
12783,NONE,NO_CLICK
12784,NONE,NO_CLICK
12785,NONE,NO_CLICK
12786,NONE,NO_CLICK
12787,NONE,NO_CLICK
12788,NONE,NO_CLICK
12789,NONE,NO_CLICK
12790,NONE,NO_CLICK
12791,NONE,NO_CLICK
12792,NONE,NO_CLICK
12793,NONE,NO_CLICK
12794,NONE,NO_CLICK
12795,NONE,NO_CLICK
12796,NONE,NO_CLICK
12797,NONE,NO_CLICK
12798,NONE,NO_CLICK
12799,NONE,NO_CLICK
12800,NONE,NO_CLICK
12801,NONE,NO_CLICK
12802,NONE,NO_CLICK
12803,NONE,NO_CLICK
12804,NONE,NO_CLICK
12805,NONE,NO_CLICK
12806,NONE,NO_CLICK
12807,NONE,NO_CLICK
12808,NONE,NO_CLICK
12809,NONE,NO_CLICK
12810,NONE,NO_CLICK
12811,NONE,NO_CLICK
12812,NONE,NO_CLICK
12813,NONE,NO_CLICK
12814,NONE,NO_CLICK
12815,NONE,NO_CLICK
12816,NONE,NO_CLICK
12817,NONE,NO_CLICK
12818,NONE,NO_CLICK
12819,NONE,NO_CLICK
12820,NONE,NO_CLICK
12821,NONE,NO_CLICK
12822,NONE,NO_CLICK
12823,NONE,NO_CLICK
12824,NONE,NO_CLICK
12825,NONE,NO_CLICK
12826,NONE,NO_CLICK
12827,NONE,NO_CLICK
12828,NONE,NO_CLICK
12829,NONE,NO_CLICK
12830,NONE,NO_CLICK
12831,NONE,NO_CLICK
12832,NONE,NO_CLICK
12833,NONE,NO_CLICK
12834,NONE,NO_CLICK
12835,NONE,NO_CLICK
12836,NONE,NO_CLICK
12837,NONE,NO_CLICK
12838,NONE,NO_CLICK
12839,NONE,NO_CLICK
12840,NONE,NO_CLICK
12841,NONE,NO_CLICK
12842,NONE,NO_CLICK
12843,NONE,NO_CLICK
12844,NONE,NO_CLICK
12845,NONE,NO_CLICK
12846,NONE,NO_CLICK
12847,NONE,NO_CLICK
12848,NONE,NO_CLICK
12849,NONE,NO_CLICK
12850,NONE,NO_CLICK
12851,NONE,NO_CLICK
12852,NONE,NO_CLICK
12853,NONE,NO_CLICK
12854,NONE,NO_CLICK
12855,NONE,NO_CLICK
12856,NONE,NO_CLICK
12857,NONE,NO_CLICK
12858,NONE,NO_CLICK
12859,NONE,NO_CLICK
12860,NONE,NO_CLICK
12861,NONE,NO_CLICK
12862,NONE,NO_CLICK
12863,NONE,NO_CLICK
12864,NONE,NO_CLICK
12865,NONE,NO_CLICK
12866,D2,D2_CLICK
12867,D2,D2_CLICK
12868,D2,D2_CLICK
12869,D2,D2_CLICK
12870,D2,D2_CLICK
12871,D2,D2_CLICK
12872,D2,D2_CLICK
12873,D2,D2_CLICK
12874,D2,D2_CLICK
12875,D2,D2_CLICK
12876,D2,D2_CLICK
12877,D2,D2_CLICK
12878,D2,D2_CLICK
12879,D2,D2_CLICK
12880,D2,D2_CLICK
12881,D2,D2_CLICK
12882,D2,D2_CLICK
12883,D2,D2_CLICK
12884,D2,D2_CLICK
12885,D2,D2_CLICK
12886,D2,D2_CLICK
12887,D2,D2_CLICK
12888,D2,D2_CLICK
12889,D2,D2_CLICK
12890,D2,D2_CLICK
12891,D2,D2_CLICK
12892,D2,D2_CLICK
12893,D2,D2_CLICK
12894,D2,D2_CLICK
12895,D2,D2_CLICK
12896,D2,D2_CLICK
12897,D2,D2_CLICK
12898,BOTH,DOUBLE_CLICK
12899,BOTH,DOUBLE_CLICK
12900,BOTH,DOUBLE_CLICK
12901,BOTH,DOUBLE_CLICK
12902,BOTH,DOUBLE_CLICK
12903,BOTH,DOUBLE_CLICK
12904,D1,D1_CLICK
12905,D1,D1_CLICK
12906,D1,D1_CLICK
12907,D1,D1_CLICK
12908,D1,D1_CLICK
12909,D1,D1_CLICK
12910,D1,D1_CLICK
12911,D1,D1_CLICK
12912,D1,D1_CLICK
12913,D1,D1_CLICK
12914,D1,D1_CLICK
12915,D1,D1_CLICK
12916,D1,D1_CLICK
12917,D1,D1_CLICK
12918,D1,D1_CLICK
12919,D1,D1_CLICK
12920,D1,D1_CLICK
12921,D1,D1_CLICK
12922,D1,D1_CLICK
12923,D1,D1_CLICK
12924,D1,D1_CLICK
12925,D1,D1_CLICK
12926,D1,D1_CLICK
12927,D1,D1_CLICK
12928,D1,D1_CLICK
12929,D1,D1_CLICK
12930,D1,D1_CLICK
12931,D1,D1_CLICK
12932,D1,D1_CLICK
12933,D1,D1_CLICK
12934,D1,D1_CLICK
12935,D1,D1_CLICK
12936,NONE,NO_CLICK
12937,NONE,NO_CLICK
12938,NONE,NO_CLICK
12939,NONE,NO_CLICK
12940,NONE,NO_CLICK
12941,NONE,NO_CLICK
12942,NONE,NO_CLICK
12943,NONE,NO_CLICK
12944,NONE,NO_CLICK
12945,NONE,NO_CLICK
12946,NONE,NO_CLICK
12947,NONE,NO_CLICK
12948,NONE,NO_CLICK
12949,NONE,NO_CLICK
12950,NONE,NO_CLICK
12951,NONE,NO_CLICK
12952,NONE,NO_CLICK
12953,NONE,NO_CLICK
12954,NONE,NO_CLICK
12955,NONE,NO_CLICK
12956,NONE,NO_CLICK
12957,NONE,NO_CLICK
12958,NONE,NO_CLICK
12959,NONE,NO_CLICK
12960,NONE,NO_CLICK
12961,NONE,NO_CLICK
12962,NONE,NO_CLICK
12963,NONE,NO_CLICK
12964,NONE,NO_CLICK
12965,NONE,NO_CLICK
12966,NONE,NO_CLICK
12967,NONE,NO_CLICK
12968,NONE,NO_CLICK
12969,NONE,NO_CLICK
12970,NONE,NO_CLICK
12971,NONE,NO_CLICK
12972,NONE,NO_CLICK
12973,NONE,NO_CLICK
12974,NONE,NO_CLICK
12975,NONE,NO_CLICK
12976,NONE,NO_CLICK
12977,NONE,NO_CLICK
12978,NONE,NO_CLICK
12979,NONE,NO_CLICK
12980,NONE,NO_CLICK
12981,NONE,NO_CLICK
12982,NONE,NO_CLICK
12983,NONE,NO_CLICK
12984,NONE,NO_CLICK
12985,NONE,NO_CLICK
12986,NONE,NO_CLICK
12987,NONE,NO_CLICK
12988,NONE,NO_CLICK
12989,NONE,NO_CLICK
12990,NONE,NO_CLICK
12991,NONE,NO_CLICK
12992,NONE,NO_CLICK
12993,NONE,NO_CLICK
12994,NONE,NO_CLICK
12995,NONE,NO_CLICK
12996,NONE,NO_CLICK
12997,NONE,NO_CLICK
12998,NONE,NO_CLICK
12999,NONE,NO_CLICK
13000,NONE,NO_CLICK
13001,NONE,NO_CLICK
13002,NONE,NO_CLICK
13003,NONE,NO_CLICK
13004,NONE,NO_CLICK
13005,NONE,NO_CLICK
13006,NONE,NO_CLICK
13007,NONE,NO_CLICK
13008,NONE,NO_CLICK
13009,NONE,NO_CLICK
13010,NONE,NO_CLICK
13011,NONE,NO_CLICK
13012,NONE,NO_CLICK
13013,NONE,NO_CLICK
13014,NONE,NO_CLICK
13015,NONE,NO_CLICK
13016,NONE,NO_CLICK
13017,NONE,NO_CLICK
13018,NONE,NO_CLICK
13019,NONE,NO_CLICK
13020,NONE,NO_CLICK
13021,NONE,NO_CLICK
13022,NONE,NO_CLICK
13023,NONE,NO_CLICK
13024,NONE,NO_CLICK
13025,NONE,NO_CLICK
13026,NONE,NO_CLICK
13027,NONE,NO_CLICK
13028,NONE,NO_CLICK
13029,NONE,NO_CLICK
13030,NONE,NO_CLICK
13031,NONE,NO_CLICK
13032,NONE,NO_CLICK
13033,NONE,NO_CLICK
13034,NONE,NO_CLICK
13035,NONE,NO_CLICK
13036,NONE,NO_CLICK
13037,NONE,NO_CLICK
13038,NONE,NO_CLICK
13039,NONE,NO_CLICK
13040,NONE,NO_CLICK
13041,NONE,NO_CLICK
13042,NONE,NO_CLICK
13043,NONE,NO_CLICK
13044,NONE,NO_CLICK
13045,NONE,NO_CLICK
13046,NONE,NO_CLICK
13047,NONE,NO_CLICK
13048,NONE,NO_CLICK
13049,NONE,NO_CLICK
13050,NONE,NO_CLICK
13051,NONE,NO_CLICK
13052,NONE,NO_CLICK
13053,NONE,NO_CLICK
13054,NONE,NO_CLICK
13055,NONE,NO_CLICK
13056,NONE,NO_CLICK
13057,NONE,NO_CLICK
13058,NONE,NO_CLICK
13059,NONE,NO_CLICK
13060,NONE,NO_CLICK
13061,NONE,NO_CLICK
13062,NONE,NO_CLICK
13063,NONE,NO_CLICK
13064,NONE,NO_CLICK
13065,NONE,NO_CLICK
13066,NONE,NO_CLICK
13067,NONE,NO_CLICK
13068,NONE,NO_CLICK
13069,NONE,NO_CLICK
13070,NONE,NO_CLICK
13071,NONE,NO_CLICK
13072,NONE,NO_CLICK
13073,NONE,NO_CLICK
13074,NONE,NO_CLICK
13075,NONE,NO_CLICK
13076,NONE,NO_CLICK
13077,NONE,NO_CLICK
13078,NONE,NO_CLICK
13079,NONE,NO_CLICK
13080,NONE,NO_CLICK
13081,NONE,NO_CLICK
13082,NONE,NO_CLICK
13083,NONE,NO_CLICK
13084,NONE,NO_CLICK
13085,NONE,NO_CLICK
13086,NONE,NO_CLICK
13087,NONE,NO_CLICK
13088,NONE,NO_CLICK
13089,NONE,NO_CLICK
13090,NONE,NO_CLICK
13091,NONE,NO_CLICK
13092,NONE,NO_CLICK
13093,NONE,NO_CLICK
13094,NONE,NO_CLICK
13095,NONE,NO_CLICK
13096,NONE,NO_CLICK
13097,NONE,NO_CLICK
13098,NONE,NO_CLICK
13099,NONE,NO_CLICK
13100,NONE,NO_CLICK
13101,NONE,NO_CLICK
13102,NONE,NO_CLICK
13103,NONE,NO_CLICK
13104,NONE,NO_CLICK
13105,NONE,NO_CLICK
13106,NONE,NO_CLICK
13107,NONE,NO_CLICK
13108,NONE,NO_CLICK
13109,NONE,NO_CLICK
13110,NONE,NO_CLICK
13111,NONE,NO_CLICK
13112,NONE,NO_CLICK
13113,NONE,NO_CLICK
13114,NONE,NO_CLICK
13115,NONE,NO_CLICK
13116,NONE,NO_CLICK
13117,NONE,NO_CLICK
13118,NONE,NO_CLICK
13119,NONE,NO_CLICK
13120,NONE,NO_CLICK
13121,NONE,NO_CLICK
13122,NONE,NO_CLICK
13123,NONE,NO_CLICK
13124,NONE,NO_CLICK
13125,NONE,NO_CLICK
13126,NONE,NO_CLICK
13127,NONE,NO_CLICK
13128,NONE,NO_CLICK
13129,NONE,NO_CLICK
13130,NONE,NO_CLICK
13131,NONE,NO_CLICK
13132,NONE,NO_CLICK
13133,NONE,NO_CLICK
13134,NONE,NO_CLICK
13135,NONE,NO_CLICK
13136,NONE,NO_CLICK
13137,NONE,NO_CLICK
13138,NONE,NO_CLICK
13139,NONE,NO_CLICK
13140,NONE,NO_CLICK
13141,NONE,NO_CLICK
13142,NONE,NO_CLICK
13143,NONE,NO_CLICK
13144,NONE,NO_CLICK
13145,NONE,NO_CLICK
13146,NONE,NO_CLICK
13147,NONE,NO_CLICK
13148,NONE,NO_CLICK
13149,NONE,NO_CLICK
13150,NONE,NO_CLICK
13151,NONE,NO_CLICK
13152,NONE,NO_CLICK
13153,NONE,NO_CLICK
13154,D1,D1_CLICK
13155,D1,D1_CLICK
13156,D1,D1_CLICK
13157,D1,D1_CLICK
13158,D1,D1_CLICK
13159,D1,D1_CLICK
13160,D1,D1_CLICK
13161,D1,D1_CLICK
13162,D1,D1_CLICK
13163,D1,D1_CLICK
13164,D1,D1_CLICK
13165,D1,D1_CLICK
13166,D1,D1_CLICK
13167,D1,D1_CLICK
13168,D1,D1_CLICK
13169,D1,D1_CLICK
13170,D1,D1_CLICK
13171,D1,D1_CLICK
13172,D1,D1_CLICK
13173,D1,D1_CLICK
13174,D1,D1_CLICK
13175,D1,D1_CLICK
13176,D1,D1_CLICK
13177,D1,D1_CLICK
13178,D1,D1_CLICK
13179,D1,D1_CLICK
13180,D1,D1_CLICK
13181,D1,D1_CLICK
13182,D1,D1_CLICK
13183,D1,D1_CLICK
13184,D1,D1_CLICK
13185,D1,D1_CLICK
13186,D1,D1_CLICK
13187,D1,D1_CLICK
13188,D1,D1_CLICK
13189,D1,D1_CLICK
13190,D1,D1_CLICK
13191,D1,D1_CLICK
13192,NONE,NO_CLICK
13193,NONE,NO_CLICK
13194,NONE,NO_CLICK
13195,NONE,NO_CLICK
13196,NONE,NO_CLICK
13197,NONE,NO_CLICK
13198,NONE,NO_CLICK
13199,NONE,NO_CLICK
13200,NONE,NO_CLICK
13201,NONE,NO_CLICK
13202,NONE,NO_CLICK
13203,NONE,NO_CLICK
13204,NONE,NO_CLICK
13205,NONE,NO_CLICK
13206,NONE,NO_CLICK
13207,NONE,NO_CLICK
13208,NONE,NO_CLICK
13209,NONE,NO_CLICK
13210,NONE,NO_CLICK
13211,NONE,NO_CLICK
13212,NONE,NO_CLICK
13213,NONE,NO_CLICK
13214,NONE,NO_CLICK
13215,NONE,NO_CLICK
13216,NONE,NO_CLICK
13217,NONE,NO_CLICK
13218,NONE,NO_CLICK
13219,NONE,NO_CLICK
13220,NONE,NO_CLICK
13221,NONE,NO_CLICK
13222,NONE,NO_CLICK
13223,NONE,NO_CLICK
13224,NONE,NO_CLICK
13225,NONE,NO_CLICK
13226,NONE,NO_CLICK
13227,NONE,NO_CLICK
13228,NONE,NO_CLICK
13229,NONE,NO_CLICK
13230,NONE,NO_CLICK
13231,NONE,NO_CLICK
13232,NONE,NO_CLICK
13233,NONE,NO_CLICK
13234,NONE,NO_CLICK
13235,NONE,NO_CLICK
13236,NONE,NO_CLICK
13237,NONE,NO_CLICK
13238,NONE,NO_CLICK
13239,NONE,NO_CLICK
13240,NONE,NO_CLICK
13241,NONE,NO_CLICK
13242,NONE,NO_CLICK
13243,NONE,NO_CLICK
13244,NONE,NO_CLICK
13245,NONE,NO_CLICK
13246,NONE,NO_CLICK
13247,NONE,NO_CLICK
13248,NONE,NO_CLICK
13249,NONE,NO_CLICK
13250,D1,D1_CLICK
13251,D1,D1_CLICK
13252,D1,D1_CLICK
13253,D1,D1_CLICK
13254,D1,D1_CLICK
13255,D1,D1_CLICK
13256,D1,D1_CLICK
13257,D1,D1_CLICK
13258,D1,D1_CLICK
13259,D1,D1_CLICK
13260,D1,D1_CLICK
13261,D1,D1_CLICK
13262,D1,D1_CLICK
13263,D1,D1_CLICK
13264,D1,D1_CLICK
13265,D1,D1_CLICK
13266,D1,D1_CLICK
13267,D1,D1_CLICK
13268,D1,D1_CLICK
13269,D1,D1_CLICK
13270,D1,D1_CLICK
13271,D1,D1_CLICK
13272,D1,D1_CLICK
13273,D1,D1_CLICK
13274,D1,D1_CLICK
13275,D1,D1_CLICK
13276,D1,D1_CLICK
13277,D1,D1_CLICK
13278,D1,D1_CLICK
13279,D1,D1_CLICK
13280,D1,D1_CLICK
13281,D1,D1_CLICK
13282,D1,D1_CLICK
13283,D1,D1_CLICK
13284,D1,D1_CLICK
13285,D1,D1_CLICK
13286,D1,D1_CLICK
13287,D1,D1_CLICK
13288,NONE,NO_CLICK
13289,NONE,NO_CLICK
13290,NONE,NO_CLICK
13291,NONE,NO_CLICK
13292,NONE,NO_CLICK
13293,NONE,NO_CLICK
13294,NONE,NO_CLICK
13295,NONE,NO_CLICK
13296,NONE,NO_CLICK
13297,NONE,NO_CLICK
13298,NONE,NO_CLICK
13299,NONE,NO_CLICK
13300,NONE,NO_CLICK
13301,NONE,NO_CLICK
13302,NONE,NO_CLICK
13303,NONE,NO_CLICK
13304,NONE,NO_CLICK
13305,NONE,NO_CLICK
13306,NONE,NO_CLICK
13307,NONE,NO_CLICK
13308,NONE,NO_CLICK
13309,NONE,NO_CLICK
13310,NONE,NO_CLICK
13311,NONE,NO_CLICK
13312,NONE,NO_CLICK
13313,NONE,NO_CLICK
13314,D2,D2_CLICK
13315,D2,D2_CLICK
13316,D2,D2_CLICK
13317,D2,D2_CLICK
13318,D2,D2_CLICK
13319,D2,D2_CLICK
13320,D2,D2_CLICK
13321,D2,D2_CLICK
13322,D2,D2_CLICK
13323,D2,D2_CLICK
13324,D2,D2_CLICK
13325,D2,D2_CLICK
13326,D2,D2_CLICK
13327,D2,D2_CLICK
13328,D2,D2_CLICK
13329,D2,D2_CLICK
13330,D2,D2_CLICK
13331,D2,D2_CLICK
13332,D2,D2_CLICK
13333,D2,D2_CLICK
13334,D2,D2_CLICK
13335,D2,D2_CLICK
13336,D2,D2_CLICK
13337,D2,D2_CLICK
13338,D2,D2_CLICK
13339,D2,D2_CLICK
13340,D2,D2_CLICK
13341,D2,D2_CLICK
13342,D2,D2_CLICK
13343,D2,D2_CLICK
13344,D2,D2_CLICK
13345,D2,D2_CLICK
13346,D2,D2_CLICK
13347,D2,D2_CLICK
13348,D2,D2_CLICK
13349,D2,D2_CLICK
13350,D2,D2_CLICK
13351,D2,D2_CLICK
13352,NONE,NO_CLICK
13353,NONE,NO_CLICK
13354,NONE,NO_CLICK
13355,NONE,NO_CLICK
13356,NONE,NO_CLICK
13357,NONE,NO_CLICK
13358,NONE,NO_CLICK
13359,NONE,NO_CLICK
13360,NONE,NO_CLICK
13361,NONE,NO_CLICK
13362,NONE,NO_CLICK
13363,NONE,NO_CLICK
13364,NONE,NO_CLICK
13365,NONE,NO_CLICK
13366,NONE,NO_CLICK
13367,NONE,NO_CLICK
13368,NONE,NO_CLICK
13369,NONE,NO_CLICK
13370,NONE,NO_CLICK
13371,NONE,NO_CLICK
13372,NONE,NO_CLICK
13373,NONE,NO_CLICK
13374,NONE,NO_CLICK
13375,NONE,NO_CLICK
13376,NONE,NO_CLICK
13377,NONE,NO_CLICK
13378,NONE,NO_CLICK
13379,NONE,NO_CLICK
13380,NONE,NO_CLICK
13381,NONE,NO_CLICK
13382,NONE,NO_CLICK
13383,NONE,NO_CLICK
13384,NONE,NO_CLICK
13385,NONE,NO_CLICK
13386,NONE,NO_CLICK
13387,NONE,NO_CLICK
13388,NONE,NO_CLICK
13389,NONE,NO_CLICK
13390,NONE,NO_CLICK
13391,NONE,NO_CLICK
13392,NONE,NO_CLICK
13393,NONE,NO_CLICK
13394,NONE,NO_CLICK
13395,NONE,NO_CLICK
13396,NONE,NO_CLICK
13397,NONE,NO_CLICK
13398,NONE,NO_CLICK
13399,NONE,NO_CLICK
13400,NONE,NO_CLICK
13401,NONE,NO_CLICK
13402,NONE,NO_CLICK
13403,NONE,NO_CLICK
13404,NONE,NO_CLICK
13405,NONE,NO_CLICK
13406,NONE,NO_CLICK
13407,NONE,NO_CLICK
13408,NONE,NO_CLICK
13409,NONE,NO_CLICK
13410,NONE,NO_CLICK
13411,NONE,NO_CLICK
13412,NONE,NO_CLICK
13413,NONE,NO_CLICK
13414,NONE,NO_CLICK
13415,NONE,NO_CLICK
13416,NONE,NO_CLICK
13417,NONE,NO_CLICK
13418,NONE,NO_CLICK
13419,NONE,NO_CLICK
13420,NONE,NO_CLICK
13421,NONE,NO_CLICK
13422,NONE,NO_CLICK
13423,NONE,NO_CLICK
13424,NONE,NO_CLICK
13425,NONE,NO_CLICK
13426,NONE,NO_CLICK
13427,NONE,NO_CLICK
13428,NONE,NO_CLICK
13429,NONE,NO_CLICK
13430,NONE,NO_CLICK
13431,NONE,NO_CLICK
13432,NONE,NO_CLICK
13433,NONE,NO_CLICK
13434,NONE,NO_CLICK
13435,NONE,NO_CLICK
13436,NONE,NO_CLICK
13437,NONE,NO_CLICK
13438,NONE,NO_CLICK
13439,NONE,NO_CLICK
13440,NONE,NO_CLICK
13441,NONE,NO_CLICK
13442,NONE,NO_CLICK
13443,NONE,NO_CLICK
13444,NONE,NO_CLICK
13445,NONE,NO_CLICK
13446,NONE,NO_CLICK
13447,NONE,NO_CLICK
13448,NONE,NO_CLICK
13449,NONE,NO_CLICK
13450,NONE,NO_CLICK
13451,NONE,NO_CLICK
13452,NONE,NO_CLICK
13453,NONE,NO_CLICK
13454,NONE,NO_CLICK
13455,NONE,NO_CLICK
13456,NONE,NO_CLICK
13457,NONE,NO_CLICK
13458,NONE,NO_CLICK
13459,NONE,NO_CLICK
13460,NONE,NO_CLICK
13461,NONE,NO_CLICK
13462,NONE,NO_CLICK
13463,NONE,NO_CLICK
13464,NONE,NO_CLICK
13465,NONE,NO_CLICK
13466,NONE,NO_CLICK
13467,NONE,NO_CLICK
13468,NONE,NO_CLICK
13469,NONE,NO_CLICK
13470,NONE,NO_CLICK
13471,NONE,NO_CLICK
13472,NONE,NO_CLICK
13473,NONE,NO_CLICK
13474,NONE,NO_CLICK
13475,NONE,NO_CLICK
13476,NONE,NO_CLICK
13477,NONE,NO_CLICK
13478,NONE,NO_CLICK
13479,NONE,NO_CLICK
13480,NONE,NO_CLICK
13481,NONE,NO_CLICK
13482,NONE,NO_CLICK
13483,NONE,NO_CLICK
13484,NONE,NO_CLICK
13485,NONE,NO_CLICK
13486,NONE,NO_CLICK
13487,NONE,NO_CLICK
13488,NONE,NO_CLICK
13489,NONE,NO_CLICK
13490,NONE,NO_CLICK
13491,NONE,NO_CLICK
13492,NONE,NO_CLICK
13493,NONE,NO_CLICK
13494,NONE,NO_CLICK
13495,NONE,NO_CLICK
13496,NONE,NO_CLICK
13497,NONE,NO_CLICK
13498,NONE,NO_CLICK
13499,NONE,NO_CLICK
13500,NONE,NO_CLICK
13501,NONE,NO_CLICK
13502,NONE,NO_CLICK
13503,NONE,NO_CLICK
13504,NONE,NO_CLICK
13505,NONE,NO_CLICK
13506,NONE,NO_CLICK
13507,NONE,NO_CLICK
13508,NONE,NO_CLICK
13509,NONE,NO_CLICK
13510,NONE,NO_CLICK
13511,NONE,NO_CLICK
13512,NONE,NO_CLICK
13513,NONE,NO_CLICK
13514,NONE,NO_CLICK
13515,NONE,NO_CLICK
13516,NONE,NO_CLICK
13517,NONE,NO_CLICK
13518,NONE,NO_CLICK
13519,NONE,NO_CLICK
13520,NONE,NO_CLICK
13521,NONE,NO_CLICK
13522,NONE,NO_CLICK
13523,NONE,NO_CLICK
13524,NONE,NO_CLICK
13525,NONE,NO_CLICK
13526,NONE,NO_CLICK
13527,NONE,NO_CLICK
13528,NONE,NO_CLICK
13529,NONE,NO_CLICK
13530,NONE,NO_CLICK
13531,NONE,NO_CLICK
13532,NONE,NO_CLICK
13533,NONE,NO_CLICK
13534,NONE,NO_CLICK
13535,NONE,NO_CLICK
13536,NONE,NO_CLICK
13537,NONE,NO_CLICK
13538,NONE,NO_CLICK
13539,NONE,NO_CLICK
13540,NONE,NO_CLICK
13541,NONE,NO_CLICK
13542,NONE,NO_CLICK
13543,NONE,NO_CLICK
13544,NONE,NO_CLICK
13545,NONE,NO_CLICK
13546,NONE,NO_CLICK
13547,NONE,NO_CLICK
13548,NONE,NO_CLICK
13549,NONE,NO_CLICK
13550,NONE,NO_CLICK
13551,NONE,NO_CLICK
13552,NONE,NO_CLICK
13553,NONE,NO_CLICK
13554,NONE,NO_CLICK
13555,NONE,NO_CLICK
13556,NONE,NO_CLICK
13557,NONE,NO_CLICK
13558,NONE,NO_CLICK
13559,NONE,NO_CLICK
13560,NONE,NO_CLICK
13561,NONE,NO_CLICK
13562,NONE,NO_CLICK
13563,NONE,NO_CLICK
13564,NONE,NO_CLICK
13565,NONE,NO_CLICK
13566,NONE,NO_CLICK
13567,NONE,NO_CLICK
13568,NONE,NO_CLICK
13569,NONE,NO_CLICK
13570,D1,D1_CLICK
13571,D1,D1_CLICK
13572,D1,D1_CLICK
13573,D1,D1_CLICK
13574,D1,D1_CLICK
13575,D1,D1_CLICK
13576,D1,D1_CLICK
13577,D1,D1_CLICK
13578,D1,D1_CLICK
13579,D1,D1_CLICK
13580,D1,D1_CLICK
13581,D1,D1_CLICK
13582,D1,D1_CLICK
13583,D1,D1_CLICK
13584,D1,D1_CLICK
13585,D1,D1_CLICK
13586,D1,D1_CLICK
13587,D1,D1_CLICK
13588,D1,D1_CLICK
13589,D1,D1_CLICK
13590,D1,D1_CLICK
13591,D1,D1_CLICK
13592,D1,D1_CLICK
13593,D1,D1_CLICK
13594,D1,D1_CLICK
13595,D1,D1_CLICK
13596,D1,D1_CLICK
13597,D1,D1_CLICK
13598,D1,D1_CLICK
13599,D1,D1_CLICK
13600,D1,D1_CLICK
13601,D1,D1_CLICK
13602,BOTH,DOUBLE_CLICK
13603,BOTH,DOUBLE_CLICK
13604,BOTH,DOUBLE_CLICK
13605,BOTH,DOUBLE_CLICK
13606,BOTH,DOUBLE_CLICK
13607,BOTH,DOUBLE_CLICK
13608,D2,D2_CLICK
13609,D2,D2_CLICK
13610,D2,D2_CLICK
13611,D2,D2_CLICK
13612,D2,D2_CLICK
13613,D2,D2_CLICK
13614,D2,D2_CLICK
13615,D2,D2_CLICK
13616,D2,D2_CLICK
13617,D2,D2_CLICK
13618,D2,D2_CLICK
13619,D2,D2_CLICK
13620,D2,D2_CLICK
13621,D2,D2_CLICK
13622,D2,D2_CLICK
13623,D2,D2_CLICK
13624,D2,D2_CLICK
13625,D2,D2_CLICK
13626,D2,D2_CLICK
13627,D2,D2_CLICK
13628,D2,D2_CLICK
13629,D2,D2_CLICK
13630,D2,D2_CLICK
13631,D2,D2_CLICK
13632,D2,D2_CLICK
13633,D2,D2_CLICK
13634,D2,D2_CLICK
13635,D2,D2_CLICK
13636,D2,D2_CLICK
13637,D2,D2_CLICK
13638,D2,D2_CLICK
13639,D2,D2_CLICK
13640,NONE,NO_CLICK
13641,NONE,NO_CLICK
13642,NONE,NO_CLICK
13643,NONE,NO_CLICK
13644,NONE,NO_CLICK
13645,NONE,NO_CLICK
13646,NONE,NO_CLICK
13647,NONE,NO_CLICK
13648,NONE,NO_CLICK
13649,NONE,NO_CLICK
13650,NONE,NO_CLICK
13651,NONE,NO_CLICK
13652,NONE,NO_CLICK
13653,NONE,NO_CLICK
13654,NONE,NO_CLICK
13655,NONE,NO_CLICK
13656,NONE,NO_CLICK
13657,NONE,NO_CLICK
13658,NONE,NO_CLICK
13659,NONE,NO_CLICK
13660,NONE,NO_CLICK
13661,NONE,NO_CLICK
13662,NONE,NO_CLICK
13663,NONE,NO_CLICK
13664,NONE,NO_CLICK
13665,NONE,NO_CLICK
13666,D2,D2_CLICK
13667,D2,D2_CLICK
13668,D2,D2_CLICK
13669,D2,D2_CLICK
13670,D2,D2_CLICK
13671,D2,D2_CLICK
13672,D2,D2_CLICK
13673,D2,D2_CLICK
13674,D2,D2_CLICK
13675,D2,D2_CLICK
13676,D2,D2_CLICK
13677,D2,D2_CLICK
13678,D2,D2_CLICK
13679,D2,D2_CLICK
13680,D2,D2_CLICK
13681,D2,D2_CLICK
13682,D2,D2_CLICK
13683,D2,D2_CLICK
13684,D2,D2_CLICK
13685,D2,D2_CLICK
13686,D2,D2_CLICK
13687,D2,D2_CLICK
13688,D2,D2_CLICK
13689,D2,D2_CLICK
13690,D2,D2_CLICK
13691,D2,D2_CLICK
13692,D2,D2_CLICK
13693,D2,D2_CLICK
13694,D2,D2_CLICK
13695,D2,D2_CLICK
13696,D2,D2_CLICK
13697,D2,D2_CLICK
13698,D2,D2_CLICK
13699,D2,D2_CLICK
13700,D2,D2_CLICK
13701,D2,D2_CLICK
13702,D2,D2_CLICK
13703,D2,D2_CLICK
13704,NONE,NO_CLICK
13705,NONE,NO_CLICK
13706,NONE,NO_CLICK
13707,NONE,NO_CLICK
13708,NONE,NO_CLICK
13709,NONE,NO_CLICK
13710,NONE,NO_CLICK
13711,NONE,NO_CLICK
13712,NONE,NO_CLICK
13713,NONE,NO_CLICK
13714,NONE,NO_CLICK
13715,NONE,NO_CLICK
13716,NONE,NO_CLICK
13717,NONE,NO_CLICK
13718,NONE,NO_CLICK
13719,NONE,NO_CLICK
13720,NONE,NO_CLICK
13721,NONE,NO_CLICK
13722,NONE,NO_CLICK
13723,NONE,NO_CLICK
13724,NONE,NO_CLICK
13725,NONE,NO_CLICK
13726,NONE,NO_CLICK
13727,NONE,NO_CLICK
13728,NONE,NO_CLICK
13729,NONE,NO_CLICK
13730,NONE,NO_CLICK
13731,NONE,NO_CLICK
13732,NONE,NO_CLICK
13733,NONE,NO_CLICK
13734,NONE,NO_CLICK
13735,NONE,NO_CLICK
13736,NONE,NO_CLICK
13737,NONE,NO_CLICK
13738,NONE,NO_CLICK
13739,NONE,NO_CLICK
13740,NONE,NO_CLICK
13741,NONE,NO_CLICK
13742,NONE,NO_CLICK
13743,NONE,NO_CLICK
13744,NONE,NO_CLICK
13745,NONE,NO_CLICK
13746,NONE,NO_CLICK
13747,NONE,NO_CLICK
13748,NONE,NO_CLICK
13749,NONE,NO_CLICK
13750,NONE,NO_CLICK
13751,NONE,NO_CLICK
13752,NONE,NO_CLICK
13753,NONE,NO_CLICK
13754,NONE,NO_CLICK
13755,NONE,NO_CLICK
13756,NONE,NO_CLICK
13757,NONE,NO_CLICK
13758,NONE,NO_CLICK
13759,NONE,NO_CLICK
13760,NONE,NO_CLICK
13761,NONE,NO_CLICK
13762,NONE,NO_CLICK
13763,NONE,NO_CLICK
13764,NONE,NO_CLICK
13765,NONE,NO_CLICK
13766,NONE,NO_CLICK
13767,NONE,NO_CLICK
13768,NONE,NO_CLICK
13769,NONE,NO_CLICK
13770,NONE,NO_CLICK
13771,NONE,NO_CLICK
13772,NONE,NO_CLICK
13773,NONE,NO_CLICK
13774,NONE,NO_CLICK
13775,NONE,NO_CLICK
13776,NONE,NO_CLICK
13777,NONE,NO_CLICK
13778,NONE,NO_CLICK
13779,NONE,NO_CLICK
13780,NONE,NO_CLICK
13781,NONE,NO_CLICK
13782,NONE,NO_CLICK
13783,NONE,NO_CLICK
13784,NONE,NO_CLICK
13785,NONE,NO_CLICK
13786,NONE,NO_CLICK
13787,NONE,NO_CLICK
13788,NONE,NO_CLICK
13789,NONE,NO_CLICK
13790,NONE,NO_CLICK
13791,NONE,NO_CLICK
13792,NONE,NO_CLICK
13793,NONE,NO_CLICK
13794,NONE,NO_CLICK
13795,NONE,NO_CLICK
13796,NONE,NO_CLICK
13797,NONE,NO_CLICK
13798,NONE,NO_CLICK
13799,NONE,NO_CLICK
13800,NONE,NO_CLICK
13801,NONE,NO_CLICK
13802,NONE,NO_CLICK
13803,NONE,NO_CLICK
13804,NONE,NO_CLICK
13805,NONE,NO_CLICK
13806,NONE,NO_CLICK
13807,NONE,NO_CLICK
13808,NONE,NO_CLICK
13809,NONE,NO_CLICK
13810,NONE,NO_CLICK
13811,NONE,NO_CLICK
13812,NONE,NO_CLICK
13813,NONE,NO_CLICK
13814,NONE,NO_CLICK
13815,NONE,NO_CLICK
13816,NONE,NO_CLICK
13817,NONE,NO_CLICK
13818,NONE,NO_CLICK
13819,NONE,NO_CLICK
13820,NONE,NO_CLICK
13821,NONE,NO_CLICK
13822,NONE,NO_CLICK
13823,NONE,NO_CLICK
13824,NONE,NO_CLICK
13825,NONE,NO_CLICK
13826,NONE,NO_CLICK
13827,NONE,NO_CLICK
13828,NONE,NO_CLICK
13829,NONE,NO_CLICK
13830,NONE,NO_CLICK
13831,NONE,NO_CLICK
13832,NONE,NO_CLICK
13833,NONE,NO_CLICK
13834,NONE,NO_CLICK
13835,NONE,NO_CLICK
13836,NONE,NO_CLICK
13837,NONE,NO_CLICK
13838,NONE,NO_CLICK
13839,NONE,NO_CLICK
13840,NONE,NO_CLICK
13841,NONE,NO_CLICK
13842,NONE,NO_CLICK
13843,NONE,NO_CLICK
13844,NONE,NO_CLICK
13845,NONE,NO_CLICK
13846,NONE,NO_CLICK
13847,NONE,NO_CLICK
13848,NONE,NO_CLICK
13849,NONE,NO_CLICK
13850,NONE,NO_CLICK
13851,NONE,NO_CLICK
13852,NONE,NO_CLICK
13853,NONE,NO_CLICK
13854,NONE,NO_CLICK
13855,NONE,NO_CLICK
13856,NONE,NO_CLICK
13857,NONE,NO_CLICK
13858,NONE,NO_CLICK
13859,NONE,NO_CLICK
13860,NONE,NO_CLICK
13861,NONE,NO_CLICK
13862,NONE,NO_CLICK
13863,NONE,NO_CLICK
13864,NONE,NO_CLICK
13865,NONE,NO_CLICK
13866,NONE,NO_CLICK
13867,NONE,NO_CLICK
13868,NONE,NO_CLICK
13869,NONE,NO_CLICK
13870,NONE,NO_CLICK
13871,NONE,NO_CLICK
13872,NONE,NO_CLICK
13873,NONE,NO_CLICK
13874,NONE,NO_CLICK
13875,NONE,NO_CLICK
13876,NONE,NO_CLICK
13877,NONE,NO_CLICK
13878,NONE,NO_CLICK
13879,NONE,NO_CLICK
13880,NONE,NO_CLICK
13881,NONE,NO_CLICK
13882,NONE,NO_CLICK
13883,NONE,NO_CLICK
13884,NONE,NO_CLICK
13885,NONE,NO_CLICK
13886,NONE,NO_CLICK
13887,NONE,NO_CLICK
13888,NONE,NO_CLICK
13889,NONE,NO_CLICK
13890,NONE,NO_CLICK
13891,NONE,NO_CLICK
13892,NONE,NO_CLICK
13893,NONE,NO_CLICK
13894,NONE,NO_CLICK
13895,NONE,NO_CLICK
13896,NONE,NO_CLICK
13897,NONE,NO_CLICK
13898,NONE,NO_CLICK
13899,NONE,NO_CLICK
13900,NONE,NO_CLICK
13901,NONE,NO_CLICK
13902,NONE,NO_CLICK
13903,NONE,NO_CLICK
13904,NONE,NO_CLICK
13905,NONE,NO_CLICK
13906,NONE,NO_CLICK
13907,NONE,NO_CLICK
13908,NONE,NO_CLICK
13909,NONE,NO_CLICK
13910,NONE,NO_CLICK
13911,NONE,NO_CLICK
13912,NONE,NO_CLICK
13913,NONE,NO_CLICK
13914,NONE,NO_CLICK
13915,NONE,NO_CLICK
13916,NONE,NO_CLICK
13917,NONE,NO_CLICK
13918,NONE,NO_CLICK
13919,NONE,NO_CLICK
13920,NONE,NO_CLICK
13921,NONE,NO_CLICK
13922,D1,D1_CLICK
13923,D1,D1_CLICK
13924,D1,D1_CLICK
13925,D1,D1_CLICK
13926,D1,D1_CLICK
13927,D1,D1_CLICK
13928,D1,D1_CLICK
13929,D1,D1_CLICK
13930,D1,D1_CLICK
13931,D1,D1_CLICK
13932,D1,D1_CLICK
13933,D1,D1_CLICK
13934,D1,D1_CLICK
13935,D1,D1_CLICK
13936,D1,D1_CLICK
13937,D1,D1_CLICK
13938,D1,D1_CLICK
13939,D1,D1_CLICK
13940,D1,D1_CLICK
13941,D1,D1_CLICK
13942,D1,D1_CLICK
13943,D1,D1_CLICK
13944,D1,D1_CLICK
13945,D1,D1_CLICK
13946,D1,D1_CLICK
13947,D1,D1_CLICK
13948,D1,D1_CLICK
13949,D1,D1_CLICK
13950,D1,D1_CLICK
13951,D1,D1_CLICK
13952,D1,D1_CLICK
13953,D1,D1_CLICK
13954,D1,D1_CLICK
13955,D1,D1_CLICK
13956,D1,D1_CLICK
13957,D1,D1_CLICK
13958,D1,D1_CLICK
13959,D1,D1_CLICK
13960,NONE,NO_CLICK
13961,NONE,NO_CLICK
13962,NONE,NO_CLICK
13963,NONE,NO_CLICK
13964,NONE,NO_CLICK
13965,NONE,NO_CLICK
13966,NONE,NO_CLICK
13967,NONE,NO_CLICK
13968,NONE,NO_CLICK
13969,NONE,NO_CLICK
13970,NONE,NO_CLICK
13971,NONE,NO_CLICK
13972,NONE,NO_CLICK
13973,NONE,NO_CLICK
13974,NONE,NO_CLICK
13975,NONE,NO_CLICK
13976,NONE,NO_CLICK
13977,NONE,NO_CLICK
13978,NONE,NO_CLICK
13979,NONE,NO_CLICK
13980,NONE,NO_CLICK
13981,NONE,NO_CLICK
13982,NONE,NO_CLICK
13983,NONE,NO_CLICK
13984,NONE,NO_CLICK
13985,NONE,NO_CLICK
13986,NONE,NO_CLICK
13987,NONE,NO_CLICK
13988,NONE,NO_CLICK
13989,NONE,NO_CLICK
13990,NONE,NO_CLICK
13991,NONE,NO_CLICK
13992,NONE,NO_CLICK
13993,NONE,NO_CLICK
13994,NONE,NO_CLICK
13995,NONE,NO_CLICK
13996,NONE,NO_CLICK
13997,NONE,NO_CLICK
13998,NONE,NO_CLICK
13999,NONE,NO_CLICK
14000,NONE,NO_CLICK
14001,NONE,NO_CLICK
14002,NONE,NO_CLICK
14003,NONE,NO_CLICK
14004,NONE,NO_CLICK
14005,NONE,NO_CLICK
14006,NONE,NO_CLICK
14007,NONE,NO_CLICK
14008,NONE,NO_CLICK
14009,NONE,NO_CLICK
14010,NONE,NO_CLICK
14011,NONE,NO_CLICK
14012,NONE,NO_CLICK
14013,NONE,NO_CLICK
14014,NONE,NO_CLICK
14015,NONE,NO_CLICK
14016,NONE,NO_CLICK
14017,NONE,NO_CLICK
14018,NONE,NO_CLICK
14019,NONE,NO_CLICK
14020,NONE,NO_CLICK
14021,NONE,NO_CLICK
14022,NONE,NO_CLICK
14023,NONE,NO_CLICK
14024,NONE,NO_CLICK
14025,NONE,NO_CLICK
14026,NONE,NO_CLICK
14027,NONE,NO_CLICK
14028,NONE,NO_CLICK
14029,NONE,NO_CLICK
14030,NONE,NO_CLICK
14031,NONE,NO_CLICK
14032,NONE,NO_CLICK
14033,NONE,NO_CLICK
14034,NONE,NO_CLICK
14035,NONE,NO_CLICK
14036,NONE,NO_CLICK
14037,NONE,NO_CLICK
14038,NONE,NO_CLICK
14039,NONE,NO_CLICK
14040,NONE,NO_CLICK
14041,NONE,NO_CLICK
14042,NONE,NO_CLICK
14043,NONE,NO_CLICK
14044,NONE,NO_CLICK
14045,NONE,NO_CLICK
14046,NONE,NO_CLICK
14047,NONE,NO_CLICK
14048,NONE,NO_CLICK
14049,NONE,NO_CLICK
14050,NONE,NO_CLICK
14051,NONE,NO_CLICK
14052,NONE,NO_CLICK
14053,NONE,NO_CLICK
14054,NONE,NO_CLICK
14055,NONE,NO_CLICK
14056,NONE,NO_CLICK
14057,NONE,NO_CLICK
14058,NONE,NO_CLICK
14059,NONE,NO_CLICK
14060,NONE,NO_CLICK
14061,NONE,NO_CLICK
14062,NONE,NO_CLICK
14063,NONE,NO_CLICK
14064,NONE,NO_CLICK
14065,NONE,NO_CLICK
14066,NONE,NO_CLICK
14067,NONE,NO_CLICK
14068,NONE,NO_CLICK
14069,NONE,NO_CLICK
14070,NONE,NO_CLICK
14071,NONE,NO_CLICK
14072,NONE,NO_CLICK
14073,NONE,NO_CLICK
14074,NONE,NO_CLICK
14075,NONE,NO_CLICK
14076,NONE,NO_CLICK
14077,NONE,NO_CLICK
14078,NONE,NO_CLICK
14079,NONE,NO_CLICK
14080,NONE,NO_CLICK
14081,NONE,NO_CLICK
14082,D2,D2_CLICK
14083,D2,D2_CLICK
14084,D2,D2_CLICK
14085,D2,D2_CLICK
14086,D2,D2_CLICK
14087,D2,D2_CLICK
14088,D2,D2_CLICK
14089,D2,D2_CLICK
14090,D2,D2_CLICK
14091,D2,D2_CLICK
14092,D2,D2_CLICK
14093,D2,D2_CLICK
14094,D2,D2_CLICK
14095,D2,D2_CLICK
14096,D2,D2_CLICK
14097,D2,D2_CLICK
14098,D2,D2_CLICK
14099,D2,D2_CLICK
14100,D2,D2_CLICK
14101,D2,D2_CLICK
14102,D2,D2_CLICK
14103,D2,D2_CLICK
14104,D2,D2_CLICK
14105,D2,D2_CLICK
14106,D2,D2_CLICK
14107,D2,D2_CLICK
14108,D2,D2_CLICK
14109,D2,D2_CLICK
14110,D2,D2_CLICK
14111,D2,D2_CLICK
14112,D2,D2_CLICK
14113,D2,D2_CLICK
14114,D2,D2_CLICK
14115,D2,D2_CLICK
14116,D2,D2_CLICK
14117,D2,D2_CLICK
14118,D2,D2_CLICK
14119,D2,D2_CLICK
14120,NONE,NO_CLICK
14121,NONE,NO_CLICK
14122,NONE,NO_CLICK
14123,NONE,NO_CLICK
14124,NONE,NO_CLICK
14125,NONE,NO_CLICK
14126,NONE,NO_CLICK
14127,NONE,NO_CLICK
14128,NONE,NO_CLICK
14129,NONE,NO_CLICK
14130,NONE,NO_CLICK
14131,NONE,NO_CLICK
14132,NONE,NO_CLICK
14133,NONE,NO_CLICK
14134,NONE,NO_CLICK
14135,NONE,NO_CLICK
14136,NONE,NO_CLICK
14137,NONE,NO_CLICK
14138,NONE,NO_CLICK
14139,NONE,NO_CLICK
14140,NONE,NO_CLICK
14141,NONE,NO_CLICK
14142,NONE,NO_CLICK
14143,NONE,NO_CLICK
14144,NONE,NO_CLICK
14145,NONE,NO_CLICK
14146,NONE,NO_CLICK
14147,NONE,NO_CLICK
14148,NONE,NO_CLICK
14149,NONE,NO_CLICK
14150,NONE,NO_CLICK
14151,NONE,NO_CLICK
14152,NONE,NO_CLICK
14153,NONE,NO_CLICK
14154,NONE,NO_CLICK
14155,NONE,NO_CLICK
14156,NONE,NO_CLICK
14157,NONE,NO_CLICK
14158,NONE,NO_CLICK
14159,NONE,NO_CLICK
14160,NONE,NO_CLICK
14161,NONE,NO_CLICK
14162,NONE,NO_CLICK
14163,NONE,NO_CLICK
14164,NONE,NO_CLICK
14165,NONE,NO_CLICK
14166,NONE,NO_CLICK
14167,NONE,NO_CLICK
14168,NONE,NO_CLICK
14169,NONE,NO_CLICK
14170,NONE,NO_CLICK
14171,NONE,NO_CLICK
14172,NONE,NO_CLICK
14173,NONE,NO_CLICK
14174,NONE,NO_CLICK
14175,NONE,NO_CLICK
14176,NONE,NO_CLICK
14177,NONE,NO_CLICK
14178,NONE,NO_CLICK
14179,NONE,NO_CLICK
14180,NONE,NO_CLICK
14181,NONE,NO_CLICK
14182,NONE,NO_CLICK
14183,NONE,NO_CLICK
14184,NONE,NO_CLICK
14185,NONE,NO_CLICK
14186,NONE,NO_CLICK
14187,NONE,NO_CLICK
14188,NONE,NO_CLICK
14189,NONE,NO_CLICK
14190,NONE,NO_CLICK
14191,NONE,NO_CLICK
14192,NONE,NO_CLICK
14193,NONE,NO_CLICK
14194,NONE,NO_CLICK
14195,NONE,NO_CLICK
14196,NONE,NO_CLICK
14197,NONE,NO_CLICK
14198,NONE,NO_CLICK
14199,NONE,NO_CLICK
14200,NONE,NO_CLICK
14201,NONE,NO_CLICK
14202,NONE,NO_CLICK
14203,NONE,NO_CLICK
14204,NONE,NO_CLICK
14205,NONE,NO_CLICK
14206,NONE,NO_CLICK
14207,NONE,NO_CLICK
14208,NONE,NO_CLICK
14209,NONE,NO_CLICK
14210,NONE,NO_CLICK
14211,NONE,NO_CLICK
14212,NONE,NO_CLICK
14213,NONE,NO_CLICK
14214,NONE,NO_CLICK
14215,NONE,NO_CLICK
14216,NONE,NO_CLICK
14217,NONE,NO_CLICK
14218,NONE,NO_CLICK
14219,NONE,NO_CLICK
14220,NONE,NO_CLICK
14221,NONE,NO_CLICK
14222,NONE,NO_CLICK
14223,NONE,NO_CLICK
14224,NONE,NO_CLICK
14225,NONE,NO_CLICK
14226,NONE,NO_CLICK
14227,NONE,NO_CLICK
14228,NONE,NO_CLICK
14229,NONE,NO_CLICK
14230,NONE,NO_CLICK
14231,NONE,NO_CLICK
14232,NONE,NO_CLICK
14233,NONE,NO_CLICK
14234,NONE,NO_CLICK
14235,NONE,NO_CLICK
14236,NONE,NO_CLICK
14237,NONE,NO_CLICK
14238,NONE,NO_CLICK
14239,NONE,NO_CLICK
14240,NONE,NO_CLICK
14241,NONE,NO_CLICK
14242,NONE,NO_CLICK
14243,NONE,NO_CLICK
14244,NONE,NO_CLICK
14245,NONE,NO_CLICK
14246,NONE,NO_CLICK
14247,NONE,NO_CLICK
14248,NONE,NO_CLICK
14249,NONE,NO_CLICK
14250,NONE,NO_CLICK
14251,NONE,NO_CLICK
14252,NONE,NO_CLICK
14253,NONE,NO_CLICK
14254,NONE,NO_CLICK
14255,NONE,NO_CLICK
14256,NONE,NO_CLICK
14257,NONE,NO_CLICK
14258,NONE,NO_CLICK
14259,NONE,NO_CLICK
14260,NONE,NO_CLICK
14261,NONE,NO_CLICK
14262,NONE,NO_CLICK
14263,NONE,NO_CLICK
14264,NONE,NO_CLICK
14265,NONE,NO_CLICK
14266,NONE,NO_CLICK
14267,NONE,NO_CLICK
14268,NONE,NO_CLICK
14269,NONE,NO_CLICK
14270,NONE,NO_CLICK
14271,NONE,NO_CLICK
14272,NONE,NO_CLICK
14273,NONE,NO_CLICK
14274,NONE,NO_CLICK
14275,NONE,NO_CLICK
14276,NONE,NO_CLICK
14277,NONE,NO_CLICK
14278,NONE,NO_CLICK
14279,NONE,NO_CLICK
14280,NONE,NO_CLICK
14281,NONE,NO_CLICK
14282,NONE,NO_CLICK
14283,NONE,NO_CLICK
14284,NONE,NO_CLICK
14285,NONE,NO_CLICK
14286,NONE,NO_CLICK
14287,NONE,NO_CLICK
14288,NONE,NO_CLICK
14289,NONE,NO_CLICK
14290,NONE,NO_CLICK
14291,NONE,NO_CLICK
14292,NONE,NO_CLICK
14293,NONE,NO_CLICK
14294,NONE,NO_CLICK
14295,NONE,NO_CLICK
14296,NONE,NO_CLICK
14297,NONE,NO_CLICK
14298,NONE,NO_CLICK
14299,NONE,NO_CLICK
14300,NONE,NO_CLICK
14301,NONE,NO_CLICK
14302,NONE,NO_CLICK
14303,NONE,NO_CLICK
14304,NONE,NO_CLICK
14305,NONE,NO_CLICK
14306,NONE,NO_CLICK
14307,NONE,NO_CLICK
14308,NONE,NO_CLICK
14309,NONE,NO_CLICK
14310,NONE,NO_CLICK
14311,NONE,NO_CLICK
14312,NONE,NO_CLICK
14313,NONE,NO_CLICK
14314,NONE,NO_CLICK
14315,NONE,NO_CLICK
14316,NONE,NO_CLICK
14317,NONE,NO_CLICK
14318,NONE,NO_CLICK
14319,NONE,NO_CLICK
14320,NONE,NO_CLICK
14321,NONE,NO_CLICK
14322,NONE,NO_CLICK
14323,NONE,NO_CLICK
14324,NONE,NO_CLICK
14325,NONE,NO_CLICK
14326,NONE,NO_CLICK
14327,NONE,NO_CLICK
14328,NONE,NO_CLICK
14329,NONE,NO_CLICK
14330,NONE,NO_CLICK
14331,NONE,NO_CLICK
14332,NONE,NO_CLICK
14333,NONE,NO_CLICK
14334,NONE,NO_CLICK
14335,NONE,NO_CLICK
14336,NONE,NO_CLICK
14337,NONE,NO_CLICK
14338,D1,D1_CLICK
14339,D1,D1_CLICK
14340,D1,D1_CLICK
14341,D1,D1_CLICK
14342,D1,D1_CLICK
14343,D1,D1_CLICK
14344,D1,D1_CLICK
14345,D1,D1_CLICK
14346,D1,D1_CLICK
14347,D1,D1_CLICK
14348,D1,D1_CLICK
14349,D1,D1_CLICK
14350,D1,D1_CLICK
14351,D1,D1_CLICK
14352,D1,D1_CLICK
14353,D1,D1_CLICK
14354,D1,D1_CLICK
14355,D1,D1_CLICK
14356,D1,D1_CLICK
14357,D1,D1_CLICK
14358,D1,D1_CLICK
14359,D1,D1_CLICK
14360,D1,D1_CLICK
14361,D1,D1_CLICK
14362,D1,D1_CLICK
14363,D1,D1_CLICK
14364,D1,D1_CLICK
14365,D1,D1_CLICK
14366,D1,D1_CLICK
14367,D1,D1_CLICK
14368,D1,D1_CLICK
14369,D1,D1_CLICK
14370,D1,D1_CLICK
14371,D1,D1_CLICK
14372,D1,D1_CLICK
14373,D1,D1_CLICK
14374,D1,D1_CLICK
14375,D1,D1_CLICK
14376,NONE,NO_CLICK
14377,NONE,NO_CLICK
14378,NONE,NO_CLICK
14379,NONE,NO_CLICK
14380,NONE,NO_CLICK
14381,NONE,NO_CLICK
14382,NONE,NO_CLICK
14383,NONE,NO_CLICK
14384,NONE,NO_CLICK
14385,NONE,NO_CLICK
14386,NONE,NO_CLICK
14387,NONE,NO_CLICK
14388,NONE,NO_CLICK
14389,NONE,NO_CLICK
14390,NONE,NO_CLICK
14391,NONE,NO_CLICK
14392,NONE,NO_CLICK
14393,NONE,NO_CLICK
14394,NONE,NO_CLICK
14395,NONE,NO_CLICK
14396,NONE,NO_CLICK
14397,NONE,NO_CLICK
14398,NONE,NO_CLICK
14399,NONE,NO_CLICK
14400,NONE,NO_CLICK
14401,NONE,NO_CLICK
14402,D2,D2_CLICK
14403,D2,D2_CLICK
14404,D2,D2_CLICK
14405,D2,D2_CLICK
14406,D2,D2_CLICK
14407,D2,D2_CLICK
14408,D2,D2_CLICK
14409,D2,D2_CLICK
14410,D2,D2_CLICK
14411,D2,D2_CLICK
14412,D2,D2_CLICK
14413,D2,D2_CLICK
14414,D2,D2_CLICK
14415,D2,D2_CLICK
14416,D2,D2_CLICK
14417,D2,D2_CLICK
14418,D2,D2_CLICK
14419,D2,D2_CLICK
14420,D2,D2_CLICK
14421,D2,D2_CLICK
14422,D2,D2_CLICK
14423,D2,D2_CLICK
14424,D2,D2_CLICK
14425,D2,D2_CLICK
14426,D2,D2_CLICK
14427,D2,D2_CLICK
14428,D2,D2_CLICK
14429,D2,D2_CLICK
14430,D2,D2_CLICK
14431,D2,D2_CLICK
14432,D2,D2_CLICK
14433,D2,D2_CLICK
14434,D2,D2_CLICK
14435,D2,D2_CLICK
14436,D2,D2_CLICK
14437,D2,D2_CLICK
14438,D2,D2_CLICK
14439,D2,D2_CLICK
14440,NONE,NO_CLICK
14441,NONE,NO_CLICK
14442,NONE,NO_CLICK
14443,NONE,NO_CLICK
14444,NONE,NO_CLICK
14445,NONE,NO_CLICK
14446,NONE,NO_CLICK
14447,NONE,NO_CLICK
14448,NONE,NO_CLICK
14449,NONE,NO_CLICK
14450,NONE,NO_CLICK
14451,NONE,NO_CLICK
14452,NONE,NO_CLICK
14453,NONE,NO_CLICK
14454,NONE,NO_CLICK
14455,NONE,NO_CLICK
14456,NONE,NO_CLICK
14457,NONE,NO_CLICK
14458,NONE,NO_CLICK
14459,NONE,NO_CLICK
14460,NONE,NO_CLICK
14461,NONE,NO_CLICK
14462,NONE,NO_CLICK
14463,NONE,NO_CLICK
14464,NONE,NO_CLICK
14465,NONE,NO_CLICK
14466,NONE,NO_CLICK
14467,NONE,NO_CLICK
14468,NONE,NO_CLICK
14469,NONE,NO_CLICK
14470,NONE,NO_CLICK
14471,NONE,NO_CLICK
14472,NONE,NO_CLICK
14473,NONE,NO_CLICK
14474,NONE,NO_CLICK
14475,NONE,NO_CLICK
14476,NONE,NO_CLICK
14477,NONE,NO_CLICK
14478,NONE,NO_CLICK
14479,NONE,NO_CLICK
14480,NONE,NO_CLICK
14481,NONE,NO_CLICK
14482,NONE,NO_CLICK
14483,NONE,NO_CLICK
14484,NONE,NO_CLICK
14485,NONE,NO_CLICK
14486,NONE,NO_CLICK
14487,NONE,NO_CLICK
14488,NONE,NO_CLICK
14489,NONE,NO_CLICK
14490,NONE,NO_CLICK
14491,NONE,NO_CLICK
14492,NONE,NO_CLICK
14493,NONE,NO_CLICK
14494,NONE,NO_CLICK
14495,NONE,NO_CLICK
14496,NONE,NO_CLICK
14497,NONE,NO_CLICK
14498,NONE,NO_CLICK
14499,NONE,NO_CLICK
14500,NONE,NO_CLICK
14501,NONE,NO_CLICK
14502,NONE,NO_CLICK
14503,NONE,NO_CLICK
14504,NONE,NO_CLICK
14505,NONE,NO_CLICK
14506,NONE,NO_CLICK
14507,NONE,NO_CLICK
14508,NONE,NO_CLICK
14509,NONE,NO_CLICK
14510,NONE,NO_CLICK
14511,NONE,NO_CLICK
14512,NONE,NO_CLICK
14513,NONE,NO_CLICK
14514,NONE,NO_CLICK
14515,NONE,NO_CLICK
14516,NONE,NO_CLICK
14517,NONE,NO_CLICK
14518,NONE,NO_CLICK
14519,NONE,NO_CLICK
14520,NONE,NO_CLICK
14521,NONE,NO_CLICK
14522,NONE,NO_CLICK
14523,NONE,NO_CLICK
14524,NONE,NO_CLICK
14525,NONE,NO_CLICK
14526,NONE,NO_CLICK
14527,NONE,NO_CLICK
14528,NONE,NO_CLICK
14529,NONE,NO_CLICK
14530,NONE,NO_CLICK
14531,NONE,NO_CLICK
14532,NONE,NO_CLICK
14533,NONE,NO_CLICK
14534,NONE,NO_CLICK
14535,NONE,NO_CLICK
14536,NONE,NO_CLICK
14537,NONE,NO_CLICK
14538,NONE,NO_CLICK
14539,NONE,NO_CLICK
14540,NONE,NO_CLICK
14541,NONE,NO_CLICK
14542,NONE,NO_CLICK
14543,NONE,NO_CLICK
14544,NONE,NO_CLICK
14545,NONE,NO_CLICK
14546,NONE,NO_CLICK
14547,NONE,NO_CLICK
14548,NONE,NO_CLICK
14549,NONE,NO_CLICK
14550,NONE,NO_CLICK
14551,NONE,NO_CLICK
14552,NONE,NO_CLICK
14553,NONE,NO_CLICK
14554,NONE,NO_CLICK
14555,NONE,NO_CLICK
14556,NONE,NO_CLICK
14557,NONE,NO_CLICK
14558,NONE,NO_CLICK
14559,NONE,NO_CLICK
14560,NONE,NO_CLICK
14561,NONE,NO_CLICK
14562,NONE,NO_CLICK
14563,NONE,NO_CLICK
14564,NONE,NO_CLICK
14565,NONE,NO_CLICK
14566,NONE,NO_CLICK
14567,NONE,NO_CLICK
14568,NONE,NO_CLICK
14569,NONE,NO_CLICK
14570,NONE,NO_CLICK
14571,NONE,NO_CLICK
14572,NONE,NO_CLICK
14573,NONE,NO_CLICK
14574,NONE,NO_CLICK
14575,NONE,NO_CLICK
14576,NONE,NO_CLICK
14577,NONE,NO_CLICK
14578,NONE,NO_CLICK
14579,NONE,NO_CLICK
14580,NONE,NO_CLICK
14581,NONE,NO_CLICK
14582,NONE,NO_CLICK
14583,NONE,NO_CLICK
14584,NONE,NO_CLICK
14585,NONE,NO_CLICK
14586,NONE,NO_CLICK
14587,NONE,NO_CLICK
14588,NONE,NO_CLICK
14589,NONE,NO_CLICK
14590,NONE,NO_CLICK
14591,NONE,NO_CLICK
14592,NONE,NO_CLICK
14593,NONE,NO_CLICK
14594,NONE,NO_CLICK
14595,NONE,NO_CLICK
14596,NONE,NO_CLICK
14597,NONE,NO_CLICK
14598,NONE,NO_CLICK
14599,NONE,NO_CLICK
14600,NONE,NO_CLICK
14601,NONE,NO_CLICK
14602,NONE,NO_CLICK
14603,NONE,NO_CLICK
14604,NONE,NO_CLICK
14605,NONE,NO_CLICK
14606,NONE,NO_CLICK
14607,NONE,NO_CLICK
14608,NONE,NO_CLICK
14609,NONE,NO_CLICK
14610,NONE,NO_CLICK
14611,NONE,NO_CLICK
14612,NONE,NO_CLICK
14613,NONE,NO_CLICK
14614,NONE,NO_CLICK
14615,NONE,NO_CLICK
14616,NONE,NO_CLICK
14617,NONE,NO_CLICK
14618,NONE,NO_CLICK
14619,NONE,NO_CLICK
14620,NONE,NO_CLICK
14621,NONE,NO_CLICK
14622,NONE,NO_CLICK
14623,NONE,NO_CLICK
14624,NONE,NO_CLICK
14625,NONE,NO_CLICK
14626,NONE,NO_CLICK
14627,NONE,NO_CLICK
14628,NONE,NO_CLICK
14629,NONE,NO_CLICK
14630,NONE,NO_CLICK
14631,NONE,NO_CLICK
14632,NONE,NO_CLICK
14633,NONE,NO_CLICK
14634,NONE,NO_CLICK
14635,NONE,NO_CLICK
14636,NONE,NO_CLICK
14637,NONE,NO_CLICK
14638,NONE,NO_CLICK
14639,NONE,NO_CLICK
14640,NONE,NO_CLICK
14641,NONE,NO_CLICK
14642,NONE,NO_CLICK
14643,NONE,NO_CLICK
14644,NONE,NO_CLICK
14645,NONE,NO_CLICK
14646,NONE,NO_CLICK
14647,NONE,NO_CLICK
14648,NONE,NO_CLICK
14649,NONE,NO_CLICK
14650,NONE,NO_CLICK
14651,NONE,NO_CLICK
14652,NONE,NO_CLICK
14653,NONE,NO_CLICK
14654,NONE,NO_CLICK
14655,NONE,NO_CLICK
14656,NONE,NO_CLICK
14657,NONE,NO_CLICK
14658,D1,D1_CLICK
14659,D1,D1_CLICK
14660,D1,D1_CLICK
14661,D1,D1_CLICK
14662,D1,D1_CLICK
14663,D1,D1_CLICK
14664,D1,D1_CLICK
14665,D1,D1_CLICK
14666,D1,D1_CLICK
14667,D1,D1_CLICK
14668,D1,D1_CLICK
14669,D1,D1_CLICK
14670,D1,D1_CLICK
14671,D1,D1_CLICK
14672,D1,D1_CLICK
14673,D1,D1_CLICK
14674,D1,D1_CLICK
14675,D1,D1_CLICK
14676,D1,D1_CLICK
14677,D1,D1_CLICK
14678,D1,D1_CLICK
14679,D1,D1_CLICK
14680,D1,D1_CLICK
14681,D1,D1_CLICK
14682,D1,D1_CLICK
14683,D1,D1_CLICK
14684,D1,D1_CLICK
14685,D1,D1_CLICK
14686,D1,D1_CLICK
14687,D1,D1_CLICK
14688,D1,D1_CLICK
14689,D1,D1_CLICK
14690,D1,D1_CLICK
14691,D1,D1_CLICK
14692,D1,D1_CLICK
14693,D1,D1_CLICK
14694,D1,D1_CLICK
14695,D1,D1_CLICK
14696,NONE,NO_CLICK
14697,NONE,NO_CLICK
14698,NONE,NO_CLICK
14699,NONE,NO_CLICK
14700,NONE,NO_CLICK
14701,NONE,NO_CLICK
14702,NONE,NO_CLICK
14703,NONE,NO_CLICK
14704,NONE,NO_CLICK
14705,NONE,NO_CLICK
14706,NONE,NO_CLICK
14707,NONE,NO_CLICK
14708,NONE,NO_CLICK
14709,NONE,NO_CLICK
14710,NONE,NO_CLICK
14711,NONE,NO_CLICK
14712,NONE,NO_CLICK
14713,NONE,NO_CLICK
14714,NONE,NO_CLICK
14715,NONE,NO_CLICK
14716,NONE,NO_CLICK
14717,NONE,NO_CLICK
14718,NONE,NO_CLICK
14719,NONE,NO_CLICK
14720,NONE,NO_CLICK
14721,NONE,NO_CLICK
14722,NONE,NO_CLICK
14723,NONE,NO_CLICK
14724,NONE,NO_CLICK
14725,NONE,NO_CLICK
14726,NONE,NO_CLICK
14727,NONE,NO_CLICK
14728,NONE,NO_CLICK
14729,NONE,NO_CLICK
14730,NONE,NO_CLICK
14731,NONE,NO_CLICK
14732,NONE,NO_CLICK
14733,NONE,NO_CLICK
14734,NONE,NO_CLICK
14735,NONE,NO_CLICK
14736,NONE,NO_CLICK
14737,NONE,NO_CLICK
14738,NONE,NO_CLICK
14739,NONE,NO_CLICK
14740,NONE,NO_CLICK
14741,NONE,NO_CLICK
14742,NONE,NO_CLICK
14743,NONE,NO_CLICK
14744,NONE,NO_CLICK
14745,NONE,NO_CLICK
14746,NONE,NO_CLICK
14747,NONE,NO_CLICK
14748,NONE,NO_CLICK
14749,NONE,NO_CLICK
14750,NONE,NO_CLICK
14751,NONE,NO_CLICK
14752,NONE,NO_CLICK
14753,NONE,NO_CLICK
14754,D2,D2_CLICK
14755,D2,D2_CLICK
14756,D2,D2_CLICK
14757,D2,D2_CLICK
14758,D2,D2_CLICK
14759,D2,D2_CLICK
14760,D2,D2_CLICK
14761,D2,D2_CLICK
14762,D2,D2_CLICK
14763,D2,D2_CLICK
14764,D2,D2_CLICK
14765,D2,D2_CLICK
14766,D2,D2_CLICK
14767,D2,D2_CLICK
14768,D2,D2_CLICK
14769,D2,D2_CLICK
14770,D2,D2_CLICK
14771,D2,D2_CLICK
14772,D2,D2_CLICK
14773,D2,D2_CLICK
14774,D2,D2_CLICK
14775,D2,D2_CLICK
14776,D2,D2_CLICK
14777,D2,D2_CLICK
14778,D2,D2_CLICK
14779,D2,D2_CLICK
14780,D2,D2_CLICK
14781,D2,D2_CLICK
14782,D2,D2_CLICK
14783,D2,D2_CLICK
14784,D2,D2_CLICK
14785,D2,D2_CLICK
14786,D2,D2_CLICK
14787,D2,D2_CLICK
14788,D2,D2_CLICK
14789,D2,D2_CLICK
14790,D2,D2_CLICK
14791,D2,D2_CLICK
14792,NONE,NO_CLICK
14793,NONE,NO_CLICK
14794,NONE,NO_CLICK
14795,NONE,NO_CLICK
14796,NONE,NO_CLICK
14797,NONE,NO_CLICK
14798,NONE,NO_CLICK
14799,NONE,NO_CLICK
14800,NONE,NO_CLICK
14801,NONE,NO_CLICK
14802,NONE,NO_CLICK
14803,NONE,NO_CLICK
14804,NONE,NO_CLICK
14805,NONE,NO_CLICK
14806,NONE,NO_CLICK
14807,NONE,NO_CLICK
14808,NONE,NO_CLICK
14809,NONE,NO_CLICK
14810,NONE,NO_CLICK
14811,NONE,NO_CLICK
14812,NONE,NO_CLICK
14813,NONE,NO_CLICK
14814,NONE,NO_CLICK
14815,NONE,NO_CLICK
14816,NONE,NO_CLICK
14817,NONE,NO_CLICK
14818,NONE,NO_CLICK
14819,NONE,NO_CLICK
14820,NONE,NO_CLICK
14821,NONE,NO_CLICK
14822,NONE,NO_CLICK
14823,NONE,NO_CLICK
14824,NONE,NO_CLICK
14825,NONE,NO_CLICK
14826,NONE,NO_CLICK
14827,NONE,NO_CLICK
14828,NONE,NO_CLICK
14829,NONE,NO_CLICK
14830,NONE,NO_CLICK
14831,NONE,NO_CLICK
14832,NONE,NO_CLICK
14833,NONE,NO_CLICK
14834,NONE,NO_CLICK
14835,NONE,NO_CLICK
14836,NONE,NO_CLICK
14837,NONE,NO_CLICK
14838,NONE,NO_CLICK
14839,NONE,NO_CLICK
14840,NONE,NO_CLICK
14841,NONE,NO_CLICK
14842,NONE,NO_CLICK
14843,NONE,NO_CLICK
14844,NONE,NO_CLICK
14845,NONE,NO_CLICK
14846,NONE,NO_CLICK
14847,NONE,NO_CLICK
14848,NONE,NO_CLICK
14849,NONE,NO_CLICK
14850,NONE,NO_CLICK
14851,NONE,NO_CLICK
14852,NONE,NO_CLICK
14853,NONE,NO_CLICK
14854,NONE,NO_CLICK
14855,NONE,NO_CLICK
14856,NONE,NO_CLICK
14857,NONE,NO_CLICK
14858,NONE,NO_CLICK
14859,NONE,NO_CLICK
14860,NONE,NO_CLICK
14861,NONE,NO_CLICK
14862,NONE,NO_CLICK
14863,NONE,NO_CLICK
14864,NONE,NO_CLICK
14865,NONE,NO_CLICK
14866,NONE,NO_CLICK
14867,NONE,NO_CLICK
14868,NONE,NO_CLICK
14869,NONE,NO_CLICK
14870,NONE,NO_CLICK
14871,NONE,NO_CLICK
14872,NONE,NO_CLICK
14873,NONE,NO_CLICK
14874,NONE,NO_CLICK
14875,NONE,NO_CLICK
14876,NONE,NO_CLICK
14877,NONE,NO_CLICK
14878,NONE,NO_CLICK
14879,NONE,NO_CLICK
14880,NONE,NO_CLICK
14881,NONE,NO_CLICK
14882,NONE,NO_CLICK
14883,NONE,NO_CLICK
14884,NONE,NO_CLICK
14885,NONE,NO_CLICK
14886,NONE,NO_CLICK
14887,NONE,NO_CLICK
14888,NONE,NO_CLICK
14889,NONE,NO_CLICK
14890,NONE,NO_CLICK
14891,NONE,NO_CLICK
14892,NONE,NO_CLICK
14893,NONE,NO_CLICK
14894,NONE,NO_CLICK
14895,NONE,NO_CLICK
14896,NONE,NO_CLICK
14897,NONE,NO_CLICK
14898,NONE,NO_CLICK
14899,NONE,NO_CLICK
14900,NONE,NO_CLICK
14901,NONE,NO_CLICK
14902,NONE,NO_CLICK
14903,NONE,NO_CLICK
14904,NONE,NO_CLICK
14905,NONE,NO_CLICK
14906,NONE,NO_CLICK
14907,NONE,NO_CLICK
14908,NONE,NO_CLICK
14909,NONE,NO_CLICK
14910,NONE,NO_CLICK
14911,NONE,NO_CLICK
14912,NONE,NO_CLICK
14913,NONE,NO_CLICK
14914,NONE,NO_CLICK
14915,NONE,NO_CLICK
14916,NONE,NO_CLICK
14917,NONE,NO_CLICK
14918,NONE,NO_CLICK
14919,NONE,NO_CLICK
14920,NONE,NO_CLICK
14921,NONE,NO_CLICK
14922,NONE,NO_CLICK
14923,NONE,NO_CLICK
14924,NONE,NO_CLICK
14925,NONE,NO_CLICK
14926,NONE,NO_CLICK
14927,NONE,NO_CLICK
14928,NONE,NO_CLICK
14929,NONE,NO_CLICK
14930,NONE,NO_CLICK
14931,NONE,NO_CLICK
14932,NONE,NO_CLICK
14933,NONE,NO_CLICK
14934,NONE,NO_CLICK
14935,NONE,NO_CLICK
14936,NONE,NO_CLICK
14937,NONE,NO_CLICK
14938,NONE,NO_CLICK
14939,NONE,NO_CLICK
14940,NONE,NO_CLICK
14941,NONE,NO_CLICK
14942,NONE,NO_CLICK
14943,NONE,NO_CLICK
14944,NONE,NO_CLICK
14945,NONE,NO_CLICK
14946,NONE,NO_CLICK
14947,NONE,NO_CLICK
14948,NONE,NO_CLICK
14949,NONE,NO_CLICK
14950,NONE,NO_CLICK
14951,NONE,NO_CLICK
14952,NONE,NO_CLICK
14953,NONE,NO_CLICK
14954,NONE,NO_CLICK
14955,NONE,NO_CLICK
14956,NONE,NO_CLICK
14957,NONE,NO_CLICK
14958,NONE,NO_CLICK
14959,NONE,NO_CLICK
14960,NONE,NO_CLICK
14961,NONE,NO_CLICK
14962,NONE,NO_CLICK
14963,NONE,NO_CLICK
14964,NONE,NO_CLICK
14965,NONE,NO_CLICK
14966,NONE,NO_CLICK
14967,NONE,NO_CLICK
14968,NONE,NO_CLICK
14969,NONE,NO_CLICK
14970,NONE,NO_CLICK
14971,NONE,NO_CLICK
14972,NONE,NO_CLICK
14973,NONE,NO_CLICK
14974,NONE,NO_CLICK
14975,NONE,NO_CLICK
14976,NONE,NO_CLICK
14977,NONE,NO_CLICK
14978,NONE,NO_CLICK
14979,NONE,NO_CLICK
14980,NONE,NO_CLICK
14981,NONE,NO_CLICK
14982,NONE,NO_CLICK
14983,NONE,NO_CLICK
14984,NONE,NO_CLICK
14985,NONE,NO_CLICK
14986,NONE,NO_CLICK
14987,NONE,NO_CLICK
14988,NONE,NO_CLICK
14989,NONE,NO_CLICK
14990,NONE,NO_CLICK
14991,NONE,NO_CLICK
14992,NONE,NO_CLICK
14993,NONE,NO_CLICK
14994,NONE,NO_CLICK
14995,NONE,NO_CLICK
14996,NONE,NO_CLICK
14997,NONE,NO_CLICK
14998,NONE,NO_CLICK
14999,NONE,NO_CLICK
15000,NONE,NO_CLICK
15001,NONE,NO_CLICK
15002,NONE,NO_CLICK
15003,NONE,NO_CLICK
15004,NONE,NO_CLICK
15005,NONE,NO_CLICK
15006,NONE,NO_CLICK
15007,NONE,NO_CLICK
15008,NONE,NO_CLICK
15009,NONE,NO_CLICK
15010,NONE,NO_CLICK
15011,NONE,NO_CLICK
15012,NONE,NO_CLICK
15013,NONE,NO_CLICK
15014,NONE,NO_CLICK
15015,NONE,NO_CLICK
15016,NONE,NO_CLICK
15017,NONE,NO_CLICK
15018,NONE,NO_CLICK
15019,NONE,NO_CLICK
15020,NONE,NO_CLICK
15021,NONE,NO_CLICK
15022,NONE,NO_CLICK
15023,NONE,NO_CLICK
15024,NONE,NO_CLICK
15025,NONE,NO_CLICK
15026,NONE,NO_CLICK
15027,NONE,NO_CLICK
15028,NONE,NO_CLICK
15029,NONE,NO_CLICK
15030,NONE,NO_CLICK
15031,NONE,NO_CLICK
15032,NONE,NO_CLICK
15033,NONE,NO_CLICK
15034,NONE,NO_CLICK
15035,NONE,NO_CLICK
15036,NONE,NO_CLICK
15037,NONE,NO_CLICK
15038,NONE,NO_CLICK
15039,NONE,NO_CLICK
15040,NONE,NO_CLICK
15041,NONE,NO_CLICK
15042,NONE,NO_CLICK
15043,NONE,NO_CLICK
15044,NONE,NO_CLICK
15045,NONE,NO_CLICK
15046,NONE,NO_CLICK
15047,NONE,NO_CLICK
15048,NONE,NO_CLICK
15049,NONE,NO_CLICK
15050,NONE,NO_CLICK
15051,NONE,NO_CLICK
15052,NONE,NO_CLICK
15053,NONE,NO_CLICK
15054,NONE,NO_CLICK
15055,NONE,NO_CLICK
15056,NONE,NO_CLICK
15057,NONE,NO_CLICK
15058,NONE,NO_CLICK
15059,NONE,NO_CLICK
15060,NONE,NO_CLICK
15061,NONE,NO_CLICK
15062,NONE,NO_CLICK
15063,NONE,NO_CLICK
15064,NONE,NO_CLICK
15065,NONE,NO_CLICK
15066,NONE,NO_CLICK
15067,NONE,NO_CLICK
15068,NONE,NO_CLICK
15069,NONE,NO_CLICK
15070,NONE,NO_CLICK
15071,NONE,NO_CLICK
15072,NONE,NO_CLICK
15073,NONE,NO_CLICK
15074,NONE,NO_CLICK
15075,NONE,NO_CLICK
15076,NONE,NO_CLICK
15077,NONE,NO_CLICK
15078,NONE,NO_CLICK
15079,NONE,NO_CLICK
15080,NONE,NO_CLICK
15081,NONE,NO_CLICK
15082,NONE,NO_CLICK
15083,NONE,NO_CLICK
15084,NONE,NO_CLICK
15085,NONE,NO_CLICK
15086,NONE,NO_CLICK
15087,NONE,NO_CLICK
15088,NONE,NO_CLICK
15089,NONE,NO_CLICK
15090,NONE,NO_CLICK
15091,NONE,NO_CLICK
15092,NONE,NO_CLICK
15093,NONE,NO_CLICK
15094,NONE,NO_CLICK
15095,NONE,NO_CLICK
15096,NONE,NO_CLICK
15097,NONE,NO_CLICK
15098,NONE,NO_CLICK
15099,NONE,NO_CLICK
15100,NONE,NO_CLICK
15101,NONE,NO_CLICK
15102,NONE,NO_CLICK
15103,NONE,NO_CLICK
15104,NONE,NO_CLICK
15105,NONE,NO_CLICK
15106,D1,D1_CLICK
15107,D1,D1_CLICK
15108,D1,D1_CLICK
15109,D1,D1_CLICK
15110,D1,D1_CLICK
15111,D1,D1_CLICK
15112,D1,D1_CLICK
15113,D1,D1_CLICK
15114,D1,D1_CLICK
15115,D1,D1_CLICK
15116,D1,D1_CLICK
15117,D1,D1_CLICK
15118,D1,D1_CLICK
15119,D1,D1_CLICK
15120,D1,D1_CLICK
15121,D1,D1_CLICK
15122,D1,D1_CLICK
15123,D1,D1_CLICK
15124,D1,D1_CLICK
15125,D1,D1_CLICK
15126,D1,D1_CLICK
15127,D1,D1_CLICK
15128,D1,D1_CLICK
15129,D1,D1_CLICK
15130,D1,D1_CLICK
15131,D1,D1_CLICK
15132,D1,D1_CLICK
15133,D1,D1_CLICK
15134,D1,D1_CLICK
15135,D1,D1_CLICK
15136,D1,D1_CLICK
15137,D1,D1_CLICK
15138,BOTH,DOUBLE_CLICK
15139,BOTH,DOUBLE_CLICK
15140,BOTH,DOUBLE_CLICK
15141,BOTH,DOUBLE_CLICK
15142,BOTH,DOUBLE_CLICK
15143,BOTH,DOUBLE_CLICK
15144,D2,D2_CLICK
15145,D2,D2_CLICK
15146,D2,D2_CLICK
15147,D2,D2_CLICK
15148,D2,D2_CLICK
15149,D2,D2_CLICK
15150,D2,D2_CLICK
15151,D2,D2_CLICK
15152,D2,D2_CLICK
15153,D2,D2_CLICK
15154,D2,D2_CLICK
15155,D2,D2_CLICK
15156,D2,D2_CLICK
15157,D2,D2_CLICK
15158,D2,D2_CLICK
15159,D2,D2_CLICK
15160,D2,D2_CLICK
15161,D2,D2_CLICK
15162,D2,D2_CLICK
15163,D2,D2_CLICK
15164,D2,D2_CLICK
15165,D2,D2_CLICK
15166,D2,D2_CLICK
15167,D2,D2_CLICK
15168,D2,D2_CLICK
15169,D2,D2_CLICK
15170,D2,D2_CLICK
15171,D2,D2_CLICK
15172,D2,D2_CLICK
15173,D2,D2_CLICK
15174,D2,D2_CLICK
15175,D2,D2_CLICK
15176,NONE,NO_CLICK
15177,NONE,NO_CLICK
15178,NONE,NO_CLICK
15179,NONE,NO_CLICK
15180,NONE,NO_CLICK
15181,NONE,NO_CLICK
15182,NONE,NO_CLICK
15183,NONE,NO_CLICK
15184,NONE,NO_CLICK
15185,NONE,NO_CLICK
15186,NONE,NO_CLICK
15187,NONE,NO_CLICK
15188,NONE,NO_CLICK
15189,NONE,NO_CLICK
15190,NONE,NO_CLICK
15191,NONE,NO_CLICK
15192,NONE,NO_CLICK
15193,NONE,NO_CLICK
15194,NONE,NO_CLICK
15195,NONE,NO_CLICK
15196,NONE,NO_CLICK
15197,NONE,NO_CLICK
15198,NONE,NO_CLICK
15199,NONE,NO_CLICK
15200,NONE,NO_CLICK
15201,NONE,NO_CLICK
15202,NONE,NO_CLICK
15203,NONE,NO_CLICK
15204,NONE,NO_CLICK
15205,NONE,NO_CLICK
15206,NONE,NO_CLICK
15207,NONE,NO_CLICK
15208,NONE,NO_CLICK
15209,NONE,NO_CLICK
15210,NONE,NO_CLICK
15211,NONE,NO_CLICK
15212,NONE,NO_CLICK
15213,NONE,NO_CLICK
15214,NONE,NO_CLICK
15215,NONE,NO_CLICK
15216,NONE,NO_CLICK
15217,NONE,NO_CLICK
15218,NONE,NO_CLICK
15219,NONE,NO_CLICK
15220,NONE,NO_CLICK
15221,NONE,NO_CLICK
15222,NONE,NO_CLICK
15223,NONE,NO_CLICK
15224,NONE,NO_CLICK
15225,NONE,NO_CLICK
15226,NONE,NO_CLICK
15227,NONE,NO_CLICK
15228,NONE,NO_CLICK
15229,NONE,NO_CLICK
15230,NONE,NO_CLICK
15231,NONE,NO_CLICK
15232,NONE,NO_CLICK
15233,NONE,NO_CLICK
15234,NONE,NO_CLICK
15235,NONE,NO_CLICK
15236,NONE,NO_CLICK
15237,NONE,NO_CLICK
15238,NONE,NO_CLICK
15239,NONE,NO_CLICK
15240,NONE,NO_CLICK
15241,NONE,NO_CLICK
15242,NONE,NO_CLICK
15243,NONE,NO_CLICK
15244,NONE,NO_CLICK
15245,NONE,NO_CLICK
15246,NONE,NO_CLICK
15247,NONE,NO_CLICK
15248,NONE,NO_CLICK
15249,NONE,NO_CLICK
15250,NONE,NO_CLICK
15251,NONE,NO_CLICK
15252,NONE,NO_CLICK
15253,NONE,NO_CLICK
15254,NONE,NO_CLICK
15255,NONE,NO_CLICK
15256,NONE,NO_CLICK
15257,NONE,NO_CLICK
15258,NONE,NO_CLICK
15259,NONE,NO_CLICK
15260,NONE,NO_CLICK
15261,NONE,NO_CLICK
15262,NONE,NO_CLICK
15263,NONE,NO_CLICK
15264,NONE,NO_CLICK
15265,NONE,NO_CLICK
15266,NONE,NO_CLICK
15267,NONE,NO_CLICK
15268,NONE,NO_CLICK
15269,NONE,NO_CLICK
15270,NONE,NO_CLICK
15271,NONE,NO_CLICK
15272,NONE,NO_CLICK
15273,NONE,NO_CLICK
15274,NONE,NO_CLICK
15275,NONE,NO_CLICK
15276,NONE,NO_CLICK
15277,NONE,NO_CLICK
15278,NONE,NO_CLICK
15279,NONE,NO_CLICK
15280,NONE,NO_CLICK
15281,NONE,NO_CLICK
15282,NONE,NO_CLICK
15283,NONE,NO_CLICK
15284,NONE,NO_CLICK
15285,NONE,NO_CLICK
15286,NONE,NO_CLICK
15287,NONE,NO_CLICK
15288,NONE,NO_CLICK
15289,NONE,NO_CLICK
15290,NONE,NO_CLICK
15291,NONE,NO_CLICK
15292,NONE,NO_CLICK
15293,NONE,NO_CLICK
15294,NONE,NO_CLICK
15295,NONE,NO_CLICK
15296,NONE,NO_CLICK
15297,NONE,NO_CLICK
15298,NONE,NO_CLICK
15299,NONE,NO_CLICK
15300,NONE,NO_CLICK
15301,NONE,NO_CLICK
15302,NONE,NO_CLICK
15303,NONE,NO_CLICK
15304,NONE,NO_CLICK
15305,NONE,NO_CLICK
15306,NONE,NO_CLICK
15307,NONE,NO_CLICK
15308,NONE,NO_CLICK
15309,NONE,NO_CLICK
15310,NONE,NO_CLICK
15311,NONE,NO_CLICK
15312,NONE,NO_CLICK
15313,NONE,NO_CLICK
15314,NONE,NO_CLICK
15315,NONE,NO_CLICK
15316,NONE,NO_CLICK
15317,NONE,NO_CLICK
15318,NONE,NO_CLICK
15319,NONE,NO_CLICK
15320,NONE,NO_CLICK
15321,NONE,NO_CLICK
15322,NONE,NO_CLICK
15323,NONE,NO_CLICK
15324,NONE,NO_CLICK
15325,NONE,NO_CLICK
15326,NONE,NO_CLICK
15327,NONE,NO_CLICK
15328,NONE,NO_CLICK
15329,NONE,NO_CLICK
15330,NONE,NO_CLICK
15331,NONE,NO_CLICK
15332,NONE,NO_CLICK
15333,NONE,NO_CLICK
15334,NONE,NO_CLICK
15335,NONE,NO_CLICK
15336,NONE,NO_CLICK
15337,NONE,NO_CLICK
15338,NONE,NO_CLICK
15339,NONE,NO_CLICK
15340,NONE,NO_CLICK
15341,NONE,NO_CLICK
15342,NONE,NO_CLICK
15343,NONE,NO_CLICK
15344,NONE,NO_CLICK
15345,NONE,NO_CLICK
15346,NONE,NO_CLICK
15347,NONE,NO_CLICK
15348,NONE,NO_CLICK
15349,NONE,NO_CLICK
15350,NONE,NO_CLICK
15351,NONE,NO_CLICK
15352,NONE,NO_CLICK
15353,NONE,NO_CLICK
15354,NONE,NO_CLICK
15355,NONE,NO_CLICK
15356,NONE,NO_CLICK
15357,NONE,NO_CLICK
15358,NONE,NO_CLICK
15359,NONE,NO_CLICK
15360,NONE,NO_CLICK
15361,NONE,NO_CLICK
15362,NONE,NO_CLICK
15363,NONE,NO_CLICK
15364,NONE,NO_CLICK
15365,NONE,NO_CLICK
15366,NONE,NO_CLICK
15367,NONE,NO_CLICK
15368,NONE,NO_CLICK
15369,NONE,NO_CLICK
15370,NONE,NO_CLICK
15371,NONE,NO_CLICK
15372,NONE,NO_CLICK
15373,NONE,NO_CLICK
15374,NONE,NO_CLICK
15375,NONE,NO_CLICK
15376,NONE,NO_CLICK
15377,NONE,NO_CLICK
15378,NONE,NO_CLICK
15379,NONE,NO_CLICK
15380,NONE,NO_CLICK
15381,NONE,NO_CLICK
15382,NONE,NO_CLICK
15383,NONE,NO_CLICK
15384,NONE,NO_CLICK
15385,NONE,NO_CLICK
15386,NONE,NO_CLICK
15387,NONE,NO_CLICK
15388,NONE,NO_CLICK
15389,NONE,NO_CLICK
15390,NONE,NO_CLICK
15391,NONE,NO_CLICK
15392,NONE,NO_CLICK
15393,NONE,NO_CLICK
15394,NONE,NO_CLICK
15395,NONE,NO_CLICK
15396,NONE,NO_CLICK
15397,NONE,NO_CLICK
15398,NONE,NO_CLICK
15399,NONE,NO_CLICK
15400,NONE,NO_CLICK
15401,NONE,NO_CLICK
15402,NONE,NO_CLICK
15403,NONE,NO_CLICK
15404,NONE,NO_CLICK
15405,NONE,NO_CLICK
15406,NONE,NO_CLICK
15407,NONE,NO_CLICK
15408,NONE,NO_CLICK
15409,NONE,NO_CLICK
15410,NONE,NO_CLICK
15411,NONE,NO_CLICK
15412,NONE,NO_CLICK
15413,NONE,NO_CLICK
15414,NONE,NO_CLICK
15415,NONE,NO_CLICK
15416,NONE,NO_CLICK
15417,NONE,NO_CLICK
15418,NONE,NO_CLICK
15419,NONE,NO_CLICK
15420,NONE,NO_CLICK
15421,NONE,NO_CLICK
15422,NONE,NO_CLICK
15423,NONE,NO_CLICK
15424,NONE,NO_CLICK
15425,NONE,NO_CLICK
15426,NONE,NO_CLICK
15427,NONE,NO_CLICK
15428,NONE,NO_CLICK
15429,NONE,NO_CLICK
15430,NONE,NO_CLICK
15431,NONE,NO_CLICK
15432,NONE,NO_CLICK
15433,NONE,NO_CLICK
15434,NONE,NO_CLICK
15435,NONE,NO_CLICK
15436,NONE,NO_CLICK
15437,NONE,NO_CLICK
15438,NONE,NO_CLICK
15439,NONE,NO_CLICK
15440,NONE,NO_CLICK
15441,NONE,NO_CLICK
15442,NONE,NO_CLICK
15443,NONE,NO_CLICK
15444,NONE,NO_CLICK
15445,NONE,NO_CLICK
15446,NONE,NO_CLICK
15447,NONE,NO_CLICK
15448,NONE,NO_CLICK
15449,NONE,NO_CLICK
15450,NONE,NO_CLICK
15451,NONE,NO_CLICK
15452,NONE,NO_CLICK
15453,NONE,NO_CLICK
15454,NONE,NO_CLICK
15455,NONE,NO_CLICK
15456,NONE,NO_CLICK
15457,NONE,NO_CLICK
15458,NONE,NO_CLICK
15459,NONE,NO_CLICK
15460,NONE,NO_CLICK
15461,NONE,NO_CLICK
15462,NONE,NO_CLICK
15463,NONE,NO_CLICK
15464,NONE,NO_CLICK
15465,NONE,NO_CLICK
15466,NONE,NO_CLICK
15467,NONE,NO_CLICK
15468,NONE,NO_CLICK
15469,NONE,NO_CLICK
15470,NONE,NO_CLICK
15471,NONE,NO_CLICK
15472,NONE,NO_CLICK
15473,NONE,NO_CLICK
15474,NONE,NO_CLICK
15475,NONE,NO_CLICK
15476,NONE,NO_CLICK
15477,NONE,NO_CLICK
15478,NONE,NO_CLICK
15479,NONE,NO_CLICK
15480,NONE,NO_CLICK
15481,NONE,NO_CLICK
15482,NONE,NO_CLICK
15483,NONE,NO_CLICK
15484,NONE,NO_CLICK
15485,NONE,NO_CLICK
15486,NONE,NO_CLICK
15487,NONE,NO_CLICK
15488,NONE,NO_CLICK
15489,NONE,NO_CLICK
15490,D2,D2_CLICK
15491,D2,D2_CLICK
15492,D2,D2_CLICK
15493,D2,D2_CLICK
15494,D2,D2_CLICK
15495,D2,D2_CLICK
15496,D2,D2_CLICK
15497,D2,D2_CLICK
15498,D2,D2_CLICK
15499,D2,D2_CLICK
15500,D2,D2_CLICK
15501,D2,D2_CLICK
15502,D2,D2_CLICK
15503,D2,D2_CLICK
15504,D2,D2_CLICK
15505,D2,D2_CLICK
15506,D2,D2_CLICK
15507,D2,D2_CLICK
15508,D2,D2_CLICK
15509,D2,D2_CLICK
15510,D2,D2_CLICK
15511,D2,D2_CLICK
15512,D2,D2_CLICK
15513,D2,D2_CLICK
15514,D2,D2_CLICK
15515,D2,D2_CLICK
15516,D2,D2_CLICK
15517,D2,D2_CLICK
15518,D2,D2_CLICK
15519,D2,D2_CLICK
15520,D2,D2_CLICK
15521,D2,D2_CLICK
15522,D2,D2_CLICK
15523,D2,D2_CLICK
15524,D2,D2_CLICK
15525,D2,D2_CLICK
15526,D2,D2_CLICK
15527,D2,D2_CLICK
15528,NONE,NO_CLICK
15529,NONE,NO_CLICK
15530,NONE,NO_CLICK
15531,NONE,NO_CLICK
15532,NONE,NO_CLICK
15533,NONE,NO_CLICK
15534,NONE,NO_CLICK
15535,NONE,NO_CLICK
15536,NONE,NO_CLICK
15537,NONE,NO_CLICK
15538,NONE,NO_CLICK
15539,NONE,NO_CLICK
15540,NONE,NO_CLICK
15541,NONE,NO_CLICK
15542,NONE,NO_CLICK
15543,NONE,NO_CLICK
15544,NONE,NO_CLICK
15545,NONE,NO_CLICK
15546,NONE,NO_CLICK
15547,NONE,NO_CLICK
15548,NONE,NO_CLICK
15549,NONE,NO_CLICK
15550,NONE,NO_CLICK
15551,NONE,NO_CLICK
15552,NONE,NO_CLICK
15553,NONE,NO_CLICK
15554,D1,D1_CLICK
15555,D1,D1_CLICK
15556,D1,D1_CLICK
15557,D1,D1_CLICK
15558,D1,D1_CLICK
15559,D1,D1_CLICK
15560,D1,D1_CLICK
15561,D1,D1_CLICK
15562,D1,D1_CLICK
15563,D1,D1_CLICK
15564,D1,D1_CLICK
15565,D1,D1_CLICK
15566,D1,D1_CLICK
15567,D1,D1_CLICK
15568,D1,D1_CLICK
15569,D1,D1_CLICK
15570,D1,D1_CLICK
15571,D1,D1_CLICK
15572,D1,D1_CLICK
15573,D1,D1_CLICK
15574,D1,D1_CLICK
15575,D1,D1_CLICK
15576,D1,D1_CLICK
15577,D1,D1_CLICK
15578,D1,D1_CLICK
15579,D1,D1_CLICK
15580,D1,D1_CLICK
15581,D1,D1_CLICK
15582,D1,D1_CLICK
15583,D1,D1_CLICK
15584,D1,D1_CLICK
15585,D1,D1_CLICK
15586,D1,D1_CLICK
15587,D1,D1_CLICK
15588,D1,D1_CLICK
15589,D1,D1_CLICK
15590,D1,D1_CLICK
15591,D1,D1_CLICK
15592,NONE,NO_CLICK
15593,NONE,NO_CLICK
15594,NONE,NO_CLICK
15595,NONE,NO_CLICK
15596,NONE,NO_CLICK
15597,NONE,NO_CLICK
15598,NONE,NO_CLICK
15599,NONE,NO_CLICK
15600,NONE,NO_CLICK
15601,NONE,NO_CLICK
15602,NONE,NO_CLICK
15603,NONE,NO_CLICK
15604,NONE,NO_CLICK
15605,NONE,NO_CLICK
15606,NONE,NO_CLICK
15607,NONE,NO_CLICK
15608,NONE,NO_CLICK
15609,NONE,NO_CLICK
15610,NONE,NO_CLICK
15611,NONE,NO_CLICK
15612,NONE,NO_CLICK
15613,NONE,NO_CLICK
15614,NONE,NO_CLICK
15615,NONE,NO_CLICK
15616,NONE,NO_CLICK
15617,NONE,NO_CLICK
15618,NONE,NO_CLICK
15619,NONE,NO_CLICK
15620,NONE,NO_CLICK
15621,NONE,NO_CLICK
15622,NONE,NO_CLICK
15623,NONE,NO_CLICK
15624,NONE,NO_CLICK
15625,NONE,NO_CLICK
15626,NONE,NO_CLICK
15627,NONE,NO_CLICK
15628,NONE,NO_CLICK
15629,NONE,NO_CLICK
15630,NONE,NO_CLICK
15631,NONE,NO_CLICK
15632,NONE,NO_CLICK
15633,NONE,NO_CLICK
15634,NONE,NO_CLICK
15635,NONE,NO_CLICK
15636,NONE,NO_CLICK
15637,NONE,NO_CLICK
15638,NONE,NO_CLICK
15639,NONE,NO_CLICK
15640,NONE,NO_CLICK
15641,NONE,NO_CLICK
15642,NONE,NO_CLICK
15643,NONE,NO_CLICK
15644,NONE,NO_CLICK
15645,NONE,NO_CLICK
15646,NONE,NO_CLICK
15647,NONE,NO_CLICK
15648,NONE,NO_CLICK
15649,NONE,NO_CLICK
15650,NONE,NO_CLICK
15651,NONE,NO_CLICK
15652,NONE,NO_CLICK
15653,NONE,NO_CLICK
15654,NONE,NO_CLICK
15655,NONE,NO_CLICK
15656,NONE,NO_CLICK
15657,NONE,NO_CLICK
15658,NONE,NO_CLICK
15659,NONE,NO_CLICK
15660,NONE,NO_CLICK
15661,NONE,NO_CLICK
15662,NONE,NO_CLICK
15663,NONE,NO_CLICK
15664,NONE,NO_CLICK
15665,NONE,NO_CLICK
15666,NONE,NO_CLICK
15667,NONE,NO_CLICK
15668,NONE,NO_CLICK
15669,NONE,NO_CLICK
15670,NONE,NO_CLICK
15671,NONE,NO_CLICK
15672,NONE,NO_CLICK
15673,NONE,NO_CLICK
15674,NONE,NO_CLICK
15675,NONE,NO_CLICK
15676,NONE,NO_CLICK
15677,NONE,NO_CLICK
15678,NONE,NO_CLICK
15679,NONE,NO_CLICK
15680,NONE,NO_CLICK
15681,NONE,NO_CLICK
15682,NONE,NO_CLICK
15683,NONE,NO_CLICK
15684,NONE,NO_CLICK
15685,NONE,NO_CLICK
15686,NONE,NO_CLICK
15687,NONE,NO_CLICK
15688,NONE,NO_CLICK
15689,NONE,NO_CLICK
15690,NONE,NO_CLICK
15691,NONE,NO_CLICK
15692,NONE,NO_CLICK
15693,NONE,NO_CLICK
15694,NONE,NO_CLICK
15695,NONE,NO_CLICK
15696,NONE,NO_CLICK
15697,NONE,NO_CLICK
15698,NONE,NO_CLICK
15699,NONE,NO_CLICK
15700,NONE,NO_CLICK
15701,NONE,NO_CLICK
15702,NONE,NO_CLICK
15703,NONE,NO_CLICK
15704,NONE,NO_CLICK
15705,NONE,NO_CLICK
15706,NONE,NO_CLICK
15707,NONE,NO_CLICK
15708,NONE,NO_CLICK
15709,NONE,NO_CLICK
15710,NONE,NO_CLICK
15711,NONE,NO_CLICK
15712,NONE,NO_CLICK
15713,NONE,NO_CLICK
15714,NONE,NO_CLICK
15715,NONE,NO_CLICK
15716,NONE,NO_CLICK
15717,NONE,NO_CLICK
15718,NONE,NO_CLICK
15719,NONE,NO_CLICK
15720,NONE,NO_CLICK
15721,NONE,NO_CLICK
15722,NONE,NO_CLICK
15723,NONE,NO_CLICK
15724,NONE,NO_CLICK
15725,NONE,NO_CLICK
15726,NONE,NO_CLICK
15727,NONE,NO_CLICK
15728,NONE,NO_CLICK
15729,NONE,NO_CLICK
15730,NONE,NO_CLICK
15731,NONE,NO_CLICK
15732,NONE,NO_CLICK
15733,NONE,NO_CLICK
15734,NONE,NO_CLICK
15735,NONE,NO_CLICK
15736,NONE,NO_CLICK
15737,NONE,NO_CLICK
15738,NONE,NO_CLICK
15739,NONE,NO_CLICK
15740,NONE,NO_CLICK
15741,NONE,NO_CLICK
15742,NONE,NO_CLICK
15743,NONE,NO_CLICK
15744,NONE,NO_CLICK
15745,NONE,NO_CLICK
15746,NONE,NO_CLICK
15747,NONE,NO_CLICK
15748,NONE,NO_CLICK
15749,NONE,NO_CLICK
15750,NONE,NO_CLICK
15751,NONE,NO_CLICK
15752,NONE,NO_CLICK
15753,NONE,NO_CLICK
15754,NONE,NO_CLICK
15755,NONE,NO_CLICK
15756,NONE,NO_CLICK
15757,NONE,NO_CLICK
15758,NONE,NO_CLICK
15759,NONE,NO_CLICK
15760,NONE,NO_CLICK
15761,NONE,NO_CLICK
15762,NONE,NO_CLICK
15763,NONE,NO_CLICK
15764,NONE,NO_CLICK
15765,NONE,NO_CLICK
15766,NONE,NO_CLICK
15767,NONE,NO_CLICK
15768,NONE,NO_CLICK
15769,NONE,NO_CLICK
15770,NONE,NO_CLICK
15771,NONE,NO_CLICK
15772,NONE,NO_CLICK
15773,NONE,NO_CLICK
15774,NONE,NO_CLICK
15775,NONE,NO_CLICK
15776,NONE,NO_CLICK
15777,NONE,NO_CLICK
15778,NONE,NO_CLICK
15779,NONE,NO_CLICK
15780,NONE,NO_CLICK
15781,NONE,NO_CLICK
15782,NONE,NO_CLICK
15783,NONE,NO_CLICK
15784,NONE,NO_CLICK
15785,NONE,NO_CLICK
15786,NONE,NO_CLICK
15787,NONE,NO_CLICK
15788,NONE,NO_CLICK
15789,NONE,NO_CLICK
15790,NONE,NO_CLICK
15791,NONE,NO_CLICK
15792,NONE,NO_CLICK
15793,NONE,NO_CLICK
15794,NONE,NO_CLICK
15795,NONE,NO_CLICK
15796,NONE,NO_CLICK
15797,NONE,NO_CLICK
15798,NONE,NO_CLICK
15799,NONE,NO_CLICK
15800,NONE,NO_CLICK
15801,NONE,NO_CLICK
15802,NONE,NO_CLICK
15803,NONE,NO_CLICK
15804,NONE,NO_CLICK
15805,NONE,NO_CLICK
15806,NONE,NO_CLICK
15807,NONE,NO_CLICK
15808,NONE,NO_CLICK
15809,NONE,NO_CLICK
15810,NONE,NO_CLICK
15811,NONE,NO_CLICK
15812,NONE,NO_CLICK
15813,NONE,NO_CLICK
15814,NONE,NO_CLICK
15815,NONE,NO_CLICK
15816,NONE,NO_CLICK
15817,NONE,NO_CLICK
15818,NONE,NO_CLICK
15819,NONE,NO_CLICK
15820,NONE,NO_CLICK
15821,NONE,NO_CLICK
15822,NONE,NO_CLICK
15823,NONE,NO_CLICK
15824,NONE,NO_CLICK
15825,NONE,NO_CLICK
15826,NONE,NO_CLICK
15827,NONE,NO_CLICK
15828,NONE,NO_CLICK
15829,NONE,NO_CLICK
15830,NONE,NO_CLICK
15831,NONE,NO_CLICK
15832,NONE,NO_CLICK
15833,NONE,NO_CLICK
15834,NONE,NO_CLICK
15835,NONE,NO_CLICK
15836,NONE,NO_CLICK
15837,NONE,NO_CLICK
15838,NONE,NO_CLICK
15839,NONE,NO_CLICK
15840,NONE,NO_CLICK
15841,NONE,NO_CLICK
15842,NONE,NO_CLICK
15843,NONE,NO_CLICK
15844,NONE,NO_CLICK
15845,NONE,NO_CLICK
15846,NONE,NO_CLICK
15847,NONE,NO_CLICK
15848,NONE,NO_CLICK
15849,NONE,NO_CLICK
15850,NONE,NO_CLICK
15851,NONE,NO_CLICK
15852,NONE,NO_CLICK
15853,NONE,NO_CLICK
15854,NONE,NO_CLICK
15855,NONE,NO_CLICK
15856,NONE,NO_CLICK
15857,NONE,NO_CLICK
15858,NONE,NO_CLICK
15859,NONE,NO_CLICK
15860,NONE,NO_CLICK
15861,NONE,NO_CLICK
15862,NONE,NO_CLICK
15863,NONE,NO_CLICK
15864,NONE,NO_CLICK
15865,NONE,NO_CLICK
15866,NONE,NO_CLICK
15867,NONE,NO_CLICK
15868,NONE,NO_CLICK
15869,NONE,NO_CLICK
15870,NONE,NO_CLICK
15871,NONE,NO_CLICK
15872,NONE,NO_CLICK
15873,NONE,NO_CLICK
15874,NONE,NO_CLICK
15875,NONE,NO_CLICK
15876,NONE,NO_CLICK
15877,NONE,NO_CLICK
15878,NONE,NO_CLICK
15879,NONE,NO_CLICK
15880,NONE,NO_CLICK
15881,NONE,NO_CLICK
15882,NONE,NO_CLICK
15883,NONE,NO_CLICK
15884,NONE,NO_CLICK
15885,NONE,NO_CLICK
15886,NONE,NO_CLICK
15887,NONE,NO_CLICK
15888,NONE,NO_CLICK
15889,NONE,NO_CLICK
15890,NONE,NO_CLICK
15891,NONE,NO_CLICK
15892,NONE,NO_CLICK
15893,NONE,NO_CLICK
15894,NONE,NO_CLICK
15895,NONE,NO_CLICK
15896,NONE,NO_CLICK
15897,NONE,NO_CLICK
15898,NONE,NO_CLICK
15899,NONE,NO_CLICK
15900,NONE,NO_CLICK
15901,NONE,NO_CLICK
15902,NONE,NO_CLICK
15903,NONE,NO_CLICK
15904,NONE,NO_CLICK
15905,NONE,NO_CLICK
15906,NONE,NO_CLICK
15907,NONE,NO_CLICK
15908,NONE,NO_CLICK
15909,NONE,NO_CLICK
15910,NONE,NO_CLICK
15911,NONE,NO_CLICK
15912,NONE,NO_CLICK
15913,NONE,NO_CLICK
15914,NONE,NO_CLICK
15915,NONE,NO_CLICK
15916,NONE,NO_CLICK
15917,NONE,NO_CLICK
15918,NONE,NO_CLICK
15919,NONE,NO_CLICK
15920,NONE,NO_CLICK
15921,NONE,NO_CLICK
15922,NONE,NO_CLICK
15923,NONE,NO_CLICK
15924,NONE,NO_CLICK
15925,NONE,NO_CLICK
15926,NONE,NO_CLICK
15927,NONE,NO_CLICK
15928,NONE,NO_CLICK
15929,NONE,NO_CLICK
15930,NONE,NO_CLICK
15931,NONE,NO_CLICK
15932,NONE,NO_CLICK
15933,NONE,NO_CLICK
15934,NONE,NO_CLICK
15935,NONE,NO_CLICK
15936,NONE,NO_CLICK
15937,NONE,NO_CLICK
15938,D2,D2_CLICK
15939,D2,D2_CLICK
15940,D2,D2_CLICK
15941,D2,D2_CLICK
15942,D2,D2_CLICK
15943,D2,D2_CLICK
15944,D2,D2_CLICK
15945,D2,D2_CLICK
15946,D2,D2_CLICK
15947,D2,D2_CLICK
15948,D2,D2_CLICK
15949,D2,D2_CLICK
15950,D2,D2_CLICK
15951,D2,D2_CLICK
15952,D2,D2_CLICK
15953,D2,D2_CLICK
15954,D2,D2_CLICK
15955,D2,D2_CLICK
15956,D2,D2_CLICK
15957,D2,D2_CLICK
15958,D2,D2_CLICK
15959,D2,D2_CLICK
15960,D2,D2_CLICK
15961,D2,D2_CLICK
15962,D2,D2_CLICK
15963,D2,D2_CLICK
15964,D2,D2_CLICK
15965,D2,D2_CLICK
15966,D2,D2_CLICK
15967,D2,D2_CLICK
15968,D2,D2_CLICK
15969,D2,D2_CLICK
15970,BOTH,DOUBLE_CLICK
15971,BOTH,DOUBLE_CLICK
15972,BOTH,DOUBLE_CLICK
15973,BOTH,DOUBLE_CLICK
15974,BOTH,DOUBLE_CLICK
15975,BOTH,DOUBLE_CLICK
15976,D1,D1_CLICK
15977,D1,D1_CLICK
15978,D1,D1_CLICK
15979,D1,D1_CLICK
15980,D1,D1_CLICK
15981,D1,D1_CLICK
15982,D1,D1_CLICK
15983,D1,D1_CLICK
15984,D1,D1_CLICK
15985,D1,D1_CLICK
15986,D1,D1_CLICK
15987,D1,D1_CLICK
15988,D1,D1_CLICK
15989,D1,D1_CLICK
15990,D1,D1_CLICK
15991,D1,D1_CLICK
15992,D1,D1_CLICK
15993,D1,D1_CLICK
15994,D1,D1_CLICK
15995,D1,D1_CLICK
15996,D1,D1_CLICK
15997,D1,D1_CLICK
15998,D1,D1_CLICK
15999,D1,D1_CLICK
16000,D1,D1_CLICK
16001,D1,D1_CLICK
16002,D1,D1_CLICK
16003,D1,D1_CLICK
16004,D1,D1_CLICK
16005,D1,D1_CLICK
16006,D1,D1_CLICK
16007,D1,D1_CLICK
16008,NONE,NO_CLICK
16009,NONE,NO_CLICK
16010,NONE,NO_CLICK
16011,NONE,NO_CLICK
16012,NONE,NO_CLICK
16013,NONE,NO_CLICK
16014,NONE,NO_CLICK
16015,NONE,NO_CLICK
16016,NONE,NO_CLICK
16017,NONE,NO_CLICK
16018,NONE,NO_CLICK
16019,NONE,NO_CLICK
16020,NONE,NO_CLICK
16021,NONE,NO_CLICK
16022,NONE,NO_CLICK
16023,NONE,NO_CLICK
16024,NONE,NO_CLICK
16025,NONE,NO_CLICK
16026,NONE,NO_CLICK
16027,NONE,NO_CLICK
16028,NONE,NO_CLICK
16029,NONE,NO_CLICK
16030,NONE,NO_CLICK
16031,NONE,NO_CLICK
16032,NONE,NO_CLICK
16033,NONE,NO_CLICK
16034,NONE,NO_CLICK
16035,NONE,NO_CLICK
16036,NONE,NO_CLICK
16037,NONE,NO_CLICK
16038,NONE,NO_CLICK
16039,NONE,NO_CLICK
16040,NONE,NO_CLICK
16041,NONE,NO_CLICK
16042,NONE,NO_CLICK
16043,NONE,NO_CLICK
16044,NONE,NO_CLICK
16045,NONE,NO_CLICK
16046,NONE,NO_CLICK
16047,NONE,NO_CLICK
16048,NONE,NO_CLICK
16049,NONE,NO_CLICK
16050,NONE,NO_CLICK
16051,NONE,NO_CLICK
16052,NONE,NO_CLICK
16053,NONE,NO_CLICK
16054,NONE,NO_CLICK
16055,NONE,NO_CLICK
16056,NONE,NO_CLICK
16057,NONE,NO_CLICK
16058,NONE,NO_CLICK
16059,NONE,NO_CLICK
16060,NONE,NO_CLICK
16061,NONE,NO_CLICK
16062,NONE,NO_CLICK
16063,NONE,NO_CLICK
16064,NONE,NO_CLICK
16065,NONE,NO_CLICK
16066,D2,D2_CLICK
16067,D2,D2_CLICK
16068,D2,D2_CLICK
16069,D2,D2_CLICK
16070,D2,D2_CLICK
16071,D2,D2_CLICK
16072,D2,D2_CLICK
16073,D2,D2_CLICK
16074,D2,D2_CLICK
16075,D2,D2_CLICK
16076,D2,D2_CLICK
16077,D2,D2_CLICK
16078,D2,D2_CLICK
16079,D2,D2_CLICK
16080,D2,D2_CLICK
16081,D2,D2_CLICK
16082,D2,D2_CLICK
16083,D2,D2_CLICK
16084,D2,D2_CLICK
16085,D2,D2_CLICK
16086,D2,D2_CLICK
16087,D2,D2_CLICK
16088,D2,D2_CLICK
16089,D2,D2_CLICK
16090,D2,D2_CLICK
16091,D2,D2_CLICK
16092,D2,D2_CLICK
16093,D2,D2_CLICK
16094,D2,D2_CLICK
16095,D2,D2_CLICK
16096,D2,D2_CLICK
16097,D2,D2_CLICK
16098,D2,D2_CLICK
16099,D2,D2_CLICK
16100,D2,D2_CLICK
16101,D2,D2_CLICK
16102,D2,D2_CLICK
16103,D2,D2_CLICK
16104,NONE,NO_CLICK
16105,NONE,NO_CLICK
16106,NONE,NO_CLICK
16107,NONE,NO_CLICK
16108,NONE,NO_CLICK
16109,NONE,NO_CLICK
16110,NONE,NO_CLICK
16111,NONE,NO_CLICK
16112,NONE,NO_CLICK
16113,NONE,NO_CLICK
16114,NONE,NO_CLICK
16115,NONE,NO_CLICK
16116,NONE,NO_CLICK
16117,NONE,NO_CLICK
16118,NONE,NO_CLICK
16119,NONE,NO_CLICK
16120,NONE,NO_CLICK
16121,NONE,NO_CLICK
16122,NONE,NO_CLICK
16123,NONE,NO_CLICK
16124,NONE,NO_CLICK
16125,NONE,NO_CLICK
16126,NONE,NO_CLICK
16127,NONE,NO_CLICK
16128,NONE,NO_CLICK
16129,NONE,NO_CLICK
16130,NONE,NO_CLICK
16131,NONE,NO_CLICK
16132,NONE,NO_CLICK
16133,NONE,NO_CLICK
16134,NONE,NO_CLICK
16135,NONE,NO_CLICK
16136,NONE,NO_CLICK
16137,NONE,NO_CLICK
16138,NONE,NO_CLICK
16139,NONE,NO_CLICK
16140,NONE,NO_CLICK
16141,NONE,NO_CLICK
16142,NONE,NO_CLICK
16143,NONE,NO_CLICK
16144,NONE,NO_CLICK
16145,NONE,NO_CLICK
16146,NONE,NO_CLICK
16147,NONE,NO_CLICK
16148,NONE,NO_CLICK
16149,NONE,NO_CLICK
16150,NONE,NO_CLICK
16151,NONE,NO_CLICK
16152,NONE,NO_CLICK
16153,NONE,NO_CLICK
16154,NONE,NO_CLICK
16155,NONE,NO_CLICK
16156,NONE,NO_CLICK
16157,NONE,NO_CLICK
16158,NONE,NO_CLICK
16159,NONE,NO_CLICK
16160,NONE,NO_CLICK
16161,NONE,NO_CLICK
16162,NONE,NO_CLICK
16163,NONE,NO_CLICK
16164,NONE,NO_CLICK
16165,NONE,NO_CLICK
16166,NONE,NO_CLICK
16167,NONE,NO_CLICK
16168,NONE,NO_CLICK
16169,NONE,NO_CLICK
16170,NONE,NO_CLICK
16171,NONE,NO_CLICK
16172,NONE,NO_CLICK
16173,NONE,NO_CLICK
16174,NONE,NO_CLICK
16175,NONE,NO_CLICK
16176,NONE,NO_CLICK
16177,NONE,NO_CLICK
16178,NONE,NO_CLICK
16179,NONE,NO_CLICK
16180,NONE,NO_CLICK
16181,NONE,NO_CLICK
16182,NONE,NO_CLICK
16183,NONE,NO_CLICK
16184,NONE,NO_CLICK
16185,NONE,NO_CLICK
16186,NONE,NO_CLICK
16187,NONE,NO_CLICK
16188,NONE,NO_CLICK
16189,NONE,NO_CLICK
16190,NONE,NO_CLICK
16191,NONE,NO_CLICK
16192,NONE,NO_CLICK
16193,NONE,NO_CLICK
16194,NONE,NO_CLICK
16195,NONE,NO_CLICK
16196,NONE,NO_CLICK
16197,NONE,NO_CLICK
16198,NONE,NO_CLICK
16199,NONE,NO_CLICK
16200,NONE,NO_CLICK
16201,NONE,NO_CLICK
16202,NONE,NO_CLICK
16203,NONE,NO_CLICK
16204,NONE,NO_CLICK
16205,NONE,NO_CLICK
16206,NONE,NO_CLICK
16207,NONE,NO_CLICK
16208,NONE,NO_CLICK
16209,NONE,NO_CLICK
16210,NONE,NO_CLICK
16211,NONE,NO_CLICK
16212,NONE,NO_CLICK
16213,NONE,NO_CLICK
16214,NONE,NO_CLICK
16215,NONE,NO_CLICK
16216,NONE,NO_CLICK
16217,NONE,NO_CLICK
16218,NONE,NO_CLICK
16219,NONE,NO_CLICK
16220,NONE,NO_CLICK
16221,NONE,NO_CLICK
16222,NONE,NO_CLICK
16223,NONE,NO_CLICK
16224,NONE,NO_CLICK
16225,NONE,NO_CLICK
16226,NONE,NO_CLICK
16227,NONE,NO_CLICK
16228,NONE,NO_CLICK
16229,NONE,NO_CLICK
16230,NONE,NO_CLICK
16231,NONE,NO_CLICK
16232,NONE,NO_CLICK
16233,NONE,NO_CLICK
16234,NONE,NO_CLICK
16235,NONE,NO_CLICK
16236,NONE,NO_CLICK
16237,NONE,NO_CLICK
16238,NONE,NO_CLICK
16239,NONE,NO_CLICK
16240,NONE,NO_CLICK
16241,NONE,NO_CLICK
16242,NONE,NO_CLICK
16243,NONE,NO_CLICK
16244,NONE,NO_CLICK
16245,NONE,NO_CLICK
16246,NONE,NO_CLICK
16247,NONE,NO_CLICK
16248,NONE,NO_CLICK
16249,NONE,NO_CLICK
16250,NONE,NO_CLICK
16251,NONE,NO_CLICK
16252,NONE,NO_CLICK
16253,NONE,NO_CLICK
16254,NONE,NO_CLICK
16255,NONE,NO_CLICK
16256,NONE,NO_CLICK
16257,NONE,NO_CLICK
16258,NONE,NO_CLICK
16259,NONE,NO_CLICK
16260,NONE,NO_CLICK
16261,NONE,NO_CLICK
16262,NONE,NO_CLICK
16263,NONE,NO_CLICK
16264,NONE,NO_CLICK
16265,NONE,NO_CLICK
16266,NONE,NO_CLICK
16267,NONE,NO_CLICK
16268,NONE,NO_CLICK
16269,NONE,NO_CLICK
16270,NONE,NO_CLICK
16271,NONE,NO_CLICK
16272,NONE,NO_CLICK
16273,NONE,NO_CLICK
16274,NONE,NO_CLICK
16275,NONE,NO_CLICK
16276,NONE,NO_CLICK
16277,NONE,NO_CLICK
16278,NONE,NO_CLICK
16279,NONE,NO_CLICK
16280,NONE,NO_CLICK
16281,NONE,NO_CLICK
16282,NONE,NO_CLICK
16283,NONE,NO_CLICK
16284,NONE,NO_CLICK
16285,NONE,NO_CLICK
16286,NONE,NO_CLICK
16287,NONE,NO_CLICK
16288,NONE,NO_CLICK
16289,NONE,NO_CLICK
16290,NONE,NO_CLICK
16291,NONE,NO_CLICK
16292,NONE,NO_CLICK
16293,NONE,NO_CLICK
16294,NONE,NO_CLICK
16295,NONE,NO_CLICK
16296,NONE,NO_CLICK
16297,NONE,NO_CLICK
16298,NONE,NO_CLICK
16299,NONE,NO_CLICK
16300,NONE,NO_CLICK
16301,NONE,NO_CLICK
16302,NONE,NO_CLICK
16303,NONE,NO_CLICK
16304,NONE,NO_CLICK
16305,NONE,NO_CLICK
16306,NONE,NO_CLICK
16307,NONE,NO_CLICK
16308,NONE,NO_CLICK
16309,NONE,NO_CLICK
16310,NONE,NO_CLICK
16311,NONE,NO_CLICK
16312,NONE,NO_CLICK
16313,NONE,NO_CLICK
16314,NONE,NO_CLICK
16315,NONE,NO_CLICK
16316,NONE,NO_CLICK
16317,NONE,NO_CLICK
16318,NONE,NO_CLICK
16319,NONE,NO_CLICK
16320,NONE,NO_CLICK
16321,NONE,NO_CLICK
16322,D1,D1_CLICK
16323,D1,D1_CLICK
16324,D1,D1_CLICK
16325,D1,D1_CLICK
16326,D1,D1_CLICK
16327,D1,D1_CLICK
16328,D1,D1_CLICK
16329,D1,D1_CLICK
16330,D1,D1_CLICK
16331,D1,D1_CLICK
16332,D1,D1_CLICK
16333,D1,D1_CLICK
16334,D1,D1_CLICK
16335,D1,D1_CLICK
16336,D1,D1_CLICK
16337,D1,D1_CLICK
16338,D1,D1_CLICK
16339,D1,D1_CLICK
16340,D1,D1_CLICK
16341,D1,D1_CLICK
16342,D1,D1_CLICK
16343,D1,D1_CLICK
16344,D1,D1_CLICK
16345,D1,D1_CLICK
16346,D1,D1_CLICK
16347,D1,D1_CLICK
16348,D1,D1_CLICK
16349,D1,D1_CLICK
16350,D1,D1_CLICK
16351,D1,D1_CLICK
16352,D1,D1_CLICK
16353,D1,D1_CLICK
16354,D1,D1_CLICK
16355,D1,D1_CLICK
16356,D1,D1_CLICK
16357,D1,D1_CLICK
16358,D1,D1_CLICK
16359,D1,D1_CLICK
16360,NONE,NO_CLICK
16361,NONE,NO_CLICK
16362,NONE,NO_CLICK
16363,NONE,NO_CLICK
16364,NONE,NO_CLICK
16365,NONE,NO_CLICK
16366,NONE,NO_CLICK
16367,NONE,NO_CLICK
16368,NONE,NO_CLICK
16369,NONE,NO_CLICK
16370,NONE,NO_CLICK
16371,NONE,NO_CLICK
16372,NONE,NO_CLICK
16373,NONE,NO_CLICK
16374,NONE,NO_CLICK
16375,NONE,NO_CLICK
16376,NONE,NO_CLICK
16377,NONE,NO_CLICK
16378,NONE,NO_CLICK
16379,NONE,NO_CLICK
16380,NONE,NO_CLICK
16381,NONE,NO_CLICK
16382,NONE,NO_CLICK
16383,NONE,NO_CLICK
16384,NONE,NO_CLICK
16385,NONE,NO_CLICK
16386,D2,D2_CLICK
16387,D2,D2_CLICK
16388,D2,D2_CLICK
16389,D2,D2_CLICK
16390,D2,D2_CLICK
16391,D2,D2_CLICK
16392,D2,D2_CLICK
16393,D2,D2_CLICK
16394,D2,D2_CLICK
16395,D2,D2_CLICK
16396,D2,D2_CLICK
16397,D2,D2_CLICK
16398,D2,D2_CLICK
16399,D2,D2_CLICK
16400,D2,D2_CLICK
16401,D2,D2_CLICK
16402,D2,D2_CLICK
16403,D2,D2_CLICK
16404,D2,D2_CLICK
16405,D2,D2_CLICK
16406,D2,D2_CLICK
16407,D2,D2_CLICK
16408,D2,D2_CLICK
16409,D2,D2_CLICK
16410,D2,D2_CLICK
16411,D2,D2_CLICK
16412,D2,D2_CLICK
16413,D2,D2_CLICK
16414,D2,D2_CLICK
16415,D2,D2_CLICK
16416,D2,D2_CLICK
16417,D2,D2_CLICK
16418,D2,D2_CLICK
16419,D2,D2_CLICK
16420,D2,D2_CLICK
16421,D2,D2_CLICK
16422,D2,D2_CLICK
16423,D2,D2_CLICK
16424,NONE,NO_CLICK
16425,NONE,NO_CLICK
16426,NONE,NO_CLICK
16427,NONE,NO_CLICK
16428,NONE,NO_CLICK
16429,NONE,NO_CLICK
16430,NONE,NO_CLICK
16431,NONE,NO_CLICK
16432,NONE,NO_CLICK
16433,NONE,NO_CLICK
16434,NONE,NO_CLICK
16435,NONE,NO_CLICK
16436,NONE,NO_CLICK
16437,NONE,NO_CLICK
16438,NONE,NO_CLICK
16439,NONE,NO_CLICK
16440,NONE,NO_CLICK
16441,NONE,NO_CLICK
16442,NONE,NO_CLICK
16443,NONE,NO_CLICK
16444,NONE,NO_CLICK
16445,NONE,NO_CLICK
16446,NONE,NO_CLICK
16447,NONE,NO_CLICK
16448,NONE,NO_CLICK
16449,NONE,NO_CLICK
16450,NONE,NO_CLICK
16451,NONE,NO_CLICK
16452,NONE,NO_CLICK
16453,NONE,NO_CLICK
16454,NONE,NO_CLICK
16455,NONE,NO_CLICK
16456,NONE,NO_CLICK
16457,NONE,NO_CLICK
16458,NONE,NO_CLICK
16459,NONE,NO_CLICK
16460,NONE,NO_CLICK
16461,NONE,NO_CLICK
16462,NONE,NO_CLICK
16463,NONE,NO_CLICK
16464,NONE,NO_CLICK
16465,NONE,NO_CLICK
16466,NONE,NO_CLICK
16467,NONE,NO_CLICK
16468,NONE,NO_CLICK
16469,NONE,NO_CLICK
16470,NONE,NO_CLICK
16471,NONE,NO_CLICK
16472,NONE,NO_CLICK
16473,NONE,NO_CLICK
16474,NONE,NO_CLICK
16475,NONE,NO_CLICK
16476,NONE,NO_CLICK
16477,NONE,NO_CLICK
16478,NONE,NO_CLICK
16479,NONE,NO_CLICK
16480,NONE,NO_CLICK
16481,NONE,NO_CLICK
16482,NONE,NO_CLICK
16483,NONE,NO_CLICK
16484,NONE,NO_CLICK
16485,NONE,NO_CLICK
16486,NONE,NO_CLICK
16487,NONE,NO_CLICK
16488,NONE,NO_CLICK
16489,NONE,NO_CLICK
16490,NONE,NO_CLICK
16491,NONE,NO_CLICK
16492,NONE,NO_CLICK
16493,NONE,NO_CLICK
16494,NONE,NO_CLICK
16495,NONE,NO_CLICK
16496,NONE,NO_CLICK
16497,NONE,NO_CLICK
16498,NONE,NO_CLICK
16499,NONE,NO_CLICK
16500,NONE,NO_CLICK
16501,NONE,NO_CLICK
16502,NONE,NO_CLICK
16503,NONE,NO_CLICK
16504,NONE,NO_CLICK
16505,NONE,NO_CLICK
16506,NONE,NO_CLICK
16507,NONE,NO_CLICK
16508,NONE,NO_CLICK
16509,NONE,NO_CLICK
16510,NONE,NO_CLICK
16511,NONE,NO_CLICK
16512,NONE,NO_CLICK
16513,NONE,NO_CLICK
16514,NONE,NO_CLICK
16515,NONE,NO_CLICK
16516,NONE,NO_CLICK
16517,NONE,NO_CLICK
16518,NONE,NO_CLICK
16519,NONE,NO_CLICK
16520,NONE,NO_CLICK
16521,NONE,NO_CLICK
16522,NONE,NO_CLICK
16523,NONE,NO_CLICK
16524,NONE,NO_CLICK
16525,NONE,NO_CLICK
16526,NONE,NO_CLICK
16527,NONE,NO_CLICK
16528,NONE,NO_CLICK
16529,NONE,NO_CLICK
16530,NONE,NO_CLICK
16531,NONE,NO_CLICK
16532,NONE,NO_CLICK
16533,NONE,NO_CLICK
16534,NONE,NO_CLICK
16535,NONE,NO_CLICK
16536,NONE,NO_CLICK
16537,NONE,NO_CLICK
16538,NONE,NO_CLICK
16539,NONE,NO_CLICK
16540,NONE,NO_CLICK
16541,NONE,NO_CLICK
16542,NONE,NO_CLICK
16543,NONE,NO_CLICK
16544,NONE,NO_CLICK
16545,NONE,NO_CLICK
16546,NONE,NO_CLICK
16547,NONE,NO_CLICK
16548,NONE,NO_CLICK
16549,NONE,NO_CLICK
16550,NONE,NO_CLICK
16551,NONE,NO_CLICK
16552,NONE,NO_CLICK
16553,NONE,NO_CLICK
16554,NONE,NO_CLICK
16555,NONE,NO_CLICK
16556,NONE,NO_CLICK
16557,NONE,NO_CLICK
16558,NONE,NO_CLICK
16559,NONE,NO_CLICK
16560,NONE,NO_CLICK
16561,NONE,NO_CLICK
16562,NONE,NO_CLICK
16563,NONE,NO_CLICK
16564,NONE,NO_CLICK
16565,NONE,NO_CLICK
16566,NONE,NO_CLICK
16567,NONE,NO_CLICK
16568,NONE,NO_CLICK
16569,NONE,NO_CLICK
16570,NONE,NO_CLICK
16571,NONE,NO_CLICK
16572,NONE,NO_CLICK
16573,NONE,NO_CLICK
16574,NONE,NO_CLICK
16575,NONE,NO_CLICK
16576,NONE,NO_CLICK
16577,NONE,NO_CLICK
16578,NONE,NO_CLICK
16579,NONE,NO_CLICK
16580,NONE,NO_CLICK
16581,NONE,NO_CLICK
16582,NONE,NO_CLICK
16583,NONE,NO_CLICK
16584,NONE,NO_CLICK
16585,NONE,NO_CLICK
16586,NONE,NO_CLICK
16587,NONE,NO_CLICK
16588,NONE,NO_CLICK
16589,NONE,NO_CLICK
16590,NONE,NO_CLICK
16591,NONE,NO_CLICK
16592,NONE,NO_CLICK
16593,NONE,NO_CLICK
16594,NONE,NO_CLICK
16595,NONE,NO_CLICK
16596,NONE,NO_CLICK
16597,NONE,NO_CLICK
16598,NONE,NO_CLICK
16599,NONE,NO_CLICK
16600,NONE,NO_CLICK
16601,NONE,NO_CLICK
16602,NONE,NO_CLICK
16603,NONE,NO_CLICK
16604,NONE,NO_CLICK
16605,NONE,NO_CLICK
16606,NONE,NO_CLICK
16607,NONE,NO_CLICK
16608,NONE,NO_CLICK
16609,NONE,NO_CLICK
16610,NONE,NO_CLICK
16611,NONE,NO_CLICK
16612,NONE,NO_CLICK
16613,NONE,NO_CLICK
16614,NONE,NO_CLICK
16615,NONE,NO_CLICK
16616,NONE,NO_CLICK
16617,NONE,NO_CLICK
16618,NONE,NO_CLICK
16619,NONE,NO_CLICK
16620,NONE,NO_CLICK
16621,NONE,NO_CLICK
16622,NONE,NO_CLICK
16623,NONE,NO_CLICK
16624,NONE,NO_CLICK
16625,NONE,NO_CLICK
16626,NONE,NO_CLICK
16627,NONE,NO_CLICK
16628,NONE,NO_CLICK
16629,NONE,NO_CLICK
16630,NONE,NO_CLICK
16631,NONE,NO_CLICK
16632,NONE,NO_CLICK
16633,NONE,NO_CLICK
16634,NONE,NO_CLICK
16635,NONE,NO_CLICK
16636,NONE,NO_CLICK
16637,NONE,NO_CLICK
16638,NONE,NO_CLICK
16639,NONE,NO_CLICK
16640,NONE,NO_CLICK
16641,NONE,NO_CLICK
16642,NONE,NO_CLICK
16643,NONE,NO_CLICK
16644,NONE,NO_CLICK
16645,NONE,NO_CLICK
16646,NONE,NO_CLICK
16647,NONE,NO_CLICK
16648,NONE,NO_CLICK
16649,NONE,NO_CLICK
16650,NONE,NO_CLICK
16651,NONE,NO_CLICK
16652,NONE,NO_CLICK
16653,NONE,NO_CLICK
16654,NONE,NO_CLICK
16655,NONE,NO_CLICK
16656,NONE,NO_CLICK
16657,NONE,NO_CLICK
16658,NONE,NO_CLICK
16659,NONE,NO_CLICK
16660,NONE,NO_CLICK
16661,NONE,NO_CLICK
16662,NONE,NO_CLICK
16663,NONE,NO_CLICK
16664,NONE,NO_CLICK
16665,NONE,NO_CLICK
16666,NONE,NO_CLICK
16667,NONE,NO_CLICK
16668,NONE,NO_CLICK
16669,NONE,NO_CLICK
16670,NONE,NO_CLICK
16671,NONE,NO_CLICK
16672,NONE,NO_CLICK
16673,NONE,NO_CLICK
16674,NONE,NO_CLICK
16675,NONE,NO_CLICK
16676,NONE,NO_CLICK
16677,NONE,NO_CLICK
16678,NONE,NO_CLICK
16679,NONE,NO_CLICK
16680,NONE,NO_CLICK
16681,NONE,NO_CLICK
16682,NONE,NO_CLICK
16683,NONE,NO_CLICK
16684,NONE,NO_CLICK
16685,NONE,NO_CLICK
16686,NONE,NO_CLICK
16687,NONE,NO_CLICK
16688,NONE,NO_CLICK
16689,NONE,NO_CLICK
16690,NONE,NO_CLICK
16691,NONE,NO_CLICK
16692,NONE,NO_CLICK
16693,NONE,NO_CLICK
16694,NONE,NO_CLICK
16695,NONE,NO_CLICK
16696,NONE,NO_CLICK
16697,NONE,NO_CLICK
16698,NONE,NO_CLICK
16699,NONE,NO_CLICK
16700,NONE,NO_CLICK
16701,NONE,NO_CLICK
16702,NONE,NO_CLICK
16703,NONE,NO_CLICK
16704,NONE,NO_CLICK
16705,NONE,NO_CLICK
16706,D1,D1_CLICK
16707,D1,D1_CLICK
16708,D1,D1_CLICK
16709,D1,D1_CLICK
16710,D1,D1_CLICK
16711,D1,D1_CLICK
16712,D1,D1_CLICK
16713,D1,D1_CLICK
16714,D1,D1_CLICK
16715,D1,D1_CLICK
16716,D1,D1_CLICK
16717,D1,D1_CLICK
16718,D1,D1_CLICK
16719,D1,D1_CLICK
16720,D1,D1_CLICK
16721,D1,D1_CLICK
16722,D1,D1_CLICK
16723,D1,D1_CLICK
16724,D1,D1_CLICK
16725,D1,D1_CLICK
16726,D1,D1_CLICK
16727,D1,D1_CLICK
16728,D1,D1_CLICK
16729,D1,D1_CLICK
16730,D1,D1_CLICK
16731,D1,D1_CLICK
16732,D1,D1_CLICK
16733,D1,D1_CLICK
16734,D1,D1_CLICK
16735,D1,D1_CLICK
16736,D1,D1_CLICK
16737,D1,D1_CLICK
16738,D1,D1_CLICK
16739,D1,D1_CLICK
16740,D1,D1_CLICK
16741,D1,D1_CLICK
16742,D1,D1_CLICK
16743,D1,D1_CLICK
16744,NONE,NO_CLICK
16745,NONE,NO_CLICK
16746,NONE,NO_CLICK
16747,NONE,NO_CLICK
16748,NONE,NO_CLICK
16749,NONE,NO_CLICK
16750,NONE,NO_CLICK
16751,NONE,NO_CLICK
16752,NONE,NO_CLICK
16753,NONE,NO_CLICK
16754,NONE,NO_CLICK
16755,NONE,NO_CLICK
16756,NONE,NO_CLICK
16757,NONE,NO_CLICK
16758,NONE,NO_CLICK
16759,NONE,NO_CLICK
16760,NONE,NO_CLICK
16761,NONE,NO_CLICK
16762,NONE,NO_CLICK
16763,NONE,NO_CLICK
16764,NONE,NO_CLICK
16765,NONE,NO_CLICK
16766,NONE,NO_CLICK
16767,NONE,NO_CLICK
16768,NONE,NO_CLICK
16769,NONE,NO_CLICK
16770,D2,D2_CLICK
16771,D2,D2_CLICK
16772,D2,D2_CLICK
16773,D2,D2_CLICK
16774,D2,D2_CLICK
16775,D2,D2_CLICK
16776,D2,D2_CLICK
16777,D2,D2_CLICK
16778,D2,D2_CLICK
16779,D2,D2_CLICK
16780,D2,D2_CLICK
16781,D2,D2_CLICK
16782,D2,D2_CLICK
16783,D2,D2_CLICK
16784,D2,D2_CLICK
16785,D2,D2_CLICK
16786,D2,D2_CLICK
16787,D2,D2_CLICK
16788,D2,D2_CLICK
16789,D2,D2_CLICK
16790,D2,D2_CLICK
16791,D2,D2_CLICK
16792,D2,D2_CLICK
16793,D2,D2_CLICK
16794,D2,D2_CLICK
16795,D2,D2_CLICK
16796,D2,D2_CLICK
16797,D2,D2_CLICK
16798,D2,D2_CLICK
16799,D2,D2_CLICK
16800,D2,D2_CLICK
16801,D2,D2_CLICK
16802,D2,D2_CLICK
16803,D2,D2_CLICK
16804,D2,D2_CLICK
16805,D2,D2_CLICK
16806,D2,D2_CLICK
16807,D2,D2_CLICK
16808,NONE,NO_CLICK
16809,NONE,NO_CLICK
16810,NONE,NO_CLICK
16811,NONE,NO_CLICK
16812,NONE,NO_CLICK
16813,NONE,NO_CLICK
16814,NONE,NO_CLICK
16815,NONE,NO_CLICK
16816,NONE,NO_CLICK
16817,NONE,NO_CLICK
16818,NONE,NO_CLICK
16819,NONE,NO_CLICK
16820,NONE,NO_CLICK
16821,NONE,NO_CLICK
16822,NONE,NO_CLICK
16823,NONE,NO_CLICK
16824,NONE,NO_CLICK
16825,NONE,NO_CLICK
16826,NONE,NO_CLICK
16827,NONE,NO_CLICK
16828,NONE,NO_CLICK
16829,NONE,NO_CLICK
16830,NONE,NO_CLICK
16831,NONE,NO_CLICK
16832,NONE,NO_CLICK
16833,NONE,NO_CLICK
16834,NONE,NO_CLICK
16835,NONE,NO_CLICK
16836,NONE,NO_CLICK
16837,NONE,NO_CLICK
16838,NONE,NO_CLICK
16839,NONE,NO_CLICK
16840,NONE,NO_CLICK
16841,NONE,NO_CLICK
16842,NONE,NO_CLICK
16843,NONE,NO_CLICK
16844,NONE,NO_CLICK
16845,NONE,NO_CLICK
16846,NONE,NO_CLICK
16847,NONE,NO_CLICK
16848,NONE,NO_CLICK
16849,NONE,NO_CLICK
16850,NONE,NO_CLICK
16851,NONE,NO_CLICK
16852,NONE,NO_CLICK
16853,NONE,NO_CLICK
16854,NONE,NO_CLICK
16855,NONE,NO_CLICK
16856,NONE,NO_CLICK
16857,NONE,NO_CLICK
16858,NONE,NO_CLICK
16859,NONE,NO_CLICK
16860,NONE,NO_CLICK
16861,NONE,NO_CLICK
16862,NONE,NO_CLICK
16863,NONE,NO_CLICK
16864,NONE,NO_CLICK
16865,NONE,NO_CLICK
16866,NONE,NO_CLICK
16867,NONE,NO_CLICK
16868,NONE,NO_CLICK
16869,NONE,NO_CLICK
16870,NONE,NO_CLICK
16871,NONE,NO_CLICK
16872,NONE,NO_CLICK
16873,NONE,NO_CLICK
16874,NONE,NO_CLICK
16875,NONE,NO_CLICK
16876,NONE,NO_CLICK
16877,NONE,NO_CLICK
16878,NONE,NO_CLICK
16879,NONE,NO_CLICK
16880,NONE,NO_CLICK
16881,NONE,NO_CLICK
16882,NONE,NO_CLICK
16883,NONE,NO_CLICK
16884,NONE,NO_CLICK
16885,NONE,NO_CLICK
16886,NONE,NO_CLICK
16887,NONE,NO_CLICK
16888,NONE,NO_CLICK
16889,NONE,NO_CLICK
16890,NONE,NO_CLICK
16891,NONE,NO_CLICK
16892,NONE,NO_CLICK
16893,NONE,NO_CLICK
16894,NONE,NO_CLICK
16895,NONE,NO_CLICK
16896,NONE,NO_CLICK
16897,NONE,NO_CLICK
16898,NONE,NO_CLICK
16899,NONE,NO_CLICK
16900,NONE,NO_CLICK
16901,NONE,NO_CLICK
16902,NONE,NO_CLICK
16903,NONE,NO_CLICK
16904,NONE,NO_CLICK
16905,NONE,NO_CLICK
16906,NONE,NO_CLICK
16907,NONE,NO_CLICK
16908,NONE,NO_CLICK
16909,NONE,NO_CLICK
16910,NONE,NO_CLICK
16911,NONE,NO_CLICK
16912,NONE,NO_CLICK
16913,NONE,NO_CLICK
16914,NONE,NO_CLICK
16915,NONE,NO_CLICK
16916,NONE,NO_CLICK
16917,NONE,NO_CLICK
16918,NONE,NO_CLICK
16919,NONE,NO_CLICK
16920,NONE,NO_CLICK
16921,NONE,NO_CLICK
16922,NONE,NO_CLICK
16923,NONE,NO_CLICK
16924,NONE,NO_CLICK
16925,NONE,NO_CLICK
16926,NONE,NO_CLICK
16927,NONE,NO_CLICK
16928,NONE,NO_CLICK
16929,NONE,NO_CLICK
16930,NONE,NO_CLICK
16931,NONE,NO_CLICK
16932,NONE,NO_CLICK
16933,NONE,NO_CLICK
16934,NONE,NO_CLICK
16935,NONE,NO_CLICK
16936,NONE,NO_CLICK
16937,NONE,NO_CLICK
16938,NONE,NO_CLICK
16939,NONE,NO_CLICK
16940,NONE,NO_CLICK
16941,NONE,NO_CLICK
16942,NONE,NO_CLICK
16943,NONE,NO_CLICK
16944,NONE,NO_CLICK
16945,NONE,NO_CLICK
16946,NONE,NO_CLICK
16947,NONE,NO_CLICK
16948,NONE,NO_CLICK
16949,NONE,NO_CLICK
16950,NONE,NO_CLICK
16951,NONE,NO_CLICK
16952,NONE,NO_CLICK
16953,NONE,NO_CLICK
16954,NONE,NO_CLICK
16955,NONE,NO_CLICK
16956,NONE,NO_CLICK
16957,NONE,NO_CLICK
16958,NONE,NO_CLICK
16959,NONE,NO_CLICK
16960,NONE,NO_CLICK
16961,NONE,NO_CLICK
16962,NONE,NO_CLICK
16963,NONE,NO_CLICK
16964,NONE,NO_CLICK
16965,NONE,NO_CLICK
16966,NONE,NO_CLICK
16967,NONE,NO_CLICK
16968,NONE,NO_CLICK
16969,NONE,NO_CLICK
16970,NONE,NO_CLICK
16971,NONE,NO_CLICK
16972,NONE,NO_CLICK
16973,NONE,NO_CLICK
16974,NONE,NO_CLICK
16975,NONE,NO_CLICK
16976,NONE,NO_CLICK
16977,NONE,NO_CLICK
16978,NONE,NO_CLICK
16979,NONE,NO_CLICK
16980,NONE,NO_CLICK
16981,NONE,NO_CLICK
16982,NONE,NO_CLICK
16983,NONE,NO_CLICK
16984,NONE,NO_CLICK
16985,NONE,NO_CLICK
16986,NONE,NO_CLICK
16987,NONE,NO_CLICK
16988,NONE,NO_CLICK
16989,NONE,NO_CLICK
16990,NONE,NO_CLICK
16991,NONE,NO_CLICK
16992,NONE,NO_CLICK
16993,NONE,NO_CLICK
16994,NONE,NO_CLICK
16995,NONE,NO_CLICK
16996,NONE,NO_CLICK
16997,NONE,NO_CLICK
16998,NONE,NO_CLICK
16999,NONE,NO_CLICK
17000,NONE,NO_CLICK
17001,NONE,NO_CLICK
17002,NONE,NO_CLICK
17003,NONE,NO_CLICK
17004,NONE,NO_CLICK
17005,NONE,NO_CLICK
17006,NONE,NO_CLICK
17007,NONE,NO_CLICK
17008,NONE,NO_CLICK
17009,NONE,NO_CLICK
17010,NONE,NO_CLICK
17011,NONE,NO_CLICK
17012,NONE,NO_CLICK
17013,NONE,NO_CLICK
17014,NONE,NO_CLICK
17015,NONE,NO_CLICK
17016,NONE,NO_CLICK
17017,NONE,NO_CLICK
17018,NONE,NO_CLICK
17019,NONE,NO_CLICK
17020,NONE,NO_CLICK
17021,NONE,NO_CLICK
17022,NONE,NO_CLICK
17023,NONE,NO_CLICK
17024,NONE,NO_CLICK
17025,NONE,NO_CLICK
17026,D2,D2_CLICK
17027,D2,D2_CLICK
17028,D2,D2_CLICK
17029,D2,D2_CLICK
17030,D2,D2_CLICK
17031,D2,D2_CLICK
17032,D2,D2_CLICK
17033,D2,D2_CLICK
17034,D2,D2_CLICK
17035,D2,D2_CLICK
17036,D2,D2_CLICK
17037,D2,D2_CLICK
17038,D2,D2_CLICK
17039,D2,D2_CLICK
17040,D2,D2_CLICK
17041,D2,D2_CLICK
17042,D2,D2_CLICK
17043,D2,D2_CLICK
17044,D2,D2_CLICK
17045,D2,D2_CLICK
17046,D2,D2_CLICK
17047,D2,D2_CLICK
17048,D2,D2_CLICK
17049,D2,D2_CLICK
17050,D2,D2_CLICK
17051,D2,D2_CLICK
17052,D2,D2_CLICK
17053,D2,D2_CLICK
17054,D2,D2_CLICK
17055,D2,D2_CLICK
17056,D2,D2_CLICK
17057,D2,D2_CLICK
17058,BOTH,DOUBLE_CLICK
17059,BOTH,DOUBLE_CLICK
17060,BOTH,DOUBLE_CLICK
17061,BOTH,DOUBLE_CLICK
17062,BOTH,DOUBLE_CLICK
17063,BOTH,DOUBLE_CLICK
17064,D1,D1_CLICK
17065,D1,D1_CLICK
17066,D1,D1_CLICK
17067,D1,D1_CLICK
17068,D1,D1_CLICK
17069,D1,D1_CLICK
17070,D1,D1_CLICK
17071,D1,D1_CLICK
17072,D1,D1_CLICK
17073,D1,D1_CLICK
17074,D1,D1_CLICK
17075,D1,D1_CLICK
17076,D1,D1_CLICK
17077,D1,D1_CLICK
17078,D1,D1_CLICK
17079,D1,D1_CLICK
17080,D1,D1_CLICK
17081,D1,D1_CLICK
17082,D1,D1_CLICK
17083,D1,D1_CLICK
17084,D1,D1_CLICK
17085,D1,D1_CLICK
17086,D1,D1_CLICK
17087,D1,D1_CLICK
17088,D1,D1_CLICK
17089,D1,D1_CLICK
17090,D1,D1_CLICK
17091,D1,D1_CLICK
17092,D1,D1_CLICK
17093,D1,D1_CLICK
17094,D1,D1_CLICK
17095,D1,D1_CLICK
17096,NONE,NO_CLICK
17097,NONE,NO_CLICK
17098,NONE,NO_CLICK
17099,NONE,NO_CLICK
17100,NONE,NO_CLICK
17101,NONE,NO_CLICK
17102,NONE,NO_CLICK
17103,NONE,NO_CLICK
17104,NONE,NO_CLICK
17105,NONE,NO_CLICK
17106,NONE,NO_CLICK
17107,NONE,NO_CLICK
17108,NONE,NO_CLICK
17109,NONE,NO_CLICK
17110,NONE,NO_CLICK
17111,NONE,NO_CLICK
17112,NONE,NO_CLICK
17113,NONE,NO_CLICK
17114,NONE,NO_CLICK
17115,NONE,NO_CLICK
17116,NONE,NO_CLICK
17117,NONE,NO_CLICK
17118,NONE,NO_CLICK
17119,NONE,NO_CLICK
17120,NONE,NO_CLICK
17121,NONE,NO_CLICK
17122,NONE,NO_CLICK
17123,NONE,NO_CLICK
17124,NONE,NO_CLICK
17125,NONE,NO_CLICK
17126,NONE,NO_CLICK
17127,NONE,NO_CLICK
17128,NONE,NO_CLICK
17129,NONE,NO_CLICK
17130,NONE,NO_CLICK
17131,NONE,NO_CLICK
17132,NONE,NO_CLICK
17133,NONE,NO_CLICK
17134,NONE,NO_CLICK
17135,NONE,NO_CLICK
17136,NONE,NO_CLICK
17137,NONE,NO_CLICK
17138,NONE,NO_CLICK
17139,NONE,NO_CLICK
17140,NONE,NO_CLICK
17141,NONE,NO_CLICK
17142,NONE,NO_CLICK
17143,NONE,NO_CLICK
17144,NONE,NO_CLICK
17145,NONE,NO_CLICK
17146,NONE,NO_CLICK
17147,NONE,NO_CLICK
17148,NONE,NO_CLICK
17149,NONE,NO_CLICK
17150,NONE,NO_CLICK
17151,NONE,NO_CLICK
17152,NONE,NO_CLICK
17153,NONE,NO_CLICK
17154,D2,D2_CLICK
17155,D2,D2_CLICK
17156,D2,D2_CLICK
17157,D2,D2_CLICK
17158,D2,D2_CLICK
17159,D2,D2_CLICK
17160,D2,D2_CLICK
17161,D2,D2_CLICK
17162,D2,D2_CLICK
17163,D2,D2_CLICK
17164,D2,D2_CLICK
17165,D2,D2_CLICK
17166,D2,D2_CLICK
17167,D2,D2_CLICK
17168,D2,D2_CLICK
17169,D2,D2_CLICK
17170,D2,D2_CLICK
17171,D2,D2_CLICK
17172,D2,D2_CLICK
17173,D2,D2_CLICK
17174,D2,D2_CLICK
17175,D2,D2_CLICK
17176,D2,D2_CLICK
17177,D2,D2_CLICK
17178,D2,D2_CLICK
17179,D2,D2_CLICK
17180,D2,D2_CLICK
17181,D2,D2_CLICK
17182,D2,D2_CLICK
17183,D2,D2_CLICK
17184,D2,D2_CLICK
17185,D2,D2_CLICK
17186,D2,D2_CLICK
17187,D2,D2_CLICK
17188,D2,D2_CLICK
17189,D2,D2_CLICK
17190,D2,D2_CLICK
17191,D2,D2_CLICK
17192,NONE,NO_CLICK
17193,NONE,NO_CLICK
17194,NONE,NO_CLICK
17195,NONE,NO_CLICK
17196,NONE,NO_CLICK
17197,NONE,NO_CLICK
17198,NONE,NO_CLICK
17199,NONE,NO_CLICK
17200,NONE,NO_CLICK
17201,NONE,NO_CLICK
17202,NONE,NO_CLICK
17203,NONE,NO_CLICK
17204,NONE,NO_CLICK
17205,NONE,NO_CLICK
17206,NONE,NO_CLICK
17207,NONE,NO_CLICK
17208,NONE,NO_CLICK
17209,NONE,NO_CLICK
17210,NONE,NO_CLICK
17211,NONE,NO_CLICK
17212,NONE,NO_CLICK
17213,NONE,NO_CLICK
17214,NONE,NO_CLICK
17215,NONE,NO_CLICK
17216,NONE,NO_CLICK
17217,NONE,NO_CLICK
17218,NONE,NO_CLICK
17219,NONE,NO_CLICK
17220,NONE,NO_CLICK
17221,NONE,NO_CLICK
17222,NONE,NO_CLICK
17223,NONE,NO_CLICK
17224,NONE,NO_CLICK
17225,NONE,NO_CLICK
17226,NONE,NO_CLICK
17227,NONE,NO_CLICK
17228,NONE,NO_CLICK
17229,NONE,NO_CLICK
17230,NONE,NO_CLICK
17231,NONE,NO_CLICK
17232,NONE,NO_CLICK
17233,NONE,NO_CLICK
17234,NONE,NO_CLICK
17235,NONE,NO_CLICK
17236,NONE,NO_CLICK
17237,NONE,NO_CLICK
17238,NONE,NO_CLICK
17239,NONE,NO_CLICK
17240,NONE,NO_CLICK
17241,NONE,NO_CLICK
17242,NONE,NO_CLICK
17243,NONE,NO_CLICK
17244,NONE,NO_CLICK
17245,NONE,NO_CLICK
17246,NONE,NO_CLICK
17247,NONE,NO_CLICK
17248,NONE,NO_CLICK
17249,NONE,NO_CLICK
17250,NONE,NO_CLICK
17251,NONE,NO_CLICK
17252,NONE,NO_CLICK
17253,NONE,NO_CLICK
17254,NONE,NO_CLICK
17255,NONE,NO_CLICK
17256,NONE,NO_CLICK
17257,NONE,NO_CLICK
17258,NONE,NO_CLICK
17259,NONE,NO_CLICK
17260,NONE,NO_CLICK
17261,NONE,NO_CLICK
17262,NONE,NO_CLICK
17263,NONE,NO_CLICK
17264,NONE,NO_CLICK
17265,NONE,NO_CLICK
17266,NONE,NO_CLICK
17267,NONE,NO_CLICK
17268,NONE,NO_CLICK
17269,NONE,NO_CLICK
17270,NONE,NO_CLICK
17271,NONE,NO_CLICK
17272,NONE,NO_CLICK
17273,NONE,NO_CLICK
17274,NONE,NO_CLICK
17275,NONE,NO_CLICK
17276,NONE,NO_CLICK
17277,NONE,NO_CLICK
17278,NONE,NO_CLICK
17279,NONE,NO_CLICK
17280,NONE,NO_CLICK
17281,NONE,NO_CLICK
17282,NONE,NO_CLICK
17283,NONE,NO_CLICK
17284,NONE,NO_CLICK
17285,NONE,NO_CLICK
17286,NONE,NO_CLICK
17287,NONE,NO_CLICK
17288,NONE,NO_CLICK
17289,NONE,NO_CLICK
17290,NONE,NO_CLICK
17291,NONE,NO_CLICK
17292,NONE,NO_CLICK
17293,NONE,NO_CLICK
17294,NONE,NO_CLICK
17295,NONE,NO_CLICK
17296,NONE,NO_CLICK
17297,NONE,NO_CLICK
17298,NONE,NO_CLICK
17299,NONE,NO_CLICK
17300,NONE,NO_CLICK
17301,NONE,NO_CLICK
17302,NONE,NO_CLICK
17303,NONE,NO_CLICK
17304,NONE,NO_CLICK
17305,NONE,NO_CLICK
17306,NONE,NO_CLICK
17307,NONE,NO_CLICK
17308,NONE,NO_CLICK
17309,NONE,NO_CLICK
17310,NONE,NO_CLICK
17311,NONE,NO_CLICK
17312,NONE,NO_CLICK
17313,NONE,NO_CLICK
17314,NONE,NO_CLICK
17315,NONE,NO_CLICK
17316,NONE,NO_CLICK
17317,NONE,NO_CLICK
17318,NONE,NO_CLICK
17319,NONE,NO_CLICK
17320,NONE,NO_CLICK
17321,NONE,NO_CLICK
17322,NONE,NO_CLICK
17323,NONE,NO_CLICK
17324,NONE,NO_CLICK
17325,NONE,NO_CLICK
17326,NONE,NO_CLICK
17327,NONE,NO_CLICK
17328,NONE,NO_CLICK
17329,NONE,NO_CLICK
17330,NONE,NO_CLICK
17331,NONE,NO_CLICK
17332,NONE,NO_CLICK
17333,NONE,NO_CLICK
17334,NONE,NO_CLICK
17335,NONE,NO_CLICK
17336,NONE,NO_CLICK
17337,NONE,NO_CLICK
17338,NONE,NO_CLICK
17339,NONE,NO_CLICK
17340,NONE,NO_CLICK
17341,NONE,NO_CLICK
17342,NONE,NO_CLICK
17343,NONE,NO_CLICK
17344,NONE,NO_CLICK
17345,NONE,NO_CLICK
17346,NONE,NO_CLICK
17347,NONE,NO_CLICK
17348,NONE,NO_CLICK
17349,NONE,NO_CLICK
17350,NONE,NO_CLICK
17351,NONE,NO_CLICK
17352,NONE,NO_CLICK
17353,NONE,NO_CLICK
17354,NONE,NO_CLICK
17355,NONE,NO_CLICK
17356,NONE,NO_CLICK
17357,NONE,NO_CLICK
17358,NONE,NO_CLICK
17359,NONE,NO_CLICK
17360,NONE,NO_CLICK
17361,NONE,NO_CLICK
17362,NONE,NO_CLICK
17363,NONE,NO_CLICK
17364,NONE,NO_CLICK
17365,NONE,NO_CLICK
17366,NONE,NO_CLICK
17367,NONE,NO_CLICK
17368,NONE,NO_CLICK
17369,NONE,NO_CLICK
17370,NONE,NO_CLICK
17371,NONE,NO_CLICK
17372,NONE,NO_CLICK
17373,NONE,NO_CLICK
17374,NONE,NO_CLICK
17375,NONE,NO_CLICK
17376,NONE,NO_CLICK
17377,NONE,NO_CLICK
17378,NONE,NO_CLICK
17379,NONE,NO_CLICK
17380,NONE,NO_CLICK
17381,NONE,NO_CLICK
17382,NONE,NO_CLICK
17383,NONE,NO_CLICK
17384,NONE,NO_CLICK
17385,NONE,NO_CLICK
17386,NONE,NO_CLICK
17387,NONE,NO_CLICK
17388,NONE,NO_CLICK
17389,NONE,NO_CLICK
17390,NONE,NO_CLICK
17391,NONE,NO_CLICK
17392,NONE,NO_CLICK
17393,NONE,NO_CLICK
17394,NONE,NO_CLICK
17395,NONE,NO_CLICK
17396,NONE,NO_CLICK
17397,NONE,NO_CLICK
17398,NONE,NO_CLICK
17399,NONE,NO_CLICK
17400,NONE,NO_CLICK
17401,NONE,NO_CLICK
17402,NONE,NO_CLICK
17403,NONE,NO_CLICK
17404,NONE,NO_CLICK
17405,NONE,NO_CLICK
17406,NONE,NO_CLICK
17407,NONE,NO_CLICK
17408,NONE,NO_CLICK
17409,NONE,NO_CLICK
17410,D1,D1_CLICK
17411,D1,D1_CLICK
17412,D1,D1_CLICK
17413,D1,D1_CLICK
17414,D1,D1_CLICK
17415,D1,D1_CLICK
17416,D1,D1_CLICK
17417,D1,D1_CLICK
17418,D1,D1_CLICK
17419,D1,D1_CLICK
17420,D1,D1_CLICK
17421,D1,D1_CLICK
17422,D1,D1_CLICK
17423,D1,D1_CLICK
17424,D1,D1_CLICK
17425,D1,D1_CLICK
17426,D1,D1_CLICK
17427,D1,D1_CLICK
17428,D1,D1_CLICK
17429,D1,D1_CLICK
17430,D1,D1_CLICK
17431,D1,D1_CLICK
17432,D1,D1_CLICK
17433,D1,D1_CLICK
17434,D1,D1_CLICK
17435,D1,D1_CLICK
17436,D1,D1_CLICK
17437,D1,D1_CLICK
17438,D1,D1_CLICK
17439,D1,D1_CLICK
17440,D1,D1_CLICK
17441,D1,D1_CLICK
17442,D1,D1_CLICK
17443,D1,D1_CLICK
17444,D1,D1_CLICK
17445,D1,D1_CLICK
17446,D1,D1_CLICK
17447,D1,D1_CLICK
17448,NONE,NO_CLICK
17449,NONE,NO_CLICK
17450,NONE,NO_CLICK
17451,NONE,NO_CLICK
17452,NONE,NO_CLICK
17453,NONE,NO_CLICK
17454,NONE,NO_CLICK
17455,NONE,NO_CLICK
17456,NONE,NO_CLICK
17457,NONE,NO_CLICK
17458,NONE,NO_CLICK
17459,NONE,NO_CLICK
17460,NONE,NO_CLICK
17461,NONE,NO_CLICK
17462,NONE,NO_CLICK
17463,NONE,NO_CLICK
17464,NONE,NO_CLICK
17465,NONE,NO_CLICK
17466,NONE,NO_CLICK
17467,NONE,NO_CLICK
17468,NONE,NO_CLICK
17469,NONE,NO_CLICK
17470,NONE,NO_CLICK
17471,NONE,NO_CLICK
17472,NONE,NO_CLICK
17473,NONE,NO_CLICK
17474,BOTH,DOUBLE_CLICK
17475,BOTH,DOUBLE_CLICK
17476,BOTH,DOUBLE_CLICK
17477,BOTH,DOUBLE_CLICK
17478,BOTH,DOUBLE_CLICK
17479,BOTH,DOUBLE_CLICK
17480,BOTH,DOUBLE_CLICK
17481,BOTH,DOUBLE_CLICK
17482,BOTH,DOUBLE_CLICK
17483,BOTH,DOUBLE_CLICK
17484,BOTH,DOUBLE_CLICK
17485,BOTH,DOUBLE_CLICK
17486,BOTH,DOUBLE_CLICK
17487,BOTH,DOUBLE_CLICK
17488,BOTH,DOUBLE_CLICK
17489,BOTH,DOUBLE_CLICK
17490,BOTH,DOUBLE_CLICK
17491,BOTH,DOUBLE_CLICK
17492,BOTH,DOUBLE_CLICK
17493,BOTH,DOUBLE_CLICK
17494,BOTH,DOUBLE_CLICK
17495,BOTH,DOUBLE_CLICK
17496,BOTH,DOUBLE_CLICK
17497,BOTH,DOUBLE_CLICK
17498,BOTH,DOUBLE_CLICK
17499,BOTH,DOUBLE_CLICK
17500,BOTH,DOUBLE_CLICK
17501,BOTH,DOUBLE_CLICK
17502,BOTH,DOUBLE_CLICK
17503,BOTH,DOUBLE_CLICK
17504,BOTH,DOUBLE_CLICK
17505,BOTH,DOUBLE_CLICK
17506,BOTH,DOUBLE_CLICK
17507,BOTH,DOUBLE_CLICK
17508,BOTH,DOUBLE_CLICK
17509,BOTH,DOUBLE_CLICK
17510,BOTH,DOUBLE_CLICK
17511,BOTH,DOUBLE_CLICK
17512,NONE,NO_CLICK
17513,NONE,NO_CLICK
17514,NONE,NO_CLICK
17515,NONE,NO_CLICK
17516,NONE,NO_CLICK
17517,NONE,NO_CLICK
17518,NONE,NO_CLICK
17519,NONE,NO_CLICK
17520,NONE,NO_CLICK
17521,NONE,NO_CLICK
17522,NONE,NO_CLICK
17523,NONE,NO_CLICK
17524,NONE,NO_CLICK
17525,NONE,NO_CLICK
17526,NONE,NO_CLICK
17527,NONE,NO_CLICK
17528,NONE,NO_CLICK
17529,NONE,NO_CLICK
17530,NONE,NO_CLICK
17531,NONE,NO_CLICK
17532,NONE,NO_CLICK
17533,NONE,NO_CLICK
17534,NONE,NO_CLICK
17535,NONE,NO_CLICK
17536,NONE,NO_CLICK
17537,NONE,NO_CLICK
17538,NONE,NO_CLICK
17539,NONE,NO_CLICK
17540,NONE,NO_CLICK
17541,NONE,NO_CLICK
17542,NONE,NO_CLICK
17543,NONE,NO_CLICK
17544,NONE,NO_CLICK
17545,NONE,NO_CLICK
17546,NONE,NO_CLICK
17547,NONE,NO_CLICK
17548,NONE,NO_CLICK
17549,NONE,NO_CLICK
17550,NONE,NO_CLICK
17551,NONE,NO_CLICK
17552,NONE,NO_CLICK
17553,NONE,NO_CLICK
17554,NONE,NO_CLICK
17555,NONE,NO_CLICK
17556,NONE,NO_CLICK
17557,NONE,NO_CLICK
17558,NONE,NO_CLICK
17559,NONE,NO_CLICK
17560,NONE,NO_CLICK
17561,NONE,NO_CLICK
17562,NONE,NO_CLICK
17563,NONE,NO_CLICK
17564,NONE,NO_CLICK
17565,NONE,NO_CLICK
17566,NONE,NO_CLICK
17567,NONE,NO_CLICK
17568,NONE,NO_CLICK
17569,NONE,NO_CLICK
17570,NONE,NO_CLICK
17571,NONE,NO_CLICK
17572,NONE,NO_CLICK
17573,NONE,NO_CLICK
17574,NONE,NO_CLICK
17575,NONE,NO_CLICK
17576,NONE,NO_CLICK
17577,NONE,NO_CLICK
17578,NONE,NO_CLICK
17579,NONE,NO_CLICK
17580,NONE,NO_CLICK
17581,NONE,NO_CLICK
17582,NONE,NO_CLICK
17583,NONE,NO_CLICK
17584,NONE,NO_CLICK
17585,NONE,NO_CLICK
17586,NONE,NO_CLICK
17587,NONE,NO_CLICK
17588,NONE,NO_CLICK
17589,NONE,NO_CLICK
17590,NONE,NO_CLICK
17591,NONE,NO_CLICK
17592,NONE,NO_CLICK
17593,NONE,NO_CLICK
17594,NONE,NO_CLICK
17595,NONE,NO_CLICK
17596,NONE,NO_CLICK
17597,NONE,NO_CLICK
17598,NONE,NO_CLICK
17599,NONE,NO_CLICK
17600,NONE,NO_CLICK
17601,NONE,NO_CLICK
17602,NONE,NO_CLICK
17603,NONE,NO_CLICK
17604,NONE,NO_CLICK
17605,NONE,NO_CLICK
17606,NONE,NO_CLICK
17607,NONE,NO_CLICK
17608,NONE,NO_CLICK
17609,NONE,NO_CLICK
17610,NONE,NO_CLICK
17611,NONE,NO_CLICK
17612,NONE,NO_CLICK
17613,NONE,NO_CLICK
17614,NONE,NO_CLICK
17615,NONE,NO_CLICK
17616,NONE,NO_CLICK
17617,NONE,NO_CLICK
17618,NONE,NO_CLICK
17619,NONE,NO_CLICK
17620,NONE,NO_CLICK
17621,NONE,NO_CLICK
17622,NONE,NO_CLICK
17623,NONE,NO_CLICK
17624,NONE,NO_CLICK
17625,NONE,NO_CLICK
17626,NONE,NO_CLICK
17627,NONE,NO_CLICK
17628,NONE,NO_CLICK
17629,NONE,NO_CLICK
17630,NONE,NO_CLICK
17631,NONE,NO_CLICK
17632,NONE,NO_CLICK
17633,NONE,NO_CLICK
17634,NONE,NO_CLICK
17635,NONE,NO_CLICK
17636,NONE,NO_CLICK
17637,NONE,NO_CLICK
17638,NONE,NO_CLICK
17639,NONE,NO_CLICK
17640,NONE,NO_CLICK
17641,NONE,NO_CLICK
17642,NONE,NO_CLICK
17643,NONE,NO_CLICK
17644,NONE,NO_CLICK
17645,NONE,NO_CLICK
17646,NONE,NO_CLICK
17647,NONE,NO_CLICK
17648,NONE,NO_CLICK
17649,NONE,NO_CLICK
17650,NONE,NO_CLICK
17651,NONE,NO_CLICK
17652,NONE,NO_CLICK
17653,NONE,NO_CLICK
17654,NONE,NO_CLICK
17655,NONE,NO_CLICK
17656,NONE,NO_CLICK
17657,NONE,NO_CLICK
17658,NONE,NO_CLICK
17659,NONE,NO_CLICK
17660,NONE,NO_CLICK
17661,NONE,NO_CLICK
17662,NONE,NO_CLICK
17663,NONE,NO_CLICK
17664,NONE,NO_CLICK
17665,NONE,NO_CLICK
17666,NONE,NO_CLICK
17667,NONE,NO_CLICK
17668,NONE,NO_CLICK
17669,NONE,NO_CLICK
17670,NONE,NO_CLICK
17671,NONE,NO_CLICK
17672,NONE,NO_CLICK
17673,NONE,NO_CLICK
17674,NONE,NO_CLICK
17675,NONE,NO_CLICK
17676,NONE,NO_CLICK
17677,NONE,NO_CLICK
17678,NONE,NO_CLICK
17679,NONE,NO_CLICK
17680,NONE,NO_CLICK
17681,NONE,NO_CLICK
17682,NONE,NO_CLICK
17683,NONE,NO_CLICK
17684,NONE,NO_CLICK
17685,NONE,NO_CLICK
17686,NONE,NO_CLICK
17687,NONE,NO_CLICK
17688,NONE,NO_CLICK
17689,NONE,NO_CLICK
17690,NONE,NO_CLICK
17691,NONE,NO_CLICK
17692,NONE,NO_CLICK
17693,NONE,NO_CLICK
17694,NONE,NO_CLICK
17695,NONE,NO_CLICK
17696,NONE,NO_CLICK
17697,NONE,NO_CLICK
17698,NONE,NO_CLICK
17699,NONE,NO_CLICK
17700,NONE,NO_CLICK
17701,NONE,NO_CLICK
17702,NONE,NO_CLICK
17703,NONE,NO_CLICK
17704,NONE,NO_CLICK
17705,NONE,NO_CLICK
17706,NONE,NO_CLICK
17707,NONE,NO_CLICK
17708,NONE,NO_CLICK
17709,NONE,NO_CLICK
17710,NONE,NO_CLICK
17711,NONE,NO_CLICK
17712,NONE,NO_CLICK
17713,NONE,NO_CLICK
17714,NONE,NO_CLICK
17715,NONE,NO_CLICK
17716,NONE,NO_CLICK
17717,NONE,NO_CLICK
17718,NONE,NO_CLICK
17719,NONE,NO_CLICK
17720,NONE,NO_CLICK
17721,NONE,NO_CLICK
17722,NONE,NO_CLICK
17723,NONE,NO_CLICK
17724,NONE,NO_CLICK
17725,NONE,NO_CLICK
17726,NONE,NO_CLICK
17727,NONE,NO_CLICK
17728,NONE,NO_CLICK
17729,NONE,NO_CLICK
17730,NONE,NO_CLICK
17731,NONE,NO_CLICK
17732,NONE,NO_CLICK
17733,NONE,NO_CLICK
17734,NONE,NO_CLICK
17735,NONE,NO_CLICK
17736,NONE,NO_CLICK
17737,NONE,NO_CLICK
17738,NONE,NO_CLICK
17739,NONE,NO_CLICK
17740,NONE,NO_CLICK
17741,NONE,NO_CLICK
17742,NONE,NO_CLICK
17743,NONE,NO_CLICK
17744,NONE,NO_CLICK
17745,NONE,NO_CLICK
17746,NONE,NO_CLICK
17747,NONE,NO_CLICK
17748,NONE,NO_CLICK
17749,NONE,NO_CLICK
17750,NONE,NO_CLICK
17751,NONE,NO_CLICK
17752,NONE,NO_CLICK
17753,NONE,NO_CLICK
17754,NONE,NO_CLICK
17755,NONE,NO_CLICK
17756,NONE,NO_CLICK
17757,NONE,NO_CLICK
17758,NONE,NO_CLICK
17759,NONE,NO_CLICK
17760,NONE,NO_CLICK
17761,NONE,NO_CLICK
17762,NONE,NO_CLICK
17763,NONE,NO_CLICK
17764,NONE,NO_CLICK
17765,NONE,NO_CLICK
17766,NONE,NO_CLICK
17767,NONE,NO_CLICK
17768,NONE,NO_CLICK
17769,NONE,NO_CLICK
17770,NONE,NO_CLICK
17771,NONE,NO_CLICK
17772,NONE,NO_CLICK
17773,NONE,NO_CLICK
17774,NONE,NO_CLICK
17775,NONE,NO_CLICK
17776,NONE,NO_CLICK
17777,NONE,NO_CLICK
17778,NONE,NO_CLICK
17779,NONE,NO_CLICK
17780,NONE,NO_CLICK
17781,NONE,NO_CLICK
17782,NONE,NO_CLICK
17783,NONE,NO_CLICK
17784,NONE,NO_CLICK
17785,NONE,NO_CLICK
17786,NONE,NO_CLICK
17787,NONE,NO_CLICK
17788,NONE,NO_CLICK
17789,NONE,NO_CLICK
17790,NONE,NO_CLICK
17791,NONE,NO_CLICK
17792,NONE,NO_CLICK
17793,NONE,NO_CLICK
17794,NONE,NO_CLICK
17795,NONE,NO_CLICK
17796,NONE,NO_CLICK
17797,NONE,NO_CLICK
17798,NONE,NO_CLICK
17799,NONE,NO_CLICK
17800,NONE,NO_CLICK
17801,NONE,NO_CLICK
17802,NONE,NO_CLICK
17803,NONE,NO_CLICK
17804,NONE,NO_CLICK
17805,NONE,NO_CLICK
17806,NONE,NO_CLICK
17807,NONE,NO_CLICK
17808,NONE,NO_CLICK
17809,NONE,NO_CLICK
17810,NONE,NO_CLICK
17811,NONE,NO_CLICK
17812,NONE,NO_CLICK
17813,NONE,NO_CLICK
17814,NONE,NO_CLICK
17815,NONE,NO_CLICK
17816,NONE,NO_CLICK
17817,NONE,NO_CLICK
17818,NONE,NO_CLICK
17819,NONE,NO_CLICK
17820,NONE,NO_CLICK
17821,NONE,NO_CLICK
17822,NONE,NO_CLICK
17823,NONE,NO_CLICK
17824,NONE,NO_CLICK
17825,NONE,NO_CLICK
17826,NONE,NO_CLICK
17827,NONE,NO_CLICK
17828,NONE,NO_CLICK
17829,NONE,NO_CLICK
17830,NONE,NO_CLICK
17831,NONE,NO_CLICK
17832,NONE,NO_CLICK
17833,NONE,NO_CLICK
17834,NONE,NO_CLICK
17835,NONE,NO_CLICK
17836,NONE,NO_CLICK
17837,NONE,NO_CLICK
17838,NONE,NO_CLICK
17839,NONE,NO_CLICK
17840,NONE,NO_CLICK
17841,NONE,NO_CLICK
17842,NONE,NO_CLICK
17843,NONE,NO_CLICK
17844,NONE,NO_CLICK
17845,NONE,NO_CLICK
17846,NONE,NO_CLICK
17847,NONE,NO_CLICK
17848,NONE,NO_CLICK
17849,NONE,NO_CLICK
17850,NONE,NO_CLICK
17851,NONE,NO_CLICK
17852,NONE,NO_CLICK
17853,NONE,NO_CLICK
17854,NONE,NO_CLICK
17855,NONE,NO_CLICK
17856,NONE,NO_CLICK
17857,NONE,NO_CLICK
17858,D2,D2_CLICK
17859,D2,D2_CLICK
17860,D2,D2_CLICK
17861,D2,D2_CLICK
17862,D2,D2_CLICK
17863,D2,D2_CLICK
17864,D2,D2_CLICK
17865,D2,D2_CLICK
17866,D2,D2_CLICK
17867,D2,D2_CLICK
17868,D2,D2_CLICK
17869,D2,D2_CLICK
17870,D2,D2_CLICK
17871,D2,D2_CLICK
17872,D2,D2_CLICK
17873,D2,D2_CLICK
17874,D2,D2_CLICK
17875,D2,D2_CLICK
17876,D2,D2_CLICK
17877,D2,D2_CLICK
17878,D2,D2_CLICK
17879,D2,D2_CLICK
17880,D2,D2_CLICK
17881,D2,D2_CLICK
17882,D2,D2_CLICK
17883,D2,D2_CLICK
17884,D2,D2_CLICK
17885,D2,D2_CLICK
17886,D2,D2_CLICK
17887,D2,D2_CLICK
17888,D2,D2_CLICK
17889,D2,D2_CLICK
17890,BOTH,DOUBLE_CLICK
17891,BOTH,DOUBLE_CLICK
17892,BOTH,DOUBLE_CLICK
17893,BOTH,DOUBLE_CLICK
17894,BOTH,DOUBLE_CLICK
17895,BOTH,DOUBLE_CLICK
17896,D1,D1_CLICK
17897,D1,D1_CLICK
17898,D1,D1_CLICK
17899,D1,D1_CLICK
17900,D1,D1_CLICK
17901,D1,D1_CLICK
17902,D1,D1_CLICK
17903,D1,D1_CLICK
17904,D1,D1_CLICK
17905,D1,D1_CLICK
17906,D1,D1_CLICK
17907,D1,D1_CLICK
17908,D1,D1_CLICK
17909,D1,D1_CLICK
17910,D1,D1_CLICK
17911,D1,D1_CLICK
17912,D1,D1_CLICK
17913,D1,D1_CLICK
17914,D1,D1_CLICK
17915,D1,D1_CLICK
17916,D1,D1_CLICK
17917,D1,D1_CLICK
17918,D1,D1_CLICK
17919,D1,D1_CLICK
17920,D1,D1_CLICK
17921,D1,D1_CLICK
17922,D1,D1_CLICK
17923,D1,D1_CLICK
17924,D1,D1_CLICK
17925,D1,D1_CLICK
17926,D1,D1_CLICK
17927,D1,D1_CLICK
17928,NONE,NO_CLICK
17929,NONE,NO_CLICK
17930,NONE,NO_CLICK
17931,NONE,NO_CLICK
17932,NONE,NO_CLICK
17933,NONE,NO_CLICK
17934,NONE,NO_CLICK
17935,NONE,NO_CLICK
17936,NONE,NO_CLICK
17937,NONE,NO_CLICK
17938,NONE,NO_CLICK
17939,NONE,NO_CLICK
17940,NONE,NO_CLICK
17941,NONE,NO_CLICK
17942,NONE,NO_CLICK
17943,NONE,NO_CLICK
17944,NONE,NO_CLICK
17945,NONE,NO_CLICK
17946,NONE,NO_CLICK
17947,NONE,NO_CLICK
17948,NONE,NO_CLICK
17949,NONE,NO_CLICK
17950,NONE,NO_CLICK
17951,NONE,NO_CLICK
17952,NONE,NO_CLICK
17953,NONE,NO_CLICK
17954,NONE,NO_CLICK
17955,NONE,NO_CLICK
17956,NONE,NO_CLICK
17957,NONE,NO_CLICK
17958,NONE,NO_CLICK
17959,NONE,NO_CLICK
17960,NONE,NO_CLICK
17961,NONE,NO_CLICK
17962,NONE,NO_CLICK
17963,NONE,NO_CLICK
17964,NONE,NO_CLICK
17965,NONE,NO_CLICK
17966,NONE,NO_CLICK
17967,NONE,NO_CLICK
17968,NONE,NO_CLICK
17969,NONE,NO_CLICK
17970,NONE,NO_CLICK
17971,NONE,NO_CLICK
17972,NONE,NO_CLICK
17973,NONE,NO_CLICK
17974,NONE,NO_CLICK
17975,NONE,NO_CLICK
17976,NONE,NO_CLICK
17977,NONE,NO_CLICK
17978,NONE,NO_CLICK
17979,NONE,NO_CLICK
17980,NONE,NO_CLICK
17981,NONE,NO_CLICK
17982,NONE,NO_CLICK
17983,NONE,NO_CLICK
17984,NONE,NO_CLICK
17985,NONE,NO_CLICK
17986,NONE,NO_CLICK
17987,NONE,NO_CLICK
17988,NONE,NO_CLICK
17989,NONE,NO_CLICK
17990,NONE,NO_CLICK
17991,NONE,NO_CLICK
17992,NONE,NO_CLICK
17993,NONE,NO_CLICK
17994,NONE,NO_CLICK
17995,NONE,NO_CLICK
17996,NONE,NO_CLICK
17997,NONE,NO_CLICK
17998,NONE,NO_CLICK
17999,NONE,NO_CLICK
18000,NONE,NO_CLICK
18001,NONE,NO_CLICK
18002,NONE,NO_CLICK
18003,NONE,NO_CLICK
18004,NONE,NO_CLICK
18005,NONE,NO_CLICK
18006,NONE,NO_CLICK
18007,NONE,NO_CLICK
18008,NONE,NO_CLICK
18009,NONE,NO_CLICK
18010,NONE,NO_CLICK
18011,NONE,NO_CLICK
18012,NONE,NO_CLICK
18013,NONE,NO_CLICK
18014,NONE,NO_CLICK
18015,NONE,NO_CLICK
18016,NONE,NO_CLICK
18017,NONE,NO_CLICK
18018,NONE,NO_CLICK
18019,NONE,NO_CLICK
18020,NONE,NO_CLICK
18021,NONE,NO_CLICK
18022,NONE,NO_CLICK
18023,NONE,NO_CLICK
18024,NONE,NO_CLICK
18025,NONE,NO_CLICK
18026,NONE,NO_CLICK
18027,NONE,NO_CLICK
18028,NONE,NO_CLICK
18029,NONE,NO_CLICK
18030,NONE,NO_CLICK
18031,NONE,NO_CLICK
18032,NONE,NO_CLICK
18033,NONE,NO_CLICK
18034,NONE,NO_CLICK
18035,NONE,NO_CLICK
18036,NONE,NO_CLICK
18037,NONE,NO_CLICK
18038,NONE,NO_CLICK
18039,NONE,NO_CLICK
18040,NONE,NO_CLICK
18041,NONE,NO_CLICK
18042,NONE,NO_CLICK
18043,NONE,NO_CLICK
18044,NONE,NO_CLICK
18045,NONE,NO_CLICK
18046,NONE,NO_CLICK
18047,NONE,NO_CLICK
18048,NONE,NO_CLICK
18049,NONE,NO_CLICK
18050,NONE,NO_CLICK
18051,NONE,NO_CLICK
18052,NONE,NO_CLICK
18053,NONE,NO_CLICK
18054,NONE,NO_CLICK
18055,NONE,NO_CLICK
18056,NONE,NO_CLICK
18057,NONE,NO_CLICK
18058,NONE,NO_CLICK
18059,NONE,NO_CLICK
18060,NONE,NO_CLICK
18061,NONE,NO_CLICK
18062,NONE,NO_CLICK
18063,NONE,NO_CLICK
18064,NONE,NO_CLICK
18065,NONE,NO_CLICK
18066,NONE,NO_CLICK
18067,NONE,NO_CLICK
18068,NONE,NO_CLICK
18069,NONE,NO_CLICK
18070,NONE,NO_CLICK
18071,NONE,NO_CLICK
18072,NONE,NO_CLICK
18073,NONE,NO_CLICK
18074,NONE,NO_CLICK
18075,NONE,NO_CLICK
18076,NONE,NO_CLICK
18077,NONE,NO_CLICK
18078,NONE,NO_CLICK
18079,NONE,NO_CLICK
18080,NONE,NO_CLICK
18081,NONE,NO_CLICK
18082,NONE,NO_CLICK
18083,NONE,NO_CLICK
18084,NONE,NO_CLICK
18085,NONE,NO_CLICK
18086,NONE,NO_CLICK
18087,NONE,NO_CLICK
18088,NONE,NO_CLICK
18089,NONE,NO_CLICK
18090,NONE,NO_CLICK
18091,NONE,NO_CLICK
18092,NONE,NO_CLICK
18093,NONE,NO_CLICK
18094,NONE,NO_CLICK
18095,NONE,NO_CLICK
18096,NONE,NO_CLICK
18097,NONE,NO_CLICK
18098,NONE,NO_CLICK
18099,NONE,NO_CLICK
18100,NONE,NO_CLICK
18101,NONE,NO_CLICK
18102,NONE,NO_CLICK
18103,NONE,NO_CLICK
18104,NONE,NO_CLICK
18105,NONE,NO_CLICK
18106,NONE,NO_CLICK
18107,NONE,NO_CLICK
18108,NONE,NO_CLICK
18109,NONE,NO_CLICK
18110,NONE,NO_CLICK
18111,NONE,NO_CLICK
18112,NONE,NO_CLICK
18113,NONE,NO_CLICK
18114,NONE,NO_CLICK
18115,NONE,NO_CLICK
18116,NONE,NO_CLICK
18117,NONE,NO_CLICK
18118,NONE,NO_CLICK
18119,NONE,NO_CLICK
18120,NONE,NO_CLICK
18121,NONE,NO_CLICK
18122,NONE,NO_CLICK
18123,NONE,NO_CLICK
18124,NONE,NO_CLICK
18125,NONE,NO_CLICK
18126,NONE,NO_CLICK
18127,NONE,NO_CLICK
18128,NONE,NO_CLICK
18129,NONE,NO_CLICK
18130,NONE,NO_CLICK
18131,NONE,NO_CLICK
18132,NONE,NO_CLICK
18133,NONE,NO_CLICK
18134,NONE,NO_CLICK
18135,NONE,NO_CLICK
18136,NONE,NO_CLICK
18137,NONE,NO_CLICK
18138,NONE,NO_CLICK
18139,NONE,NO_CLICK
18140,NONE,NO_CLICK
18141,NONE,NO_CLICK
18142,NONE,NO_CLICK
18143,NONE,NO_CLICK
18144,NONE,NO_CLICK
18145,NONE,NO_CLICK
18146,NONE,NO_CLICK
18147,NONE,NO_CLICK
18148,NONE,NO_CLICK
18149,NONE,NO_CLICK
18150,NONE,NO_CLICK
18151,NONE,NO_CLICK
18152,NONE,NO_CLICK
18153,NONE,NO_CLICK
18154,NONE,NO_CLICK
18155,NONE,NO_CLICK
18156,NONE,NO_CLICK
18157,NONE,NO_CLICK
18158,NONE,NO_CLICK
18159,NONE,NO_CLICK
18160,NONE,NO_CLICK
18161,NONE,NO_CLICK
18162,NONE,NO_CLICK
18163,NONE,NO_CLICK
18164,NONE,NO_CLICK
18165,NONE,NO_CLICK
18166,NONE,NO_CLICK
18167,NONE,NO_CLICK
18168,NONE,NO_CLICK
18169,NONE,NO_CLICK
18170,NONE,NO_CLICK
18171,NONE,NO_CLICK
18172,NONE,NO_CLICK
18173,NONE,NO_CLICK
18174,NONE,NO_CLICK
18175,NONE,NO_CLICK
18176,NONE,NO_CLICK
18177,NONE,NO_CLICK
18178,NONE,NO_CLICK
18179,NONE,NO_CLICK
18180,NONE,NO_CLICK
18181,NONE,NO_CLICK
18182,NONE,NO_CLICK
18183,NONE,NO_CLICK
18184,NONE,NO_CLICK
18185,NONE,NO_CLICK
18186,NONE,NO_CLICK
18187,NONE,NO_CLICK
18188,NONE,NO_CLICK
18189,NONE,NO_CLICK
18190,NONE,NO_CLICK
18191,NONE,NO_CLICK
18192,NONE,NO_CLICK
18193,NONE,NO_CLICK
18194,NONE,NO_CLICK
18195,NONE,NO_CLICK
18196,NONE,NO_CLICK
18197,NONE,NO_CLICK
18198,NONE,NO_CLICK
18199,NONE,NO_CLICK
18200,NONE,NO_CLICK
18201,NONE,NO_CLICK
18202,NONE,NO_CLICK
18203,NONE,NO_CLICK
18204,NONE,NO_CLICK
18205,NONE,NO_CLICK
18206,NONE,NO_CLICK
18207,NONE,NO_CLICK
18208,NONE,NO_CLICK
18209,NONE,NO_CLICK
18210,D2,D2_CLICK
18211,D2,D2_CLICK
18212,D2,D2_CLICK
18213,D2,D2_CLICK
18214,D2,D2_CLICK
18215,D2,D2_CLICK
18216,D2,D2_CLICK
18217,D2,D2_CLICK
18218,D2,D2_CLICK
18219,D2,D2_CLICK
18220,D2,D2_CLICK
18221,D2,D2_CLICK
18222,D2,D2_CLICK
18223,D2,D2_CLICK
18224,D2,D2_CLICK
18225,D2,D2_CLICK
18226,D2,D2_CLICK
18227,D2,D2_CLICK
18228,D2,D2_CLICK
18229,D2,D2_CLICK
18230,D2,D2_CLICK
18231,D2,D2_CLICK
18232,D2,D2_CLICK
18233,D2,D2_CLICK
18234,D2,D2_CLICK
18235,D2,D2_CLICK
18236,D2,D2_CLICK
18237,D2,D2_CLICK
18238,D2,D2_CLICK
18239,D2,D2_CLICK
18240,D2,D2_CLICK
18241,D2,D2_CLICK
18242,D2,D2_CLICK
18243,D2,D2_CLICK
18244,D2,D2_CLICK
18245,D2,D2_CLICK
18246,D2,D2_CLICK
18247,D2,D2_CLICK
18248,NONE,NO_CLICK
18249,NONE,NO_CLICK
18250,NONE,NO_CLICK
18251,NONE,NO_CLICK
18252,NONE,NO_CLICK
18253,NONE,NO_CLICK
18254,NONE,NO_CLICK
18255,NONE,NO_CLICK
18256,NONE,NO_CLICK
18257,NONE,NO_CLICK
18258,NONE,NO_CLICK
18259,NONE,NO_CLICK
18260,NONE,NO_CLICK
18261,NONE,NO_CLICK
18262,NONE,NO_CLICK
18263,NONE,NO_CLICK
18264,NONE,NO_CLICK
18265,NONE,NO_CLICK
18266,NONE,NO_CLICK
18267,NONE,NO_CLICK
18268,NONE,NO_CLICK
18269,NONE,NO_CLICK
18270,NONE,NO_CLICK
18271,NONE,NO_CLICK
18272,NONE,NO_CLICK
18273,NONE,NO_CLICK
18274,NONE,NO_CLICK
18275,NONE,NO_CLICK
18276,NONE,NO_CLICK
18277,NONE,NO_CLICK
18278,NONE,NO_CLICK
18279,NONE,NO_CLICK
18280,NONE,NO_CLICK
18281,NONE,NO_CLICK
18282,NONE,NO_CLICK
18283,NONE,NO_CLICK
18284,NONE,NO_CLICK
18285,NONE,NO_CLICK
18286,NONE,NO_CLICK
18287,NONE,NO_CLICK
18288,NONE,NO_CLICK
18289,NONE,NO_CLICK
18290,NONE,NO_CLICK
18291,NONE,NO_CLICK
18292,NONE,NO_CLICK
18293,NONE,NO_CLICK
18294,NONE,NO_CLICK
18295,NONE,NO_CLICK
18296,NONE,NO_CLICK
18297,NONE,NO_CLICK
18298,NONE,NO_CLICK
18299,NONE,NO_CLICK
18300,NONE,NO_CLICK
18301,NONE,NO_CLICK
18302,NONE,NO_CLICK
18303,NONE,NO_CLICK
18304,NONE,NO_CLICK
18305,NONE,NO_CLICK
18306,NONE,NO_CLICK
18307,NONE,NO_CLICK
18308,NONE,NO_CLICK
18309,NONE,NO_CLICK
18310,NONE,NO_CLICK
18311,NONE,NO_CLICK
18312,NONE,NO_CLICK
18313,NONE,NO_CLICK
18314,NONE,NO_CLICK
18315,NONE,NO_CLICK
18316,NONE,NO_CLICK
18317,NONE,NO_CLICK
18318,NONE,NO_CLICK
18319,NONE,NO_CLICK
18320,NONE,NO_CLICK
18321,NONE,NO_CLICK
18322,NONE,NO_CLICK
18323,NONE,NO_CLICK
18324,NONE,NO_CLICK
18325,NONE,NO_CLICK
18326,NONE,NO_CLICK
18327,NONE,NO_CLICK
18328,NONE,NO_CLICK
18329,NONE,NO_CLICK
18330,NONE,NO_CLICK
18331,NONE,NO_CLICK
18332,NONE,NO_CLICK
18333,NONE,NO_CLICK
18334,NONE,NO_CLICK
18335,NONE,NO_CLICK
18336,NONE,NO_CLICK
18337,NONE,NO_CLICK
18338,NONE,NO_CLICK
18339,NONE,NO_CLICK
18340,NONE,NO_CLICK
18341,NONE,NO_CLICK
18342,NONE,NO_CLICK
18343,NONE,NO_CLICK
18344,NONE,NO_CLICK
18345,NONE,NO_CLICK
18346,NONE,NO_CLICK
18347,NONE,NO_CLICK
18348,NONE,NO_CLICK
18349,NONE,NO_CLICK
18350,NONE,NO_CLICK
18351,NONE,NO_CLICK
18352,NONE,NO_CLICK
18353,NONE,NO_CLICK
18354,NONE,NO_CLICK
18355,NONE,NO_CLICK
18356,NONE,NO_CLICK
18357,NONE,NO_CLICK
18358,NONE,NO_CLICK
18359,NONE,NO_CLICK
18360,NONE,NO_CLICK
18361,NONE,NO_CLICK
18362,NONE,NO_CLICK
18363,NONE,NO_CLICK
18364,NONE,NO_CLICK
18365,NONE,NO_CLICK
18366,NONE,NO_CLICK
18367,NONE,NO_CLICK
18368,NONE,NO_CLICK
18369,NONE,NO_CLICK
18370,D1,D1_CLICK
18371,D1,D1_CLICK
18372,D1,D1_CLICK
18373,D1,D1_CLICK
18374,D1,D1_CLICK
18375,D1,D1_CLICK
18376,D1,D1_CLICK
18377,D1,D1_CLICK
18378,D1,D1_CLICK
18379,D1,D1_CLICK
18380,D1,D1_CLICK
18381,D1,D1_CLICK
18382,D1,D1_CLICK
18383,D1,D1_CLICK
18384,D1,D1_CLICK
18385,D1,D1_CLICK
18386,D1,D1_CLICK
18387,D1,D1_CLICK
18388,D1,D1_CLICK
18389,D1,D1_CLICK
18390,D1,D1_CLICK
18391,D1,D1_CLICK
18392,D1,D1_CLICK
18393,D1,D1_CLICK
18394,D1,D1_CLICK
18395,D1,D1_CLICK
18396,D1,D1_CLICK
18397,D1,D1_CLICK
18398,D1,D1_CLICK
18399,D1,D1_CLICK
18400,D1,D1_CLICK
18401,D1,D1_CLICK
18402,D1,D1_CLICK
18403,D1,D1_CLICK
18404,D1,D1_CLICK
18405,D1,D1_CLICK
18406,D1,D1_CLICK
18407,D1,D1_CLICK
18408,NONE,NO_CLICK
18409,NONE,NO_CLICK
18410,NONE,NO_CLICK
18411,NONE,NO_CLICK
18412,NONE,NO_CLICK
18413,NONE,NO_CLICK
18414,NONE,NO_CLICK
18415,NONE,NO_CLICK
18416,NONE,NO_CLICK
18417,NONE,NO_CLICK
18418,NONE,NO_CLICK
18419,NONE,NO_CLICK
18420,NONE,NO_CLICK
18421,NONE,NO_CLICK
18422,NONE,NO_CLICK
18423,NONE,NO_CLICK
18424,NONE,NO_CLICK
18425,NONE,NO_CLICK
18426,NONE,NO_CLICK
18427,NONE,NO_CLICK
18428,NONE,NO_CLICK
18429,NONE,NO_CLICK
18430,NONE,NO_CLICK
18431,NONE,NO_CLICK
18432,NONE,NO_CLICK
18433,NONE,NO_CLICK
18434,NONE,NO_CLICK
18435,NONE,NO_CLICK
18436,NONE,NO_CLICK
18437,NONE,NO_CLICK
18438,NONE,NO_CLICK
18439,NONE,NO_CLICK
18440,NONE,NO_CLICK
18441,NONE,NO_CLICK
18442,NONE,NO_CLICK
18443,NONE,NO_CLICK
18444,NONE,NO_CLICK
18445,NONE,NO_CLICK
18446,NONE,NO_CLICK
18447,NONE,NO_CLICK
18448,NONE,NO_CLICK
18449,NONE,NO_CLICK
18450,NONE,NO_CLICK
18451,NONE,NO_CLICK
18452,NONE,NO_CLICK
18453,NONE,NO_CLICK
18454,NONE,NO_CLICK
18455,NONE,NO_CLICK
18456,NONE,NO_CLICK
18457,NONE,NO_CLICK
18458,NONE,NO_CLICK
18459,NONE,NO_CLICK
18460,NONE,NO_CLICK
18461,NONE,NO_CLICK
18462,NONE,NO_CLICK
18463,NONE,NO_CLICK
18464,NONE,NO_CLICK
18465,NONE,NO_CLICK
18466,NONE,NO_CLICK
18467,NONE,NO_CLICK
18468,NONE,NO_CLICK
18469,NONE,NO_CLICK
18470,NONE,NO_CLICK
18471,NONE,NO_CLICK
18472,NONE,NO_CLICK
18473,NONE,NO_CLICK
18474,NONE,NO_CLICK
18475,NONE,NO_CLICK
18476,NONE,NO_CLICK
18477,NONE,NO_CLICK
18478,NONE,NO_CLICK
18479,NONE,NO_CLICK
18480,NONE,NO_CLICK
18481,NONE,NO_CLICK
18482,NONE,NO_CLICK
18483,NONE,NO_CLICK
18484,NONE,NO_CLICK
18485,NONE,NO_CLICK
18486,NONE,NO_CLICK
18487,NONE,NO_CLICK
18488,NONE,NO_CLICK
18489,NONE,NO_CLICK
18490,NONE,NO_CLICK
18491,NONE,NO_CLICK
18492,NONE,NO_CLICK
18493,NONE,NO_CLICK
18494,NONE,NO_CLICK
18495,NONE,NO_CLICK
18496,NONE,NO_CLICK
18497,NONE,NO_CLICK
18498,NONE,NO_CLICK
18499,NONE,NO_CLICK
18500,NONE,NO_CLICK
18501,NONE,NO_CLICK
18502,NONE,NO_CLICK
18503,NONE,NO_CLICK
18504,NONE,NO_CLICK
18505,NONE,NO_CLICK
18506,NONE,NO_CLICK
18507,NONE,NO_CLICK
18508,NONE,NO_CLICK
18509,NONE,NO_CLICK
18510,NONE,NO_CLICK
18511,NONE,NO_CLICK
18512,NONE,NO_CLICK
18513,NONE,NO_CLICK
18514,NONE,NO_CLICK
18515,NONE,NO_CLICK
18516,NONE,NO_CLICK
18517,NONE,NO_CLICK
18518,NONE,NO_CLICK
18519,NONE,NO_CLICK
18520,NONE,NO_CLICK
18521,NONE,NO_CLICK
18522,NONE,NO_CLICK
18523,NONE,NO_CLICK
18524,NONE,NO_CLICK
18525,NONE,NO_CLICK
18526,NONE,NO_CLICK
18527,NONE,NO_CLICK
18528,NONE,NO_CLICK
18529,NONE,NO_CLICK
18530,NONE,NO_CLICK
18531,NONE,NO_CLICK
18532,NONE,NO_CLICK
18533,NONE,NO_CLICK
18534,NONE,NO_CLICK
18535,NONE,NO_CLICK
18536,NONE,NO_CLICK
18537,NONE,NO_CLICK
18538,NONE,NO_CLICK
18539,NONE,NO_CLICK
18540,NONE,NO_CLICK
18541,NONE,NO_CLICK
18542,NONE,NO_CLICK
18543,NONE,NO_CLICK
18544,NONE,NO_CLICK
18545,NONE,NO_CLICK
18546,NONE,NO_CLICK
18547,NONE,NO_CLICK
18548,NONE,NO_CLICK
18549,NONE,NO_CLICK
18550,NONE,NO_CLICK
18551,NONE,NO_CLICK
18552,NONE,NO_CLICK
18553,NONE,NO_CLICK
18554,NONE,NO_CLICK
18555,NONE,NO_CLICK
18556,NONE,NO_CLICK
18557,NONE,NO_CLICK
18558,NONE,NO_CLICK
18559,NONE,NO_CLICK
18560,NONE,NO_CLICK
18561,NONE,NO_CLICK
18562,D2,D2_CLICK
18563,D2,D2_CLICK
18564,D2,D2_CLICK
18565,D2,D2_CLICK
18566,D2,D2_CLICK
18567,D2,D2_CLICK
18568,D2,D2_CLICK
18569,D2,D2_CLICK
18570,D2,D2_CLICK
18571,D2,D2_CLICK
18572,D2,D2_CLICK
18573,D2,D2_CLICK
18574,D2,D2_CLICK
18575,D2,D2_CLICK
18576,D2,D2_CLICK
18577,D2,D2_CLICK
18578,D2,D2_CLICK
18579,D2,D2_CLICK
18580,D2,D2_CLICK
18581,D2,D2_CLICK
18582,D2,D2_CLICK
18583,D2,D2_CLICK
18584,D2,D2_CLICK
18585,D2,D2_CLICK
18586,D2,D2_CLICK
18587,D2,D2_CLICK
18588,D2,D2_CLICK
18589,D2,D2_CLICK
18590,D2,D2_CLICK
18591,D2,D2_CLICK
18592,D2,D2_CLICK
18593,D2,D2_CLICK
18594,D2,D2_CLICK
18595,D2,D2_CLICK
18596,D2,D2_CLICK
18597,D2,D2_CLICK
18598,D2,D2_CLICK
18599,D2,D2_CLICK
18600,NONE,NO_CLICK
18601,NONE,NO_CLICK
18602,NONE,NO_CLICK
18603,NONE,NO_CLICK
18604,NONE,NO_CLICK
18605,NONE,NO_CLICK
18606,NONE,NO_CLICK
18607,NONE,NO_CLICK
18608,NONE,NO_CLICK
18609,NONE,NO_CLICK
18610,NONE,NO_CLICK
18611,NONE,NO_CLICK
18612,NONE,NO_CLICK
18613,NONE,NO_CLICK
18614,NONE,NO_CLICK
18615,NONE,NO_CLICK
18616,NONE,NO_CLICK
18617,NONE,NO_CLICK
18618,NONE,NO_CLICK
18619,NONE,NO_CLICK
18620,NONE,NO_CLICK
18621,NONE,NO_CLICK
18622,NONE,NO_CLICK
18623,NONE,NO_CLICK
18624,NONE,NO_CLICK
18625,NONE,NO_CLICK
18626,NONE,NO_CLICK
18627,NONE,NO_CLICK
18628,NONE,NO_CLICK
18629,NONE,NO_CLICK
18630,NONE,NO_CLICK
18631,NONE,NO_CLICK
18632,NONE,NO_CLICK
18633,NONE,NO_CLICK
18634,NONE,NO_CLICK
18635,NONE,NO_CLICK
18636,NONE,NO_CLICK
18637,NONE,NO_CLICK
18638,NONE,NO_CLICK
18639,NONE,NO_CLICK
18640,NONE,NO_CLICK
18641,NONE,NO_CLICK
18642,NONE,NO_CLICK
18643,NONE,NO_CLICK
18644,NONE,NO_CLICK
18645,NONE,NO_CLICK
18646,NONE,NO_CLICK
18647,NONE,NO_CLICK
18648,NONE,NO_CLICK
18649,NONE,NO_CLICK
18650,NONE,NO_CLICK
18651,NONE,NO_CLICK
18652,NONE,NO_CLICK
18653,NONE,NO_CLICK
18654,NONE,NO_CLICK
18655,NONE,NO_CLICK
18656,NONE,NO_CLICK
18657,NONE,NO_CLICK
18658,NONE,NO_CLICK
18659,NONE,NO_CLICK
18660,NONE,NO_CLICK
18661,NONE,NO_CLICK
18662,NONE,NO_CLICK
18663,NONE,NO_CLICK
18664,NONE,NO_CLICK
18665,NONE,NO_CLICK
18666,NONE,NO_CLICK
18667,NONE,NO_CLICK
18668,NONE,NO_CLICK
18669,NONE,NO_CLICK
18670,NONE,NO_CLICK
18671,NONE,NO_CLICK
18672,NONE,NO_CLICK
18673,NONE,NO_CLICK
18674,NONE,NO_CLICK
18675,NONE,NO_CLICK
18676,NONE,NO_CLICK
18677,NONE,NO_CLICK
18678,NONE,NO_CLICK
18679,NONE,NO_CLICK
18680,NONE,NO_CLICK
18681,NONE,NO_CLICK
18682,NONE,NO_CLICK
18683,NONE,NO_CLICK
18684,NONE,NO_CLICK
18685,NONE,NO_CLICK
18686,NONE,NO_CLICK
18687,NONE,NO_CLICK
18688,NONE,NO_CLICK
18689,NONE,NO_CLICK
18690,NONE,NO_CLICK
18691,NONE,NO_CLICK
18692,NONE,NO_CLICK
18693,NONE,NO_CLICK
18694,NONE,NO_CLICK
18695,NONE,NO_CLICK
18696,NONE,NO_CLICK
18697,NONE,NO_CLICK
18698,NONE,NO_CLICK
18699,NONE,NO_CLICK
18700,NONE,NO_CLICK
18701,NONE,NO_CLICK
18702,NONE,NO_CLICK
18703,NONE,NO_CLICK
18704,NONE,NO_CLICK
18705,NONE,NO_CLICK
18706,NONE,NO_CLICK
18707,NONE,NO_CLICK
18708,NONE,NO_CLICK
18709,NONE,NO_CLICK
18710,NONE,NO_CLICK
18711,NONE,NO_CLICK
18712,NONE,NO_CLICK
18713,NONE,NO_CLICK
18714,NONE,NO_CLICK
18715,NONE,NO_CLICK
18716,NONE,NO_CLICK
18717,NONE,NO_CLICK
18718,NONE,NO_CLICK
18719,NONE,NO_CLICK
18720,NONE,NO_CLICK
18721,NONE,NO_CLICK
18722,NONE,NO_CLICK
18723,NONE,NO_CLICK
18724,NONE,NO_CLICK
18725,NONE,NO_CLICK
18726,NONE,NO_CLICK
18727,NONE,NO_CLICK
18728,NONE,NO_CLICK
18729,NONE,NO_CLICK
18730,NONE,NO_CLICK
18731,NONE,NO_CLICK
18732,NONE,NO_CLICK
18733,NONE,NO_CLICK
18734,NONE,NO_CLICK
18735,NONE,NO_CLICK
18736,NONE,NO_CLICK
18737,NONE,NO_CLICK
18738,NONE,NO_CLICK
18739,NONE,NO_CLICK
18740,NONE,NO_CLICK
18741,NONE,NO_CLICK
18742,NONE,NO_CLICK
18743,NONE,NO_CLICK
18744,NONE,NO_CLICK
18745,NONE,NO_CLICK
18746,NONE,NO_CLICK
18747,NONE,NO_CLICK
18748,NONE,NO_CLICK
18749,NONE,NO_CLICK
18750,NONE,NO_CLICK
18751,NONE,NO_CLICK
18752,NONE,NO_CLICK
18753,NONE,NO_CLICK
18754,NONE,NO_CLICK
18755,NONE,NO_CLICK
18756,NONE,NO_CLICK
18757,NONE,NO_CLICK
18758,NONE,NO_CLICK
18759,NONE,NO_CLICK
18760,NONE,NO_CLICK
18761,NONE,NO_CLICK
18762,NONE,NO_CLICK
18763,NONE,NO_CLICK
18764,NONE,NO_CLICK
18765,NONE,NO_CLICK
18766,NONE,NO_CLICK
18767,NONE,NO_CLICK
18768,NONE,NO_CLICK
18769,NONE,NO_CLICK
18770,NONE,NO_CLICK
18771,NONE,NO_CLICK
18772,NONE,NO_CLICK
18773,NONE,NO_CLICK
18774,NONE,NO_CLICK
18775,NONE,NO_CLICK
18776,NONE,NO_CLICK
18777,NONE,NO_CLICK
18778,NONE,NO_CLICK
18779,NONE,NO_CLICK
18780,NONE,NO_CLICK
18781,NONE,NO_CLICK
18782,NONE,NO_CLICK
18783,NONE,NO_CLICK
18784,NONE,NO_CLICK
18785,NONE,NO_CLICK
18786,NONE,NO_CLICK
18787,NONE,NO_CLICK
18788,NONE,NO_CLICK
18789,NONE,NO_CLICK
18790,NONE,NO_CLICK
18791,NONE,NO_CLICK
18792,NONE,NO_CLICK
18793,NONE,NO_CLICK
18794,NONE,NO_CLICK
18795,NONE,NO_CLICK
18796,NONE,NO_CLICK
18797,NONE,NO_CLICK
18798,NONE,NO_CLICK
18799,NONE,NO_CLICK
18800,NONE,NO_CLICK
18801,NONE,NO_CLICK
18802,NONE,NO_CLICK
18803,NONE,NO_CLICK
18804,NONE,NO_CLICK
18805,NONE,NO_CLICK
18806,NONE,NO_CLICK
18807,NONE,NO_CLICK
18808,NONE,NO_CLICK
18809,NONE,NO_CLICK
18810,NONE,NO_CLICK
18811,NONE,NO_CLICK
18812,NONE,NO_CLICK
18813,NONE,NO_CLICK
18814,NONE,NO_CLICK
18815,NONE,NO_CLICK
18816,NONE,NO_CLICK
18817,NONE,NO_CLICK
18818,NONE,NO_CLICK
18819,NONE,NO_CLICK
18820,NONE,NO_CLICK
18821,NONE,NO_CLICK
18822,NONE,NO_CLICK
18823,NONE,NO_CLICK
18824,NONE,NO_CLICK
18825,NONE,NO_CLICK
18826,NONE,NO_CLICK
18827,NONE,NO_CLICK
18828,NONE,NO_CLICK
18829,NONE,NO_CLICK
18830,NONE,NO_CLICK
18831,NONE,NO_CLICK
18832,NONE,NO_CLICK
18833,NONE,NO_CLICK
18834,NONE,NO_CLICK
18835,NONE,NO_CLICK
18836,NONE,NO_CLICK
18837,NONE,NO_CLICK
18838,NONE,NO_CLICK
18839,NONE,NO_CLICK
18840,NONE,NO_CLICK
18841,NONE,NO_CLICK
18842,NONE,NO_CLICK
18843,NONE,NO_CLICK
18844,NONE,NO_CLICK
18845,NONE,NO_CLICK
18846,NONE,NO_CLICK
18847,NONE,NO_CLICK
18848,NONE,NO_CLICK
18849,NONE,NO_CLICK
18850,D1,D1_CLICK
18851,D1,D1_CLICK
18852,D1,D1_CLICK
18853,D1,D1_CLICK
18854,D1,D1_CLICK
18855,D1,D1_CLICK
18856,D1,D1_CLICK
18857,D1,D1_CLICK
18858,D1,D1_CLICK
18859,D1,D1_CLICK
18860,D1,D1_CLICK
18861,D1,D1_CLICK
18862,D1,D1_CLICK
18863,D1,D1_CLICK
18864,D1,D1_CLICK
18865,D1,D1_CLICK
18866,D1,D1_CLICK
18867,D1,D1_CLICK
18868,D1,D1_CLICK
18869,D1,D1_CLICK
18870,D1,D1_CLICK
18871,D1,D1_CLICK
18872,D1,D1_CLICK
18873,D1,D1_CLICK
18874,D1,D1_CLICK
18875,D1,D1_CLICK
18876,D1,D1_CLICK
18877,D1,D1_CLICK
18878,D1,D1_CLICK
18879,D1,D1_CLICK
18880,D1,D1_CLICK
18881,D1,D1_CLICK
18882,D1,D1_CLICK
18883,D1,D1_CLICK
18884,D1,D1_CLICK
18885,D1,D1_CLICK
18886,D1,D1_CLICK
18887,D1,D1_CLICK
18888,NONE,NO_CLICK
18889,NONE,NO_CLICK
18890,NONE,NO_CLICK
18891,NONE,NO_CLICK
18892,NONE,NO_CLICK
18893,NONE,NO_CLICK
18894,NONE,NO_CLICK
18895,NONE,NO_CLICK
18896,NONE,NO_CLICK
18897,NONE,NO_CLICK
18898,NONE,NO_CLICK
18899,NONE,NO_CLICK
18900,NONE,NO_CLICK
18901,NONE,NO_CLICK
18902,NONE,NO_CLICK
18903,NONE,NO_CLICK
18904,NONE,NO_CLICK
18905,NONE,NO_CLICK
18906,NONE,NO_CLICK
18907,NONE,NO_CLICK
18908,NONE,NO_CLICK
18909,NONE,NO_CLICK
18910,NONE,NO_CLICK
18911,NONE,NO_CLICK
18912,NONE,NO_CLICK
18913,NONE,NO_CLICK
18914,NONE,NO_CLICK
18915,NONE,NO_CLICK
18916,NONE,NO_CLICK
18917,NONE,NO_CLICK
18918,NONE,NO_CLICK
18919,NONE,NO_CLICK
18920,NONE,NO_CLICK
18921,NONE,NO_CLICK
18922,NONE,NO_CLICK
18923,NONE,NO_CLICK
18924,NONE,NO_CLICK
18925,NONE,NO_CLICK
18926,NONE,NO_CLICK
18927,NONE,NO_CLICK
18928,NONE,NO_CLICK
18929,NONE,NO_CLICK
18930,NONE,NO_CLICK
18931,NONE,NO_CLICK
18932,NONE,NO_CLICK
18933,NONE,NO_CLICK
18934,NONE,NO_CLICK
18935,NONE,NO_CLICK
18936,NONE,NO_CLICK
18937,NONE,NO_CLICK
18938,NONE,NO_CLICK
18939,NONE,NO_CLICK
18940,NONE,NO_CLICK
18941,NONE,NO_CLICK
18942,NONE,NO_CLICK
18943,NONE,NO_CLICK
18944,NONE,NO_CLICK
18945,NONE,NO_CLICK
18946,NONE,NO_CLICK
18947,NONE,NO_CLICK
18948,NONE,NO_CLICK
18949,NONE,NO_CLICK
18950,NONE,NO_CLICK
18951,NONE,NO_CLICK
18952,NONE,NO_CLICK
18953,NONE,NO_CLICK
18954,NONE,NO_CLICK
18955,NONE,NO_CLICK
18956,NONE,NO_CLICK
18957,NONE,NO_CLICK
18958,NONE,NO_CLICK
18959,NONE,NO_CLICK
18960,NONE,NO_CLICK
18961,NONE,NO_CLICK
18962,NONE,NO_CLICK
18963,NONE,NO_CLICK
18964,NONE,NO_CLICK
18965,NONE,NO_CLICK
18966,NONE,NO_CLICK
18967,NONE,NO_CLICK
18968,NONE,NO_CLICK
18969,NONE,NO_CLICK
18970,NONE,NO_CLICK
18971,NONE,NO_CLICK
18972,NONE,NO_CLICK
18973,NONE,NO_CLICK
18974,NONE,NO_CLICK
18975,NONE,NO_CLICK
18976,NONE,NO_CLICK
18977,NONE,NO_CLICK
18978,NONE,NO_CLICK
18979,NONE,NO_CLICK
18980,NONE,NO_CLICK
18981,NONE,NO_CLICK
18982,NONE,NO_CLICK
18983,NONE,NO_CLICK
18984,NONE,NO_CLICK
18985,NONE,NO_CLICK
18986,NONE,NO_CLICK
18987,NONE,NO_CLICK
18988,NONE,NO_CLICK
18989,NONE,NO_CLICK
18990,NONE,NO_CLICK
18991,NONE,NO_CLICK
18992,NONE,NO_CLICK
18993,NONE,NO_CLICK
18994,NONE,NO_CLICK
18995,NONE,NO_CLICK
18996,NONE,NO_CLICK
18997,NONE,NO_CLICK
18998,NONE,NO_CLICK
18999,NONE,NO_CLICK
19000,NONE,NO_CLICK
19001,NONE,NO_CLICK
19002,NONE,NO_CLICK
19003,NONE,NO_CLICK
19004,NONE,NO_CLICK
19005,NONE,NO_CLICK
19006,NONE,NO_CLICK
19007,NONE,NO_CLICK
19008,NONE,NO_CLICK
19009,NONE,NO_CLICK
19010,NONE,NO_CLICK
19011,NONE,NO_CLICK
19012,NONE,NO_CLICK
19013,NONE,NO_CLICK
19014,NONE,NO_CLICK
19015,NONE,NO_CLICK
19016,NONE,NO_CLICK
19017,NONE,NO_CLICK
19018,NONE,NO_CLICK
19019,NONE,NO_CLICK
19020,NONE,NO_CLICK
19021,NONE,NO_CLICK
19022,NONE,NO_CLICK
19023,NONE,NO_CLICK
19024,NONE,NO_CLICK
19025,NONE,NO_CLICK
19026,NONE,NO_CLICK
19027,NONE,NO_CLICK
19028,NONE,NO_CLICK
19029,NONE,NO_CLICK
19030,NONE,NO_CLICK
19031,NONE,NO_CLICK
19032,NONE,NO_CLICK
19033,NONE,NO_CLICK
19034,NONE,NO_CLICK
19035,NONE,NO_CLICK
19036,NONE,NO_CLICK
19037,NONE,NO_CLICK
19038,NONE,NO_CLICK
19039,NONE,NO_CLICK
19040,NONE,NO_CLICK
19041,NONE,NO_CLICK
19042,NONE,NO_CLICK
19043,NONE,NO_CLICK
19044,NONE,NO_CLICK
19045,NONE,NO_CLICK
19046,NONE,NO_CLICK
19047,NONE,NO_CLICK
19048,NONE,NO_CLICK
19049,NONE,NO_CLICK
19050,NONE,NO_CLICK
19051,NONE,NO_CLICK
19052,NONE,NO_CLICK
19053,NONE,NO_CLICK
19054,NONE,NO_CLICK
19055,NONE,NO_CLICK
19056,NONE,NO_CLICK
19057,NONE,NO_CLICK
19058,NONE,NO_CLICK
19059,NONE,NO_CLICK
19060,NONE,NO_CLICK
19061,NONE,NO_CLICK
19062,NONE,NO_CLICK
19063,NONE,NO_CLICK
19064,NONE,NO_CLICK
19065,NONE,NO_CLICK
19066,NONE,NO_CLICK
19067,NONE,NO_CLICK
19068,NONE,NO_CLICK
19069,NONE,NO_CLICK
19070,NONE,NO_CLICK
19071,NONE,NO_CLICK
19072,NONE,NO_CLICK
19073,NONE,NO_CLICK
19074,NONE,NO_CLICK
19075,NONE,NO_CLICK
19076,NONE,NO_CLICK
19077,NONE,NO_CLICK
19078,NONE,NO_CLICK
19079,NONE,NO_CLICK
19080,NONE,NO_CLICK
19081,NONE,NO_CLICK
19082,NONE,NO_CLICK
19083,NONE,NO_CLICK
19084,NONE,NO_CLICK
19085,NONE,NO_CLICK
19086,NONE,NO_CLICK
19087,NONE,NO_CLICK
19088,NONE,NO_CLICK
19089,NONE,NO_CLICK
19090,NONE,NO_CLICK
19091,NONE,NO_CLICK
19092,NONE,NO_CLICK
19093,NONE,NO_CLICK
19094,NONE,NO_CLICK
19095,NONE,NO_CLICK
19096,NONE,NO_CLICK
19097,NONE,NO_CLICK
19098,NONE,NO_CLICK
19099,NONE,NO_CLICK
19100,NONE,NO_CLICK
19101,NONE,NO_CLICK
19102,NONE,NO_CLICK
19103,NONE,NO_CLICK
19104,NONE,NO_CLICK
19105,NONE,NO_CLICK
19106,NONE,NO_CLICK
19107,NONE,NO_CLICK
19108,NONE,NO_CLICK
19109,NONE,NO_CLICK
19110,NONE,NO_CLICK
19111,NONE,NO_CLICK
19112,NONE,NO_CLICK
19113,NONE,NO_CLICK
19114,NONE,NO_CLICK
19115,NONE,NO_CLICK
19116,NONE,NO_CLICK
19117,NONE,NO_CLICK
19118,NONE,NO_CLICK
19119,NONE,NO_CLICK
19120,NONE,NO_CLICK
19121,NONE,NO_CLICK
19122,NONE,NO_CLICK
19123,NONE,NO_CLICK
19124,NONE,NO_CLICK
19125,NONE,NO_CLICK
19126,NONE,NO_CLICK
19127,NONE,NO_CLICK
19128,NONE,NO_CLICK
19129,NONE,NO_CLICK
19130,NONE,NO_CLICK
19131,NONE,NO_CLICK
19132,NONE,NO_CLICK
19133,NONE,NO_CLICK
19134,NONE,NO_CLICK
19135,NONE,NO_CLICK
19136,NONE,NO_CLICK
19137,NONE,NO_CLICK
19138,NONE,NO_CLICK
19139,NONE,NO_CLICK
19140,NONE,NO_CLICK
19141,NONE,NO_CLICK
19142,NONE,NO_CLICK
19143,NONE,NO_CLICK
19144,NONE,NO_CLICK
19145,NONE,NO_CLICK
19146,NONE,NO_CLICK
19147,NONE,NO_CLICK
19148,NONE,NO_CLICK
19149,NONE,NO_CLICK
19150,NONE,NO_CLICK
19151,NONE,NO_CLICK
19152,NONE,NO_CLICK
19153,NONE,NO_CLICK
19154,NONE,NO_CLICK
19155,NONE,NO_CLICK
19156,NONE,NO_CLICK
19157,NONE,NO_CLICK
19158,NONE,NO_CLICK
19159,NONE,NO_CLICK
19160,NONE,NO_CLICK
19161,NONE,NO_CLICK
19162,NONE,NO_CLICK
19163,NONE,NO_CLICK
19164,NONE,NO_CLICK
19165,NONE,NO_CLICK
19166,NONE,NO_CLICK
19167,NONE,NO_CLICK
19168,NONE,NO_CLICK
19169,NONE,NO_CLICK
19170,NONE,NO_CLICK
19171,NONE,NO_CLICK
19172,NONE,NO_CLICK
19173,NONE,NO_CLICK
19174,NONE,NO_CLICK
19175,NONE,NO_CLICK
19176,NONE,NO_CLICK
19177,NONE,NO_CLICK
19178,NONE,NO_CLICK
19179,NONE,NO_CLICK
19180,NONE,NO_CLICK
19181,NONE,NO_CLICK
19182,NONE,NO_CLICK
19183,NONE,NO_CLICK
19184,NONE,NO_CLICK
19185,NONE,NO_CLICK
19186,NONE,NO_CLICK
19187,NONE,NO_CLICK
19188,NONE,NO_CLICK
19189,NONE,NO_CLICK
19190,NONE,NO_CLICK
19191,NONE,NO_CLICK
19192,NONE,NO_CLICK
19193,NONE,NO_CLICK
19194,NONE,NO_CLICK
19195,NONE,NO_CLICK
19196,NONE,NO_CLICK
19197,NONE,NO_CLICK
19198,NONE,NO_CLICK
19199,NONE,NO_CLICK
19200,NONE,NO_CLICK
19201,NONE,NO_CLICK
19202,NONE,NO_CLICK
19203,NONE,NO_CLICK
19204,NONE,NO_CLICK
19205,NONE,NO_CLICK
19206,NONE,NO_CLICK
19207,NONE,NO_CLICK
19208,NONE,NO_CLICK
19209,NONE,NO_CLICK
19210,NONE,NO_CLICK
19211,NONE,NO_CLICK
19212,NONE,NO_CLICK
19213,NONE,NO_CLICK
19214,NONE,NO_CLICK
19215,NONE,NO_CLICK
19216,NONE,NO_CLICK
19217,NONE,NO_CLICK
19218,NONE,NO_CLICK
19219,NONE,NO_CLICK
19220,NONE,NO_CLICK
19221,NONE,NO_CLICK
19222,NONE,NO_CLICK
19223,NONE,NO_CLICK
19224,NONE,NO_CLICK
19225,NONE,NO_CLICK
19226,NONE,NO_CLICK
19227,NONE,NO_CLICK
19228,NONE,NO_CLICK
19229,NONE,NO_CLICK
19230,NONE,NO_CLICK
19231,NONE,NO_CLICK
19232,NONE,NO_CLICK
19233,NONE,NO_CLICK
19234,D1,D1_CLICK
19235,D1,D1_CLICK
19236,D1,D1_CLICK
19237,D1,D1_CLICK
19238,D1,D1_CLICK
19239,D1,D1_CLICK
19240,D1,D1_CLICK
19241,D1,D1_CLICK
19242,D1,D1_CLICK
19243,D1,D1_CLICK
19244,D1,D1_CLICK
19245,D1,D1_CLICK
19246,D1,D1_CLICK
19247,D1,D1_CLICK
19248,D1,D1_CLICK
19249,D1,D1_CLICK
19250,D1,D1_CLICK
19251,D1,D1_CLICK
19252,D1,D1_CLICK
19253,D1,D1_CLICK
19254,D1,D1_CLICK
19255,D1,D1_CLICK
19256,D1,D1_CLICK
19257,D1,D1_CLICK
19258,D1,D1_CLICK
19259,D1,D1_CLICK
19260,D1,D1_CLICK
19261,D1,D1_CLICK
19262,D1,D1_CLICK
19263,D1,D1_CLICK
19264,D1,D1_CLICK
19265,D1,D1_CLICK
19266,BOTH,DOUBLE_CLICK
19267,BOTH,DOUBLE_CLICK
19268,BOTH,DOUBLE_CLICK
19269,BOTH,DOUBLE_CLICK
19270,BOTH,DOUBLE_CLICK
19271,BOTH,DOUBLE_CLICK
19272,D2,D2_CLICK
19273,D2,D2_CLICK
19274,D2,D2_CLICK
19275,D2,D2_CLICK
19276,D2,D2_CLICK
19277,D2,D2_CLICK
19278,D2,D2_CLICK
19279,D2,D2_CLICK
19280,D2,D2_CLICK
19281,D2,D2_CLICK
19282,D2,D2_CLICK
19283,D2,D2_CLICK
19284,D2,D2_CLICK
19285,D2,D2_CLICK
19286,D2,D2_CLICK
19287,D2,D2_CLICK
19288,D2,D2_CLICK
19289,D2,D2_CLICK
19290,D2,D2_CLICK
19291,D2,D2_CLICK
19292,D2,D2_CLICK
19293,D2,D2_CLICK
19294,D2,D2_CLICK
19295,D2,D2_CLICK
19296,D2,D2_CLICK
19297,D2,D2_CLICK
19298,D2,D2_CLICK
19299,D2,D2_CLICK
19300,D2,D2_CLICK
19301,D2,D2_CLICK
19302,D2,D2_CLICK
19303,D2,D2_CLICK
19304,NONE,NO_CLICK
19305,NONE,NO_CLICK
19306,NONE,NO_CLICK
19307,NONE,NO_CLICK
19308,NONE,NO_CLICK
19309,NONE,NO_CLICK
19310,NONE,NO_CLICK
19311,NONE,NO_CLICK
19312,NONE,NO_CLICK
19313,NONE,NO_CLICK
19314,NONE,NO_CLICK
19315,NONE,NO_CLICK
19316,NONE,NO_CLICK
19317,NONE,NO_CLICK
19318,NONE,NO_CLICK
19319,NONE,NO_CLICK
19320,NONE,NO_CLICK
19321,NONE,NO_CLICK
19322,NONE,NO_CLICK
19323,NONE,NO_CLICK
19324,NONE,NO_CLICK
19325,NONE,NO_CLICK
19326,NONE,NO_CLICK
19327,NONE,NO_CLICK
19328,NONE,NO_CLICK
19329,NONE,NO_CLICK
19330,NONE,NO_CLICK
19331,NONE,NO_CLICK
19332,NONE,NO_CLICK
19333,NONE,NO_CLICK
19334,NONE,NO_CLICK
19335,NONE,NO_CLICK
19336,NONE,NO_CLICK
19337,NONE,NO_CLICK
19338,NONE,NO_CLICK
19339,NONE,NO_CLICK
19340,NONE,NO_CLICK
19341,NONE,NO_CLICK
19342,NONE,NO_CLICK
19343,NONE,NO_CLICK
19344,NONE,NO_CLICK
19345,NONE,NO_CLICK
19346,NONE,NO_CLICK
19347,NONE,NO_CLICK
19348,NONE,NO_CLICK
19349,NONE,NO_CLICK
19350,NONE,NO_CLICK
19351,NONE,NO_CLICK
19352,NONE,NO_CLICK
19353,NONE,NO_CLICK
19354,NONE,NO_CLICK
19355,NONE,NO_CLICK
19356,NONE,NO_CLICK
19357,NONE,NO_CLICK
19358,NONE,NO_CLICK
19359,NONE,NO_CLICK
19360,NONE,NO_CLICK
19361,NONE,NO_CLICK
19362,NONE,NO_CLICK
19363,NONE,NO_CLICK
19364,NONE,NO_CLICK
19365,NONE,NO_CLICK
19366,NONE,NO_CLICK
19367,NONE,NO_CLICK
19368,NONE,NO_CLICK
19369,NONE,NO_CLICK
19370,NONE,NO_CLICK
19371,NONE,NO_CLICK
19372,NONE,NO_CLICK
19373,NONE,NO_CLICK
19374,NONE,NO_CLICK
19375,NONE,NO_CLICK
19376,NONE,NO_CLICK
19377,NONE,NO_CLICK
19378,NONE,NO_CLICK
19379,NONE,NO_CLICK
19380,NONE,NO_CLICK
19381,NONE,NO_CLICK
19382,NONE,NO_CLICK
19383,NONE,NO_CLICK
19384,NONE,NO_CLICK
19385,NONE,NO_CLICK
19386,NONE,NO_CLICK
19387,NONE,NO_CLICK
19388,NONE,NO_CLICK
19389,NONE,NO_CLICK
19390,NONE,NO_CLICK
19391,NONE,NO_CLICK
19392,NONE,NO_CLICK
19393,NONE,NO_CLICK
19394,NONE,NO_CLICK
19395,NONE,NO_CLICK
19396,NONE,NO_CLICK
19397,NONE,NO_CLICK
19398,NONE,NO_CLICK
19399,NONE,NO_CLICK
19400,NONE,NO_CLICK
19401,NONE,NO_CLICK
19402,NONE,NO_CLICK
19403,NONE,NO_CLICK
19404,NONE,NO_CLICK
19405,NONE,NO_CLICK
19406,NONE,NO_CLICK
19407,NONE,NO_CLICK
19408,NONE,NO_CLICK
19409,NONE,NO_CLICK
19410,NONE,NO_CLICK
19411,NONE,NO_CLICK
19412,NONE,NO_CLICK
19413,NONE,NO_CLICK
19414,NONE,NO_CLICK
19415,NONE,NO_CLICK
19416,NONE,NO_CLICK
19417,NONE,NO_CLICK
19418,NONE,NO_CLICK
19419,NONE,NO_CLICK
19420,NONE,NO_CLICK
19421,NONE,NO_CLICK
19422,NONE,NO_CLICK
19423,NONE,NO_CLICK
19424,NONE,NO_CLICK
19425,NONE,NO_CLICK
19426,NONE,NO_CLICK
19427,NONE,NO_CLICK
19428,NONE,NO_CLICK
19429,NONE,NO_CLICK
19430,NONE,NO_CLICK
19431,NONE,NO_CLICK
19432,NONE,NO_CLICK
19433,NONE,NO_CLICK
19434,NONE,NO_CLICK
19435,NONE,NO_CLICK
19436,NONE,NO_CLICK
19437,NONE,NO_CLICK
19438,NONE,NO_CLICK
19439,NONE,NO_CLICK
19440,NONE,NO_CLICK
19441,NONE,NO_CLICK
19442,NONE,NO_CLICK
19443,NONE,NO_CLICK
19444,NONE,NO_CLICK
19445,NONE,NO_CLICK
19446,NONE,NO_CLICK
19447,NONE,NO_CLICK
19448,NONE,NO_CLICK
19449,NONE,NO_CLICK
19450,NONE,NO_CLICK
19451,NONE,NO_CLICK
19452,NONE,NO_CLICK
19453,NONE,NO_CLICK
19454,NONE,NO_CLICK
19455,NONE,NO_CLICK
19456,NONE,NO_CLICK
19457,NONE,NO_CLICK
19458,NONE,NO_CLICK
19459,NONE,NO_CLICK
19460,NONE,NO_CLICK
19461,NONE,NO_CLICK
19462,NONE,NO_CLICK
19463,NONE,NO_CLICK
19464,NONE,NO_CLICK
19465,NONE,NO_CLICK
19466,NONE,NO_CLICK
19467,NONE,NO_CLICK
19468,NONE,NO_CLICK
19469,NONE,NO_CLICK
19470,NONE,NO_CLICK
19471,NONE,NO_CLICK
19472,NONE,NO_CLICK
19473,NONE,NO_CLICK
19474,NONE,NO_CLICK
19475,NONE,NO_CLICK
19476,NONE,NO_CLICK
19477,NONE,NO_CLICK
19478,NONE,NO_CLICK
19479,NONE,NO_CLICK
19480,NONE,NO_CLICK
19481,NONE,NO_CLICK
19482,NONE,NO_CLICK
19483,NONE,NO_CLICK
19484,NONE,NO_CLICK
19485,NONE,NO_CLICK
19486,NONE,NO_CLICK
19487,NONE,NO_CLICK
19488,NONE,NO_CLICK
19489,NONE,NO_CLICK
19490,NONE,NO_CLICK
19491,NONE,NO_CLICK
19492,NONE,NO_CLICK
19493,NONE,NO_CLICK
19494,NONE,NO_CLICK
19495,NONE,NO_CLICK
19496,NONE,NO_CLICK
19497,NONE,NO_CLICK
19498,NONE,NO_CLICK
19499,NONE,NO_CLICK
19500,NONE,NO_CLICK
19501,NONE,NO_CLICK
19502,NONE,NO_CLICK
19503,NONE,NO_CLICK
19504,NONE,NO_CLICK
19505,NONE,NO_CLICK
19506,NONE,NO_CLICK
19507,NONE,NO_CLICK
19508,NONE,NO_CLICK
19509,NONE,NO_CLICK
19510,NONE,NO_CLICK
19511,NONE,NO_CLICK
19512,NONE,NO_CLICK
19513,NONE,NO_CLICK
19514,NONE,NO_CLICK
19515,NONE,NO_CLICK
19516,NONE,NO_CLICK
19517,NONE,NO_CLICK
19518,NONE,NO_CLICK
19519,NONE,NO_CLICK
19520,NONE,NO_CLICK
19521,NONE,NO_CLICK
19522,NONE,NO_CLICK
19523,NONE,NO_CLICK
19524,NONE,NO_CLICK
19525,NONE,NO_CLICK
19526,NONE,NO_CLICK
19527,NONE,NO_CLICK
19528,NONE,NO_CLICK
19529,NONE,NO_CLICK
19530,NONE,NO_CLICK
19531,NONE,NO_CLICK
19532,NONE,NO_CLICK
19533,NONE,NO_CLICK
19534,NONE,NO_CLICK
19535,NONE,NO_CLICK
19536,NONE,NO_CLICK
19537,NONE,NO_CLICK
19538,NONE,NO_CLICK
19539,NONE,NO_CLICK
19540,NONE,NO_CLICK
19541,NONE,NO_CLICK
19542,NONE,NO_CLICK
19543,NONE,NO_CLICK
19544,NONE,NO_CLICK
19545,NONE,NO_CLICK
19546,NONE,NO_CLICK
19547,NONE,NO_CLICK
19548,NONE,NO_CLICK
19549,NONE,NO_CLICK
19550,NONE,NO_CLICK
19551,NONE,NO_CLICK
19552,NONE,NO_CLICK
19553,NONE,NO_CLICK
19554,NONE,NO_CLICK
19555,NONE,NO_CLICK
19556,NONE,NO_CLICK
19557,NONE,NO_CLICK
19558,NONE,NO_CLICK
19559,NONE,NO_CLICK
19560,NONE,NO_CLICK
19561,NONE,NO_CLICK
19562,NONE,NO_CLICK
19563,NONE,NO_CLICK
19564,NONE,NO_CLICK
19565,NONE,NO_CLICK
19566,NONE,NO_CLICK
19567,NONE,NO_CLICK
19568,NONE,NO_CLICK
19569,NONE,NO_CLICK
19570,NONE,NO_CLICK
19571,NONE,NO_CLICK
19572,NONE,NO_CLICK
19573,NONE,NO_CLICK
19574,NONE,NO_CLICK
19575,NONE,NO_CLICK
19576,NONE,NO_CLICK
19577,NONE,NO_CLICK
19578,NONE,NO_CLICK
19579,NONE,NO_CLICK
19580,NONE,NO_CLICK
19581,NONE,NO_CLICK
19582,NONE,NO_CLICK
19583,NONE,NO_CLICK
19584,NONE,NO_CLICK
19585,NONE,NO_CLICK
19586,NONE,NO_CLICK
19587,NONE,NO_CLICK
19588,NONE,NO_CLICK
19589,NONE,NO_CLICK
19590,NONE,NO_CLICK
19591,NONE,NO_CLICK
19592,NONE,NO_CLICK
19593,NONE,NO_CLICK
19594,NONE,NO_CLICK
19595,NONE,NO_CLICK
19596,NONE,NO_CLICK
19597,NONE,NO_CLICK
19598,NONE,NO_CLICK
19599,NONE,NO_CLICK
19600,NONE,NO_CLICK
19601,NONE,NO_CLICK
19602,NONE,NO_CLICK
19603,NONE,NO_CLICK
19604,NONE,NO_CLICK
19605,NONE,NO_CLICK
19606,NONE,NO_CLICK
19607,NONE,NO_CLICK
19608,NONE,NO_CLICK
19609,NONE,NO_CLICK
19610,NONE,NO_CLICK
19611,NONE,NO_CLICK
19612,NONE,NO_CLICK
19613,NONE,NO_CLICK
19614,NONE,NO_CLICK
19615,NONE,NO_CLICK
19616,NONE,NO_CLICK
19617,NONE,NO_CLICK
19618,D2,D2_CLICK
19619,D2,D2_CLICK
19620,D2,D2_CLICK
19621,D2,D2_CLICK
19622,D2,D2_CLICK
19623,D2,D2_CLICK
19624,D2,D2_CLICK
19625,D2,D2_CLICK
19626,D2,D2_CLICK
19627,D2,D2_CLICK
19628,D2,D2_CLICK
19629,D2,D2_CLICK
19630,D2,D2_CLICK
19631,D2,D2_CLICK
19632,D2,D2_CLICK
19633,D2,D2_CLICK
19634,D2,D2_CLICK
19635,D2,D2_CLICK
19636,D2,D2_CLICK
19637,D2,D2_CLICK
19638,D2,D2_CLICK
19639,D2,D2_CLICK
19640,D2,D2_CLICK
19641,D2,D2_CLICK
19642,D2,D2_CLICK
19643,D2,D2_CLICK
19644,D2,D2_CLICK
19645,D2,D2_CLICK
19646,D2,D2_CLICK
19647,D2,D2_CLICK
19648,D2,D2_CLICK
19649,D2,D2_CLICK
19650,BOTH,DOUBLE_CLICK
19651,BOTH,DOUBLE_CLICK
19652,BOTH,DOUBLE_CLICK
19653,BOTH,DOUBLE_CLICK
19654,BOTH,DOUBLE_CLICK
19655,BOTH,DOUBLE_CLICK
19656,D1,D1_CLICK
19657,D1,D1_CLICK
19658,D1,D1_CLICK
19659,D1,D1_CLICK
19660,D1,D1_CLICK
19661,D1,D1_CLICK
19662,D1,D1_CLICK
19663,D1,D1_CLICK
19664,D1,D1_CLICK
19665,D1,D1_CLICK
19666,D1,D1_CLICK
19667,D1,D1_CLICK
19668,D1,D1_CLICK
19669,D1,D1_CLICK
19670,D1,D1_CLICK
19671,D1,D1_CLICK
19672,D1,D1_CLICK
19673,D1,D1_CLICK
19674,D1,D1_CLICK
19675,D1,D1_CLICK
19676,D1,D1_CLICK
19677,D1,D1_CLICK
19678,D1,D1_CLICK
19679,D1,D1_CLICK
19680,D1,D1_CLICK
19681,D1,D1_CLICK
19682,D1,D1_CLICK
19683,D1,D1_CLICK
19684,D1,D1_CLICK
19685,D1,D1_CLICK
19686,D1,D1_CLICK
19687,D1,D1_CLICK
19688,NONE,NO_CLICK
19689,NONE,NO_CLICK
19690,NONE,NO_CLICK
19691,NONE,NO_CLICK
19692,NONE,NO_CLICK
19693,NONE,NO_CLICK
19694,NONE,NO_CLICK
19695,NONE,NO_CLICK
19696,NONE,NO_CLICK
19697,NONE,NO_CLICK
19698,NONE,NO_CLICK
19699,NONE,NO_CLICK
19700,NONE,NO_CLICK
19701,NONE,NO_CLICK
19702,NONE,NO_CLICK
19703,NONE,NO_CLICK
19704,NONE,NO_CLICK
19705,NONE,NO_CLICK
19706,NONE,NO_CLICK
19707,NONE,NO_CLICK
19708,NONE,NO_CLICK
19709,NONE,NO_CLICK
19710,NONE,NO_CLICK
19711,NONE,NO_CLICK
19712,NONE,NO_CLICK
19713,NONE,NO_CLICK
19714,NONE,NO_CLICK
19715,NONE,NO_CLICK
19716,NONE,NO_CLICK
19717,NONE,NO_CLICK
19718,NONE,NO_CLICK
19719,NONE,NO_CLICK
19720,NONE,NO_CLICK
19721,NONE,NO_CLICK
19722,NONE,NO_CLICK
19723,NONE,NO_CLICK
19724,NONE,NO_CLICK
19725,NONE,NO_CLICK
19726,NONE,NO_CLICK
19727,NONE,NO_CLICK
19728,NONE,NO_CLICK
19729,NONE,NO_CLICK
19730,NONE,NO_CLICK
19731,NONE,NO_CLICK
19732,NONE,NO_CLICK
19733,NONE,NO_CLICK
19734,NONE,NO_CLICK
19735,NONE,NO_CLICK
19736,NONE,NO_CLICK
19737,NONE,NO_CLICK
19738,NONE,NO_CLICK
19739,NONE,NO_CLICK
19740,NONE,NO_CLICK
19741,NONE,NO_CLICK
19742,NONE,NO_CLICK
19743,NONE,NO_CLICK
19744,NONE,NO_CLICK
19745,NONE,NO_CLICK
19746,NONE,NO_CLICK
19747,NONE,NO_CLICK
19748,NONE,NO_CLICK
19749,NONE,NO_CLICK
19750,NONE,NO_CLICK
19751,NONE,NO_CLICK
19752,NONE,NO_CLICK
19753,NONE,NO_CLICK
19754,NONE,NO_CLICK
19755,NONE,NO_CLICK
19756,NONE,NO_CLICK
19757,NONE,NO_CLICK
19758,NONE,NO_CLICK
19759,NONE,NO_CLICK
19760,NONE,NO_CLICK
19761,NONE,NO_CLICK
19762,NONE,NO_CLICK
19763,NONE,NO_CLICK
19764,NONE,NO_CLICK
19765,NONE,NO_CLICK
19766,NONE,NO_CLICK
19767,NONE,NO_CLICK
19768,NONE,NO_CLICK
19769,NONE,NO_CLICK
19770,NONE,NO_CLICK
19771,NONE,NO_CLICK
19772,NONE,NO_CLICK
19773,NONE,NO_CLICK
19774,NONE,NO_CLICK
19775,NONE,NO_CLICK
19776,NONE,NO_CLICK
19777,NONE,NO_CLICK
19778,NONE,NO_CLICK
19779,NONE,NO_CLICK
19780,NONE,NO_CLICK
19781,NONE,NO_CLICK
19782,NONE,NO_CLICK
19783,NONE,NO_CLICK
19784,NONE,NO_CLICK
19785,NONE,NO_CLICK
19786,NONE,NO_CLICK
19787,NONE,NO_CLICK
19788,NONE,NO_CLICK
19789,NONE,NO_CLICK
19790,NONE,NO_CLICK
19791,NONE,NO_CLICK
19792,NONE,NO_CLICK
19793,NONE,NO_CLICK
19794,NONE,NO_CLICK
19795,NONE,NO_CLICK
19796,NONE,NO_CLICK
19797,NONE,NO_CLICK
19798,NONE,NO_CLICK
19799,NONE,NO_CLICK
19800,NONE,NO_CLICK
19801,NONE,NO_CLICK
19802,NONE,NO_CLICK
19803,NONE,NO_CLICK
19804,NONE,NO_CLICK
19805,NONE,NO_CLICK
19806,NONE,NO_CLICK
19807,NONE,NO_CLICK
19808,NONE,NO_CLICK
19809,NONE,NO_CLICK
19810,NONE,NO_CLICK
19811,NONE,NO_CLICK
19812,NONE,NO_CLICK
19813,NONE,NO_CLICK
19814,NONE,NO_CLICK
19815,NONE,NO_CLICK
19816,NONE,NO_CLICK
19817,NONE,NO_CLICK
19818,NONE,NO_CLICK
19819,NONE,NO_CLICK
19820,NONE,NO_CLICK
19821,NONE,NO_CLICK
19822,NONE,NO_CLICK
19823,NONE,NO_CLICK
19824,NONE,NO_CLICK
19825,NONE,NO_CLICK
19826,NONE,NO_CLICK
19827,NONE,NO_CLICK
19828,NONE,NO_CLICK
19829,NONE,NO_CLICK
19830,NONE,NO_CLICK
19831,NONE,NO_CLICK
19832,NONE,NO_CLICK
19833,NONE,NO_CLICK
19834,NONE,NO_CLICK
19835,NONE,NO_CLICK
19836,NONE,NO_CLICK
19837,NONE,NO_CLICK
19838,NONE,NO_CLICK
19839,NONE,NO_CLICK
19840,NONE,NO_CLICK
19841,NONE,NO_CLICK
19842,NONE,NO_CLICK
19843,NONE,NO_CLICK
19844,NONE,NO_CLICK
19845,NONE,NO_CLICK
19846,NONE,NO_CLICK
19847,NONE,NO_CLICK
19848,NONE,NO_CLICK
19849,NONE,NO_CLICK
19850,NONE,NO_CLICK
19851,NONE,NO_CLICK
19852,NONE,NO_CLICK
19853,NONE,NO_CLICK
19854,NONE,NO_CLICK
19855,NONE,NO_CLICK
19856,NONE,NO_CLICK
19857,NONE,NO_CLICK
19858,NONE,NO_CLICK
19859,NONE,NO_CLICK
19860,NONE,NO_CLICK
19861,NONE,NO_CLICK
19862,NONE,NO_CLICK
19863,NONE,NO_CLICK
19864,NONE,NO_CLICK
19865,NONE,NO_CLICK
19866,NONE,NO_CLICK
19867,NONE,NO_CLICK
19868,NONE,NO_CLICK
19869,NONE,NO_CLICK
19870,NONE,NO_CLICK
19871,NONE,NO_CLICK
19872,NONE,NO_CLICK
19873,NONE,NO_CLICK
19874,NONE,NO_CLICK
19875,NONE,NO_CLICK
19876,NONE,NO_CLICK
19877,NONE,NO_CLICK
19878,NONE,NO_CLICK
19879,NONE,NO_CLICK
19880,NONE,NO_CLICK
19881,NONE,NO_CLICK
19882,NONE,NO_CLICK
19883,NONE,NO_CLICK
19884,NONE,NO_CLICK
19885,NONE,NO_CLICK
19886,NONE,NO_CLICK
19887,NONE,NO_CLICK
19888,NONE,NO_CLICK
19889,NONE,NO_CLICK
19890,NONE,NO_CLICK
19891,NONE,NO_CLICK
19892,NONE,NO_CLICK
19893,NONE,NO_CLICK
19894,NONE,NO_CLICK
19895,NONE,NO_CLICK
19896,NONE,NO_CLICK
19897,NONE,NO_CLICK
19898,NONE,NO_CLICK
19899,NONE,NO_CLICK
19900,NONE,NO_CLICK
19901,NONE,NO_CLICK
19902,NONE,NO_CLICK
19903,NONE,NO_CLICK
19904,NONE,NO_CLICK
19905,NONE,NO_CLICK
19906,NONE,NO_CLICK
19907,NONE,NO_CLICK
19908,NONE,NO_CLICK
19909,NONE,NO_CLICK
19910,NONE,NO_CLICK
19911,NONE,NO_CLICK
19912,NONE,NO_CLICK
19913,NONE,NO_CLICK
19914,NONE,NO_CLICK
19915,NONE,NO_CLICK
19916,NONE,NO_CLICK
19917,NONE,NO_CLICK
19918,NONE,NO_CLICK
19919,NONE,NO_CLICK
19920,NONE,NO_CLICK
19921,NONE,NO_CLICK
19922,NONE,NO_CLICK
19923,NONE,NO_CLICK
19924,NONE,NO_CLICK
19925,NONE,NO_CLICK
19926,NONE,NO_CLICK
19927,NONE,NO_CLICK
19928,NONE,NO_CLICK
19929,NONE,NO_CLICK
19930,NONE,NO_CLICK
19931,NONE,NO_CLICK
19932,NONE,NO_CLICK
19933,NONE,NO_CLICK
19934,NONE,NO_CLICK
19935,NONE,NO_CLICK
19936,NONE,NO_CLICK
19937,NONE,NO_CLICK
19938,NONE,NO_CLICK
19939,NONE,NO_CLICK
19940,NONE,NO_CLICK
19941,NONE,NO_CLICK
19942,NONE,NO_CLICK
19943,NONE,NO_CLICK
19944,NONE,NO_CLICK
19945,NONE,NO_CLICK
19946,NONE,NO_CLICK
19947,NONE,NO_CLICK
19948,NONE,NO_CLICK
19949,NONE,NO_CLICK
19950,NONE,NO_CLICK
19951,NONE,NO_CLICK
19952,NONE,NO_CLICK
19953,NONE,NO_CLICK
19954,NONE,NO_CLICK
19955,NONE,NO_CLICK
19956,NONE,NO_CLICK
19957,NONE,NO_CLICK
19958,NONE,NO_CLICK
19959,NONE,NO_CLICK
19960,NONE,NO_CLICK
19961,NONE,NO_CLICK
19962,NONE,NO_CLICK
19963,NONE,NO_CLICK
19964,NONE,NO_CLICK
19965,NONE,NO_CLICK
19966,NONE,NO_CLICK
19967,NONE,NO_CLICK
19968,NONE,NO_CLICK
19969,NONE,NO_CLICK
19970,NONE,NO_CLICK
19971,NONE,NO_CLICK
19972,NONE,NO_CLICK
19973,NONE,NO_CLICK
19974,NONE,NO_CLICK
19975,NONE,NO_CLICK
19976,NONE,NO_CLICK
19977,NONE,NO_CLICK
19978,NONE,NO_CLICK
19979,NONE,NO_CLICK
19980,NONE,NO_CLICK
19981,NONE,NO_CLICK
19982,NONE,NO_CLICK
19983,NONE,NO_CLICK
19984,NONE,NO_CLICK
19985,NONE,NO_CLICK
19986,NONE,NO_CLICK
19987,NONE,NO_CLICK
19988,NONE,NO_CLICK
19989,NONE,NO_CLICK
19990,NONE,NO_CLICK
19991,NONE,NO_CLICK
19992,NONE,NO_CLICK
19993,NONE,NO_CLICK
19994,NONE,NO_CLICK
19995,NONE,NO_CLICK
19996,NONE,NO_CLICK
19997,NONE,NO_CLICK
19998,NONE,NO_CLICK
19999,NONE,NO_CLICK
20000,NONE,NO_CLICK
20001,NONE,NO_CLICK
20002,BOTH,DOUBLE_CLICK
20003,BOTH,DOUBLE_CLICK
20004,BOTH,DOUBLE_CLICK
20005,BOTH,DOUBLE_CLICK
20006,BOTH,DOUBLE_CLICK
20007,BOTH,DOUBLE_CLICK
20008,BOTH,DOUBLE_CLICK
20009,BOTH,DOUBLE_CLICK
20010,BOTH,DOUBLE_CLICK
20011,BOTH,DOUBLE_CLICK
20012,BOTH,DOUBLE_CLICK
20013,BOTH,DOUBLE_CLICK
20014,BOTH,DOUBLE_CLICK
20015,BOTH,DOUBLE_CLICK
20016,BOTH,DOUBLE_CLICK
20017,BOTH,DOUBLE_CLICK
20018,BOTH,DOUBLE_CLICK
20019,BOTH,DOUBLE_CLICK
20020,BOTH,DOUBLE_CLICK
20021,BOTH,DOUBLE_CLICK
20022,BOTH,DOUBLE_CLICK
20023,BOTH,DOUBLE_CLICK
20024,BOTH,DOUBLE_CLICK
20025,BOTH,DOUBLE_CLICK
20026,BOTH,DOUBLE_CLICK
20027,BOTH,DOUBLE_CLICK
20028,BOTH,DOUBLE_CLICK
20029,BOTH,DOUBLE_CLICK
20030,BOTH,DOUBLE_CLICK
20031,BOTH,DOUBLE_CLICK
20032,BOTH,DOUBLE_CLICK
20033,BOTH,DOUBLE_CLICK
20034,BOTH,DOUBLE_CLICK
20035,BOTH,DOUBLE_CLICK
20036,BOTH,DOUBLE_CLICK
20037,BOTH,DOUBLE_CLICK
20038,BOTH,DOUBLE_CLICK
20039,BOTH,DOUBLE_CLICK
20040,NONE,NO_CLICK
20041,NONE,NO_CLICK
20042,NONE,NO_CLICK
20043,NONE,NO_CLICK
20044,NONE,NO_CLICK
20045,NONE,NO_CLICK
20046,NONE,NO_CLICK
20047,NONE,NO_CLICK
20048,NONE,NO_CLICK
20049,NONE,NO_CLICK
20050,NONE,NO_CLICK
20051,NONE,NO_CLICK
20052,NONE,NO_CLICK
20053,NONE,NO_CLICK
20054,NONE,NO_CLICK
20055,NONE,NO_CLICK
20056,NONE,NO_CLICK
20057,NONE,NO_CLICK
20058,NONE,NO_CLICK
20059,NONE,NO_CLICK
20060,NONE,NO_CLICK
20061,NONE,NO_CLICK
20062,NONE,NO_CLICK
20063,NONE,NO_CLICK
20064,NONE,NO_CLICK
20065,NONE,NO_CLICK
20066,NONE,NO_CLICK
20067,NONE,NO_CLICK
20068,NONE,NO_CLICK
20069,NONE,NO_CLICK
20070,NONE,NO_CLICK
20071,NONE,NO_CLICK
20072,NONE,NO_CLICK
20073,NONE,NO_CLICK
20074,NONE,NO_CLICK
20075,NONE,NO_CLICK
20076,NONE,NO_CLICK
20077,NONE,NO_CLICK
20078,NONE,NO_CLICK
20079,NONE,NO_CLICK
20080,NONE,NO_CLICK
20081,NONE,NO_CLICK
20082,NONE,NO_CLICK
20083,NONE,NO_CLICK
20084,NONE,NO_CLICK
20085,NONE,NO_CLICK
20086,NONE,NO_CLICK
20087,NONE,NO_CLICK
20088,NONE,NO_CLICK
20089,NONE,NO_CLICK
20090,NONE,NO_CLICK
20091,NONE,NO_CLICK
20092,NONE,NO_CLICK
20093,NONE,NO_CLICK
20094,NONE,NO_CLICK
20095,NONE,NO_CLICK
20096,NONE,NO_CLICK
20097,NONE,NO_CLICK
20098,NONE,NO_CLICK
20099,NONE,NO_CLICK
20100,NONE,NO_CLICK
20101,NONE,NO_CLICK
20102,NONE,NO_CLICK
20103,NONE,NO_CLICK
20104,NONE,NO_CLICK
20105,NONE,NO_CLICK
20106,NONE,NO_CLICK
20107,NONE,NO_CLICK
20108,NONE,NO_CLICK
20109,NONE,NO_CLICK
20110,NONE,NO_CLICK
20111,NONE,NO_CLICK
20112,NONE,NO_CLICK
20113,NONE,NO_CLICK
20114,NONE,NO_CLICK
20115,NONE,NO_CLICK
20116,NONE,NO_CLICK
20117,NONE,NO_CLICK
20118,NONE,NO_CLICK
20119,NONE,NO_CLICK
20120,NONE,NO_CLICK
20121,NONE,NO_CLICK
20122,NONE,NO_CLICK
20123,NONE,NO_CLICK
20124,NONE,NO_CLICK
20125,NONE,NO_CLICK
20126,NONE,NO_CLICK
20127,NONE,NO_CLICK
20128,NONE,NO_CLICK
20129,NONE,NO_CLICK
20130,NONE,NO_CLICK
20131,NONE,NO_CLICK
20132,NONE,NO_CLICK
20133,NONE,NO_CLICK
20134,NONE,NO_CLICK
20135,NONE,NO_CLICK
20136,NONE,NO_CLICK
20137,NONE,NO_CLICK
20138,NONE,NO_CLICK
20139,NONE,NO_CLICK
20140,NONE,NO_CLICK
20141,NONE,NO_CLICK
20142,NONE,NO_CLICK
20143,NONE,NO_CLICK
20144,NONE,NO_CLICK
20145,NONE,NO_CLICK
20146,NONE,NO_CLICK
20147,NONE,NO_CLICK
20148,NONE,NO_CLICK
20149,NONE,NO_CLICK
20150,NONE,NO_CLICK
20151,NONE,NO_CLICK
20152,NONE,NO_CLICK
20153,NONE,NO_CLICK
20154,NONE,NO_CLICK
20155,NONE,NO_CLICK
20156,NONE,NO_CLICK
20157,NONE,NO_CLICK
20158,NONE,NO_CLICK
20159,NONE,NO_CLICK
20160,NONE,NO_CLICK
20161,NONE,NO_CLICK
20162,NONE,NO_CLICK
20163,NONE,NO_CLICK
20164,NONE,NO_CLICK
20165,NONE,NO_CLICK
20166,NONE,NO_CLICK
20167,NONE,NO_CLICK
20168,NONE,NO_CLICK
20169,NONE,NO_CLICK
20170,NONE,NO_CLICK
20171,NONE,NO_CLICK
20172,NONE,NO_CLICK
20173,NONE,NO_CLICK
20174,NONE,NO_CLICK
20175,NONE,NO_CLICK
20176,NONE,NO_CLICK
20177,NONE,NO_CLICK
20178,NONE,NO_CLICK
20179,NONE,NO_CLICK
20180,NONE,NO_CLICK
20181,NONE,NO_CLICK
20182,NONE,NO_CLICK
20183,NONE,NO_CLICK
20184,NONE,NO_CLICK
20185,NONE,NO_CLICK
20186,NONE,NO_CLICK
20187,NONE,NO_CLICK
20188,NONE,NO_CLICK
20189,NONE,NO_CLICK
20190,NONE,NO_CLICK
20191,NONE,NO_CLICK
20192,NONE,NO_CLICK
20193,NONE,NO_CLICK
20194,D2,D2_CLICK
20195,D2,D2_CLICK
20196,D2,D2_CLICK
20197,D2,D2_CLICK
20198,D2,D2_CLICK
20199,D2,D2_CLICK
20200,D2,D2_CLICK
20201,D2,D2_CLICK
20202,D2,D2_CLICK
20203,D2,D2_CLICK
20204,D2,D2_CLICK
20205,D2,D2_CLICK
20206,D2,D2_CLICK
20207,D2,D2_CLICK
20208,D2,D2_CLICK
20209,D2,D2_CLICK
20210,D2,D2_CLICK
20211,D2,D2_CLICK
20212,D2,D2_CLICK
20213,D2,D2_CLICK
20214,D2,D2_CLICK
20215,D2,D2_CLICK
20216,D2,D2_CLICK
20217,D2,D2_CLICK
20218,D2,D2_CLICK
20219,D2,D2_CLICK
20220,D2,D2_CLICK
20221,D2,D2_CLICK
20222,D2,D2_CLICK
20223,D2,D2_CLICK
20224,D2,D2_CLICK
20225,D2,D2_CLICK
20226,BOTH,DOUBLE_CLICK
20227,BOTH,DOUBLE_CLICK
20228,BOTH,DOUBLE_CLICK
20229,BOTH,DOUBLE_CLICK
20230,BOTH,DOUBLE_CLICK
20231,BOTH,DOUBLE_CLICK
20232,D1,D1_CLICK
20233,D1,D1_CLICK
20234,D1,D1_CLICK
20235,D1,D1_CLICK
20236,D1,D1_CLICK
20237,D1,D1_CLICK
20238,D1,D1_CLICK
20239,D1,D1_CLICK
20240,D1,D1_CLICK
20241,D1,D1_CLICK
20242,D1,D1_CLICK
20243,D1,D1_CLICK
20244,D1,D1_CLICK
20245,D1,D1_CLICK
20246,D1,D1_CLICK
20247,D1,D1_CLICK
20248,D1,D1_CLICK
20249,D1,D1_CLICK
20250,D1,D1_CLICK
20251,D1,D1_CLICK
20252,D1,D1_CLICK
20253,D1,D1_CLICK
20254,D1,D1_CLICK
20255,D1,D1_CLICK
20256,D1,D1_CLICK
20257,D1,D1_CLICK
20258,D1,D1_CLICK
20259,D1,D1_CLICK
20260,D1,D1_CLICK
20261,D1,D1_CLICK
20262,D1,D1_CLICK
20263,D1,D1_CLICK
20264,NONE,NO_CLICK
20265,NONE,NO_CLICK
20266,NONE,NO_CLICK
20267,NONE,NO_CLICK
20268,NONE,NO_CLICK
20269,NONE,NO_CLICK
20270,NONE,NO_CLICK
20271,NONE,NO_CLICK
20272,NONE,NO_CLICK
20273,NONE,NO_CLICK
20274,NONE,NO_CLICK
20275,NONE,NO_CLICK
20276,NONE,NO_CLICK
20277,NONE,NO_CLICK
20278,NONE,NO_CLICK
20279,NONE,NO_CLICK
20280,NONE,NO_CLICK
20281,NONE,NO_CLICK
20282,NONE,NO_CLICK
20283,NONE,NO_CLICK
20284,NONE,NO_CLICK
20285,NONE,NO_CLICK
20286,NONE,NO_CLICK
20287,NONE,NO_CLICK
20288,NONE,NO_CLICK
20289,NONE,NO_CLICK
20290,NONE,NO_CLICK
20291,NONE,NO_CLICK
20292,NONE,NO_CLICK
20293,NONE,NO_CLICK
20294,NONE,NO_CLICK
20295,NONE,NO_CLICK
20296,NONE,NO_CLICK
20297,NONE,NO_CLICK
20298,NONE,NO_CLICK
20299,NONE,NO_CLICK
20300,NONE,NO_CLICK
20301,NONE,NO_CLICK
20302,NONE,NO_CLICK
20303,NONE,NO_CLICK
20304,NONE,NO_CLICK
20305,NONE,NO_CLICK
20306,NONE,NO_CLICK
20307,NONE,NO_CLICK
20308,NONE,NO_CLICK
20309,NONE,NO_CLICK
20310,NONE,NO_CLICK
20311,NONE,NO_CLICK
20312,NONE,NO_CLICK
20313,NONE,NO_CLICK
20314,NONE,NO_CLICK
20315,NONE,NO_CLICK
20316,NONE,NO_CLICK
20317,NONE,NO_CLICK
20318,NONE,NO_CLICK
20319,NONE,NO_CLICK
20320,NONE,NO_CLICK
20321,NONE,NO_CLICK
20322,NONE,NO_CLICK
20323,NONE,NO_CLICK
20324,NONE,NO_CLICK
20325,NONE,NO_CLICK
20326,NONE,NO_CLICK
20327,NONE,NO_CLICK
20328,NONE,NO_CLICK
20329,NONE,NO_CLICK
20330,NONE,NO_CLICK
20331,NONE,NO_CLICK
20332,NONE,NO_CLICK
20333,NONE,NO_CLICK
20334,NONE,NO_CLICK
20335,NONE,NO_CLICK
20336,NONE,NO_CLICK
20337,NONE,NO_CLICK
20338,NONE,NO_CLICK
20339,NONE,NO_CLICK
20340,NONE,NO_CLICK
20341,NONE,NO_CLICK
20342,NONE,NO_CLICK
20343,NONE,NO_CLICK
20344,NONE,NO_CLICK
20345,NONE,NO_CLICK
20346,NONE,NO_CLICK
20347,NONE,NO_CLICK
20348,NONE,NO_CLICK
20349,NONE,NO_CLICK
20350,NONE,NO_CLICK
20351,NONE,NO_CLICK
20352,NONE,NO_CLICK
20353,NONE,NO_CLICK
20354,D2,D2_CLICK
20355,D2,D2_CLICK
20356,D2,D2_CLICK
20357,D2,D2_CLICK
20358,D2,D2_CLICK
20359,D2,D2_CLICK
20360,D2,D2_CLICK
20361,D2,D2_CLICK
20362,D2,D2_CLICK
20363,D2,D2_CLICK
20364,D2,D2_CLICK
20365,D2,D2_CLICK
20366,D2,D2_CLICK
20367,D2,D2_CLICK
20368,D2,D2_CLICK
20369,D2,D2_CLICK
20370,D2,D2_CLICK
20371,D2,D2_CLICK
20372,D2,D2_CLICK
20373,D2,D2_CLICK
20374,D2,D2_CLICK
20375,D2,D2_CLICK
20376,D2,D2_CLICK
20377,D2,D2_CLICK
20378,D2,D2_CLICK
20379,D2,D2_CLICK
20380,D2,D2_CLICK
20381,D2,D2_CLICK
20382,D2,D2_CLICK
20383,D2,D2_CLICK
20384,D2,D2_CLICK
20385,D2,D2_CLICK
20386,D2,D2_CLICK
20387,D2,D2_CLICK
20388,D2,D2_CLICK
20389,D2,D2_CLICK
20390,D2,D2_CLICK
20391,D2,D2_CLICK
20392,NONE,NO_CLICK
20393,NONE,NO_CLICK
20394,NONE,NO_CLICK
20395,NONE,NO_CLICK
20396,NONE,NO_CLICK
20397,NONE,NO_CLICK
20398,NONE,NO_CLICK
20399,NONE,NO_CLICK
20400,NONE,NO_CLICK
20401,NONE,NO_CLICK
20402,NONE,NO_CLICK
20403,NONE,NO_CLICK
20404,NONE,NO_CLICK
20405,NONE,NO_CLICK
20406,NONE,NO_CLICK
20407,NONE,NO_CLICK
20408,NONE,NO_CLICK
20409,NONE,NO_CLICK
20410,NONE,NO_CLICK
20411,NONE,NO_CLICK
20412,NONE,NO_CLICK
20413,NONE,NO_CLICK
20414,NONE,NO_CLICK
20415,NONE,NO_CLICK
20416,NONE,NO_CLICK
20417,NONE,NO_CLICK
20418,D1,D1_CLICK
20419,D1,D1_CLICK
20420,D1,D1_CLICK
20421,D1,D1_CLICK
20422,D1,D1_CLICK
20423,D1,D1_CLICK
20424,D1,D1_CLICK
20425,D1,D1_CLICK
20426,D1,D1_CLICK
20427,D1,D1_CLICK
20428,D1,D1_CLICK
20429,D1,D1_CLICK
20430,D1,D1_CLICK
20431,D1,D1_CLICK
20432,D1,D1_CLICK
20433,D1,D1_CLICK
20434,D1,D1_CLICK
20435,D1,D1_CLICK
20436,D1,D1_CLICK
20437,D1,D1_CLICK
20438,D1,D1_CLICK
20439,D1,D1_CLICK
20440,D1,D1_CLICK
20441,D1,D1_CLICK
20442,D1,D1_CLICK
20443,D1,D1_CLICK
20444,D1,D1_CLICK
20445,D1,D1_CLICK
20446,D1,D1_CLICK
20447,D1,D1_CLICK
20448,D1,D1_CLICK
20449,D1,D1_CLICK
20450,D1,D1_CLICK
20451,D1,D1_CLICK
20452,D1,D1_CLICK
20453,D1,D1_CLICK
20454,D1,D1_CLICK
20455,D1,D1_CLICK
20456,NONE,NO_CLICK
20457,NONE,NO_CLICK
20458,NONE,NO_CLICK
20459,NONE,NO_CLICK
20460,NONE,NO_CLICK
20461,NONE,NO_CLICK
20462,NONE,NO_CLICK
20463,NONE,NO_CLICK
20464,NONE,NO_CLICK
20465,NONE,NO_CLICK
20466,NONE,NO_CLICK
20467,NONE,NO_CLICK
20468,NONE,NO_CLICK
20469,NONE,NO_CLICK
20470,NONE,NO_CLICK
20471,NONE,NO_CLICK
20472,NONE,NO_CLICK
20473,NONE,NO_CLICK
20474,NONE,NO_CLICK
20475,NONE,NO_CLICK
20476,NONE,NO_CLICK
20477,NONE,NO_CLICK
20478,NONE,NO_CLICK
20479,NONE,NO_CLICK
20480,NONE,NO_CLICK
20481,NONE,NO_CLICK
20482,NONE,NO_CLICK
20483,NONE,NO_CLICK
20484,NONE,NO_CLICK
20485,NONE,NO_CLICK
20486,NONE,NO_CLICK
20487,NONE,NO_CLICK
20488,NONE,NO_CLICK
20489,NONE,NO_CLICK
20490,NONE,NO_CLICK
20491,NONE,NO_CLICK
20492,NONE,NO_CLICK
20493,NONE,NO_CLICK
20494,NONE,NO_CLICK
20495,NONE,NO_CLICK
20496,NONE,NO_CLICK
20497,NONE,NO_CLICK
20498,NONE,NO_CLICK
20499,NONE,NO_CLICK
20500,NONE,NO_CLICK
20501,NONE,NO_CLICK
20502,NONE,NO_CLICK
20503,NONE,NO_CLICK
20504,NONE,NO_CLICK
20505,NONE,NO_CLICK
20506,NONE,NO_CLICK
20507,NONE,NO_CLICK
20508,NONE,NO_CLICK
20509,NONE,NO_CLICK
20510,NONE,NO_CLICK
20511,NONE,NO_CLICK
20512,NONE,NO_CLICK
20513,NONE,NO_CLICK
20514,NONE,NO_CLICK
20515,NONE,NO_CLICK
20516,NONE,NO_CLICK
20517,NONE,NO_CLICK
20518,NONE,NO_CLICK
20519,NONE,NO_CLICK
20520,NONE,NO_CLICK
20521,NONE,NO_CLICK
20522,NONE,NO_CLICK
20523,NONE,NO_CLICK
20524,NONE,NO_CLICK
20525,NONE,NO_CLICK
20526,NONE,NO_CLICK
20527,NONE,NO_CLICK
20528,NONE,NO_CLICK
20529,NONE,NO_CLICK
20530,NONE,NO_CLICK
20531,NONE,NO_CLICK
20532,NONE,NO_CLICK
20533,NONE,NO_CLICK
20534,NONE,NO_CLICK
20535,NONE,NO_CLICK
20536,NONE,NO_CLICK
20537,NONE,NO_CLICK
20538,NONE,NO_CLICK
20539,NONE,NO_CLICK
20540,NONE,NO_CLICK
20541,NONE,NO_CLICK
20542,NONE,NO_CLICK
20543,NONE,NO_CLICK
20544,NONE,NO_CLICK
20545,NONE,NO_CLICK
20546,NONE,NO_CLICK
20547,NONE,NO_CLICK
20548,NONE,NO_CLICK
20549,NONE,NO_CLICK
20550,NONE,NO_CLICK
20551,NONE,NO_CLICK
20552,NONE,NO_CLICK
20553,NONE,NO_CLICK
20554,NONE,NO_CLICK
20555,NONE,NO_CLICK
20556,NONE,NO_CLICK
20557,NONE,NO_CLICK
20558,NONE,NO_CLICK
20559,NONE,NO_CLICK
20560,NONE,NO_CLICK
20561,NONE,NO_CLICK
20562,NONE,NO_CLICK
20563,NONE,NO_CLICK
20564,NONE,NO_CLICK
20565,NONE,NO_CLICK
20566,NONE,NO_CLICK
20567,NONE,NO_CLICK
20568,NONE,NO_CLICK
20569,NONE,NO_CLICK
20570,NONE,NO_CLICK
20571,NONE,NO_CLICK
20572,NONE,NO_CLICK
20573,NONE,NO_CLICK
20574,NONE,NO_CLICK
20575,NONE,NO_CLICK
20576,NONE,NO_CLICK
20577,NONE,NO_CLICK
20578,NONE,NO_CLICK
20579,NONE,NO_CLICK
20580,NONE,NO_CLICK
20581,NONE,NO_CLICK
20582,NONE,NO_CLICK
20583,NONE,NO_CLICK
20584,NONE,NO_CLICK
20585,NONE,NO_CLICK
20586,NONE,NO_CLICK
20587,NONE,NO_CLICK
20588,NONE,NO_CLICK
20589,NONE,NO_CLICK
20590,NONE,NO_CLICK
20591,NONE,NO_CLICK
20592,NONE,NO_CLICK
20593,NONE,NO_CLICK
20594,NONE,NO_CLICK
20595,NONE,NO_CLICK
20596,NONE,NO_CLICK
20597,NONE,NO_CLICK
20598,NONE,NO_CLICK
20599,NONE,NO_CLICK
20600,NONE,NO_CLICK
20601,NONE,NO_CLICK
20602,NONE,NO_CLICK
20603,NONE,NO_CLICK
20604,NONE,NO_CLICK
20605,NONE,NO_CLICK
20606,NONE,NO_CLICK
20607,NONE,NO_CLICK
20608,NONE,NO_CLICK
20609,NONE,NO_CLICK
20610,D2,D2_CLICK
20611,D2,D2_CLICK
20612,D2,D2_CLICK
20613,D2,D2_CLICK
20614,D2,D2_CLICK
20615,D2,D2_CLICK
20616,D2,D2_CLICK
20617,D2,D2_CLICK
20618,D2,D2_CLICK
20619,D2,D2_CLICK
20620,D2,D2_CLICK
20621,D2,D2_CLICK
20622,D2,D2_CLICK
20623,D2,D2_CLICK
20624,D2,D2_CLICK
20625,D2,D2_CLICK
20626,D2,D2_CLICK
20627,D2,D2_CLICK
20628,D2,D2_CLICK
20629,D2,D2_CLICK
20630,D2,D2_CLICK
20631,D2,D2_CLICK
20632,D2,D2_CLICK
20633,D2,D2_CLICK
20634,D2,D2_CLICK
20635,D2,D2_CLICK
20636,D2,D2_CLICK
20637,D2,D2_CLICK
20638,D2,D2_CLICK
20639,D2,D2_CLICK
20640,D2,D2_CLICK
20641,D2,D2_CLICK
20642,D2,D2_CLICK
20643,D2,D2_CLICK
20644,D2,D2_CLICK
20645,D2,D2_CLICK
20646,D2,D2_CLICK
20647,D2,D2_CLICK
20648,NONE,NO_CLICK
20649,NONE,NO_CLICK
20650,NONE,NO_CLICK
20651,NONE,NO_CLICK
20652,NONE,NO_CLICK
20653,NONE,NO_CLICK
20654,NONE,NO_CLICK
20655,NONE,NO_CLICK
20656,NONE,NO_CLICK
20657,NONE,NO_CLICK
20658,NONE,NO_CLICK
20659,NONE,NO_CLICK
20660,NONE,NO_CLICK
20661,NONE,NO_CLICK
20662,NONE,NO_CLICK
20663,NONE,NO_CLICK
20664,NONE,NO_CLICK
20665,NONE,NO_CLICK
20666,NONE,NO_CLICK
20667,NONE,NO_CLICK
20668,NONE,NO_CLICK
20669,NONE,NO_CLICK
20670,NONE,NO_CLICK
20671,NONE,NO_CLICK
20672,NONE,NO_CLICK
20673,NONE,NO_CLICK
20674,D2,D2_CLICK
20675,D2,D2_CLICK
20676,D2,D2_CLICK
20677,D2,D2_CLICK
20678,D2,D2_CLICK
20679,D2,D2_CLICK
20680,D2,D2_CLICK
20681,D2,D2_CLICK
20682,D2,D2_CLICK
20683,D2,D2_CLICK
20684,D2,D2_CLICK
20685,D2,D2_CLICK
20686,D2,D2_CLICK
20687,D2,D2_CLICK
20688,D2,D2_CLICK
20689,D2,D2_CLICK
20690,D2,D2_CLICK
20691,D2,D2_CLICK
20692,D2,D2_CLICK
20693,D2,D2_CLICK
20694,D2,D2_CLICK
20695,D2,D2_CLICK
20696,D2,D2_CLICK
20697,D2,D2_CLICK
20698,D2,D2_CLICK
20699,D2,D2_CLICK
20700,D2,D2_CLICK
20701,D2,D2_CLICK
20702,D2,D2_CLICK
20703,D2,D2_CLICK
20704,D2,D2_CLICK
20705,D2,D2_CLICK
20706,D2,D2_CLICK
20707,D2,D2_CLICK
20708,D2,D2_CLICK
20709,D2,D2_CLICK
20710,D2,D2_CLICK
20711,D2,D2_CLICK
20712,NONE,NO_CLICK
20713,NONE,NO_CLICK
20714,NONE,NO_CLICK
20715,NONE,NO_CLICK
20716,NONE,NO_CLICK
20717,NONE,NO_CLICK
20718,NONE,NO_CLICK
20719,NONE,NO_CLICK
20720,NONE,NO_CLICK
20721,NONE,NO_CLICK
20722,NONE,NO_CLICK
20723,NONE,NO_CLICK
20724,NONE,NO_CLICK
20725,NONE,NO_CLICK
20726,NONE,NO_CLICK
20727,NONE,NO_CLICK
20728,NONE,NO_CLICK
20729,NONE,NO_CLICK
20730,NONE,NO_CLICK
20731,NONE,NO_CLICK
20732,NONE,NO_CLICK
20733,NONE,NO_CLICK
20734,NONE,NO_CLICK
20735,NONE,NO_CLICK
20736,NONE,NO_CLICK
20737,NONE,NO_CLICK
20738,NONE,NO_CLICK
20739,NONE,NO_CLICK
20740,NONE,NO_CLICK
20741,NONE,NO_CLICK
20742,NONE,NO_CLICK
20743,NONE,NO_CLICK
20744,NONE,NO_CLICK
20745,NONE,NO_CLICK
20746,NONE,NO_CLICK
20747,NONE,NO_CLICK
20748,NONE,NO_CLICK
20749,NONE,NO_CLICK
20750,NONE,NO_CLICK
20751,NONE,NO_CLICK
20752,NONE,NO_CLICK
20753,NONE,NO_CLICK
20754,NONE,NO_CLICK
20755,NONE,NO_CLICK
20756,NONE,NO_CLICK
20757,NONE,NO_CLICK
20758,NONE,NO_CLICK
20759,NONE,NO_CLICK
20760,NONE,NO_CLICK
20761,NONE,NO_CLICK
20762,NONE,NO_CLICK
20763,NONE,NO_CLICK
20764,NONE,NO_CLICK
20765,NONE,NO_CLICK
20766,NONE,NO_CLICK
20767,NONE,NO_CLICK
20768,NONE,NO_CLICK
20769,NONE,NO_CLICK
20770,D1,D1_CLICK
20771,D1,D1_CLICK
20772,D1,D1_CLICK
20773,D1,D1_CLICK
20774,D1,D1_CLICK
20775,D1,D1_CLICK
20776,D1,D1_CLICK
20777,D1,D1_CLICK
20778,D1,D1_CLICK
20779,D1,D1_CLICK
20780,D1,D1_CLICK
20781,D1,D1_CLICK
20782,D1,D1_CLICK
20783,D1,D1_CLICK
20784,D1,D1_CLICK
20785,D1,D1_CLICK
20786,D1,D1_CLICK
20787,D1,D1_CLICK
20788,D1,D1_CLICK
20789,D1,D1_CLICK
20790,D1,D1_CLICK
20791,D1,D1_CLICK
20792,D1,D1_CLICK
20793,D1,D1_CLICK
20794,D1,D1_CLICK
20795,D1,D1_CLICK
20796,D1,D1_CLICK
20797,D1,D1_CLICK
20798,D1,D1_CLICK
20799,D1,D1_CLICK
20800,D1,D1_CLICK
20801,D1,D1_CLICK
20802,D1,D1_CLICK
20803,D1,D1_CLICK
20804,D1,D1_CLICK
20805,D1,D1_CLICK
20806,D1,D1_CLICK
20807,D1,D1_CLICK
20808,NONE,NO_CLICK
20809,NONE,NO_CLICK
20810,NONE,NO_CLICK
20811,NONE,NO_CLICK
20812,NONE,NO_CLICK
20813,NONE,NO_CLICK
20814,NONE,NO_CLICK
20815,NONE,NO_CLICK
20816,NONE,NO_CLICK
20817,NONE,NO_CLICK
20818,NONE,NO_CLICK
20819,NONE,NO_CLICK
20820,NONE,NO_CLICK
20821,NONE,NO_CLICK
20822,NONE,NO_CLICK
20823,NONE,NO_CLICK
20824,NONE,NO_CLICK
20825,NONE,NO_CLICK
20826,NONE,NO_CLICK
20827,NONE,NO_CLICK
20828,NONE,NO_CLICK
20829,NONE,NO_CLICK
20830,NONE,NO_CLICK
20831,NONE,NO_CLICK
20832,NONE,NO_CLICK
20833,NONE,NO_CLICK
20834,NONE,NO_CLICK
20835,NONE,NO_CLICK
20836,NONE,NO_CLICK
20837,NONE,NO_CLICK
20838,NONE,NO_CLICK
20839,NONE,NO_CLICK
20840,NONE,NO_CLICK
20841,NONE,NO_CLICK
20842,NONE,NO_CLICK
20843,NONE,NO_CLICK
20844,NONE,NO_CLICK
20845,NONE,NO_CLICK
20846,NONE,NO_CLICK
20847,NONE,NO_CLICK
20848,NONE,NO_CLICK
20849,NONE,NO_CLICK
20850,NONE,NO_CLICK
20851,NONE,NO_CLICK
20852,NONE,NO_CLICK
20853,NONE,NO_CLICK
20854,NONE,NO_CLICK
20855,NONE,NO_CLICK
20856,NONE,NO_CLICK
20857,NONE,NO_CLICK
20858,NONE,NO_CLICK
20859,NONE,NO_CLICK
20860,NONE,NO_CLICK
20861,NONE,NO_CLICK
20862,NONE,NO_CLICK
20863,NONE,NO_CLICK
20864,NONE,NO_CLICK
20865,NONE,NO_CLICK
20866,NONE,NO_CLICK
20867,NONE,NO_CLICK
20868,NONE,NO_CLICK
20869,NONE,NO_CLICK
20870,NONE,NO_CLICK
20871,NONE,NO_CLICK
20872,NONE,NO_CLICK
20873,NONE,NO_CLICK
20874,NONE,NO_CLICK
20875,NONE,NO_CLICK
20876,NONE,NO_CLICK
20877,NONE,NO_CLICK
20878,NONE,NO_CLICK
20879,NONE,NO_CLICK
20880,NONE,NO_CLICK
20881,NONE,NO_CLICK
20882,NONE,NO_CLICK
20883,NONE,NO_CLICK
20884,NONE,NO_CLICK
20885,NONE,NO_CLICK
20886,NONE,NO_CLICK
20887,NONE,NO_CLICK
20888,NONE,NO_CLICK
20889,NONE,NO_CLICK
20890,NONE,NO_CLICK
20891,NONE,NO_CLICK
20892,NONE,NO_CLICK
20893,NONE,NO_CLICK
20894,NONE,NO_CLICK
20895,NONE,NO_CLICK
20896,NONE,NO_CLICK
20897,NONE,NO_CLICK
20898,NONE,NO_CLICK
20899,NONE,NO_CLICK
20900,NONE,NO_CLICK
20901,NONE,NO_CLICK
20902,NONE,NO_CLICK
20903,NONE,NO_CLICK
20904,NONE,NO_CLICK
20905,NONE,NO_CLICK
20906,NONE,NO_CLICK
20907,NONE,NO_CLICK
20908,NONE,NO_CLICK
20909,NONE,NO_CLICK
20910,NONE,NO_CLICK
20911,NONE,NO_CLICK
20912,NONE,NO_CLICK
20913,NONE,NO_CLICK
20914,NONE,NO_CLICK
20915,NONE,NO_CLICK
20916,NONE,NO_CLICK
20917,NONE,NO_CLICK
20918,NONE,NO_CLICK
20919,NONE,NO_CLICK
20920,NONE,NO_CLICK
20921,NONE,NO_CLICK
20922,NONE,NO_CLICK
20923,NONE,NO_CLICK
20924,NONE,NO_CLICK
20925,NONE,NO_CLICK
20926,NONE,NO_CLICK
20927,NONE,NO_CLICK
20928,NONE,NO_CLICK
20929,NONE,NO_CLICK
20930,NONE,NO_CLICK
20931,NONE,NO_CLICK
20932,NONE,NO_CLICK
20933,NONE,NO_CLICK
20934,NONE,NO_CLICK
20935,NONE,NO_CLICK
20936,NONE,NO_CLICK
20937,NONE,NO_CLICK
20938,NONE,NO_CLICK
20939,NONE,NO_CLICK
20940,NONE,NO_CLICK
20941,NONE,NO_CLICK
20942,NONE,NO_CLICK
20943,NONE,NO_CLICK
20944,NONE,NO_CLICK
20945,NONE,NO_CLICK
20946,NONE,NO_CLICK
20947,NONE,NO_CLICK
20948,NONE,NO_CLICK
20949,NONE,NO_CLICK
20950,NONE,NO_CLICK
20951,NONE,NO_CLICK
20952,NONE,NO_CLICK
20953,NONE,NO_CLICK
20954,NONE,NO_CLICK
20955,NONE,NO_CLICK
20956,NONE,NO_CLICK
20957,NONE,NO_CLICK
20958,NONE,NO_CLICK
20959,NONE,NO_CLICK
20960,NONE,NO_CLICK
20961,NONE,NO_CLICK
20962,NONE,NO_CLICK
20963,NONE,NO_CLICK
20964,NONE,NO_CLICK
20965,NONE,NO_CLICK
20966,NONE,NO_CLICK
20967,NONE,NO_CLICK
20968,NONE,NO_CLICK
20969,NONE,NO_CLICK
20970,NONE,NO_CLICK
20971,NONE,NO_CLICK
20972,NONE,NO_CLICK
20973,NONE,NO_CLICK
20974,NONE,NO_CLICK
20975,NONE,NO_CLICK
20976,NONE,NO_CLICK
20977,NONE,NO_CLICK
20978,NONE,NO_CLICK
20979,NONE,NO_CLICK
20980,NONE,NO_CLICK
20981,NONE,NO_CLICK
20982,NONE,NO_CLICK
20983,NONE,NO_CLICK
20984,NONE,NO_CLICK
20985,NONE,NO_CLICK
20986,NONE,NO_CLICK
20987,NONE,NO_CLICK
20988,NONE,NO_CLICK
20989,NONE,NO_CLICK
20990,NONE,NO_CLICK
20991,NONE,NO_CLICK
20992,NONE,NO_CLICK
20993,NONE,NO_CLICK
20994,NONE,NO_CLICK
20995,NONE,NO_CLICK
20996,NONE,NO_CLICK
20997,NONE,NO_CLICK
20998,NONE,NO_CLICK
20999,NONE,NO_CLICK
21000,NONE,NO_CLICK
21001,NONE,NO_CLICK
21002,NONE,NO_CLICK
21003,NONE,NO_CLICK
21004,NONE,NO_CLICK
21005,NONE,NO_CLICK
21006,NONE,NO_CLICK
21007,NONE,NO_CLICK
21008,NONE,NO_CLICK
21009,NONE,NO_CLICK
21010,NONE,NO_CLICK
21011,NONE,NO_CLICK
21012,NONE,NO_CLICK
21013,NONE,NO_CLICK
21014,NONE,NO_CLICK
21015,NONE,NO_CLICK
21016,NONE,NO_CLICK
21017,NONE,NO_CLICK
21018,NONE,NO_CLICK
21019,NONE,NO_CLICK
21020,NONE,NO_CLICK
21021,NONE,NO_CLICK
21022,NONE,NO_CLICK
21023,NONE,NO_CLICK
21024,NONE,NO_CLICK
21025,NONE,NO_CLICK
21026,D2,D2_CLICK
21027,D2,D2_CLICK
21028,D2,D2_CLICK
21029,D2,D2_CLICK
21030,D2,D2_CLICK
21031,D2,D2_CLICK
21032,D2,D2_CLICK
21033,D2,D2_CLICK
21034,D2,D2_CLICK
21035,D2,D2_CLICK
21036,D2,D2_CLICK
21037,D2,D2_CLICK
21038,D2,D2_CLICK
21039,D2,D2_CLICK
21040,D2,D2_CLICK
21041,D2,D2_CLICK
21042,D2,D2_CLICK
21043,D2,D2_CLICK
21044,D2,D2_CLICK
21045,D2,D2_CLICK
21046,D2,D2_CLICK
21047,D2,D2_CLICK
21048,D2,D2_CLICK
21049,D2,D2_CLICK
21050,D2,D2_CLICK
21051,D2,D2_CLICK
21052,D2,D2_CLICK
21053,D2,D2_CLICK
21054,D2,D2_CLICK
21055,D2,D2_CLICK
21056,D2,D2_CLICK
21057,D2,D2_CLICK
21058,D2,D2_CLICK
21059,D2,D2_CLICK
21060,D2,D2_CLICK
21061,D2,D2_CLICK
21062,D2,D2_CLICK
21063,D2,D2_CLICK
21064,NONE,NO_CLICK
21065,NONE,NO_CLICK
21066,NONE,NO_CLICK
21067,NONE,NO_CLICK
21068,NONE,NO_CLICK
21069,NONE,NO_CLICK
21070,NONE,NO_CLICK
21071,NONE,NO_CLICK
21072,NONE,NO_CLICK
21073,NONE,NO_CLICK
21074,NONE,NO_CLICK
21075,NONE,NO_CLICK
21076,NONE,NO_CLICK
21077,NONE,NO_CLICK
21078,NONE,NO_CLICK
21079,NONE,NO_CLICK
21080,NONE,NO_CLICK
21081,NONE,NO_CLICK
21082,NONE,NO_CLICK
21083,NONE,NO_CLICK
21084,NONE,NO_CLICK
21085,NONE,NO_CLICK
21086,NONE,NO_CLICK
21087,NONE,NO_CLICK
21088,NONE,NO_CLICK
21089,NONE,NO_CLICK
21090,D1,D1_CLICK
21091,D1,D1_CLICK
21092,D1,D1_CLICK
21093,D1,D1_CLICK
21094,D1,D1_CLICK
21095,D1,D1_CLICK
21096,D1,D1_CLICK
21097,D1,D1_CLICK
21098,D1,D1_CLICK
21099,D1,D1_CLICK
21100,D1,D1_CLICK
21101,D1,D1_CLICK
21102,D1,D1_CLICK
21103,D1,D1_CLICK
21104,D1,D1_CLICK
21105,D1,D1_CLICK
21106,D1,D1_CLICK
21107,D1,D1_CLICK
21108,D1,D1_CLICK
21109,D1,D1_CLICK
21110,D1,D1_CLICK
21111,D1,D1_CLICK
21112,D1,D1_CLICK
21113,D1,D1_CLICK
21114,D1,D1_CLICK
21115,D1,D1_CLICK
21116,D1,D1_CLICK
21117,D1,D1_CLICK
21118,D1,D1_CLICK
21119,D1,D1_CLICK
21120,D1,D1_CLICK
21121,D1,D1_CLICK
21122,D1,D1_CLICK
21123,D1,D1_CLICK
21124,D1,D1_CLICK
21125,D1,D1_CLICK
21126,D1,D1_CLICK
21127,D1,D1_CLICK
21128,NONE,NO_CLICK
21129,NONE,NO_CLICK
21130,NONE,NO_CLICK
21131,NONE,NO_CLICK
21132,NONE,NO_CLICK
21133,NONE,NO_CLICK
21134,NONE,NO_CLICK
21135,NONE,NO_CLICK
21136,NONE,NO_CLICK
21137,NONE,NO_CLICK
21138,NONE,NO_CLICK
21139,NONE,NO_CLICK
21140,NONE,NO_CLICK
21141,NONE,NO_CLICK
21142,NONE,NO_CLICK
21143,NONE,NO_CLICK
21144,NONE,NO_CLICK
21145,NONE,NO_CLICK
21146,NONE,NO_CLICK
21147,NONE,NO_CLICK
21148,NONE,NO_CLICK
21149,NONE,NO_CLICK
21150,NONE,NO_CLICK
21151,NONE,NO_CLICK
21152,NONE,NO_CLICK
21153,NONE,NO_CLICK
21154,NONE,NO_CLICK
21155,NONE,NO_CLICK
21156,NONE,NO_CLICK
21157,NONE,NO_CLICK
21158,NONE,NO_CLICK
21159,NONE,NO_CLICK
21160,NONE,NO_CLICK
21161,NONE,NO_CLICK
21162,NONE,NO_CLICK
21163,NONE,NO_CLICK
21164,NONE,NO_CLICK
21165,NONE,NO_CLICK
21166,NONE,NO_CLICK
21167,NONE,NO_CLICK
21168,NONE,NO_CLICK
21169,NONE,NO_CLICK
21170,NONE,NO_CLICK
21171,NONE,NO_CLICK
21172,NONE,NO_CLICK
21173,NONE,NO_CLICK
21174,NONE,NO_CLICK
21175,NONE,NO_CLICK
21176,NONE,NO_CLICK
21177,NONE,NO_CLICK
21178,NONE,NO_CLICK
21179,NONE,NO_CLICK
21180,NONE,NO_CLICK
21181,NONE,NO_CLICK
21182,NONE,NO_CLICK
21183,NONE,NO_CLICK
21184,NONE,NO_CLICK
21185,NONE,NO_CLICK
21186,NONE,NO_CLICK
21187,NONE,NO_CLICK
21188,NONE,NO_CLICK
21189,NONE,NO_CLICK
21190,NONE,NO_CLICK
21191,NONE,NO_CLICK
21192,NONE,NO_CLICK
21193,NONE,NO_CLICK
21194,NONE,NO_CLICK
21195,NONE,NO_CLICK
21196,NONE,NO_CLICK
21197,NONE,NO_CLICK
21198,NONE,NO_CLICK
21199,NONE,NO_CLICK
21200,NONE,NO_CLICK
21201,NONE,NO_CLICK
21202,NONE,NO_CLICK
21203,NONE,NO_CLICK
21204,NONE,NO_CLICK
21205,NONE,NO_CLICK
21206,NONE,NO_CLICK
21207,NONE,NO_CLICK
21208,NONE,NO_CLICK
21209,NONE,NO_CLICK
21210,NONE,NO_CLICK
21211,NONE,NO_CLICK
21212,NONE,NO_CLICK
21213,NONE,NO_CLICK
21214,NONE,NO_CLICK
21215,NONE,NO_CLICK
21216,NONE,NO_CLICK
21217,NONE,NO_CLICK
21218,NONE,NO_CLICK
21219,NONE,NO_CLICK
21220,NONE,NO_CLICK
21221,NONE,NO_CLICK
21222,NONE,NO_CLICK
21223,NONE,NO_CLICK
21224,NONE,NO_CLICK
21225,NONE,NO_CLICK
21226,NONE,NO_CLICK
21227,NONE,NO_CLICK
21228,NONE,NO_CLICK
21229,NONE,NO_CLICK
21230,NONE,NO_CLICK
21231,NONE,NO_CLICK
21232,NONE,NO_CLICK
21233,NONE,NO_CLICK
21234,NONE,NO_CLICK
21235,NONE,NO_CLICK
21236,NONE,NO_CLICK
21237,NONE,NO_CLICK
21238,NONE,NO_CLICK
21239,NONE,NO_CLICK
21240,NONE,NO_CLICK
21241,NONE,NO_CLICK
21242,NONE,NO_CLICK
21243,NONE,NO_CLICK
21244,NONE,NO_CLICK
21245,NONE,NO_CLICK
21246,NONE,NO_CLICK
21247,NONE,NO_CLICK
21248,NONE,NO_CLICK
21249,NONE,NO_CLICK
21250,NONE,NO_CLICK
21251,NONE,NO_CLICK
21252,NONE,NO_CLICK
21253,NONE,NO_CLICK
21254,NONE,NO_CLICK
21255,NONE,NO_CLICK
21256,NONE,NO_CLICK
21257,NONE,NO_CLICK
21258,NONE,NO_CLICK
21259,NONE,NO_CLICK
21260,NONE,NO_CLICK
21261,NONE,NO_CLICK
21262,NONE,NO_CLICK
21263,NONE,NO_CLICK
21264,NONE,NO_CLICK
21265,NONE,NO_CLICK
21266,NONE,NO_CLICK
21267,NONE,NO_CLICK
21268,NONE,NO_CLICK
21269,NONE,NO_CLICK
21270,NONE,NO_CLICK
21271,NONE,NO_CLICK
21272,NONE,NO_CLICK
21273,NONE,NO_CLICK
21274,NONE,NO_CLICK
21275,NONE,NO_CLICK
21276,NONE,NO_CLICK
21277,NONE,NO_CLICK
21278,NONE,NO_CLICK
21279,NONE,NO_CLICK
21280,NONE,NO_CLICK
21281,NONE,NO_CLICK
21282,NONE,NO_CLICK
21283,NONE,NO_CLICK
21284,NONE,NO_CLICK
21285,NONE,NO_CLICK
21286,NONE,NO_CLICK
21287,NONE,NO_CLICK
21288,NONE,NO_CLICK
21289,NONE,NO_CLICK
21290,NONE,NO_CLICK
21291,NONE,NO_CLICK
21292,NONE,NO_CLICK
21293,NONE,NO_CLICK
21294,NONE,NO_CLICK
21295,NONE,NO_CLICK
21296,NONE,NO_CLICK
21297,NONE,NO_CLICK
21298,NONE,NO_CLICK
21299,NONE,NO_CLICK
21300,NONE,NO_CLICK
21301,NONE,NO_CLICK
21302,NONE,NO_CLICK
21303,NONE,NO_CLICK
21304,NONE,NO_CLICK
21305,NONE,NO_CLICK
21306,NONE,NO_CLICK
21307,NONE,NO_CLICK
21308,NONE,NO_CLICK
21309,NONE,NO_CLICK
21310,NONE,NO_CLICK
21311,NONE,NO_CLICK
21312,NONE,NO_CLICK
21313,NONE,NO_CLICK
21314,NONE,NO_CLICK
21315,NONE,NO_CLICK
21316,NONE,NO_CLICK
21317,NONE,NO_CLICK
21318,NONE,NO_CLICK
21319,NONE,NO_CLICK
21320,NONE,NO_CLICK
21321,NONE,NO_CLICK
21322,NONE,NO_CLICK
21323,NONE,NO_CLICK
21324,NONE,NO_CLICK
21325,NONE,NO_CLICK
21326,NONE,NO_CLICK
21327,NONE,NO_CLICK
21328,NONE,NO_CLICK
21329,NONE,NO_CLICK
21330,NONE,NO_CLICK
21331,NONE,NO_CLICK
21332,NONE,NO_CLICK
21333,NONE,NO_CLICK
21334,NONE,NO_CLICK
21335,NONE,NO_CLICK
21336,NONE,NO_CLICK
21337,NONE,NO_CLICK
21338,NONE,NO_CLICK
21339,NONE,NO_CLICK
21340,NONE,NO_CLICK
21341,NONE,NO_CLICK
21342,NONE,NO_CLICK
21343,NONE,NO_CLICK
21344,NONE,NO_CLICK
21345,NONE,NO_CLICK
21346,NONE,NO_CLICK
21347,NONE,NO_CLICK
21348,NONE,NO_CLICK
21349,NONE,NO_CLICK
21350,NONE,NO_CLICK
21351,NONE,NO_CLICK
21352,NONE,NO_CLICK
21353,NONE,NO_CLICK
21354,NONE,NO_CLICK
21355,NONE,NO_CLICK
21356,NONE,NO_CLICK
21357,NONE,NO_CLICK
21358,NONE,NO_CLICK
21359,NONE,NO_CLICK
21360,NONE,NO_CLICK
21361,NONE,NO_CLICK
21362,NONE,NO_CLICK
21363,NONE,NO_CLICK
21364,NONE,NO_CLICK
21365,NONE,NO_CLICK
21366,NONE,NO_CLICK
21367,NONE,NO_CLICK
21368,NONE,NO_CLICK
21369,NONE,NO_CLICK
21370,NONE,NO_CLICK
21371,NONE,NO_CLICK
21372,NONE,NO_CLICK
21373,NONE,NO_CLICK
21374,NONE,NO_CLICK
21375,NONE,NO_CLICK
21376,NONE,NO_CLICK
21377,NONE,NO_CLICK
21378,NONE,NO_CLICK
21379,NONE,NO_CLICK
21380,NONE,NO_CLICK
21381,NONE,NO_CLICK
21382,NONE,NO_CLICK
21383,NONE,NO_CLICK
21384,NONE,NO_CLICK
21385,NONE,NO_CLICK
21386,NONE,NO_CLICK
21387,NONE,NO_CLICK
21388,NONE,NO_CLICK
21389,NONE,NO_CLICK
21390,NONE,NO_CLICK
21391,NONE,NO_CLICK
21392,NONE,NO_CLICK
21393,NONE,NO_CLICK
21394,NONE,NO_CLICK
21395,NONE,NO_CLICK
21396,NONE,NO_CLICK
21397,NONE,NO_CLICK
21398,NONE,NO_CLICK
21399,NONE,NO_CLICK
21400,NONE,NO_CLICK
21401,NONE,NO_CLICK
21402,NONE,NO_CLICK
21403,NONE,NO_CLICK
21404,NONE,NO_CLICK
21405,NONE,NO_CLICK
21406,NONE,NO_CLICK
21407,NONE,NO_CLICK
21408,NONE,NO_CLICK
21409,NONE,NO_CLICK
21410,NONE,NO_CLICK
21411,NONE,NO_CLICK
21412,NONE,NO_CLICK
21413,NONE,NO_CLICK
21414,NONE,NO_CLICK
21415,NONE,NO_CLICK
21416,NONE,NO_CLICK
21417,NONE,NO_CLICK
21418,NONE,NO_CLICK
21419,NONE,NO_CLICK
21420,NONE,NO_CLICK
21421,NONE,NO_CLICK
21422,NONE,NO_CLICK
21423,NONE,NO_CLICK
21424,NONE,NO_CLICK
21425,NONE,NO_CLICK
21426,NONE,NO_CLICK
21427,NONE,NO_CLICK
21428,NONE,NO_CLICK
21429,NONE,NO_CLICK
21430,NONE,NO_CLICK
21431,NONE,NO_CLICK
21432,NONE,NO_CLICK
21433,NONE,NO_CLICK
21434,NONE,NO_CLICK
21435,NONE,NO_CLICK
21436,NONE,NO_CLICK
21437,NONE,NO_CLICK
21438,NONE,NO_CLICK
21439,NONE,NO_CLICK
21440,NONE,NO_CLICK
21441,NONE,NO_CLICK
21442,NONE,NO_CLICK
21443,NONE,NO_CLICK
21444,NONE,NO_CLICK
21445,NONE,NO_CLICK
21446,NONE,NO_CLICK
21447,NONE,NO_CLICK
21448,NONE,NO_CLICK
21449,NONE,NO_CLICK
21450,NONE,NO_CLICK
21451,NONE,NO_CLICK
21452,NONE,NO_CLICK
21453,NONE,NO_CLICK
21454,NONE,NO_CLICK
21455,NONE,NO_CLICK
21456,NONE,NO_CLICK
21457,NONE,NO_CLICK
21458,NONE,NO_CLICK
21459,NONE,NO_CLICK
21460,NONE,NO_CLICK
21461,NONE,NO_CLICK
21462,NONE,NO_CLICK
21463,NONE,NO_CLICK
21464,NONE,NO_CLICK
21465,NONE,NO_CLICK
21466,NONE,NO_CLICK
21467,NONE,NO_CLICK
21468,NONE,NO_CLICK
21469,NONE,NO_CLICK
21470,NONE,NO_CLICK
21471,NONE,NO_CLICK
21472,NONE,NO_CLICK
21473,NONE,NO_CLICK
21474,D1,D1_CLICK
21475,D1,D1_CLICK
21476,D1,D1_CLICK
21477,D1,D1_CLICK
21478,D1,D1_CLICK
21479,D1,D1_CLICK
21480,D1,D1_CLICK
21481,D1,D1_CLICK
21482,D1,D1_CLICK
21483,D1,D1_CLICK
21484,D1,D1_CLICK
21485,D1,D1_CLICK
21486,D1,D1_CLICK
21487,D1,D1_CLICK
21488,D1,D1_CLICK
21489,D1,D1_CLICK
21490,D1,D1_CLICK
21491,D1,D1_CLICK
21492,D1,D1_CLICK
21493,D1,D1_CLICK
21494,D1,D1_CLICK
21495,D1,D1_CLICK
21496,D1,D1_CLICK
21497,D1,D1_CLICK
21498,D1,D1_CLICK
21499,D1,D1_CLICK
21500,D1,D1_CLICK
21501,D1,D1_CLICK
21502,D1,D1_CLICK
21503,D1,D1_CLICK
21504,D1,D1_CLICK
21505,D1,D1_CLICK
21506,D1,D1_CLICK
21507,D1,D1_CLICK
21508,D1,D1_CLICK
21509,D1,D1_CLICK
21510,D1,D1_CLICK
21511,D1,D1_CLICK
21512,NONE,NO_CLICK
21513,NONE,NO_CLICK
21514,NONE,NO_CLICK
21515,NONE,NO_CLICK
21516,NONE,NO_CLICK
21517,NONE,NO_CLICK
21518,NONE,NO_CLICK
21519,NONE,NO_CLICK
21520,NONE,NO_CLICK
21521,NONE,NO_CLICK
21522,NONE,NO_CLICK
21523,NONE,NO_CLICK
21524,NONE,NO_CLICK
21525,NONE,NO_CLICK
21526,NONE,NO_CLICK
21527,NONE,NO_CLICK
21528,NONE,NO_CLICK
21529,NONE,NO_CLICK
21530,NONE,NO_CLICK
21531,NONE,NO_CLICK
21532,NONE,NO_CLICK
21533,NONE,NO_CLICK
21534,NONE,NO_CLICK
21535,NONE,NO_CLICK
21536,NONE,NO_CLICK
21537,NONE,NO_CLICK
21538,NONE,NO_CLICK
21539,NONE,NO_CLICK
21540,NONE,NO_CLICK
21541,NONE,NO_CLICK
21542,NONE,NO_CLICK
21543,NONE,NO_CLICK
21544,NONE,NO_CLICK
21545,NONE,NO_CLICK
21546,NONE,NO_CLICK
21547,NONE,NO_CLICK
21548,NONE,NO_CLICK
21549,NONE,NO_CLICK
21550,NONE,NO_CLICK
21551,NONE,NO_CLICK
21552,NONE,NO_CLICK
21553,NONE,NO_CLICK
21554,NONE,NO_CLICK
21555,NONE,NO_CLICK
21556,NONE,NO_CLICK
21557,NONE,NO_CLICK
21558,NONE,NO_CLICK
21559,NONE,NO_CLICK
21560,NONE,NO_CLICK
21561,NONE,NO_CLICK
21562,NONE,NO_CLICK
21563,NONE,NO_CLICK
21564,NONE,NO_CLICK
21565,NONE,NO_CLICK
21566,NONE,NO_CLICK
21567,NONE,NO_CLICK
21568,NONE,NO_CLICK
21569,NONE,NO_CLICK
21570,NONE,NO_CLICK
21571,NONE,NO_CLICK
21572,NONE,NO_CLICK
21573,NONE,NO_CLICK
21574,NONE,NO_CLICK
21575,NONE,NO_CLICK
21576,NONE,NO_CLICK
21577,NONE,NO_CLICK
21578,NONE,NO_CLICK
21579,NONE,NO_CLICK
21580,NONE,NO_CLICK
21581,NONE,NO_CLICK
21582,NONE,NO_CLICK
21583,NONE,NO_CLICK
21584,NONE,NO_CLICK
21585,NONE,NO_CLICK
21586,NONE,NO_CLICK
21587,NONE,NO_CLICK
21588,NONE,NO_CLICK
21589,NONE,NO_CLICK
21590,NONE,NO_CLICK
21591,NONE,NO_CLICK
21592,NONE,NO_CLICK
21593,NONE,NO_CLICK
21594,NONE,NO_CLICK
21595,NONE,NO_CLICK
21596,NONE,NO_CLICK
21597,NONE,NO_CLICK
21598,NONE,NO_CLICK
21599,NONE,NO_CLICK
21600,NONE,NO_CLICK
21601,NONE,NO_CLICK
21602,NONE,NO_CLICK
21603,NONE,NO_CLICK
21604,NONE,NO_CLICK
21605,NONE,NO_CLICK
21606,NONE,NO_CLICK
21607,NONE,NO_CLICK
21608,NONE,NO_CLICK
21609,NONE,NO_CLICK
21610,NONE,NO_CLICK
21611,NONE,NO_CLICK
21612,NONE,NO_CLICK
21613,NONE,NO_CLICK
21614,NONE,NO_CLICK
21615,NONE,NO_CLICK
21616,NONE,NO_CLICK
21617,NONE,NO_CLICK
21618,NONE,NO_CLICK
21619,NONE,NO_CLICK
21620,NONE,NO_CLICK
21621,NONE,NO_CLICK
21622,NONE,NO_CLICK
21623,NONE,NO_CLICK
21624,NONE,NO_CLICK
21625,NONE,NO_CLICK
21626,NONE,NO_CLICK
21627,NONE,NO_CLICK
21628,NONE,NO_CLICK
21629,NONE,NO_CLICK
21630,NONE,NO_CLICK
21631,NONE,NO_CLICK
21632,NONE,NO_CLICK
21633,NONE,NO_CLICK
21634,NONE,NO_CLICK
21635,NONE,NO_CLICK
21636,NONE,NO_CLICK
21637,NONE,NO_CLICK
21638,NONE,NO_CLICK
21639,NONE,NO_CLICK
21640,NONE,NO_CLICK
21641,NONE,NO_CLICK
21642,NONE,NO_CLICK
21643,NONE,NO_CLICK
21644,NONE,NO_CLICK
21645,NONE,NO_CLICK
21646,NONE,NO_CLICK
21647,NONE,NO_CLICK
21648,NONE,NO_CLICK
21649,NONE,NO_CLICK
21650,NONE,NO_CLICK
21651,NONE,NO_CLICK
21652,NONE,NO_CLICK
21653,NONE,NO_CLICK
21654,NONE,NO_CLICK
21655,NONE,NO_CLICK
21656,NONE,NO_CLICK
21657,NONE,NO_CLICK
21658,NONE,NO_CLICK
21659,NONE,NO_CLICK
21660,NONE,NO_CLICK
21661,NONE,NO_CLICK
21662,NONE,NO_CLICK
21663,NONE,NO_CLICK
21664,NONE,NO_CLICK
21665,NONE,NO_CLICK
21666,NONE,NO_CLICK
21667,NONE,NO_CLICK
21668,NONE,NO_CLICK
21669,NONE,NO_CLICK
21670,NONE,NO_CLICK
21671,NONE,NO_CLICK
21672,NONE,NO_CLICK
21673,NONE,NO_CLICK
21674,NONE,NO_CLICK
21675,NONE,NO_CLICK
21676,NONE,NO_CLICK
21677,NONE,NO_CLICK
21678,NONE,NO_CLICK
21679,NONE,NO_CLICK
21680,NONE,NO_CLICK
21681,NONE,NO_CLICK
21682,NONE,NO_CLICK
21683,NONE,NO_CLICK
21684,NONE,NO_CLICK
21685,NONE,NO_CLICK
21686,NONE,NO_CLICK
21687,NONE,NO_CLICK
21688,NONE,NO_CLICK
21689,NONE,NO_CLICK
21690,NONE,NO_CLICK
21691,NONE,NO_CLICK
21692,NONE,NO_CLICK
21693,NONE,NO_CLICK
21694,NONE,NO_CLICK
21695,NONE,NO_CLICK
21696,NONE,NO_CLICK
21697,NONE,NO_CLICK
21698,NONE,NO_CLICK
21699,NONE,NO_CLICK
21700,NONE,NO_CLICK
21701,NONE,NO_CLICK
21702,NONE,NO_CLICK
21703,NONE,NO_CLICK
21704,NONE,NO_CLICK
21705,NONE,NO_CLICK
21706,NONE,NO_CLICK
21707,NONE,NO_CLICK
21708,NONE,NO_CLICK
21709,NONE,NO_CLICK
21710,NONE,NO_CLICK
21711,NONE,NO_CLICK
21712,NONE,NO_CLICK
21713,NONE,NO_CLICK
21714,NONE,NO_CLICK
21715,NONE,NO_CLICK
21716,NONE,NO_CLICK
21717,NONE,NO_CLICK
21718,NONE,NO_CLICK
21719,NONE,NO_CLICK
21720,NONE,NO_CLICK
21721,NONE,NO_CLICK
21722,NONE,NO_CLICK
21723,NONE,NO_CLICK
21724,NONE,NO_CLICK
21725,NONE,NO_CLICK
21726,NONE,NO_CLICK
21727,NONE,NO_CLICK
21728,NONE,NO_CLICK
21729,NONE,NO_CLICK
21730,NONE,NO_CLICK
21731,NONE,NO_CLICK
21732,NONE,NO_CLICK
21733,NONE,NO_CLICK
21734,NONE,NO_CLICK
21735,NONE,NO_CLICK
21736,NONE,NO_CLICK
21737,NONE,NO_CLICK
21738,NONE,NO_CLICK
21739,NONE,NO_CLICK
21740,NONE,NO_CLICK
21741,NONE,NO_CLICK
21742,NONE,NO_CLICK
21743,NONE,NO_CLICK
21744,NONE,NO_CLICK
21745,NONE,NO_CLICK
21746,NONE,NO_CLICK
21747,NONE,NO_CLICK
21748,NONE,NO_CLICK
21749,NONE,NO_CLICK
21750,NONE,NO_CLICK
21751,NONE,NO_CLICK
21752,NONE,NO_CLICK
21753,NONE,NO_CLICK
21754,NONE,NO_CLICK
21755,NONE,NO_CLICK
21756,NONE,NO_CLICK
21757,NONE,NO_CLICK
21758,NONE,NO_CLICK
21759,NONE,NO_CLICK
21760,NONE,NO_CLICK
21761,NONE,NO_CLICK
21762,D2,D2_CLICK
21763,D2,D2_CLICK
21764,D2,D2_CLICK
21765,D2,D2_CLICK
21766,D2,D2_CLICK
21767,D2,D2_CLICK
21768,D2,D2_CLICK
21769,D2,D2_CLICK
21770,D2,D2_CLICK
21771,D2,D2_CLICK
21772,D2,D2_CLICK
21773,D2,D2_CLICK
21774,D2,D2_CLICK
21775,D2,D2_CLICK
21776,D2,D2_CLICK
21777,D2,D2_CLICK
21778,D2,D2_CLICK
21779,D2,D2_CLICK
21780,D2,D2_CLICK
21781,D2,D2_CLICK
21782,D2,D2_CLICK
21783,D2,D2_CLICK
21784,D2,D2_CLICK
21785,D2,D2_CLICK
21786,D2,D2_CLICK
21787,D2,D2_CLICK
21788,D2,D2_CLICK
21789,D2,D2_CLICK
21790,D2,D2_CLICK
21791,D2,D2_CLICK
21792,D2,D2_CLICK
21793,D2,D2_CLICK
21794,D2,D2_CLICK
21795,D2,D2_CLICK
21796,D2,D2_CLICK
21797,D2,D2_CLICK
21798,D2,D2_CLICK
21799,D2,D2_CLICK
21800,NONE,NO_CLICK
21801,NONE,NO_CLICK
21802,NONE,NO_CLICK
21803,NONE,NO_CLICK
21804,NONE,NO_CLICK
21805,NONE,NO_CLICK
21806,NONE,NO_CLICK
21807,NONE,NO_CLICK
21808,NONE,NO_CLICK
21809,NONE,NO_CLICK
21810,NONE,NO_CLICK
21811,NONE,NO_CLICK
21812,NONE,NO_CLICK
21813,NONE,NO_CLICK
21814,NONE,NO_CLICK
21815,NONE,NO_CLICK
21816,NONE,NO_CLICK
21817,NONE,NO_CLICK
21818,NONE,NO_CLICK
21819,NONE,NO_CLICK
21820,NONE,NO_CLICK
21821,NONE,NO_CLICK
21822,NONE,NO_CLICK
21823,NONE,NO_CLICK
21824,NONE,NO_CLICK
21825,NONE,NO_CLICK
21826,NONE,NO_CLICK
21827,NONE,NO_CLICK
21828,NONE,NO_CLICK
21829,NONE,NO_CLICK
21830,NONE,NO_CLICK
21831,NONE,NO_CLICK
21832,NONE,NO_CLICK
21833,NONE,NO_CLICK
21834,NONE,NO_CLICK
21835,NONE,NO_CLICK
21836,NONE,NO_CLICK
21837,NONE,NO_CLICK
21838,NONE,NO_CLICK
21839,NONE,NO_CLICK
21840,NONE,NO_CLICK
21841,NONE,NO_CLICK
21842,NONE,NO_CLICK
21843,NONE,NO_CLICK
21844,NONE,NO_CLICK
21845,NONE,NO_CLICK
21846,NONE,NO_CLICK
21847,NONE,NO_CLICK
21848,NONE,NO_CLICK
21849,NONE,NO_CLICK
21850,NONE,NO_CLICK
21851,NONE,NO_CLICK
21852,NONE,NO_CLICK
21853,NONE,NO_CLICK
21854,NONE,NO_CLICK
21855,NONE,NO_CLICK
21856,NONE,NO_CLICK
21857,NONE,NO_CLICK
21858,D1,D1_CLICK
21859,D1,D1_CLICK
21860,D1,D1_CLICK
21861,D1,D1_CLICK
21862,D1,D1_CLICK
21863,D1,D1_CLICK
21864,D1,D1_CLICK
21865,D1,D1_CLICK
21866,D1,D1_CLICK
21867,D1,D1_CLICK
21868,D1,D1_CLICK
21869,D1,D1_CLICK
21870,D1,D1_CLICK
21871,D1,D1_CLICK
21872,D1,D1_CLICK
21873,D1,D1_CLICK
21874,D1,D1_CLICK
21875,D1,D1_CLICK
21876,D1,D1_CLICK
21877,D1,D1_CLICK
21878,D1,D1_CLICK
21879,D1,D1_CLICK
21880,D1,D1_CLICK
21881,D1,D1_CLICK
21882,D1,D1_CLICK
21883,D1,D1_CLICK
21884,D1,D1_CLICK
21885,D1,D1_CLICK
21886,D1,D1_CLICK
21887,D1,D1_CLICK
21888,D1,D1_CLICK
21889,D1,D1_CLICK
21890,D1,D1_CLICK
21891,D1,D1_CLICK
21892,D1,D1_CLICK
21893,D1,D1_CLICK
21894,D1,D1_CLICK
21895,D1,D1_CLICK
21896,NONE,NO_CLICK
21897,NONE,NO_CLICK
21898,NONE,NO_CLICK
21899,NONE,NO_CLICK
21900,NONE,NO_CLICK
21901,NONE,NO_CLICK
21902,NONE,NO_CLICK
21903,NONE,NO_CLICK
21904,NONE,NO_CLICK
21905,NONE,NO_CLICK
21906,NONE,NO_CLICK
21907,NONE,NO_CLICK
21908,NONE,NO_CLICK
21909,NONE,NO_CLICK
21910,NONE,NO_CLICK
21911,NONE,NO_CLICK
21912,NONE,NO_CLICK
21913,NONE,NO_CLICK
21914,NONE,NO_CLICK
21915,NONE,NO_CLICK
21916,NONE,NO_CLICK
21917,NONE,NO_CLICK
21918,NONE,NO_CLICK
21919,NONE,NO_CLICK
21920,NONE,NO_CLICK
21921,NONE,NO_CLICK
21922,NONE,NO_CLICK
21923,NONE,NO_CLICK
21924,NONE,NO_CLICK
21925,NONE,NO_CLICK
21926,NONE,NO_CLICK
21927,NONE,NO_CLICK
21928,NONE,NO_CLICK
21929,NONE,NO_CLICK
21930,NONE,NO_CLICK
21931,NONE,NO_CLICK
21932,NONE,NO_CLICK
21933,NONE,NO_CLICK
21934,NONE,NO_CLICK
21935,NONE,NO_CLICK
21936,NONE,NO_CLICK
21937,NONE,NO_CLICK
21938,NONE,NO_CLICK
21939,NONE,NO_CLICK
21940,NONE,NO_CLICK
21941,NONE,NO_CLICK
21942,NONE,NO_CLICK
21943,NONE,NO_CLICK
21944,NONE,NO_CLICK
21945,NONE,NO_CLICK
21946,NONE,NO_CLICK
21947,NONE,NO_CLICK
21948,NONE,NO_CLICK
21949,NONE,NO_CLICK
21950,NONE,NO_CLICK
21951,NONE,NO_CLICK
21952,NONE,NO_CLICK
21953,NONE,NO_CLICK
21954,NONE,NO_CLICK
21955,NONE,NO_CLICK
21956,NONE,NO_CLICK
21957,NONE,NO_CLICK
21958,NONE,NO_CLICK
21959,NONE,NO_CLICK
21960,NONE,NO_CLICK
21961,NONE,NO_CLICK
21962,NONE,NO_CLICK
21963,NONE,NO_CLICK
21964,NONE,NO_CLICK
21965,NONE,NO_CLICK
21966,NONE,NO_CLICK
21967,NONE,NO_CLICK
21968,NONE,NO_CLICK
21969,NONE,NO_CLICK
21970,NONE,NO_CLICK
21971,NONE,NO_CLICK
21972,NONE,NO_CLICK
21973,NONE,NO_CLICK
21974,NONE,NO_CLICK
21975,NONE,NO_CLICK
21976,NONE,NO_CLICK
21977,NONE,NO_CLICK
21978,NONE,NO_CLICK
21979,NONE,NO_CLICK
21980,NONE,NO_CLICK
21981,NONE,NO_CLICK
21982,NONE,NO_CLICK
21983,NONE,NO_CLICK
21984,NONE,NO_CLICK
21985,NONE,NO_CLICK
21986,D2,D2_CLICK
21987,D2,D2_CLICK
21988,D2,D2_CLICK
21989,D2,D2_CLICK
21990,D2,D2_CLICK
21991,D2,D2_CLICK
21992,D2,D2_CLICK
21993,D2,D2_CLICK
21994,D2,D2_CLICK
21995,D2,D2_CLICK
21996,D2,D2_CLICK
21997,D2,D2_CLICK
21998,D2,D2_CLICK
21999,D2,D2_CLICK
22000,D2,D2_CLICK
22001,D2,D2_CLICK
22002,D2,D2_CLICK
22003,D2,D2_CLICK
22004,D2,D2_CLICK
22005,D2,D2_CLICK
22006,D2,D2_CLICK
22007,D2,D2_CLICK
22008,D2,D2_CLICK
22009,D2,D2_CLICK
22010,D2,D2_CLICK
22011,D2,D2_CLICK
22012,D2,D2_CLICK
22013,D2,D2_CLICK
22014,D2,D2_CLICK
22015,D2,D2_CLICK
22016,D2,D2_CLICK
22017,D2,D2_CLICK
22018,D2,D2_CLICK
22019,D2,D2_CLICK
22020,D2,D2_CLICK
22021,D2,D2_CLICK
22022,D2,D2_CLICK
22023,D2,D2_CLICK
22024,NONE,NO_CLICK
22025,NONE,NO_CLICK
22026,NONE,NO_CLICK
22027,NONE,NO_CLICK
22028,NONE,NO_CLICK
22029,NONE,NO_CLICK
22030,NONE,NO_CLICK
22031,NONE,NO_CLICK
22032,NONE,NO_CLICK
22033,NONE,NO_CLICK
22034,NONE,NO_CLICK
22035,NONE,NO_CLICK
22036,NONE,NO_CLICK
22037,NONE,NO_CLICK
22038,NONE,NO_CLICK
22039,NONE,NO_CLICK
22040,NONE,NO_CLICK
22041,NONE,NO_CLICK
22042,NONE,NO_CLICK
22043,NONE,NO_CLICK
22044,NONE,NO_CLICK
22045,NONE,NO_CLICK
22046,NONE,NO_CLICK
22047,NONE,NO_CLICK
22048,NONE,NO_CLICK
22049,NONE,NO_CLICK
22050,NONE,NO_CLICK
22051,NONE,NO_CLICK
22052,NONE,NO_CLICK
22053,NONE,NO_CLICK
22054,NONE,NO_CLICK
22055,NONE,NO_CLICK
22056,NONE,NO_CLICK
22057,NONE,NO_CLICK
22058,NONE,NO_CLICK
22059,NONE,NO_CLICK
22060,NONE,NO_CLICK
22061,NONE,NO_CLICK
22062,NONE,NO_CLICK
22063,NONE,NO_CLICK
22064,NONE,NO_CLICK
22065,NONE,NO_CLICK
22066,NONE,NO_CLICK
22067,NONE,NO_CLICK
22068,NONE,NO_CLICK
22069,NONE,NO_CLICK
22070,NONE,NO_CLICK
22071,NONE,NO_CLICK
22072,NONE,NO_CLICK
22073,NONE,NO_CLICK
22074,NONE,NO_CLICK
22075,NONE,NO_CLICK
22076,NONE,NO_CLICK
22077,NONE,NO_CLICK
22078,NONE,NO_CLICK
22079,NONE,NO_CLICK
22080,NONE,NO_CLICK
22081,NONE,NO_CLICK
22082,NONE,NO_CLICK
22083,NONE,NO_CLICK
22084,NONE,NO_CLICK
22085,NONE,NO_CLICK
22086,NONE,NO_CLICK
22087,NONE,NO_CLICK
22088,NONE,NO_CLICK
22089,NONE,NO_CLICK
22090,NONE,NO_CLICK
22091,NONE,NO_CLICK
22092,NONE,NO_CLICK
22093,NONE,NO_CLICK
22094,NONE,NO_CLICK
22095,NONE,NO_CLICK
22096,NONE,NO_CLICK
22097,NONE,NO_CLICK
22098,NONE,NO_CLICK
22099,NONE,NO_CLICK
22100,NONE,NO_CLICK
22101,NONE,NO_CLICK
22102,NONE,NO_CLICK
22103,NONE,NO_CLICK
22104,NONE,NO_CLICK
22105,NONE,NO_CLICK
22106,NONE,NO_CLICK
22107,NONE,NO_CLICK
22108,NONE,NO_CLICK
22109,NONE,NO_CLICK
22110,NONE,NO_CLICK
22111,NONE,NO_CLICK
22112,NONE,NO_CLICK
22113,NONE,NO_CLICK
22114,D2,D2_CLICK
22115,D2,D2_CLICK
22116,D2,D2_CLICK
22117,D2,D2_CLICK
22118,D2,D2_CLICK
22119,D2,D2_CLICK
22120,D2,D2_CLICK
22121,D2,D2_CLICK
22122,D2,D2_CLICK
22123,D2,D2_CLICK
22124,D2,D2_CLICK
22125,D2,D2_CLICK
22126,D2,D2_CLICK
22127,D2,D2_CLICK
22128,D2,D2_CLICK
22129,D2,D2_CLICK
22130,D2,D2_CLICK
22131,D2,D2_CLICK
22132,D2,D2_CLICK
22133,D2,D2_CLICK
22134,D2,D2_CLICK
22135,D2,D2_CLICK
22136,D2,D2_CLICK
22137,D2,D2_CLICK
22138,D2,D2_CLICK
22139,D2,D2_CLICK
22140,D2,D2_CLICK
22141,D2,D2_CLICK
22142,D2,D2_CLICK
22143,D2,D2_CLICK
22144,D2,D2_CLICK
22145,D2,D2_CLICK
22146,D2,D2_CLICK
22147,D2,D2_CLICK
22148,D2,D2_CLICK
22149,D2,D2_CLICK
22150,D2,D2_CLICK
22151,D2,D2_CLICK
22152,NONE,NO_CLICK
22153,NONE,NO_CLICK
22154,NONE,NO_CLICK
22155,NONE,NO_CLICK
22156,NONE,NO_CLICK
22157,NONE,NO_CLICK
22158,NONE,NO_CLICK
22159,NONE,NO_CLICK
22160,NONE,NO_CLICK
22161,NONE,NO_CLICK
22162,NONE,NO_CLICK
22163,NONE,NO_CLICK
22164,NONE,NO_CLICK
22165,NONE,NO_CLICK
22166,NONE,NO_CLICK
22167,NONE,NO_CLICK
22168,NONE,NO_CLICK
22169,NONE,NO_CLICK
22170,NONE,NO_CLICK
22171,NONE,NO_CLICK
22172,NONE,NO_CLICK
22173,NONE,NO_CLICK
22174,NONE,NO_CLICK
22175,NONE,NO_CLICK
22176,NONE,NO_CLICK
22177,NONE,NO_CLICK
22178,NONE,NO_CLICK
22179,NONE,NO_CLICK
22180,NONE,NO_CLICK
22181,NONE,NO_CLICK
22182,NONE,NO_CLICK
22183,NONE,NO_CLICK
22184,NONE,NO_CLICK
22185,NONE,NO_CLICK
22186,NONE,NO_CLICK
22187,NONE,NO_CLICK
22188,NONE,NO_CLICK
22189,NONE,NO_CLICK
22190,NONE,NO_CLICK
22191,NONE,NO_CLICK
22192,NONE,NO_CLICK
22193,NONE,NO_CLICK
22194,NONE,NO_CLICK
22195,NONE,NO_CLICK
22196,NONE,NO_CLICK
22197,NONE,NO_CLICK
22198,NONE,NO_CLICK
22199,NONE,NO_CLICK
22200,NONE,NO_CLICK
22201,NONE,NO_CLICK
22202,NONE,NO_CLICK
22203,NONE,NO_CLICK
22204,NONE,NO_CLICK
22205,NONE,NO_CLICK
22206,NONE,NO_CLICK
22207,NONE,NO_CLICK
22208,NONE,NO_CLICK
22209,NONE,NO_CLICK
22210,NONE,NO_CLICK
22211,NONE,NO_CLICK
22212,NONE,NO_CLICK
22213,NONE,NO_CLICK
22214,NONE,NO_CLICK
22215,NONE,NO_CLICK
22216,NONE,NO_CLICK
22217,NONE,NO_CLICK
22218,NONE,NO_CLICK
22219,NONE,NO_CLICK
22220,NONE,NO_CLICK
22221,NONE,NO_CLICK
22222,NONE,NO_CLICK
22223,NONE,NO_CLICK
22224,NONE,NO_CLICK
22225,NONE,NO_CLICK
22226,NONE,NO_CLICK
22227,NONE,NO_CLICK
22228,NONE,NO_CLICK
22229,NONE,NO_CLICK
22230,NONE,NO_CLICK
22231,NONE,NO_CLICK
22232,NONE,NO_CLICK
22233,NONE,NO_CLICK
22234,NONE,NO_CLICK
22235,NONE,NO_CLICK
22236,NONE,NO_CLICK
22237,NONE,NO_CLICK
22238,NONE,NO_CLICK
22239,NONE,NO_CLICK
22240,NONE,NO_CLICK
22241,NONE,NO_CLICK
22242,D1,D1_CLICK
22243,D1,D1_CLICK
22244,D1,D1_CLICK
22245,D1,D1_CLICK
22246,D1,D1_CLICK
22247,D1,D1_CLICK
22248,D1,D1_CLICK
22249,D1,D1_CLICK
22250,D1,D1_CLICK
22251,D1,D1_CLICK
22252,D1,D1_CLICK
22253,D1,D1_CLICK
22254,D1,D1_CLICK
22255,D1,D1_CLICK
22256,D1,D1_CLICK
22257,D1,D1_CLICK
22258,D1,D1_CLICK
22259,D1,D1_CLICK
22260,D1,D1_CLICK
22261,D1,D1_CLICK
22262,D1,D1_CLICK
22263,D1,D1_CLICK
22264,D1,D1_CLICK
22265,D1,D1_CLICK
22266,D1,D1_CLICK
22267,D1,D1_CLICK
22268,D1,D1_CLICK
22269,D1,D1_CLICK
22270,D1,D1_CLICK
22271,D1,D1_CLICK
22272,D1,D1_CLICK
22273,D1,D1_CLICK
22274,D1,D1_CLICK
22275,D1,D1_CLICK
22276,D1,D1_CLICK
22277,D1,D1_CLICK
22278,D1,D1_CLICK
22279,D1,D1_CLICK
22280,NONE,NO_CLICK
22281,NONE,NO_CLICK
22282,NONE,NO_CLICK
22283,NONE,NO_CLICK
22284,NONE,NO_CLICK
22285,NONE,NO_CLICK
22286,NONE,NO_CLICK
22287,NONE,NO_CLICK
22288,NONE,NO_CLICK
22289,NONE,NO_CLICK
22290,NONE,NO_CLICK
22291,NONE,NO_CLICK
22292,NONE,NO_CLICK
22293,NONE,NO_CLICK
22294,NONE,NO_CLICK
22295,NONE,NO_CLICK
22296,NONE,NO_CLICK
22297,NONE,NO_CLICK
22298,NONE,NO_CLICK
22299,NONE,NO_CLICK
22300,NONE,NO_CLICK
22301,NONE,NO_CLICK
22302,NONE,NO_CLICK
22303,NONE,NO_CLICK
22304,NONE,NO_CLICK
22305,NONE,NO_CLICK
22306,D2,D2_CLICK
22307,D2,D2_CLICK
22308,D2,D2_CLICK
22309,D2,D2_CLICK
22310,D2,D2_CLICK
22311,D2,D2_CLICK
22312,D2,D2_CLICK
22313,D2,D2_CLICK
22314,D2,D2_CLICK
22315,D2,D2_CLICK
22316,D2,D2_CLICK
22317,D2,D2_CLICK
22318,D2,D2_CLICK
22319,D2,D2_CLICK
22320,D2,D2_CLICK
22321,D2,D2_CLICK
22322,D2,D2_CLICK
22323,D2,D2_CLICK
22324,D2,D2_CLICK
22325,D2,D2_CLICK
22326,D2,D2_CLICK
22327,D2,D2_CLICK
22328,D2,D2_CLICK
22329,D2,D2_CLICK
22330,D2,D2_CLICK
22331,D2,D2_CLICK
22332,D2,D2_CLICK
22333,D2,D2_CLICK
22334,D2,D2_CLICK
22335,D2,D2_CLICK
22336,D2,D2_CLICK
22337,D2,D2_CLICK
22338,D2,D2_CLICK
22339,D2,D2_CLICK
22340,D2,D2_CLICK
22341,D2,D2_CLICK
22342,D2,D2_CLICK
22343,D2,D2_CLICK
22344,NONE,NO_CLICK
22345,NONE,NO_CLICK
22346,NONE,NO_CLICK
22347,NONE,NO_CLICK
22348,NONE,NO_CLICK
22349,NONE,NO_CLICK
22350,NONE,NO_CLICK
22351,NONE,NO_CLICK
22352,NONE,NO_CLICK
22353,NONE,NO_CLICK
22354,NONE,NO_CLICK
22355,NONE,NO_CLICK
22356,NONE,NO_CLICK
22357,NONE,NO_CLICK
22358,NONE,NO_CLICK
22359,NONE,NO_CLICK
22360,NONE,NO_CLICK
22361,NONE,NO_CLICK
22362,NONE,NO_CLICK
22363,NONE,NO_CLICK
22364,NONE,NO_CLICK
22365,NONE,NO_CLICK
22366,NONE,NO_CLICK
22367,NONE,NO_CLICK
22368,NONE,NO_CLICK
22369,NONE,NO_CLICK
22370,NONE,NO_CLICK
22371,NONE,NO_CLICK
22372,NONE,NO_CLICK
22373,NONE,NO_CLICK
22374,NONE,NO_CLICK
22375,NONE,NO_CLICK
22376,NONE,NO_CLICK
22377,NONE,NO_CLICK
22378,NONE,NO_CLICK
22379,NONE,NO_CLICK
22380,NONE,NO_CLICK
22381,NONE,NO_CLICK
22382,NONE,NO_CLICK
22383,NONE,NO_CLICK
22384,NONE,NO_CLICK
22385,NONE,NO_CLICK
22386,NONE,NO_CLICK
22387,NONE,NO_CLICK
22388,NONE,NO_CLICK
22389,NONE,NO_CLICK
22390,NONE,NO_CLICK
22391,NONE,NO_CLICK
22392,NONE,NO_CLICK
22393,NONE,NO_CLICK
22394,NONE,NO_CLICK
22395,NONE,NO_CLICK
22396,NONE,NO_CLICK
22397,NONE,NO_CLICK
22398,NONE,NO_CLICK
22399,NONE,NO_CLICK
22400,NONE,NO_CLICK
22401,NONE,NO_CLICK
22402,NONE,NO_CLICK
22403,NONE,NO_CLICK
22404,NONE,NO_CLICK
22405,NONE,NO_CLICK
22406,NONE,NO_CLICK
22407,NONE,NO_CLICK
22408,NONE,NO_CLICK
22409,NONE,NO_CLICK
22410,NONE,NO_CLICK
22411,NONE,NO_CLICK
22412,NONE,NO_CLICK
22413,NONE,NO_CLICK
22414,NONE,NO_CLICK
22415,NONE,NO_CLICK
22416,NONE,NO_CLICK
22417,NONE,NO_CLICK
22418,NONE,NO_CLICK
22419,NONE,NO_CLICK
22420,NONE,NO_CLICK
22421,NONE,NO_CLICK
22422,NONE,NO_CLICK
22423,NONE,NO_CLICK
22424,NONE,NO_CLICK
22425,NONE,NO_CLICK
22426,NONE,NO_CLICK
22427,NONE,NO_CLICK
22428,NONE,NO_CLICK
22429,NONE,NO_CLICK
22430,NONE,NO_CLICK
22431,NONE,NO_CLICK
22432,NONE,NO_CLICK
22433,NONE,NO_CLICK
22434,NONE,NO_CLICK
22435,NONE,NO_CLICK
22436,NONE,NO_CLICK
22437,NONE,NO_CLICK
22438,NONE,NO_CLICK
22439,NONE,NO_CLICK
22440,NONE,NO_CLICK
22441,NONE,NO_CLICK
22442,NONE,NO_CLICK
22443,NONE,NO_CLICK
22444,NONE,NO_CLICK
22445,NONE,NO_CLICK
22446,NONE,NO_CLICK
22447,NONE,NO_CLICK
22448,NONE,NO_CLICK
22449,NONE,NO_CLICK
22450,NONE,NO_CLICK
22451,NONE,NO_CLICK
22452,NONE,NO_CLICK
22453,NONE,NO_CLICK
22454,NONE,NO_CLICK
22455,NONE,NO_CLICK
22456,NONE,NO_CLICK
22457,NONE,NO_CLICK
22458,NONE,NO_CLICK
22459,NONE,NO_CLICK
22460,NONE,NO_CLICK
22461,NONE,NO_CLICK
22462,NONE,NO_CLICK
22463,NONE,NO_CLICK
22464,NONE,NO_CLICK
22465,NONE,NO_CLICK
22466,D2,D2_CLICK
22467,D2,D2_CLICK
22468,D2,D2_CLICK
22469,D2,D2_CLICK
22470,D2,D2_CLICK
22471,D2,D2_CLICK
22472,D2,D2_CLICK
22473,D2,D2_CLICK
22474,D2,D2_CLICK
22475,D2,D2_CLICK
22476,D2,D2_CLICK
22477,D2,D2_CLICK
22478,D2,D2_CLICK
22479,D2,D2_CLICK
22480,D2,D2_CLICK
22481,D2,D2_CLICK
22482,D2,D2_CLICK
22483,D2,D2_CLICK
22484,D2,D2_CLICK
22485,D2,D2_CLICK
22486,D2,D2_CLICK
22487,D2,D2_CLICK
22488,D2,D2_CLICK
22489,D2,D2_CLICK
22490,D2,D2_CLICK
22491,D2,D2_CLICK
22492,D2,D2_CLICK
22493,D2,D2_CLICK
22494,D2,D2_CLICK
22495,D2,D2_CLICK
22496,D2,D2_CLICK
22497,D2,D2_CLICK
22498,D2,D2_CLICK
22499,D2,D2_CLICK
22500,D2,D2_CLICK
22501,D2,D2_CLICK
22502,D2,D2_CLICK
22503,D2,D2_CLICK
22504,NONE,NO_CLICK
22505,NONE,NO_CLICK
22506,NONE,NO_CLICK
22507,NONE,NO_CLICK
22508,NONE,NO_CLICK
22509,NONE,NO_CLICK
22510,NONE,NO_CLICK
22511,NONE,NO_CLICK
22512,NONE,NO_CLICK
22513,NONE,NO_CLICK
22514,NONE,NO_CLICK
22515,NONE,NO_CLICK
22516,NONE,NO_CLICK
22517,NONE,NO_CLICK
22518,NONE,NO_CLICK
22519,NONE,NO_CLICK
22520,NONE,NO_CLICK
22521,NONE,NO_CLICK
22522,NONE,NO_CLICK
22523,NONE,NO_CLICK
22524,NONE,NO_CLICK
22525,NONE,NO_CLICK
22526,NONE,NO_CLICK
22527,NONE,NO_CLICK
22528,NONE,NO_CLICK
22529,NONE,NO_CLICK
22530,NONE,NO_CLICK
22531,NONE,NO_CLICK
22532,NONE,NO_CLICK
22533,NONE,NO_CLICK
22534,NONE,NO_CLICK
22535,NONE,NO_CLICK
22536,NONE,NO_CLICK
22537,NONE,NO_CLICK
22538,NONE,NO_CLICK
22539,NONE,NO_CLICK
22540,NONE,NO_CLICK
22541,NONE,NO_CLICK
22542,NONE,NO_CLICK
22543,NONE,NO_CLICK
22544,NONE,NO_CLICK
22545,NONE,NO_CLICK
22546,NONE,NO_CLICK
22547,NONE,NO_CLICK
22548,NONE,NO_CLICK
22549,NONE,NO_CLICK
22550,NONE,NO_CLICK
22551,NONE,NO_CLICK
22552,NONE,NO_CLICK
22553,NONE,NO_CLICK
22554,NONE,NO_CLICK
22555,NONE,NO_CLICK
22556,NONE,NO_CLICK
22557,NONE,NO_CLICK
22558,NONE,NO_CLICK
22559,NONE,NO_CLICK
22560,NONE,NO_CLICK
22561,NONE,NO_CLICK
22562,NONE,NO_CLICK
22563,NONE,NO_CLICK
22564,NONE,NO_CLICK
22565,NONE,NO_CLICK
22566,NONE,NO_CLICK
22567,NONE,NO_CLICK
22568,NONE,NO_CLICK
22569,NONE,NO_CLICK
22570,NONE,NO_CLICK
22571,NONE,NO_CLICK
22572,NONE,NO_CLICK
22573,NONE,NO_CLICK
22574,NONE,NO_CLICK
22575,NONE,NO_CLICK
22576,NONE,NO_CLICK
22577,NONE,NO_CLICK
22578,NONE,NO_CLICK
22579,NONE,NO_CLICK
22580,NONE,NO_CLICK
22581,NONE,NO_CLICK
22582,NONE,NO_CLICK
22583,NONE,NO_CLICK
22584,NONE,NO_CLICK
22585,NONE,NO_CLICK
22586,NONE,NO_CLICK
22587,NONE,NO_CLICK
22588,NONE,NO_CLICK
22589,NONE,NO_CLICK
22590,NONE,NO_CLICK
22591,NONE,NO_CLICK
22592,NONE,NO_CLICK
22593,NONE,NO_CLICK
22594,NONE,NO_CLICK
22595,NONE,NO_CLICK
22596,NONE,NO_CLICK
22597,NONE,NO_CLICK
22598,NONE,NO_CLICK
22599,NONE,NO_CLICK
22600,NONE,NO_CLICK
22601,NONE,NO_CLICK
22602,NONE,NO_CLICK
22603,NONE,NO_CLICK
22604,NONE,NO_CLICK
22605,NONE,NO_CLICK
22606,NONE,NO_CLICK
22607,NONE,NO_CLICK
22608,NONE,NO_CLICK
22609,NONE,NO_CLICK
22610,NONE,NO_CLICK
22611,NONE,NO_CLICK
22612,NONE,NO_CLICK
22613,NONE,NO_CLICK
22614,NONE,NO_CLICK
22615,NONE,NO_CLICK
22616,NONE,NO_CLICK
22617,NONE,NO_CLICK
22618,NONE,NO_CLICK
22619,NONE,NO_CLICK
22620,NONE,NO_CLICK
22621,NONE,NO_CLICK
22622,NONE,NO_CLICK
22623,NONE,NO_CLICK
22624,NONE,NO_CLICK
22625,NONE,NO_CLICK
22626,NONE,NO_CLICK
22627,NONE,NO_CLICK
22628,NONE,NO_CLICK
22629,NONE,NO_CLICK
22630,NONE,NO_CLICK
22631,NONE,NO_CLICK
22632,NONE,NO_CLICK
22633,NONE,NO_CLICK
22634,NONE,NO_CLICK
22635,NONE,NO_CLICK
22636,NONE,NO_CLICK
22637,NONE,NO_CLICK
22638,NONE,NO_CLICK
22639,NONE,NO_CLICK
22640,NONE,NO_CLICK
22641,NONE,NO_CLICK
22642,NONE,NO_CLICK
22643,NONE,NO_CLICK
22644,NONE,NO_CLICK
22645,NONE,NO_CLICK
22646,NONE,NO_CLICK
22647,NONE,NO_CLICK
22648,NONE,NO_CLICK
22649,NONE,NO_CLICK
22650,NONE,NO_CLICK
22651,NONE,NO_CLICK
22652,NONE,NO_CLICK
22653,NONE,NO_CLICK
22654,NONE,NO_CLICK
22655,NONE,NO_CLICK
22656,NONE,NO_CLICK
22657,NONE,NO_CLICK
22658,D1,D1_CLICK
22659,D1,D1_CLICK
22660,D1,D1_CLICK
22661,D1,D1_CLICK
22662,D1,D1_CLICK
22663,D1,D1_CLICK
22664,D1,D1_CLICK
22665,D1,D1_CLICK
22666,D1,D1_CLICK
22667,D1,D1_CLICK
22668,D1,D1_CLICK
22669,D1,D1_CLICK
22670,D1,D1_CLICK
22671,D1,D1_CLICK
22672,D1,D1_CLICK
22673,D1,D1_CLICK
22674,D1,D1_CLICK
22675,D1,D1_CLICK
22676,D1,D1_CLICK
22677,D1,D1_CLICK
22678,D1,D1_CLICK
22679,D1,D1_CLICK
22680,D1,D1_CLICK
22681,D1,D1_CLICK
22682,D1,D1_CLICK
22683,D1,D1_CLICK
22684,D1,D1_CLICK
22685,D1,D1_CLICK
22686,D1,D1_CLICK
22687,D1,D1_CLICK
22688,D1,D1_CLICK
22689,D1,D1_CLICK
22690,D1,D1_CLICK
22691,D1,D1_CLICK
22692,D1,D1_CLICK
22693,D1,D1_CLICK
22694,D1,D1_CLICK
22695,D1,D1_CLICK
22696,NONE,NO_CLICK
22697,NONE,NO_CLICK
22698,NONE,NO_CLICK
22699,NONE,NO_CLICK
22700,NONE,NO_CLICK
22701,NONE,NO_CLICK
22702,NONE,NO_CLICK
22703,NONE,NO_CLICK
22704,NONE,NO_CLICK
22705,NONE,NO_CLICK
22706,NONE,NO_CLICK
22707,NONE,NO_CLICK
22708,NONE,NO_CLICK
22709,NONE,NO_CLICK
22710,NONE,NO_CLICK
22711,NONE,NO_CLICK
22712,NONE,NO_CLICK
22713,NONE,NO_CLICK
22714,NONE,NO_CLICK
22715,NONE,NO_CLICK
22716,NONE,NO_CLICK
22717,NONE,NO_CLICK
22718,NONE,NO_CLICK
22719,NONE,NO_CLICK
22720,NONE,NO_CLICK
22721,NONE,NO_CLICK
22722,NONE,NO_CLICK
22723,NONE,NO_CLICK
22724,NONE,NO_CLICK
22725,NONE,NO_CLICK
22726,NONE,NO_CLICK
22727,NONE,NO_CLICK
22728,NONE,NO_CLICK
22729,NONE,NO_CLICK
22730,NONE,NO_CLICK
22731,NONE,NO_CLICK
22732,NONE,NO_CLICK
22733,NONE,NO_CLICK
22734,NONE,NO_CLICK
22735,NONE,NO_CLICK
22736,NONE,NO_CLICK
22737,NONE,NO_CLICK
22738,NONE,NO_CLICK
22739,NONE,NO_CLICK
22740,NONE,NO_CLICK
22741,NONE,NO_CLICK
22742,NONE,NO_CLICK
22743,NONE,NO_CLICK
22744,NONE,NO_CLICK
22745,NONE,NO_CLICK
22746,NONE,NO_CLICK
22747,NONE,NO_CLICK
22748,NONE,NO_CLICK
22749,NONE,NO_CLICK
22750,NONE,NO_CLICK
22751,NONE,NO_CLICK
22752,NONE,NO_CLICK
22753,NONE,NO_CLICK
22754,NONE,NO_CLICK
22755,NONE,NO_CLICK
22756,NONE,NO_CLICK
22757,NONE,NO_CLICK
22758,NONE,NO_CLICK
22759,NONE,NO_CLICK
22760,NONE,NO_CLICK
22761,NONE,NO_CLICK
22762,NONE,NO_CLICK
22763,NONE,NO_CLICK
22764,NONE,NO_CLICK
22765,NONE,NO_CLICK
22766,NONE,NO_CLICK
22767,NONE,NO_CLICK
22768,NONE,NO_CLICK
22769,NONE,NO_CLICK
22770,NONE,NO_CLICK
22771,NONE,NO_CLICK
22772,NONE,NO_CLICK
22773,NONE,NO_CLICK
22774,NONE,NO_CLICK
22775,NONE,NO_CLICK
22776,NONE,NO_CLICK
22777,NONE,NO_CLICK
22778,NONE,NO_CLICK
22779,NONE,NO_CLICK
22780,NONE,NO_CLICK
22781,NONE,NO_CLICK
22782,NONE,NO_CLICK
22783,NONE,NO_CLICK
22784,NONE,NO_CLICK
22785,NONE,NO_CLICK
22786,NONE,NO_CLICK
22787,NONE,NO_CLICK
22788,NONE,NO_CLICK
22789,NONE,NO_CLICK
22790,NONE,NO_CLICK
22791,NONE,NO_CLICK
22792,NONE,NO_CLICK
22793,NONE,NO_CLICK
22794,NONE,NO_CLICK
22795,NONE,NO_CLICK
22796,NONE,NO_CLICK
22797,NONE,NO_CLICK
22798,NONE,NO_CLICK
22799,NONE,NO_CLICK
22800,NONE,NO_CLICK
22801,NONE,NO_CLICK
22802,NONE,NO_CLICK
22803,NONE,NO_CLICK
22804,NONE,NO_CLICK
22805,NONE,NO_CLICK
22806,NONE,NO_CLICK
22807,NONE,NO_CLICK
22808,NONE,NO_CLICK
22809,NONE,NO_CLICK
22810,NONE,NO_CLICK
22811,NONE,NO_CLICK
22812,NONE,NO_CLICK
22813,NONE,NO_CLICK
22814,NONE,NO_CLICK
22815,NONE,NO_CLICK
22816,NONE,NO_CLICK
22817,NONE,NO_CLICK
22818,NONE,NO_CLICK
22819,NONE,NO_CLICK
22820,NONE,NO_CLICK
22821,NONE,NO_CLICK
22822,NONE,NO_CLICK
22823,NONE,NO_CLICK
22824,NONE,NO_CLICK
22825,NONE,NO_CLICK
22826,NONE,NO_CLICK
22827,NONE,NO_CLICK
22828,NONE,NO_CLICK
22829,NONE,NO_CLICK
22830,NONE,NO_CLICK
22831,NONE,NO_CLICK
22832,NONE,NO_CLICK
22833,NONE,NO_CLICK
22834,NONE,NO_CLICK
22835,NONE,NO_CLICK
22836,NONE,NO_CLICK
22837,NONE,NO_CLICK
22838,NONE,NO_CLICK
22839,NONE,NO_CLICK
22840,NONE,NO_CLICK
22841,NONE,NO_CLICK
22842,NONE,NO_CLICK
22843,NONE,NO_CLICK
22844,NONE,NO_CLICK
22845,NONE,NO_CLICK
22846,NONE,NO_CLICK
22847,NONE,NO_CLICK
22848,NONE,NO_CLICK
22849,NONE,NO_CLICK
22850,NONE,NO_CLICK
22851,NONE,NO_CLICK
22852,NONE,NO_CLICK
22853,NONE,NO_CLICK
22854,NONE,NO_CLICK
22855,NONE,NO_CLICK
22856,NONE,NO_CLICK
22857,NONE,NO_CLICK
22858,NONE,NO_CLICK
22859,NONE,NO_CLICK
22860,NONE,NO_CLICK
22861,NONE,NO_CLICK
22862,NONE,NO_CLICK
22863,NONE,NO_CLICK
22864,NONE,NO_CLICK
22865,NONE,NO_CLICK
22866,NONE,NO_CLICK
22867,NONE,NO_CLICK
22868,NONE,NO_CLICK
22869,NONE,NO_CLICK
22870,NONE,NO_CLICK
22871,NONE,NO_CLICK
22872,NONE,NO_CLICK
22873,NONE,NO_CLICK
22874,NONE,NO_CLICK
22875,NONE,NO_CLICK
22876,NONE,NO_CLICK
22877,NONE,NO_CLICK
22878,NONE,NO_CLICK
22879,NONE,NO_CLICK
22880,NONE,NO_CLICK
22881,NONE,NO_CLICK
22882,NONE,NO_CLICK
22883,NONE,NO_CLICK
22884,NONE,NO_CLICK
22885,NONE,NO_CLICK
22886,NONE,NO_CLICK
22887,NONE,NO_CLICK
22888,NONE,NO_CLICK
22889,NONE,NO_CLICK
22890,NONE,NO_CLICK
22891,NONE,NO_CLICK
22892,NONE,NO_CLICK
22893,NONE,NO_CLICK
22894,NONE,NO_CLICK
22895,NONE,NO_CLICK
22896,NONE,NO_CLICK
22897,NONE,NO_CLICK
22898,NONE,NO_CLICK
22899,NONE,NO_CLICK
22900,NONE,NO_CLICK
22901,NONE,NO_CLICK
22902,NONE,NO_CLICK
22903,NONE,NO_CLICK
22904,NONE,NO_CLICK
22905,NONE,NO_CLICK
22906,NONE,NO_CLICK
22907,NONE,NO_CLICK
22908,NONE,NO_CLICK
22909,NONE,NO_CLICK
22910,NONE,NO_CLICK
22911,NONE,NO_CLICK
22912,NONE,NO_CLICK
22913,NONE,NO_CLICK
22914,NONE,NO_CLICK
22915,NONE,NO_CLICK
22916,NONE,NO_CLICK
22917,NONE,NO_CLICK
22918,NONE,NO_CLICK
22919,NONE,NO_CLICK
22920,NONE,NO_CLICK
22921,NONE,NO_CLICK
22922,NONE,NO_CLICK
22923,NONE,NO_CLICK
22924,NONE,NO_CLICK
22925,NONE,NO_CLICK
22926,NONE,NO_CLICK
22927,NONE,NO_CLICK
22928,NONE,NO_CLICK
22929,NONE,NO_CLICK
22930,NONE,NO_CLICK
22931,NONE,NO_CLICK
22932,NONE,NO_CLICK
22933,NONE,NO_CLICK
22934,NONE,NO_CLICK
22935,NONE,NO_CLICK
22936,NONE,NO_CLICK
22937,NONE,NO_CLICK
22938,NONE,NO_CLICK
22939,NONE,NO_CLICK
22940,NONE,NO_CLICK
22941,NONE,NO_CLICK
22942,NONE,NO_CLICK
22943,NONE,NO_CLICK
22944,NONE,NO_CLICK
22945,NONE,NO_CLICK
22946,NONE,NO_CLICK
22947,NONE,NO_CLICK
22948,NONE,NO_CLICK
22949,NONE,NO_CLICK
22950,NONE,NO_CLICK
22951,NONE,NO_CLICK
22952,NONE,NO_CLICK
22953,NONE,NO_CLICK
22954,NONE,NO_CLICK
22955,NONE,NO_CLICK
22956,NONE,NO_CLICK
22957,NONE,NO_CLICK
22958,NONE,NO_CLICK
22959,NONE,NO_CLICK
22960,NONE,NO_CLICK
22961,NONE,NO_CLICK
22962,NONE,NO_CLICK
22963,NONE,NO_CLICK
22964,NONE,NO_CLICK
22965,NONE,NO_CLICK
22966,NONE,NO_CLICK
22967,NONE,NO_CLICK
22968,NONE,NO_CLICK
22969,NONE,NO_CLICK
22970,NONE,NO_CLICK
22971,NONE,NO_CLICK
22972,NONE,NO_CLICK
22973,NONE,NO_CLICK
22974,NONE,NO_CLICK
22975,NONE,NO_CLICK
22976,NONE,NO_CLICK
22977,NONE,NO_CLICK
22978,D2,D2_CLICK
22979,D2,D2_CLICK
22980,D2,D2_CLICK
22981,D2,D2_CLICK
22982,D2,D2_CLICK
22983,D2,D2_CLICK
22984,D2,D2_CLICK
22985,D2,D2_CLICK
22986,D2,D2_CLICK
22987,D2,D2_CLICK
22988,D2,D2_CLICK
22989,D2,D2_CLICK
22990,D2,D2_CLICK
22991,D2,D2_CLICK
22992,D2,D2_CLICK
22993,D2,D2_CLICK
22994,D2,D2_CLICK
22995,D2,D2_CLICK
22996,D2,D2_CLICK
22997,D2,D2_CLICK
22998,D2,D2_CLICK
22999,D2,D2_CLICK
23000,D2,D2_CLICK
23001,D2,D2_CLICK
23002,D2,D2_CLICK
23003,D2,D2_CLICK
23004,D2,D2_CLICK
23005,D2,D2_CLICK
23006,D2,D2_CLICK
23007,D2,D2_CLICK
23008,D2,D2_CLICK
23009,D2,D2_CLICK
23010,D2,D2_CLICK
23011,D2,D2_CLICK
23012,D2,D2_CLICK
23013,D2,D2_CLICK
23014,D2,D2_CLICK
23015,D2,D2_CLICK
23016,NONE,NO_CLICK
23017,NONE,NO_CLICK
23018,NONE,NO_CLICK
23019,NONE,NO_CLICK
23020,NONE,NO_CLICK
23021,NONE,NO_CLICK
23022,NONE,NO_CLICK
23023,NONE,NO_CLICK
23024,NONE,NO_CLICK
23025,NONE,NO_CLICK
23026,NONE,NO_CLICK
23027,NONE,NO_CLICK
23028,NONE,NO_CLICK
23029,NONE,NO_CLICK
23030,NONE,NO_CLICK
23031,NONE,NO_CLICK
23032,NONE,NO_CLICK
23033,NONE,NO_CLICK
23034,NONE,NO_CLICK
23035,NONE,NO_CLICK
23036,NONE,NO_CLICK
23037,NONE,NO_CLICK
23038,NONE,NO_CLICK
23039,NONE,NO_CLICK
23040,NONE,NO_CLICK
23041,NONE,NO_CLICK
23042,NONE,NO_CLICK
23043,NONE,NO_CLICK
23044,NONE,NO_CLICK
23045,NONE,NO_CLICK
23046,NONE,NO_CLICK
23047,NONE,NO_CLICK
23048,NONE,NO_CLICK
23049,NONE,NO_CLICK
23050,NONE,NO_CLICK
23051,NONE,NO_CLICK
23052,NONE,NO_CLICK
23053,NONE,NO_CLICK
23054,NONE,NO_CLICK
23055,NONE,NO_CLICK
23056,NONE,NO_CLICK
23057,NONE,NO_CLICK
23058,NONE,NO_CLICK
23059,NONE,NO_CLICK
23060,NONE,NO_CLICK
23061,NONE,NO_CLICK
23062,NONE,NO_CLICK
23063,NONE,NO_CLICK
23064,NONE,NO_CLICK
23065,NONE,NO_CLICK
23066,NONE,NO_CLICK
23067,NONE,NO_CLICK
23068,NONE,NO_CLICK
23069,NONE,NO_CLICK
23070,NONE,NO_CLICK
23071,NONE,NO_CLICK
23072,NONE,NO_CLICK
23073,NONE,NO_CLICK
23074,NONE,NO_CLICK
23075,NONE,NO_CLICK
23076,NONE,NO_CLICK
23077,NONE,NO_CLICK
23078,NONE,NO_CLICK
23079,NONE,NO_CLICK
23080,NONE,NO_CLICK
23081,NONE,NO_CLICK
23082,NONE,NO_CLICK
23083,NONE,NO_CLICK
23084,NONE,NO_CLICK
23085,NONE,NO_CLICK
23086,NONE,NO_CLICK
23087,NONE,NO_CLICK
23088,NONE,NO_CLICK
23089,NONE,NO_CLICK
23090,NONE,NO_CLICK
23091,NONE,NO_CLICK
23092,NONE,NO_CLICK
23093,NONE,NO_CLICK
23094,NONE,NO_CLICK
23095,NONE,NO_CLICK
23096,NONE,NO_CLICK
23097,NONE,NO_CLICK
23098,NONE,NO_CLICK
23099,NONE,NO_CLICK
23100,NONE,NO_CLICK
23101,NONE,NO_CLICK
23102,NONE,NO_CLICK
23103,NONE,NO_CLICK
23104,NONE,NO_CLICK
23105,NONE,NO_CLICK
23106,NONE,NO_CLICK
23107,NONE,NO_CLICK
23108,NONE,NO_CLICK
23109,NONE,NO_CLICK
23110,NONE,NO_CLICK
23111,NONE,NO_CLICK
23112,NONE,NO_CLICK
23113,NONE,NO_CLICK
23114,NONE,NO_CLICK
23115,NONE,NO_CLICK
23116,NONE,NO_CLICK
23117,NONE,NO_CLICK
23118,NONE,NO_CLICK
23119,NONE,NO_CLICK
23120,NONE,NO_CLICK
23121,NONE,NO_CLICK
23122,NONE,NO_CLICK
23123,NONE,NO_CLICK
23124,NONE,NO_CLICK
23125,NONE,NO_CLICK
23126,NONE,NO_CLICK
23127,NONE,NO_CLICK
23128,NONE,NO_CLICK
23129,NONE,NO_CLICK
23130,NONE,NO_CLICK
23131,NONE,NO_CLICK
23132,NONE,NO_CLICK
23133,NONE,NO_CLICK
23134,NONE,NO_CLICK
23135,NONE,NO_CLICK
23136,NONE,NO_CLICK
23137,NONE,NO_CLICK
23138,NONE,NO_CLICK
23139,NONE,NO_CLICK
23140,NONE,NO_CLICK
23141,NONE,NO_CLICK
23142,NONE,NO_CLICK
23143,NONE,NO_CLICK
23144,NONE,NO_CLICK
23145,NONE,NO_CLICK
23146,NONE,NO_CLICK
23147,NONE,NO_CLICK
23148,NONE,NO_CLICK
23149,NONE,NO_CLICK
23150,NONE,NO_CLICK
23151,NONE,NO_CLICK
23152,NONE,NO_CLICK
23153,NONE,NO_CLICK
23154,NONE,NO_CLICK
23155,NONE,NO_CLICK
23156,NONE,NO_CLICK
23157,NONE,NO_CLICK
23158,NONE,NO_CLICK
23159,NONE,NO_CLICK
23160,NONE,NO_CLICK
23161,NONE,NO_CLICK
23162,NONE,NO_CLICK
23163,NONE,NO_CLICK
23164,NONE,NO_CLICK
23165,NONE,NO_CLICK
23166,NONE,NO_CLICK
23167,NONE,NO_CLICK
23168,NONE,NO_CLICK
23169,NONE,NO_CLICK
23170,NONE,NO_CLICK
23171,NONE,NO_CLICK
23172,NONE,NO_CLICK
23173,NONE,NO_CLICK
23174,NONE,NO_CLICK
23175,NONE,NO_CLICK
23176,NONE,NO_CLICK
23177,NONE,NO_CLICK
23178,NONE,NO_CLICK
23179,NONE,NO_CLICK
23180,NONE,NO_CLICK
23181,NONE,NO_CLICK
23182,NONE,NO_CLICK
23183,NONE,NO_CLICK
23184,NONE,NO_CLICK
23185,NONE,NO_CLICK
23186,NONE,NO_CLICK
23187,NONE,NO_CLICK
23188,NONE,NO_CLICK
23189,NONE,NO_CLICK
23190,NONE,NO_CLICK
23191,NONE,NO_CLICK
23192,NONE,NO_CLICK
23193,NONE,NO_CLICK
23194,NONE,NO_CLICK
23195,NONE,NO_CLICK
23196,NONE,NO_CLICK
23197,NONE,NO_CLICK
23198,NONE,NO_CLICK
23199,NONE,NO_CLICK
23200,NONE,NO_CLICK
23201,NONE,NO_CLICK
23202,NONE,NO_CLICK
23203,NONE,NO_CLICK
23204,NONE,NO_CLICK
23205,NONE,NO_CLICK
23206,NONE,NO_CLICK
23207,NONE,NO_CLICK
23208,NONE,NO_CLICK
23209,NONE,NO_CLICK
23210,NONE,NO_CLICK
23211,NONE,NO_CLICK
23212,NONE,NO_CLICK
23213,NONE,NO_CLICK
23214,NONE,NO_CLICK
23215,NONE,NO_CLICK
23216,NONE,NO_CLICK
23217,NONE,NO_CLICK
23218,NONE,NO_CLICK
23219,NONE,NO_CLICK
23220,NONE,NO_CLICK
23221,NONE,NO_CLICK
23222,NONE,NO_CLICK
23223,NONE,NO_CLICK
23224,NONE,NO_CLICK
23225,NONE,NO_CLICK
23226,NONE,NO_CLICK
23227,NONE,NO_CLICK
23228,NONE,NO_CLICK
23229,NONE,NO_CLICK
23230,NONE,NO_CLICK
23231,NONE,NO_CLICK
23232,NONE,NO_CLICK
23233,NONE,NO_CLICK
23234,NONE,NO_CLICK
23235,NONE,NO_CLICK
23236,NONE,NO_CLICK
23237,NONE,NO_CLICK
23238,NONE,NO_CLICK
23239,NONE,NO_CLICK
23240,NONE,NO_CLICK
23241,NONE,NO_CLICK
23242,NONE,NO_CLICK
23243,NONE,NO_CLICK
23244,NONE,NO_CLICK
23245,NONE,NO_CLICK
23246,NONE,NO_CLICK
23247,NONE,NO_CLICK
23248,NONE,NO_CLICK
23249,NONE,NO_CLICK
23250,NONE,NO_CLICK
23251,NONE,NO_CLICK
23252,NONE,NO_CLICK
23253,NONE,NO_CLICK
23254,NONE,NO_CLICK
23255,NONE,NO_CLICK
23256,NONE,NO_CLICK
23257,NONE,NO_CLICK
23258,NONE,NO_CLICK
23259,NONE,NO_CLICK
23260,NONE,NO_CLICK
23261,NONE,NO_CLICK
23262,NONE,NO_CLICK
23263,NONE,NO_CLICK
23264,NONE,NO_CLICK
23265,NONE,NO_CLICK
23266,NONE,NO_CLICK
23267,NONE,NO_CLICK
23268,NONE,NO_CLICK
23269,NONE,NO_CLICK
23270,NONE,NO_CLICK
23271,NONE,NO_CLICK
23272,NONE,NO_CLICK
23273,NONE,NO_CLICK
23274,NONE,NO_CLICK
23275,NONE,NO_CLICK
23276,NONE,NO_CLICK
23277,NONE,NO_CLICK
23278,NONE,NO_CLICK
23279,NONE,NO_CLICK
23280,NONE,NO_CLICK
23281,NONE,NO_CLICK
23282,NONE,NO_CLICK
23283,NONE,NO_CLICK
23284,NONE,NO_CLICK
23285,NONE,NO_CLICK
23286,NONE,NO_CLICK
23287,NONE,NO_CLICK
23288,NONE,NO_CLICK
23289,NONE,NO_CLICK
23290,NONE,NO_CLICK
23291,NONE,NO_CLICK
23292,NONE,NO_CLICK
23293,NONE,NO_CLICK
23294,NONE,NO_CLICK
23295,NONE,NO_CLICK
23296,NONE,NO_CLICK
23297,NONE,NO_CLICK
23298,D2,D2_CLICK
23299,D2,D2_CLICK
23300,D2,D2_CLICK
23301,D2,D2_CLICK
23302,D2,D2_CLICK
23303,D2,D2_CLICK
23304,D2,D2_CLICK
23305,D2,D2_CLICK
23306,D2,D2_CLICK
23307,D2,D2_CLICK
23308,D2,D2_CLICK
23309,D2,D2_CLICK
23310,D2,D2_CLICK
23311,D2,D2_CLICK
23312,D2,D2_CLICK
23313,D2,D2_CLICK
23314,D2,D2_CLICK
23315,D2,D2_CLICK
23316,D2,D2_CLICK
23317,D2,D2_CLICK
23318,D2,D2_CLICK
23319,D2,D2_CLICK
23320,D2,D2_CLICK
23321,D2,D2_CLICK
23322,D2,D2_CLICK
23323,D2,D2_CLICK
23324,D2,D2_CLICK
23325,D2,D2_CLICK
23326,D2,D2_CLICK
23327,D2,D2_CLICK
23328,D2,D2_CLICK
23329,D2,D2_CLICK
23330,BOTH,DOUBLE_CLICK
23331,BOTH,DOUBLE_CLICK
23332,BOTH,DOUBLE_CLICK
23333,BOTH,DOUBLE_CLICK
23334,BOTH,DOUBLE_CLICK
23335,BOTH,DOUBLE_CLICK
23336,D1,D1_CLICK
23337,D1,D1_CLICK
23338,D1,D1_CLICK
23339,D1,D1_CLICK
23340,D1,D1_CLICK
23341,D1,D1_CLICK
23342,D1,D1_CLICK
23343,D1,D1_CLICK
23344,D1,D1_CLICK
23345,D1,D1_CLICK
23346,D1,D1_CLICK
23347,D1,D1_CLICK
23348,D1,D1_CLICK
23349,D1,D1_CLICK
23350,D1,D1_CLICK
23351,D1,D1_CLICK
23352,D1,D1_CLICK
23353,D1,D1_CLICK
23354,D1,D1_CLICK
23355,D1,D1_CLICK
23356,D1,D1_CLICK
23357,D1,D1_CLICK
23358,D1,D1_CLICK
23359,D1,D1_CLICK
23360,D1,D1_CLICK
23361,D1,D1_CLICK
23362,D1,D1_CLICK
23363,D1,D1_CLICK
23364,D1,D1_CLICK
23365,D1,D1_CLICK
23366,D1,D1_CLICK
23367,D1,D1_CLICK
23368,NONE,NO_CLICK
23369,NONE,NO_CLICK
23370,NONE,NO_CLICK
23371,NONE,NO_CLICK
23372,NONE,NO_CLICK
23373,NONE,NO_CLICK
23374,NONE,NO_CLICK
23375,NONE,NO_CLICK
23376,NONE,NO_CLICK
23377,NONE,NO_CLICK
23378,NONE,NO_CLICK
23379,NONE,NO_CLICK
23380,NONE,NO_CLICK
23381,NONE,NO_CLICK
23382,NONE,NO_CLICK
23383,NONE,NO_CLICK
23384,NONE,NO_CLICK
23385,NONE,NO_CLICK
23386,NONE,NO_CLICK
23387,NONE,NO_CLICK
23388,NONE,NO_CLICK
23389,NONE,NO_CLICK
23390,NONE,NO_CLICK
23391,NONE,NO_CLICK
23392,NONE,NO_CLICK
23393,NONE,NO_CLICK
23394,NONE,NO_CLICK
23395,NONE,NO_CLICK
23396,NONE,NO_CLICK
23397,NONE,NO_CLICK
23398,NONE,NO_CLICK
23399,NONE,NO_CLICK
23400,NONE,NO_CLICK
23401,NONE,NO_CLICK
23402,NONE,NO_CLICK
23403,NONE,NO_CLICK
23404,NONE,NO_CLICK
23405,NONE,NO_CLICK
23406,NONE,NO_CLICK
23407,NONE,NO_CLICK
23408,NONE,NO_CLICK
23409,NONE,NO_CLICK
23410,NONE,NO_CLICK
23411,NONE,NO_CLICK
23412,NONE,NO_CLICK
23413,NONE,NO_CLICK
23414,NONE,NO_CLICK
23415,NONE,NO_CLICK
23416,NONE,NO_CLICK
23417,NONE,NO_CLICK
23418,NONE,NO_CLICK
23419,NONE,NO_CLICK
23420,NONE,NO_CLICK
23421,NONE,NO_CLICK
23422,NONE,NO_CLICK
23423,NONE,NO_CLICK
23424,NONE,NO_CLICK
23425,NONE,NO_CLICK
23426,NONE,NO_CLICK
23427,NONE,NO_CLICK
23428,NONE,NO_CLICK
23429,NONE,NO_CLICK
23430,NONE,NO_CLICK
23431,NONE,NO_CLICK
23432,NONE,NO_CLICK
23433,NONE,NO_CLICK
23434,NONE,NO_CLICK
23435,NONE,NO_CLICK
23436,NONE,NO_CLICK
23437,NONE,NO_CLICK
23438,NONE,NO_CLICK
23439,NONE,NO_CLICK
23440,NONE,NO_CLICK
23441,NONE,NO_CLICK
23442,NONE,NO_CLICK
23443,NONE,NO_CLICK
23444,NONE,NO_CLICK
23445,NONE,NO_CLICK
23446,NONE,NO_CLICK
23447,NONE,NO_CLICK
23448,NONE,NO_CLICK
23449,NONE,NO_CLICK
23450,NONE,NO_CLICK
23451,NONE,NO_CLICK
23452,NONE,NO_CLICK
23453,NONE,NO_CLICK
23454,NONE,NO_CLICK
23455,NONE,NO_CLICK
23456,NONE,NO_CLICK
23457,NONE,NO_CLICK
23458,NONE,NO_CLICK
23459,NONE,NO_CLICK
23460,NONE,NO_CLICK
23461,NONE,NO_CLICK
23462,NONE,NO_CLICK
23463,NONE,NO_CLICK
23464,NONE,NO_CLICK
23465,NONE,NO_CLICK
23466,NONE,NO_CLICK
23467,NONE,NO_CLICK
23468,NONE,NO_CLICK
23469,NONE,NO_CLICK
23470,NONE,NO_CLICK
23471,NONE,NO_CLICK
23472,NONE,NO_CLICK
23473,NONE,NO_CLICK
23474,NONE,NO_CLICK
23475,NONE,NO_CLICK
23476,NONE,NO_CLICK
23477,NONE,NO_CLICK
23478,NONE,NO_CLICK
23479,NONE,NO_CLICK
23480,NONE,NO_CLICK
23481,NONE,NO_CLICK
23482,NONE,NO_CLICK
23483,NONE,NO_CLICK
23484,NONE,NO_CLICK
23485,NONE,NO_CLICK
23486,NONE,NO_CLICK
23487,NONE,NO_CLICK
23488,NONE,NO_CLICK
23489,NONE,NO_CLICK
23490,NONE,NO_CLICK
23491,NONE,NO_CLICK
23492,NONE,NO_CLICK
23493,NONE,NO_CLICK
23494,NONE,NO_CLICK
23495,NONE,NO_CLICK
23496,NONE,NO_CLICK
23497,NONE,NO_CLICK
23498,NONE,NO_CLICK
23499,NONE,NO_CLICK
23500,NONE,NO_CLICK
23501,NONE,NO_CLICK
23502,NONE,NO_CLICK
23503,NONE,NO_CLICK
23504,NONE,NO_CLICK
23505,NONE,NO_CLICK
23506,NONE,NO_CLICK
23507,NONE,NO_CLICK
23508,NONE,NO_CLICK
23509,NONE,NO_CLICK
23510,NONE,NO_CLICK
23511,NONE,NO_CLICK
23512,NONE,NO_CLICK
23513,NONE,NO_CLICK
23514,NONE,NO_CLICK
23515,NONE,NO_CLICK
23516,NONE,NO_CLICK
23517,NONE,NO_CLICK
23518,NONE,NO_CLICK
23519,NONE,NO_CLICK
23520,NONE,NO_CLICK
23521,NONE,NO_CLICK
23522,NONE,NO_CLICK
23523,NONE,NO_CLICK
23524,NONE,NO_CLICK
23525,NONE,NO_CLICK
23526,NONE,NO_CLICK
23527,NONE,NO_CLICK
23528,NONE,NO_CLICK
23529,NONE,NO_CLICK
23530,NONE,NO_CLICK
23531,NONE,NO_CLICK
23532,NONE,NO_CLICK
23533,NONE,NO_CLICK
23534,NONE,NO_CLICK
23535,NONE,NO_CLICK
23536,NONE,NO_CLICK
23537,NONE,NO_CLICK
23538,NONE,NO_CLICK
23539,NONE,NO_CLICK
23540,NONE,NO_CLICK
23541,NONE,NO_CLICK
23542,NONE,NO_CLICK
23543,NONE,NO_CLICK
23544,NONE,NO_CLICK
23545,NONE,NO_CLICK
23546,NONE,NO_CLICK
23547,NONE,NO_CLICK
23548,NONE,NO_CLICK
23549,NONE,NO_CLICK
23550,NONE,NO_CLICK
23551,NONE,NO_CLICK
23552,NONE,NO_CLICK
23553,NONE,NO_CLICK
23554,NONE,NO_CLICK
23555,NONE,NO_CLICK
23556,NONE,NO_CLICK
23557,NONE,NO_CLICK
23558,NONE,NO_CLICK
23559,NONE,NO_CLICK
23560,NONE,NO_CLICK
23561,NONE,NO_CLICK
23562,NONE,NO_CLICK
23563,NONE,NO_CLICK
23564,NONE,NO_CLICK
23565,NONE,NO_CLICK
23566,NONE,NO_CLICK
23567,NONE,NO_CLICK
23568,NONE,NO_CLICK
23569,NONE,NO_CLICK
23570,NONE,NO_CLICK
23571,NONE,NO_CLICK
23572,NONE,NO_CLICK
23573,NONE,NO_CLICK
23574,NONE,NO_CLICK
23575,NONE,NO_CLICK
23576,NONE,NO_CLICK
23577,NONE,NO_CLICK
23578,NONE,NO_CLICK
23579,NONE,NO_CLICK
23580,NONE,NO_CLICK
23581,NONE,NO_CLICK
23582,NONE,NO_CLICK
23583,NONE,NO_CLICK
23584,NONE,NO_CLICK
23585,NONE,NO_CLICK
23586,D1,D1_CLICK
23587,D1,D1_CLICK
23588,D1,D1_CLICK
23589,D1,D1_CLICK
23590,D1,D1_CLICK
23591,D1,D1_CLICK
23592,D1,D1_CLICK
23593,D1,D1_CLICK
23594,D1,D1_CLICK
23595,D1,D1_CLICK
23596,D1,D1_CLICK
23597,D1,D1_CLICK
23598,D1,D1_CLICK
23599,D1,D1_CLICK
23600,D1,D1_CLICK
23601,D1,D1_CLICK
23602,D1,D1_CLICK
23603,D1,D1_CLICK
23604,D1,D1_CLICK
23605,D1,D1_CLICK
23606,D1,D1_CLICK
23607,D1,D1_CLICK
23608,D1,D1_CLICK
23609,D1,D1_CLICK
23610,D1,D1_CLICK
23611,D1,D1_CLICK
23612,D1,D1_CLICK
23613,D1,D1_CLICK
23614,D1,D1_CLICK
23615,D1,D1_CLICK
23616,D1,D1_CLICK
23617,D1,D1_CLICK
23618,D1,D1_CLICK
23619,D1,D1_CLICK
23620,D1,D1_CLICK
23621,D1,D1_CLICK
23622,D1,D1_CLICK
23623,D1,D1_CLICK
23624,NONE,NO_CLICK
23625,NONE,NO_CLICK
23626,NONE,NO_CLICK
23627,NONE,NO_CLICK
23628,NONE,NO_CLICK
23629,NONE,NO_CLICK
23630,NONE,NO_CLICK
23631,NONE,NO_CLICK
23632,NONE,NO_CLICK
23633,NONE,NO_CLICK
23634,NONE,NO_CLICK
23635,NONE,NO_CLICK
23636,NONE,NO_CLICK
23637,NONE,NO_CLICK
23638,NONE,NO_CLICK
23639,NONE,NO_CLICK
23640,NONE,NO_CLICK
23641,NONE,NO_CLICK
23642,NONE,NO_CLICK
23643,NONE,NO_CLICK
23644,NONE,NO_CLICK
23645,NONE,NO_CLICK
23646,NONE,NO_CLICK
23647,NONE,NO_CLICK
23648,NONE,NO_CLICK
23649,NONE,NO_CLICK
23650,NONE,NO_CLICK
23651,NONE,NO_CLICK
23652,NONE,NO_CLICK
23653,NONE,NO_CLICK
23654,NONE,NO_CLICK
23655,NONE,NO_CLICK
23656,NONE,NO_CLICK
23657,NONE,NO_CLICK
23658,NONE,NO_CLICK
23659,NONE,NO_CLICK
23660,NONE,NO_CLICK
23661,NONE,NO_CLICK
23662,NONE,NO_CLICK
23663,NONE,NO_CLICK
23664,NONE,NO_CLICK
23665,NONE,NO_CLICK
23666,NONE,NO_CLICK
23667,NONE,NO_CLICK
23668,NONE,NO_CLICK
23669,NONE,NO_CLICK
23670,NONE,NO_CLICK
23671,NONE,NO_CLICK
23672,NONE,NO_CLICK
23673,NONE,NO_CLICK
23674,NONE,NO_CLICK
23675,NONE,NO_CLICK
23676,NONE,NO_CLICK
23677,NONE,NO_CLICK
23678,NONE,NO_CLICK
23679,NONE,NO_CLICK
23680,NONE,NO_CLICK
23681,NONE,NO_CLICK
23682,NONE,NO_CLICK
23683,NONE,NO_CLICK
23684,NONE,NO_CLICK
23685,NONE,NO_CLICK
23686,NONE,NO_CLICK
23687,NONE,NO_CLICK
23688,NONE,NO_CLICK
23689,NONE,NO_CLICK
23690,NONE,NO_CLICK
23691,NONE,NO_CLICK
23692,NONE,NO_CLICK
23693,NONE,NO_CLICK
23694,NONE,NO_CLICK
23695,NONE,NO_CLICK
23696,NONE,NO_CLICK
23697,NONE,NO_CLICK
23698,NONE,NO_CLICK
23699,NONE,NO_CLICK
23700,NONE,NO_CLICK
23701,NONE,NO_CLICK
23702,NONE,NO_CLICK
23703,NONE,NO_CLICK
23704,NONE,NO_CLICK
23705,NONE,NO_CLICK
23706,NONE,NO_CLICK
23707,NONE,NO_CLICK
23708,NONE,NO_CLICK
23709,NONE,NO_CLICK
23710,NONE,NO_CLICK
23711,NONE,NO_CLICK
23712,NONE,NO_CLICK
23713,NONE,NO_CLICK
23714,NONE,NO_CLICK
23715,NONE,NO_CLICK
23716,NONE,NO_CLICK
23717,NONE,NO_CLICK
23718,NONE,NO_CLICK
23719,NONE,NO_CLICK
23720,NONE,NO_CLICK
23721,NONE,NO_CLICK
23722,NONE,NO_CLICK
23723,NONE,NO_CLICK
23724,NONE,NO_CLICK
23725,NONE,NO_CLICK
23726,NONE,NO_CLICK
23727,NONE,NO_CLICK
23728,NONE,NO_CLICK
23729,NONE,NO_CLICK
23730,NONE,NO_CLICK
23731,NONE,NO_CLICK
23732,NONE,NO_CLICK
23733,NONE,NO_CLICK
23734,NONE,NO_CLICK
23735,NONE,NO_CLICK
23736,NONE,NO_CLICK
23737,NONE,NO_CLICK
23738,NONE,NO_CLICK
23739,NONE,NO_CLICK
23740,NONE,NO_CLICK
23741,NONE,NO_CLICK
23742,NONE,NO_CLICK
23743,NONE,NO_CLICK
23744,NONE,NO_CLICK
23745,NONE,NO_CLICK
23746,D1,D1_CLICK
23747,D1,D1_CLICK
23748,D1,D1_CLICK
23749,D1,D1_CLICK
23750,D1,D1_CLICK
23751,D1,D1_CLICK
23752,D1,D1_CLICK
23753,D1,D1_CLICK
23754,D1,D1_CLICK
23755,D1,D1_CLICK
23756,D1,D1_CLICK
23757,D1,D1_CLICK
23758,D1,D1_CLICK
23759,D1,D1_CLICK
23760,D1,D1_CLICK
23761,D1,D1_CLICK
23762,D1,D1_CLICK
23763,D1,D1_CLICK
23764,D1,D1_CLICK
23765,D1,D1_CLICK
23766,D1,D1_CLICK
23767,D1,D1_CLICK
23768,D1,D1_CLICK
23769,D1,D1_CLICK
23770,D1,D1_CLICK
23771,D1,D1_CLICK
23772,D1,D1_CLICK
23773,D1,D1_CLICK
23774,D1,D1_CLICK
23775,D1,D1_CLICK
23776,D1,D1_CLICK
23777,D1,D1_CLICK
23778,BOTH,DOUBLE_CLICK
23779,BOTH,DOUBLE_CLICK
23780,BOTH,DOUBLE_CLICK
23781,BOTH,DOUBLE_CLICK
23782,BOTH,DOUBLE_CLICK
23783,BOTH,DOUBLE_CLICK
23784,D2,D2_CLICK
23785,D2,D2_CLICK
23786,D2,D2_CLICK
23787,D2,D2_CLICK
23788,D2,D2_CLICK
23789,D2,D2_CLICK
23790,D2,D2_CLICK
23791,D2,D2_CLICK
23792,D2,D2_CLICK
23793,D2,D2_CLICK
23794,D2,D2_CLICK
23795,D2,D2_CLICK
23796,D2,D2_CLICK
23797,D2,D2_CLICK
23798,D2,D2_CLICK
23799,D2,D2_CLICK
23800,D2,D2_CLICK
23801,D2,D2_CLICK
23802,D2,D2_CLICK
23803,D2,D2_CLICK
23804,D2,D2_CLICK
23805,D2,D2_CLICK
23806,D2,D2_CLICK
23807,D2,D2_CLICK
23808,D2,D2_CLICK
23809,D2,D2_CLICK
23810,D2,D2_CLICK
23811,D2,D2_CLICK
23812,D2,D2_CLICK
23813,D2,D2_CLICK
23814,D2,D2_CLICK
23815,D2,D2_CLICK
23816,NONE,NO_CLICK
23817,NONE,NO_CLICK
23818,NONE,NO_CLICK
23819,NONE,NO_CLICK
23820,NONE,NO_CLICK
23821,NONE,NO_CLICK
23822,NONE,NO_CLICK
23823,NONE,NO_CLICK
23824,NONE,NO_CLICK
23825,NONE,NO_CLICK
23826,NONE,NO_CLICK
23827,NONE,NO_CLICK
23828,NONE,NO_CLICK
23829,NONE,NO_CLICK
23830,NONE,NO_CLICK
23831,NONE,NO_CLICK
23832,NONE,NO_CLICK
23833,NONE,NO_CLICK
23834,NONE,NO_CLICK
23835,NONE,NO_CLICK
23836,NONE,NO_CLICK
23837,NONE,NO_CLICK
23838,NONE,NO_CLICK
23839,NONE,NO_CLICK
23840,NONE,NO_CLICK
23841,NONE,NO_CLICK
23842,NONE,NO_CLICK
23843,NONE,NO_CLICK
23844,NONE,NO_CLICK
23845,NONE,NO_CLICK
23846,NONE,NO_CLICK
23847,NONE,NO_CLICK
23848,NONE,NO_CLICK
23849,NONE,NO_CLICK
23850,NONE,NO_CLICK
23851,NONE,NO_CLICK
23852,NONE,NO_CLICK
23853,NONE,NO_CLICK
23854,NONE,NO_CLICK
23855,NONE,NO_CLICK
23856,NONE,NO_CLICK
23857,NONE,NO_CLICK
23858,NONE,NO_CLICK
23859,NONE,NO_CLICK
23860,NONE,NO_CLICK
23861,NONE,NO_CLICK
23862,NONE,NO_CLICK
23863,NONE,NO_CLICK
23864,NONE,NO_CLICK
23865,NONE,NO_CLICK
23866,NONE,NO_CLICK
23867,NONE,NO_CLICK
23868,NONE,NO_CLICK
23869,NONE,NO_CLICK
23870,NONE,NO_CLICK
23871,NONE,NO_CLICK
23872,NONE,NO_CLICK
23873,NONE,NO_CLICK
23874,NONE,NO_CLICK
23875,NONE,NO_CLICK
23876,NONE,NO_CLICK
23877,NONE,NO_CLICK
23878,NONE,NO_CLICK
23879,NONE,NO_CLICK
23880,NONE,NO_CLICK
23881,NONE,NO_CLICK
23882,NONE,NO_CLICK
23883,NONE,NO_CLICK
23884,NONE,NO_CLICK
23885,NONE,NO_CLICK
23886,NONE,NO_CLICK
23887,NONE,NO_CLICK
23888,NONE,NO_CLICK
23889,NONE,NO_CLICK
23890,NONE,NO_CLICK
23891,NONE,NO_CLICK
23892,NONE,NO_CLICK
23893,NONE,NO_CLICK
23894,NONE,NO_CLICK
23895,NONE,NO_CLICK
23896,NONE,NO_CLICK
23897,NONE,NO_CLICK
23898,NONE,NO_CLICK
23899,NONE,NO_CLICK
23900,NONE,NO_CLICK
23901,NONE,NO_CLICK
23902,NONE,NO_CLICK
23903,NONE,NO_CLICK
23904,NONE,NO_CLICK
23905,NONE,NO_CLICK
23906,NONE,NO_CLICK
23907,NONE,NO_CLICK
23908,NONE,NO_CLICK
23909,NONE,NO_CLICK
23910,NONE,NO_CLICK
23911,NONE,NO_CLICK
23912,NONE,NO_CLICK
23913,NONE,NO_CLICK
23914,NONE,NO_CLICK
23915,NONE,NO_CLICK
23916,NONE,NO_CLICK
23917,NONE,NO_CLICK
23918,NONE,NO_CLICK
23919,NONE,NO_CLICK
23920,NONE,NO_CLICK
23921,NONE,NO_CLICK
23922,NONE,NO_CLICK
23923,NONE,NO_CLICK
23924,NONE,NO_CLICK
23925,NONE,NO_CLICK
23926,NONE,NO_CLICK
23927,NONE,NO_CLICK
23928,NONE,NO_CLICK
23929,NONE,NO_CLICK
23930,NONE,NO_CLICK
23931,NONE,NO_CLICK
23932,NONE,NO_CLICK
23933,NONE,NO_CLICK
23934,NONE,NO_CLICK
23935,NONE,NO_CLICK
23936,NONE,NO_CLICK
23937,NONE,NO_CLICK
23938,D1,D1_CLICK
23939,D1,D1_CLICK
23940,D1,D1_CLICK
23941,D1,D1_CLICK
23942,D1,D1_CLICK
23943,D1,D1_CLICK
23944,D1,D1_CLICK
23945,D1,D1_CLICK
23946,D1,D1_CLICK
23947,D1,D1_CLICK
23948,D1,D1_CLICK
23949,D1,D1_CLICK
23950,D1,D1_CLICK
23951,D1,D1_CLICK
23952,D1,D1_CLICK
23953,D1,D1_CLICK
23954,D1,D1_CLICK
23955,D1,D1_CLICK
23956,D1,D1_CLICK
23957,D1,D1_CLICK
23958,D1,D1_CLICK
23959,D1,D1_CLICK
23960,D1,D1_CLICK
23961,D1,D1_CLICK
23962,D1,D1_CLICK
23963,D1,D1_CLICK
23964,D1,D1_CLICK
23965,D1,D1_CLICK
23966,D1,D1_CLICK
23967,D1,D1_CLICK
23968,D1,D1_CLICK
23969,D1,D1_CLICK
23970,D1,D1_CLICK
23971,D1,D1_CLICK
23972,D1,D1_CLICK
23973,D1,D1_CLICK
23974,D1,D1_CLICK
23975,D1,D1_CLICK
23976,NONE,NO_CLICK
23977,NONE,NO_CLICK
23978,NONE,NO_CLICK
23979,NONE,NO_CLICK
23980,NONE,NO_CLICK
23981,NONE,NO_CLICK
23982,NONE,NO_CLICK
23983,NONE,NO_CLICK
23984,NONE,NO_CLICK
23985,NONE,NO_CLICK
23986,NONE,NO_CLICK
23987,NONE,NO_CLICK
23988,NONE,NO_CLICK
23989,NONE,NO_CLICK
23990,NONE,NO_CLICK
23991,NONE,NO_CLICK
23992,NONE,NO_CLICK
23993,NONE,NO_CLICK
23994,NONE,NO_CLICK
23995,NONE,NO_CLICK
23996,NONE,NO_CLICK
23997,NONE,NO_CLICK
23998,NONE,NO_CLICK
23999,NONE,NO_CLICK
24000,NONE,NO_CLICK
24001,NONE,NO_CLICK
24002,NONE,NO_CLICK
24003,NONE,NO_CLICK
24004,NONE,NO_CLICK
24005,NONE,NO_CLICK
24006,NONE,NO_CLICK
24007,NONE,NO_CLICK
24008,NONE,NO_CLICK
24009,NONE,NO_CLICK
24010,NONE,NO_CLICK
24011,NONE,NO_CLICK
24012,NONE,NO_CLICK
24013,NONE,NO_CLICK
24014,NONE,NO_CLICK
24015,NONE,NO_CLICK
24016,NONE,NO_CLICK
24017,NONE,NO_CLICK
24018,NONE,NO_CLICK
24019,NONE,NO_CLICK
24020,NONE,NO_CLICK
24021,NONE,NO_CLICK
24022,NONE,NO_CLICK
24023,NONE,NO_CLICK
24024,NONE,NO_CLICK
24025,NONE,NO_CLICK
24026,NONE,NO_CLICK
24027,NONE,NO_CLICK
24028,NONE,NO_CLICK
24029,NONE,NO_CLICK
24030,NONE,NO_CLICK
24031,NONE,NO_CLICK
24032,NONE,NO_CLICK
24033,NONE,NO_CLICK
24034,NONE,NO_CLICK
24035,NONE,NO_CLICK
24036,NONE,NO_CLICK
24037,NONE,NO_CLICK
24038,NONE,NO_CLICK
24039,NONE,NO_CLICK
24040,NONE,NO_CLICK
24041,NONE,NO_CLICK
24042,NONE,NO_CLICK
24043,NONE,NO_CLICK
24044,NONE,NO_CLICK
24045,NONE,NO_CLICK
24046,NONE,NO_CLICK
24047,NONE,NO_CLICK
24048,NONE,NO_CLICK
24049,NONE,NO_CLICK
24050,NONE,NO_CLICK
24051,NONE,NO_CLICK
24052,NONE,NO_CLICK
24053,NONE,NO_CLICK
24054,NONE,NO_CLICK
24055,NONE,NO_CLICK
24056,NONE,NO_CLICK
24057,NONE,NO_CLICK
24058,NONE,NO_CLICK
24059,NONE,NO_CLICK
24060,NONE,NO_CLICK
24061,NONE,NO_CLICK
24062,NONE,NO_CLICK
24063,NONE,NO_CLICK
24064,NONE,NO_CLICK
24065,NONE,NO_CLICK
24066,NONE,NO_CLICK
24067,NONE,NO_CLICK
24068,NONE,NO_CLICK
24069,NONE,NO_CLICK
24070,NONE,NO_CLICK
24071,NONE,NO_CLICK
24072,NONE,NO_CLICK
24073,NONE,NO_CLICK
24074,NONE,NO_CLICK
24075,NONE,NO_CLICK
24076,NONE,NO_CLICK
24077,NONE,NO_CLICK
24078,NONE,NO_CLICK
24079,NONE,NO_CLICK
24080,NONE,NO_CLICK
24081,NONE,NO_CLICK
24082,NONE,NO_CLICK
24083,NONE,NO_CLICK
24084,NONE,NO_CLICK
24085,NONE,NO_CLICK
24086,NONE,NO_CLICK
24087,NONE,NO_CLICK
24088,NONE,NO_CLICK
24089,NONE,NO_CLICK
24090,NONE,NO_CLICK
24091,NONE,NO_CLICK
24092,NONE,NO_CLICK
24093,NONE,NO_CLICK
24094,NONE,NO_CLICK
24095,NONE,NO_CLICK
24096,NONE,NO_CLICK
24097,NONE,NO_CLICK
24098,D2,D2_CLICK
24099,D2,D2_CLICK
24100,D2,D2_CLICK
24101,D2,D2_CLICK
24102,D2,D2_CLICK
24103,D2,D2_CLICK
24104,D2,D2_CLICK
24105,D2,D2_CLICK
24106,D2,D2_CLICK
24107,D2,D2_CLICK
24108,D2,D2_CLICK
24109,D2,D2_CLICK
24110,D2,D2_CLICK
24111,D2,D2_CLICK
24112,D2,D2_CLICK
24113,D2,D2_CLICK
24114,D2,D2_CLICK
24115,D2,D2_CLICK
24116,D2,D2_CLICK
24117,D2,D2_CLICK
24118,D2,D2_CLICK
24119,D2,D2_CLICK
24120,D2,D2_CLICK
24121,D2,D2_CLICK
24122,D2,D2_CLICK
24123,D2,D2_CLICK
24124,D2,D2_CLICK
24125,D2,D2_CLICK
24126,D2,D2_CLICK
24127,D2,D2_CLICK
24128,D2,D2_CLICK
24129,D2,D2_CLICK
24130,D2,D2_CLICK
24131,D2,D2_CLICK
24132,D2,D2_CLICK
24133,D2,D2_CLICK
24134,D2,D2_CLICK
24135,D2,D2_CLICK
24136,NONE,NO_CLICK
24137,NONE,NO_CLICK
24138,NONE,NO_CLICK
24139,NONE,NO_CLICK
24140,NONE,NO_CLICK
24141,NONE,NO_CLICK
24142,NONE,NO_CLICK
24143,NONE,NO_CLICK
24144,NONE,NO_CLICK
24145,NONE,NO_CLICK
24146,NONE,NO_CLICK
24147,NONE,NO_CLICK
24148,NONE,NO_CLICK
24149,NONE,NO_CLICK
24150,NONE,NO_CLICK
24151,NONE,NO_CLICK
24152,NONE,NO_CLICK
24153,NONE,NO_CLICK
24154,NONE,NO_CLICK
24155,NONE,NO_CLICK
24156,NONE,NO_CLICK
24157,NONE,NO_CLICK
24158,NONE,NO_CLICK
24159,NONE,NO_CLICK
24160,NONE,NO_CLICK
24161,NONE,NO_CLICK
24162,NONE,NO_CLICK
24163,NONE,NO_CLICK
24164,NONE,NO_CLICK
24165,NONE,NO_CLICK
24166,NONE,NO_CLICK
24167,NONE,NO_CLICK
24168,NONE,NO_CLICK
24169,NONE,NO_CLICK
24170,NONE,NO_CLICK
24171,NONE,NO_CLICK
24172,NONE,NO_CLICK
24173,NONE,NO_CLICK
24174,NONE,NO_CLICK
24175,NONE,NO_CLICK
24176,NONE,NO_CLICK
24177,NONE,NO_CLICK
24178,NONE,NO_CLICK
24179,NONE,NO_CLICK
24180,NONE,NO_CLICK
24181,NONE,NO_CLICK
24182,NONE,NO_CLICK
24183,NONE,NO_CLICK
24184,NONE,NO_CLICK
24185,NONE,NO_CLICK
24186,NONE,NO_CLICK
24187,NONE,NO_CLICK
24188,NONE,NO_CLICK
24189,NONE,NO_CLICK
24190,NONE,NO_CLICK
24191,NONE,NO_CLICK
24192,NONE,NO_CLICK
24193,NONE,NO_CLICK
24194,NONE,NO_CLICK
24195,NONE,NO_CLICK
24196,NONE,NO_CLICK
24197,NONE,NO_CLICK
24198,NONE,NO_CLICK
24199,NONE,NO_CLICK
24200,NONE,NO_CLICK
24201,NONE,NO_CLICK
24202,NONE,NO_CLICK
24203,NONE,NO_CLICK
24204,NONE,NO_CLICK
24205,NONE,NO_CLICK
24206,NONE,NO_CLICK
24207,NONE,NO_CLICK
24208,NONE,NO_CLICK
24209,NONE,NO_CLICK
24210,NONE,NO_CLICK
24211,NONE,NO_CLICK
24212,NONE,NO_CLICK
24213,NONE,NO_CLICK
24214,NONE,NO_CLICK
24215,NONE,NO_CLICK
24216,NONE,NO_CLICK
24217,NONE,NO_CLICK
24218,NONE,NO_CLICK
24219,NONE,NO_CLICK
24220,NONE,NO_CLICK
24221,NONE,NO_CLICK
24222,NONE,NO_CLICK
24223,NONE,NO_CLICK
24224,NONE,NO_CLICK
24225,NONE,NO_CLICK
24226,NONE,NO_CLICK
24227,NONE,NO_CLICK
24228,NONE,NO_CLICK
24229,NONE,NO_CLICK
24230,NONE,NO_CLICK
24231,NONE,NO_CLICK
24232,NONE,NO_CLICK
24233,NONE,NO_CLICK
24234,NONE,NO_CLICK
24235,NONE,NO_CLICK
24236,NONE,NO_CLICK
24237,NONE,NO_CLICK
24238,NONE,NO_CLICK
24239,NONE,NO_CLICK
24240,NONE,NO_CLICK
24241,NONE,NO_CLICK
24242,NONE,NO_CLICK
24243,NONE,NO_CLICK
24244,NONE,NO_CLICK
24245,NONE,NO_CLICK
24246,NONE,NO_CLICK
24247,NONE,NO_CLICK
24248,NONE,NO_CLICK
24249,NONE,NO_CLICK
24250,NONE,NO_CLICK
24251,NONE,NO_CLICK
24252,NONE,NO_CLICK
24253,NONE,NO_CLICK
24254,NONE,NO_CLICK
24255,NONE,NO_CLICK
24256,NONE,NO_CLICK
24257,NONE,NO_CLICK
24258,NONE,NO_CLICK
24259,NONE,NO_CLICK
24260,NONE,NO_CLICK
24261,NONE,NO_CLICK
24262,NONE,NO_CLICK
24263,NONE,NO_CLICK
24264,NONE,NO_CLICK
24265,NONE,NO_CLICK
24266,NONE,NO_CLICK
24267,NONE,NO_CLICK
24268,NONE,NO_CLICK
24269,NONE,NO_CLICK
24270,NONE,NO_CLICK
24271,NONE,NO_CLICK
24272,NONE,NO_CLICK
24273,NONE,NO_CLICK
24274,NONE,NO_CLICK
24275,NONE,NO_CLICK
24276,NONE,NO_CLICK
24277,NONE,NO_CLICK
24278,NONE,NO_CLICK
24279,NONE,NO_CLICK
24280,NONE,NO_CLICK
24281,NONE,NO_CLICK
24282,NONE,NO_CLICK
24283,NONE,NO_CLICK
24284,NONE,NO_CLICK
24285,NONE,NO_CLICK
24286,NONE,NO_CLICK
24287,NONE,NO_CLICK
24288,NONE,NO_CLICK
24289,NONE,NO_CLICK
24290,NONE,NO_CLICK
24291,NONE,NO_CLICK
24292,NONE,NO_CLICK
24293,NONE,NO_CLICK
24294,NONE,NO_CLICK
24295,NONE,NO_CLICK
24296,NONE,NO_CLICK
24297,NONE,NO_CLICK
24298,NONE,NO_CLICK
24299,NONE,NO_CLICK
24300,NONE,NO_CLICK
24301,NONE,NO_CLICK
24302,NONE,NO_CLICK
24303,NONE,NO_CLICK
24304,NONE,NO_CLICK
24305,NONE,NO_CLICK
24306,NONE,NO_CLICK
24307,NONE,NO_CLICK
24308,NONE,NO_CLICK
24309,NONE,NO_CLICK
24310,NONE,NO_CLICK
24311,NONE,NO_CLICK
24312,NONE,NO_CLICK
24313,NONE,NO_CLICK
24314,NONE,NO_CLICK
24315,NONE,NO_CLICK
24316,NONE,NO_CLICK
24317,NONE,NO_CLICK
24318,NONE,NO_CLICK
24319,NONE,NO_CLICK
24320,NONE,NO_CLICK
24321,NONE,NO_CLICK
24322,NONE,NO_CLICK
24323,NONE,NO_CLICK
24324,NONE,NO_CLICK
24325,NONE,NO_CLICK
24326,NONE,NO_CLICK
24327,NONE,NO_CLICK
24328,NONE,NO_CLICK
24329,NONE,NO_CLICK
24330,NONE,NO_CLICK
24331,NONE,NO_CLICK
24332,NONE,NO_CLICK
24333,NONE,NO_CLICK
24334,NONE,NO_CLICK
24335,NONE,NO_CLICK
24336,NONE,NO_CLICK
24337,NONE,NO_CLICK
24338,NONE,NO_CLICK
24339,NONE,NO_CLICK
24340,NONE,NO_CLICK
24341,NONE,NO_CLICK
24342,NONE,NO_CLICK
24343,NONE,NO_CLICK
24344,NONE,NO_CLICK
24345,NONE,NO_CLICK
24346,NONE,NO_CLICK
24347,NONE,NO_CLICK
24348,NONE,NO_CLICK
24349,NONE,NO_CLICK
24350,NONE,NO_CLICK
24351,NONE,NO_CLICK
24352,NONE,NO_CLICK
24353,NONE,NO_CLICK
24354,D1,D1_CLICK
24355,D1,D1_CLICK
24356,D1,D1_CLICK
24357,D1,D1_CLICK
24358,D1,D1_CLICK
24359,D1,D1_CLICK
24360,D1,D1_CLICK
24361,D1,D1_CLICK
24362,D1,D1_CLICK
24363,D1,D1_CLICK
24364,D1,D1_CLICK
24365,D1,D1_CLICK
24366,D1,D1_CLICK
24367,D1,D1_CLICK
24368,D1,D1_CLICK
24369,D1,D1_CLICK
24370,D1,D1_CLICK
24371,D1,D1_CLICK
24372,D1,D1_CLICK
24373,D1,D1_CLICK
24374,D1,D1_CLICK
24375,D1,D1_CLICK
24376,D1,D1_CLICK
24377,D1,D1_CLICK
24378,D1,D1_CLICK
24379,D1,D1_CLICK
24380,D1,D1_CLICK
24381,D1,D1_CLICK
24382,D1,D1_CLICK
24383,D1,D1_CLICK
24384,D1,D1_CLICK
24385,D1,D1_CLICK
24386,D1,D1_CLICK
24387,D1,D1_CLICK
24388,D1,D1_CLICK
24389,D1,D1_CLICK
24390,D1,D1_CLICK
24391,D1,D1_CLICK
24392,NONE,NO_CLICK
24393,NONE,NO_CLICK
24394,NONE,NO_CLICK
24395,NONE,NO_CLICK
24396,NONE,NO_CLICK
24397,NONE,NO_CLICK
24398,NONE,NO_CLICK
24399,NONE,NO_CLICK
24400,NONE,NO_CLICK
24401,NONE,NO_CLICK
24402,NONE,NO_CLICK
24403,NONE,NO_CLICK
24404,NONE,NO_CLICK
24405,NONE,NO_CLICK
24406,NONE,NO_CLICK
24407,NONE,NO_CLICK
24408,NONE,NO_CLICK
24409,NONE,NO_CLICK
24410,NONE,NO_CLICK
24411,NONE,NO_CLICK
24412,NONE,NO_CLICK
24413,NONE,NO_CLICK
24414,NONE,NO_CLICK
24415,NONE,NO_CLICK
24416,NONE,NO_CLICK
24417,NONE,NO_CLICK
24418,NONE,NO_CLICK
24419,NONE,NO_CLICK
24420,NONE,NO_CLICK
24421,NONE,NO_CLICK
24422,NONE,NO_CLICK
24423,NONE,NO_CLICK
24424,NONE,NO_CLICK
24425,NONE,NO_CLICK
24426,NONE,NO_CLICK
24427,NONE,NO_CLICK
24428,NONE,NO_CLICK
24429,NONE,NO_CLICK
24430,NONE,NO_CLICK
24431,NONE,NO_CLICK
24432,NONE,NO_CLICK
24433,NONE,NO_CLICK
24434,NONE,NO_CLICK
24435,NONE,NO_CLICK
24436,NONE,NO_CLICK
24437,NONE,NO_CLICK
24438,NONE,NO_CLICK
24439,NONE,NO_CLICK
24440,NONE,NO_CLICK
24441,NONE,NO_CLICK
24442,NONE,NO_CLICK
24443,NONE,NO_CLICK
24444,NONE,NO_CLICK
24445,NONE,NO_CLICK
24446,NONE,NO_CLICK
24447,NONE,NO_CLICK
24448,NONE,NO_CLICK
24449,NONE,NO_CLICK
24450,NONE,NO_CLICK
24451,NONE,NO_CLICK
24452,NONE,NO_CLICK
24453,NONE,NO_CLICK
24454,NONE,NO_CLICK
24455,NONE,NO_CLICK
24456,NONE,NO_CLICK
24457,NONE,NO_CLICK
24458,NONE,NO_CLICK
24459,NONE,NO_CLICK
24460,NONE,NO_CLICK
24461,NONE,NO_CLICK
24462,NONE,NO_CLICK
24463,NONE,NO_CLICK
24464,NONE,NO_CLICK
24465,NONE,NO_CLICK
24466,NONE,NO_CLICK
24467,NONE,NO_CLICK
24468,NONE,NO_CLICK
24469,NONE,NO_CLICK
24470,NONE,NO_CLICK
24471,NONE,NO_CLICK
24472,NONE,NO_CLICK
24473,NONE,NO_CLICK
24474,NONE,NO_CLICK
24475,NONE,NO_CLICK
24476,NONE,NO_CLICK
24477,NONE,NO_CLICK
24478,NONE,NO_CLICK
24479,NONE,NO_CLICK
24480,NONE,NO_CLICK
24481,NONE,NO_CLICK
24482,NONE,NO_CLICK
24483,NONE,NO_CLICK
24484,NONE,NO_CLICK
24485,NONE,NO_CLICK
24486,NONE,NO_CLICK
24487,NONE,NO_CLICK
24488,NONE,NO_CLICK
24489,NONE,NO_CLICK
24490,NONE,NO_CLICK
24491,NONE,NO_CLICK
24492,NONE,NO_CLICK
24493,NONE,NO_CLICK
24494,NONE,NO_CLICK
24495,NONE,NO_CLICK
24496,NONE,NO_CLICK
24497,NONE,NO_CLICK
24498,NONE,NO_CLICK
24499,NONE,NO_CLICK
24500,NONE,NO_CLICK
24501,NONE,NO_CLICK
24502,NONE,NO_CLICK
24503,NONE,NO_CLICK
24504,NONE,NO_CLICK
24505,NONE,NO_CLICK
24506,NONE,NO_CLICK
24507,NONE,NO_CLICK
24508,NONE,NO_CLICK
24509,NONE,NO_CLICK
24510,NONE,NO_CLICK
24511,NONE,NO_CLICK
24512,NONE,NO_CLICK
24513,NONE,NO_CLICK
24514,NONE,NO_CLICK
24515,NONE,NO_CLICK
24516,NONE,NO_CLICK
24517,NONE,NO_CLICK
24518,NONE,NO_CLICK
24519,NONE,NO_CLICK
24520,NONE,NO_CLICK
24521,NONE,NO_CLICK
24522,NONE,NO_CLICK
24523,NONE,NO_CLICK
24524,NONE,NO_CLICK
24525,NONE,NO_CLICK
24526,NONE,NO_CLICK
24527,NONE,NO_CLICK
24528,NONE,NO_CLICK
24529,NONE,NO_CLICK
24530,NONE,NO_CLICK
24531,NONE,NO_CLICK
24532,NONE,NO_CLICK
24533,NONE,NO_CLICK
24534,NONE,NO_CLICK
24535,NONE,NO_CLICK
24536,NONE,NO_CLICK
24537,NONE,NO_CLICK
24538,NONE,NO_CLICK
24539,NONE,NO_CLICK
24540,NONE,NO_CLICK
24541,NONE,NO_CLICK
24542,NONE,NO_CLICK
24543,NONE,NO_CLICK
24544,NONE,NO_CLICK
24545,NONE,NO_CLICK
24546,D2,D2_CLICK
24547,D2,D2_CLICK
24548,D2,D2_CLICK
24549,D2,D2_CLICK
24550,D2,D2_CLICK
24551,D2,D2_CLICK
24552,D2,D2_CLICK
24553,D2,D2_CLICK
24554,D2,D2_CLICK
24555,D2,D2_CLICK
24556,D2,D2_CLICK
24557,D2,D2_CLICK
24558,D2,D2_CLICK
24559,D2,D2_CLICK
24560,D2,D2_CLICK
24561,D2,D2_CLICK
24562,D2,D2_CLICK
24563,D2,D2_CLICK
24564,D2,D2_CLICK
24565,D2,D2_CLICK
24566,D2,D2_CLICK
24567,D2,D2_CLICK
24568,D2,D2_CLICK
24569,D2,D2_CLICK
24570,D2,D2_CLICK
24571,D2,D2_CLICK
24572,D2,D2_CLICK
24573,D2,D2_CLICK
24574,D2,D2_CLICK
24575,D2,D2_CLICK
24576,D2,D2_CLICK
24577,D2,D2_CLICK
24578,D2,D2_CLICK
24579,D2,D2_CLICK
24580,D2,D2_CLICK
24581,D2,D2_CLICK
24582,D2,D2_CLICK
24583,D2,D2_CLICK
24584,NONE,NO_CLICK
24585,NONE,NO_CLICK
24586,NONE,NO_CLICK
24587,NONE,NO_CLICK
24588,NONE,NO_CLICK
24589,NONE,NO_CLICK
24590,NONE,NO_CLICK
24591,NONE,NO_CLICK
24592,NONE,NO_CLICK
24593,NONE,NO_CLICK
24594,NONE,NO_CLICK
24595,NONE,NO_CLICK
24596,NONE,NO_CLICK
24597,NONE,NO_CLICK
24598,NONE,NO_CLICK
24599,NONE,NO_CLICK
24600,NONE,NO_CLICK
24601,NONE,NO_CLICK
24602,NONE,NO_CLICK
24603,NONE,NO_CLICK
24604,NONE,NO_CLICK
24605,NONE,NO_CLICK
24606,NONE,NO_CLICK
24607,NONE,NO_CLICK
24608,NONE,NO_CLICK
24609,NONE,NO_CLICK
24610,NONE,NO_CLICK
24611,NONE,NO_CLICK
24612,NONE,NO_CLICK
24613,NONE,NO_CLICK
24614,NONE,NO_CLICK
24615,NONE,NO_CLICK
24616,NONE,NO_CLICK
24617,NONE,NO_CLICK
24618,NONE,NO_CLICK
24619,NONE,NO_CLICK
24620,NONE,NO_CLICK
24621,NONE,NO_CLICK
24622,NONE,NO_CLICK
24623,NONE,NO_CLICK
24624,NONE,NO_CLICK
24625,NONE,NO_CLICK
24626,NONE,NO_CLICK
24627,NONE,NO_CLICK
24628,NONE,NO_CLICK
24629,NONE,NO_CLICK
24630,NONE,NO_CLICK
24631,NONE,NO_CLICK
24632,NONE,NO_CLICK
24633,NONE,NO_CLICK
24634,NONE,NO_CLICK
24635,NONE,NO_CLICK
24636,NONE,NO_CLICK
24637,NONE,NO_CLICK
24638,NONE,NO_CLICK
24639,NONE,NO_CLICK
24640,NONE,NO_CLICK
24641,NONE,NO_CLICK
24642,NONE,NO_CLICK
24643,NONE,NO_CLICK
24644,NONE,NO_CLICK
24645,NONE,NO_CLICK
24646,NONE,NO_CLICK
24647,NONE,NO_CLICK
24648,NONE,NO_CLICK
24649,NONE,NO_CLICK
24650,NONE,NO_CLICK
24651,NONE,NO_CLICK
24652,NONE,NO_CLICK
24653,NONE,NO_CLICK
24654,NONE,NO_CLICK
24655,NONE,NO_CLICK
24656,NONE,NO_CLICK
24657,NONE,NO_CLICK
24658,NONE,NO_CLICK
24659,NONE,NO_CLICK
24660,NONE,NO_CLICK
24661,NONE,NO_CLICK
24662,NONE,NO_CLICK
24663,NONE,NO_CLICK
24664,NONE,NO_CLICK
24665,NONE,NO_CLICK
24666,NONE,NO_CLICK
24667,NONE,NO_CLICK
24668,NONE,NO_CLICK
24669,NONE,NO_CLICK
24670,NONE,NO_CLICK
24671,NONE,NO_CLICK
24672,NONE,NO_CLICK
24673,NONE,NO_CLICK
24674,NONE,NO_CLICK
24675,NONE,NO_CLICK
24676,NONE,NO_CLICK
24677,NONE,NO_CLICK
24678,NONE,NO_CLICK
24679,NONE,NO_CLICK
24680,NONE,NO_CLICK
24681,NONE,NO_CLICK
24682,NONE,NO_CLICK
24683,NONE,NO_CLICK
24684,NONE,NO_CLICK
24685,NONE,NO_CLICK
24686,NONE,NO_CLICK
24687,NONE,NO_CLICK
24688,NONE,NO_CLICK
24689,NONE,NO_CLICK
24690,NONE,NO_CLICK
24691,NONE,NO_CLICK
24692,NONE,NO_CLICK
24693,NONE,NO_CLICK
24694,NONE,NO_CLICK
24695,NONE,NO_CLICK
24696,NONE,NO_CLICK
24697,NONE,NO_CLICK
24698,NONE,NO_CLICK
24699,NONE,NO_CLICK
24700,NONE,NO_CLICK
24701,NONE,NO_CLICK
24702,NONE,NO_CLICK
24703,NONE,NO_CLICK
24704,NONE,NO_CLICK
24705,NONE,NO_CLICK
24706,NONE,NO_CLICK
24707,NONE,NO_CLICK
24708,NONE,NO_CLICK
24709,NONE,NO_CLICK
24710,NONE,NO_CLICK
24711,NONE,NO_CLICK
24712,NONE,NO_CLICK
24713,NONE,NO_CLICK
24714,NONE,NO_CLICK
24715,NONE,NO_CLICK
24716,NONE,NO_CLICK
24717,NONE,NO_CLICK
24718,NONE,NO_CLICK
24719,NONE,NO_CLICK
24720,NONE,NO_CLICK
24721,NONE,NO_CLICK
24722,NONE,NO_CLICK
24723,NONE,NO_CLICK
24724,NONE,NO_CLICK
24725,NONE,NO_CLICK
24726,NONE,NO_CLICK
24727,NONE,NO_CLICK
24728,NONE,NO_CLICK
24729,NONE,NO_CLICK
24730,NONE,NO_CLICK
24731,NONE,NO_CLICK
24732,NONE,NO_CLICK
24733,NONE,NO_CLICK
24734,NONE,NO_CLICK
24735,NONE,NO_CLICK
24736,NONE,NO_CLICK
24737,NONE,NO_CLICK
24738,NONE,NO_CLICK
24739,NONE,NO_CLICK
24740,NONE,NO_CLICK
24741,NONE,NO_CLICK
24742,NONE,NO_CLICK
24743,NONE,NO_CLICK
24744,NONE,NO_CLICK
24745,NONE,NO_CLICK
24746,NONE,NO_CLICK
24747,NONE,NO_CLICK
24748,NONE,NO_CLICK
24749,NONE,NO_CLICK
24750,NONE,NO_CLICK
24751,NONE,NO_CLICK
24752,NONE,NO_CLICK
24753,NONE,NO_CLICK
24754,NONE,NO_CLICK
24755,NONE,NO_CLICK
24756,NONE,NO_CLICK
24757,NONE,NO_CLICK
24758,NONE,NO_CLICK
24759,NONE,NO_CLICK
24760,NONE,NO_CLICK
24761,NONE,NO_CLICK
24762,NONE,NO_CLICK
24763,NONE,NO_CLICK
24764,NONE,NO_CLICK
24765,NONE,NO_CLICK
24766,NONE,NO_CLICK
24767,NONE,NO_CLICK
24768,NONE,NO_CLICK
24769,NONE,NO_CLICK
24770,NONE,NO_CLICK
24771,NONE,NO_CLICK
24772,NONE,NO_CLICK
24773,NONE,NO_CLICK
24774,NONE,NO_CLICK
24775,NONE,NO_CLICK
24776,NONE,NO_CLICK
24777,NONE,NO_CLICK
24778,NONE,NO_CLICK
24779,NONE,NO_CLICK
24780,NONE,NO_CLICK
24781,NONE,NO_CLICK
24782,NONE,NO_CLICK
24783,NONE,NO_CLICK
24784,NONE,NO_CLICK
24785,NONE,NO_CLICK
24786,NONE,NO_CLICK
24787,NONE,NO_CLICK
24788,NONE,NO_CLICK
24789,NONE,NO_CLICK
24790,NONE,NO_CLICK
24791,NONE,NO_CLICK
24792,NONE,NO_CLICK
24793,NONE,NO_CLICK
24794,NONE,NO_CLICK
24795,NONE,NO_CLICK
24796,NONE,NO_CLICK
24797,NONE,NO_CLICK
24798,NONE,NO_CLICK
24799,NONE,NO_CLICK
24800,NONE,NO_CLICK
24801,NONE,NO_CLICK
24802,D1,D1_CLICK
24803,D1,D1_CLICK
24804,D1,D1_CLICK
24805,D1,D1_CLICK
24806,D1,D1_CLICK
24807,D1,D1_CLICK
24808,D1,D1_CLICK
24809,D1,D1_CLICK
24810,D1,D1_CLICK
24811,D1,D1_CLICK
24812,D1,D1_CLICK
24813,D1,D1_CLICK
24814,D1,D1_CLICK
24815,D1,D1_CLICK
24816,D1,D1_CLICK
24817,D1,D1_CLICK
24818,D1,D1_CLICK
24819,D1,D1_CLICK
24820,D1,D1_CLICK
24821,D1,D1_CLICK
24822,D1,D1_CLICK
24823,D1,D1_CLICK
24824,D1,D1_CLICK
24825,D1,D1_CLICK
24826,D1,D1_CLICK
24827,D1,D1_CLICK
24828,D1,D1_CLICK
24829,D1,D1_CLICK
24830,D1,D1_CLICK
24831,D1,D1_CLICK
24832,D1,D1_CLICK
24833,D1,D1_CLICK
24834,D1,D1_CLICK
24835,D1,D1_CLICK
24836,D1,D1_CLICK
24837,D1,D1_CLICK
24838,D1,D1_CLICK
24839,D1,D1_CLICK
24840,NONE,NO_CLICK
24841,NONE,NO_CLICK
24842,NONE,NO_CLICK
24843,NONE,NO_CLICK
24844,NONE,NO_CLICK
24845,NONE,NO_CLICK
24846,NONE,NO_CLICK
24847,NONE,NO_CLICK
24848,NONE,NO_CLICK
24849,NONE,NO_CLICK
24850,NONE,NO_CLICK
24851,NONE,NO_CLICK
24852,NONE,NO_CLICK
24853,NONE,NO_CLICK
24854,NONE,NO_CLICK
24855,NONE,NO_CLICK
24856,NONE,NO_CLICK
24857,NONE,NO_CLICK
24858,NONE,NO_CLICK
24859,NONE,NO_CLICK
24860,NONE,NO_CLICK
24861,NONE,NO_CLICK
24862,NONE,NO_CLICK
24863,NONE,NO_CLICK
24864,NONE,NO_CLICK
24865,NONE,NO_CLICK
24866,NONE,NO_CLICK
24867,NONE,NO_CLICK
24868,NONE,NO_CLICK
24869,NONE,NO_CLICK
24870,NONE,NO_CLICK
24871,NONE,NO_CLICK
24872,NONE,NO_CLICK
24873,NONE,NO_CLICK
24874,NONE,NO_CLICK
24875,NONE,NO_CLICK
24876,NONE,NO_CLICK
24877,NONE,NO_CLICK
24878,NONE,NO_CLICK
24879,NONE,NO_CLICK
24880,NONE,NO_CLICK
24881,NONE,NO_CLICK
24882,NONE,NO_CLICK
24883,NONE,NO_CLICK
24884,NONE,NO_CLICK
24885,NONE,NO_CLICK
24886,NONE,NO_CLICK
24887,NONE,NO_CLICK
24888,NONE,NO_CLICK
24889,NONE,NO_CLICK
24890,NONE,NO_CLICK
24891,NONE,NO_CLICK
24892,NONE,NO_CLICK
24893,NONE,NO_CLICK
24894,NONE,NO_CLICK
24895,NONE,NO_CLICK
24896,NONE,NO_CLICK
24897,NONE,NO_CLICK
24898,D2,D2_CLICK
24899,D2,D2_CLICK
24900,D2,D2_CLICK
24901,D2,D2_CLICK
24902,D2,D2_CLICK
24903,D2,D2_CLICK
24904,D2,D2_CLICK
24905,D2,D2_CLICK
24906,D2,D2_CLICK
24907,D2,D2_CLICK
24908,D2,D2_CLICK
24909,D2,D2_CLICK
24910,D2,D2_CLICK
24911,D2,D2_CLICK
24912,D2,D2_CLICK
24913,D2,D2_CLICK
24914,D2,D2_CLICK
24915,D2,D2_CLICK
24916,D2,D2_CLICK
24917,D2,D2_CLICK
24918,D2,D2_CLICK
24919,D2,D2_CLICK
24920,D2,D2_CLICK
24921,D2,D2_CLICK
24922,D2,D2_CLICK
24923,D2,D2_CLICK
24924,D2,D2_CLICK
24925,D2,D2_CLICK
24926,D2,D2_CLICK
24927,D2,D2_CLICK
24928,D2,D2_CLICK
24929,D2,D2_CLICK
24930,D2,D2_CLICK
24931,D2,D2_CLICK
24932,D2,D2_CLICK
24933,D2,D2_CLICK
24934,D2,D2_CLICK
24935,D2,D2_CLICK
24936,NONE,NO_CLICK
24937,NONE,NO_CLICK
24938,NONE,NO_CLICK
24939,NONE,NO_CLICK
24940,NONE,NO_CLICK
24941,NONE,NO_CLICK
24942,NONE,NO_CLICK
24943,NONE,NO_CLICK
24944,NONE,NO_CLICK
24945,NONE,NO_CLICK
24946,NONE,NO_CLICK
24947,NONE,NO_CLICK
24948,NONE,NO_CLICK
24949,NONE,NO_CLICK
24950,NONE,NO_CLICK
24951,NONE,NO_CLICK
24952,NONE,NO_CLICK
24953,NONE,NO_CLICK
24954,NONE,NO_CLICK
24955,NONE,NO_CLICK
24956,NONE,NO_CLICK
24957,NONE,NO_CLICK
24958,NONE,NO_CLICK
24959,NONE,NO_CLICK
24960,NONE,NO_CLICK
24961,NONE,NO_CLICK
24962,NONE,NO_CLICK
24963,NONE,NO_CLICK
24964,NONE,NO_CLICK
24965,NONE,NO_CLICK
24966,NONE,NO_CLICK
24967,NONE,NO_CLICK
24968,NONE,NO_CLICK
24969,NONE,NO_CLICK
24970,NONE,NO_CLICK
24971,NONE,NO_CLICK
24972,NONE,NO_CLICK
24973,NONE,NO_CLICK
24974,NONE,NO_CLICK
24975,NONE,NO_CLICK
24976,NONE,NO_CLICK
24977,NONE,NO_CLICK
24978,NONE,NO_CLICK
24979,NONE,NO_CLICK
24980,NONE,NO_CLICK
24981,NONE,NO_CLICK
24982,NONE,NO_CLICK
24983,NONE,NO_CLICK
24984,NONE,NO_CLICK
24985,NONE,NO_CLICK
24986,NONE,NO_CLICK
24987,NONE,NO_CLICK
24988,NONE,NO_CLICK
24989,NONE,NO_CLICK
24990,NONE,NO_CLICK
24991,NONE,NO_CLICK
24992,NONE,NO_CLICK
24993,NONE,NO_CLICK
24994,NONE,NO_CLICK
24995,NONE,NO_CLICK
24996,NONE,NO_CLICK
24997,NONE,NO_CLICK
24998,NONE,NO_CLICK
24999,NONE,NO_CLICK
25000,NONE,NO_CLICK
25001,NONE,NO_CLICK
25002,NONE,NO_CLICK
25003,NONE,NO_CLICK
25004,NONE,NO_CLICK
25005,NONE,NO_CLICK
25006,NONE,NO_CLICK
25007,NONE,NO_CLICK
25008,NONE,NO_CLICK
25009,NONE,NO_CLICK
25010,NONE,NO_CLICK
25011,NONE,NO_CLICK
25012,NONE,NO_CLICK
25013,NONE,NO_CLICK
25014,NONE,NO_CLICK
25015,NONE,NO_CLICK
25016,NONE,NO_CLICK
25017,NONE,NO_CLICK
25018,NONE,NO_CLICK
25019,NONE,NO_CLICK
25020,NONE,NO_CLICK
25021,NONE,NO_CLICK
25022,NONE,NO_CLICK
25023,NONE,NO_CLICK
25024,NONE,NO_CLICK
25025,NONE,NO_CLICK
25026,NONE,NO_CLICK
25027,NONE,NO_CLICK
25028,NONE,NO_CLICK
25029,NONE,NO_CLICK
25030,NONE,NO_CLICK
25031,NONE,NO_CLICK
25032,NONE,NO_CLICK
25033,NONE,NO_CLICK
25034,NONE,NO_CLICK
25035,NONE,NO_CLICK
25036,NONE,NO_CLICK
25037,NONE,NO_CLICK
25038,NONE,NO_CLICK
25039,NONE,NO_CLICK
25040,NONE,NO_CLICK
25041,NONE,NO_CLICK
25042,NONE,NO_CLICK
25043,NONE,NO_CLICK
25044,NONE,NO_CLICK
25045,NONE,NO_CLICK
25046,NONE,NO_CLICK
25047,NONE,NO_CLICK
25048,NONE,NO_CLICK
25049,NONE,NO_CLICK
25050,NONE,NO_CLICK
25051,NONE,NO_CLICK
25052,NONE,NO_CLICK
25053,NONE,NO_CLICK
25054,NONE,NO_CLICK
25055,NONE,NO_CLICK
25056,NONE,NO_CLICK
25057,NONE,NO_CLICK
25058,NONE,NO_CLICK
25059,NONE,NO_CLICK
25060,NONE,NO_CLICK
25061,NONE,NO_CLICK
25062,NONE,NO_CLICK
25063,NONE,NO_CLICK
25064,NONE,NO_CLICK
25065,NONE,NO_CLICK
25066,NONE,NO_CLICK
25067,NONE,NO_CLICK
25068,NONE,NO_CLICK
25069,NONE,NO_CLICK
25070,NONE,NO_CLICK
25071,NONE,NO_CLICK
25072,NONE,NO_CLICK
25073,NONE,NO_CLICK
25074,NONE,NO_CLICK
25075,NONE,NO_CLICK
25076,NONE,NO_CLICK
25077,NONE,NO_CLICK
25078,NONE,NO_CLICK
25079,NONE,NO_CLICK
25080,NONE,NO_CLICK
25081,NONE,NO_CLICK
25082,NONE,NO_CLICK
25083,NONE,NO_CLICK
25084,NONE,NO_CLICK
25085,NONE,NO_CLICK
25086,NONE,NO_CLICK
25087,NONE,NO_CLICK
25088,NONE,NO_CLICK
25089,NONE,NO_CLICK
25090,NONE,NO_CLICK
25091,NONE,NO_CLICK
25092,NONE,NO_CLICK
25093,NONE,NO_CLICK
25094,NONE,NO_CLICK
25095,NONE,NO_CLICK
25096,NONE,NO_CLICK
25097,NONE,NO_CLICK
25098,NONE,NO_CLICK
25099,NONE,NO_CLICK
25100,NONE,NO_CLICK
25101,NONE,NO_CLICK
25102,NONE,NO_CLICK
25103,NONE,NO_CLICK
25104,NONE,NO_CLICK
25105,NONE,NO_CLICK
25106,NONE,NO_CLICK
25107,NONE,NO_CLICK
25108,NONE,NO_CLICK
25109,NONE,NO_CLICK
25110,NONE,NO_CLICK
25111,NONE,NO_CLICK
25112,NONE,NO_CLICK
25113,NONE,NO_CLICK
25114,NONE,NO_CLICK
25115,NONE,NO_CLICK
25116,NONE,NO_CLICK
25117,NONE,NO_CLICK
25118,NONE,NO_CLICK
25119,NONE,NO_CLICK
25120,NONE,NO_CLICK
25121,NONE,NO_CLICK
25122,NONE,NO_CLICK
25123,NONE,NO_CLICK
25124,NONE,NO_CLICK
25125,NONE,NO_CLICK
25126,NONE,NO_CLICK
25127,NONE,NO_CLICK
25128,NONE,NO_CLICK
25129,NONE,NO_CLICK
25130,NONE,NO_CLICK
25131,NONE,NO_CLICK
25132,NONE,NO_CLICK
25133,NONE,NO_CLICK
25134,NONE,NO_CLICK
25135,NONE,NO_CLICK
25136,NONE,NO_CLICK
25137,NONE,NO_CLICK
25138,NONE,NO_CLICK
25139,NONE,NO_CLICK
25140,NONE,NO_CLICK
25141,NONE,NO_CLICK
25142,NONE,NO_CLICK
25143,NONE,NO_CLICK
25144,NONE,NO_CLICK
25145,NONE,NO_CLICK
25146,NONE,NO_CLICK
25147,NONE,NO_CLICK
25148,NONE,NO_CLICK
25149,NONE,NO_CLICK
25150,NONE,NO_CLICK
25151,NONE,NO_CLICK
25152,NONE,NO_CLICK
25153,NONE,NO_CLICK
25154,D1,D1_CLICK
25155,D1,D1_CLICK
25156,D1,D1_CLICK
25157,D1,D1_CLICK
25158,D1,D1_CLICK
25159,D1,D1_CLICK
25160,D1,D1_CLICK
25161,D1,D1_CLICK
25162,D1,D1_CLICK
25163,D1,D1_CLICK
25164,D1,D1_CLICK
25165,D1,D1_CLICK
25166,D1,D1_CLICK
25167,D1,D1_CLICK
25168,D1,D1_CLICK
25169,D1,D1_CLICK
25170,D1,D1_CLICK
25171,D1,D1_CLICK
25172,D1,D1_CLICK
25173,D1,D1_CLICK
25174,D1,D1_CLICK
25175,D1,D1_CLICK
25176,D1,D1_CLICK
25177,D1,D1_CLICK
25178,D1,D1_CLICK
25179,D1,D1_CLICK
25180,D1,D1_CLICK
25181,D1,D1_CLICK
25182,D1,D1_CLICK
25183,D1,D1_CLICK
25184,D1,D1_CLICK
25185,D1,D1_CLICK
25186,D1,D1_CLICK
25187,D1,D1_CLICK
25188,D1,D1_CLICK
25189,D1,D1_CLICK
25190,D1,D1_CLICK
25191,D1,D1_CLICK
25192,NONE,NO_CLICK
25193,NONE,NO_CLICK
25194,NONE,NO_CLICK
25195,NONE,NO_CLICK
25196,NONE,NO_CLICK
25197,NONE,NO_CLICK
25198,NONE,NO_CLICK
25199,NONE,NO_CLICK
25200,NONE,NO_CLICK
25201,NONE,NO_CLICK
25202,NONE,NO_CLICK
25203,NONE,NO_CLICK
25204,NONE,NO_CLICK
25205,NONE,NO_CLICK
25206,NONE,NO_CLICK
25207,NONE,NO_CLICK
25208,NONE,NO_CLICK
25209,NONE,NO_CLICK
25210,NONE,NO_CLICK
25211,NONE,NO_CLICK
25212,NONE,NO_CLICK
25213,NONE,NO_CLICK
25214,NONE,NO_CLICK
25215,NONE,NO_CLICK
25216,NONE,NO_CLICK
25217,NONE,NO_CLICK
25218,NONE,NO_CLICK
25219,NONE,NO_CLICK
25220,NONE,NO_CLICK
25221,NONE,NO_CLICK
25222,NONE,NO_CLICK
25223,NONE,NO_CLICK
25224,NONE,NO_CLICK
25225,NONE,NO_CLICK
25226,NONE,NO_CLICK
25227,NONE,NO_CLICK
25228,NONE,NO_CLICK
25229,NONE,NO_CLICK
25230,NONE,NO_CLICK
25231,NONE,NO_CLICK
25232,NONE,NO_CLICK
25233,NONE,NO_CLICK
25234,NONE,NO_CLICK
25235,NONE,NO_CLICK
25236,NONE,NO_CLICK
25237,NONE,NO_CLICK
25238,NONE,NO_CLICK
25239,NONE,NO_CLICK
25240,NONE,NO_CLICK
25241,NONE,NO_CLICK
25242,NONE,NO_CLICK
25243,NONE,NO_CLICK
25244,NONE,NO_CLICK
25245,NONE,NO_CLICK
25246,NONE,NO_CLICK
25247,NONE,NO_CLICK
25248,NONE,NO_CLICK
25249,NONE,NO_CLICK
25250,D2,D2_CLICK
25251,D2,D2_CLICK
25252,D2,D2_CLICK
25253,D2,D2_CLICK
25254,D2,D2_CLICK
25255,D2,D2_CLICK
25256,D2,D2_CLICK
25257,D2,D2_CLICK
25258,D2,D2_CLICK
25259,D2,D2_CLICK
25260,D2,D2_CLICK
25261,D2,D2_CLICK
25262,D2,D2_CLICK
25263,D2,D2_CLICK
25264,D2,D2_CLICK
25265,D2,D2_CLICK
25266,D2,D2_CLICK
25267,D2,D2_CLICK
25268,D2,D2_CLICK
25269,D2,D2_CLICK
25270,D2,D2_CLICK
25271,D2,D2_CLICK
25272,D2,D2_CLICK
25273,D2,D2_CLICK
25274,D2,D2_CLICK
25275,D2,D2_CLICK
25276,D2,D2_CLICK
25277,D2,D2_CLICK
25278,D2,D2_CLICK
25279,D2,D2_CLICK
25280,D2,D2_CLICK
25281,D2,D2_CLICK
25282,D2,D2_CLICK
25283,D2,D2_CLICK
25284,D2,D2_CLICK
25285,D2,D2_CLICK
25286,D2,D2_CLICK
25287,D2,D2_CLICK
25288,NONE,NO_CLICK
25289,NONE,NO_CLICK
25290,NONE,NO_CLICK
25291,NONE,NO_CLICK
25292,NONE,NO_CLICK
25293,NONE,NO_CLICK
25294,NONE,NO_CLICK
25295,NONE,NO_CLICK
25296,NONE,NO_CLICK
25297,NONE,NO_CLICK
25298,NONE,NO_CLICK
25299,NONE,NO_CLICK
25300,NONE,NO_CLICK
25301,NONE,NO_CLICK
25302,NONE,NO_CLICK
25303,NONE,NO_CLICK
25304,NONE,NO_CLICK
25305,NONE,NO_CLICK
25306,NONE,NO_CLICK
25307,NONE,NO_CLICK
25308,NONE,NO_CLICK
25309,NONE,NO_CLICK
25310,NONE,NO_CLICK
25311,NONE,NO_CLICK
25312,NONE,NO_CLICK
25313,NONE,NO_CLICK
25314,NONE,NO_CLICK
25315,NONE,NO_CLICK
25316,NONE,NO_CLICK
25317,NONE,NO_CLICK
25318,NONE,NO_CLICK
25319,NONE,NO_CLICK
25320,NONE,NO_CLICK
25321,NONE,NO_CLICK
25322,NONE,NO_CLICK
25323,NONE,NO_CLICK
25324,NONE,NO_CLICK
25325,NONE,NO_CLICK
25326,NONE,NO_CLICK
25327,NONE,NO_CLICK
25328,NONE,NO_CLICK
25329,NONE,NO_CLICK
25330,NONE,NO_CLICK
25331,NONE,NO_CLICK
25332,NONE,NO_CLICK
25333,NONE,NO_CLICK
25334,NONE,NO_CLICK
25335,NONE,NO_CLICK
25336,NONE,NO_CLICK
25337,NONE,NO_CLICK
25338,NONE,NO_CLICK
25339,NONE,NO_CLICK
25340,NONE,NO_CLICK
25341,NONE,NO_CLICK
25342,NONE,NO_CLICK
25343,NONE,NO_CLICK
25344,NONE,NO_CLICK
25345,NONE,NO_CLICK
25346,NONE,NO_CLICK
25347,NONE,NO_CLICK
25348,NONE,NO_CLICK
25349,NONE,NO_CLICK
25350,NONE,NO_CLICK
25351,NONE,NO_CLICK
25352,NONE,NO_CLICK
25353,NONE,NO_CLICK
25354,NONE,NO_CLICK
25355,NONE,NO_CLICK
25356,NONE,NO_CLICK
25357,NONE,NO_CLICK
25358,NONE,NO_CLICK
25359,NONE,NO_CLICK
25360,NONE,NO_CLICK
25361,NONE,NO_CLICK
25362,NONE,NO_CLICK
25363,NONE,NO_CLICK
25364,NONE,NO_CLICK
25365,NONE,NO_CLICK
25366,NONE,NO_CLICK
25367,NONE,NO_CLICK
25368,NONE,NO_CLICK
25369,NONE,NO_CLICK
25370,NONE,NO_CLICK
25371,NONE,NO_CLICK
25372,NONE,NO_CLICK
25373,NONE,NO_CLICK
25374,NONE,NO_CLICK
25375,NONE,NO_CLICK
25376,NONE,NO_CLICK
25377,NONE,NO_CLICK
25378,NONE,NO_CLICK
25379,NONE,NO_CLICK
25380,NONE,NO_CLICK
25381,NONE,NO_CLICK
25382,NONE,NO_CLICK
25383,NONE,NO_CLICK
25384,NONE,NO_CLICK
25385,NONE,NO_CLICK
25386,NONE,NO_CLICK
25387,NONE,NO_CLICK
25388,NONE,NO_CLICK
25389,NONE,NO_CLICK
25390,NONE,NO_CLICK
25391,NONE,NO_CLICK
25392,NONE,NO_CLICK
25393,NONE,NO_CLICK
25394,NONE,NO_CLICK
25395,NONE,NO_CLICK
25396,NONE,NO_CLICK
25397,NONE,NO_CLICK
25398,NONE,NO_CLICK
25399,NONE,NO_CLICK
25400,NONE,NO_CLICK
25401,NONE,NO_CLICK
25402,NONE,NO_CLICK
25403,NONE,NO_CLICK
25404,NONE,NO_CLICK
25405,NONE,NO_CLICK
25406,NONE,NO_CLICK
25407,NONE,NO_CLICK
25408,NONE,NO_CLICK
25409,NONE,NO_CLICK
25410,NONE,NO_CLICK
25411,NONE,NO_CLICK
25412,NONE,NO_CLICK
25413,NONE,NO_CLICK
25414,NONE,NO_CLICK
25415,NONE,NO_CLICK
25416,NONE,NO_CLICK
25417,NONE,NO_CLICK
25418,NONE,NO_CLICK
25419,NONE,NO_CLICK
25420,NONE,NO_CLICK
25421,NONE,NO_CLICK
25422,NONE,NO_CLICK
25423,NONE,NO_CLICK
25424,NONE,NO_CLICK
25425,NONE,NO_CLICK
25426,NONE,NO_CLICK
25427,NONE,NO_CLICK
25428,NONE,NO_CLICK
25429,NONE,NO_CLICK
25430,NONE,NO_CLICK
25431,NONE,NO_CLICK
25432,NONE,NO_CLICK
25433,NONE,NO_CLICK
25434,NONE,NO_CLICK
25435,NONE,NO_CLICK
25436,NONE,NO_CLICK
25437,NONE,NO_CLICK
25438,NONE,NO_CLICK
25439,NONE,NO_CLICK
25440,NONE,NO_CLICK
25441,NONE,NO_CLICK
25442,NONE,NO_CLICK
25443,NONE,NO_CLICK
25444,NONE,NO_CLICK
25445,NONE,NO_CLICK
25446,NONE,NO_CLICK
25447,NONE,NO_CLICK
25448,NONE,NO_CLICK
25449,NONE,NO_CLICK
25450,NONE,NO_CLICK
25451,NONE,NO_CLICK
25452,NONE,NO_CLICK
25453,NONE,NO_CLICK
25454,NONE,NO_CLICK
25455,NONE,NO_CLICK
25456,NONE,NO_CLICK
25457,NONE,NO_CLICK
25458,NONE,NO_CLICK
25459,NONE,NO_CLICK
25460,NONE,NO_CLICK
25461,NONE,NO_CLICK
25462,NONE,NO_CLICK
25463,NONE,NO_CLICK
25464,NONE,NO_CLICK
25465,NONE,NO_CLICK
25466,NONE,NO_CLICK
25467,NONE,NO_CLICK
25468,NONE,NO_CLICK
25469,NONE,NO_CLICK
25470,NONE,NO_CLICK
25471,NONE,NO_CLICK
25472,NONE,NO_CLICK
25473,NONE,NO_CLICK
25474,NONE,NO_CLICK
25475,NONE,NO_CLICK
25476,NONE,NO_CLICK
25477,NONE,NO_CLICK
25478,NONE,NO_CLICK
25479,NONE,NO_CLICK
25480,NONE,NO_CLICK
25481,NONE,NO_CLICK
25482,NONE,NO_CLICK
25483,NONE,NO_CLICK
25484,NONE,NO_CLICK
25485,NONE,NO_CLICK
25486,NONE,NO_CLICK
25487,NONE,NO_CLICK
25488,NONE,NO_CLICK
25489,NONE,NO_CLICK
25490,NONE,NO_CLICK
25491,NONE,NO_CLICK
25492,NONE,NO_CLICK
25493,NONE,NO_CLICK
25494,NONE,NO_CLICK
25495,NONE,NO_CLICK
25496,NONE,NO_CLICK
25497,NONE,NO_CLICK
25498,NONE,NO_CLICK
25499,NONE,NO_CLICK
25500,NONE,NO_CLICK
25501,NONE,NO_CLICK
25502,NONE,NO_CLICK
25503,NONE,NO_CLICK
25504,NONE,NO_CLICK
25505,NONE,NO_CLICK
25506,D1,D1_CLICK
25507,D1,D1_CLICK
25508,D1,D1_CLICK
25509,D1,D1_CLICK
25510,D1,D1_CLICK
25511,D1,D1_CLICK
25512,D1,D1_CLICK
25513,D1,D1_CLICK
25514,D1,D1_CLICK
25515,D1,D1_CLICK
25516,D1,D1_CLICK
25517,D1,D1_CLICK
25518,D1,D1_CLICK
25519,D1,D1_CLICK
25520,D1,D1_CLICK
25521,D1,D1_CLICK
25522,D1,D1_CLICK
25523,D1,D1_CLICK
25524,D1,D1_CLICK
25525,D1,D1_CLICK
25526,D1,D1_CLICK
25527,D1,D1_CLICK
25528,D1,D1_CLICK
25529,D1,D1_CLICK
25530,D1,D1_CLICK
25531,D1,D1_CLICK
25532,D1,D1_CLICK
25533,D1,D1_CLICK
25534,D1,D1_CLICK
25535,D1,D1_CLICK
25536,D1,D1_CLICK
25537,D1,D1_CLICK
25538,D1,D1_CLICK
25539,D1,D1_CLICK
25540,D1,D1_CLICK
25541,D1,D1_CLICK
25542,D1,D1_CLICK
25543,D1,D1_CLICK
25544,NONE,NO_CLICK
25545,NONE,NO_CLICK
25546,NONE,NO_CLICK
25547,NONE,NO_CLICK
25548,NONE,NO_CLICK
25549,NONE,NO_CLICK
25550,NONE,NO_CLICK
25551,NONE,NO_CLICK
25552,NONE,NO_CLICK
25553,NONE,NO_CLICK
25554,NONE,NO_CLICK
25555,NONE,NO_CLICK
25556,NONE,NO_CLICK
25557,NONE,NO_CLICK
25558,NONE,NO_CLICK
25559,NONE,NO_CLICK
25560,NONE,NO_CLICK
25561,NONE,NO_CLICK
25562,NONE,NO_CLICK
25563,NONE,NO_CLICK
25564,NONE,NO_CLICK
25565,NONE,NO_CLICK
25566,NONE,NO_CLICK
25567,NONE,NO_CLICK
25568,NONE,NO_CLICK
25569,NONE,NO_CLICK
25570,D2,D2_CLICK
25571,D2,D2_CLICK
25572,D2,D2_CLICK
25573,D2,D2_CLICK
25574,D2,D2_CLICK
25575,D2,D2_CLICK
25576,D2,D2_CLICK
25577,D2,D2_CLICK
25578,D2,D2_CLICK
25579,D2,D2_CLICK
25580,D2,D2_CLICK
25581,D2,D2_CLICK
25582,D2,D2_CLICK
25583,D2,D2_CLICK
25584,D2,D2_CLICK
25585,D2,D2_CLICK
25586,D2,D2_CLICK
25587,D2,D2_CLICK
25588,D2,D2_CLICK
25589,D2,D2_CLICK
25590,D2,D2_CLICK
25591,D2,D2_CLICK
25592,D2,D2_CLICK
25593,D2,D2_CLICK
25594,D2,D2_CLICK
25595,D2,D2_CLICK
25596,D2,D2_CLICK
25597,D2,D2_CLICK
25598,D2,D2_CLICK
25599,D2,D2_CLICK
25600,D2,D2_CLICK
25601,D2,D2_CLICK
25602,D2,D2_CLICK
25603,D2,D2_CLICK
25604,D2,D2_CLICK
25605,D2,D2_CLICK
25606,D2,D2_CLICK
25607,D2,D2_CLICK
25608,NONE,NO_CLICK
25609,NONE,NO_CLICK
25610,NONE,NO_CLICK
25611,NONE,NO_CLICK
25612,NONE,NO_CLICK
25613,NONE,NO_CLICK
25614,NONE,NO_CLICK
25615,NONE,NO_CLICK
25616,NONE,NO_CLICK
25617,NONE,NO_CLICK
25618,NONE,NO_CLICK
25619,NONE,NO_CLICK
25620,NONE,NO_CLICK
25621,NONE,NO_CLICK
25622,NONE,NO_CLICK
25623,NONE,NO_CLICK
25624,NONE,NO_CLICK
25625,NONE,NO_CLICK
25626,NONE,NO_CLICK
25627,NONE,NO_CLICK
25628,NONE,NO_CLICK
25629,NONE,NO_CLICK
25630,NONE,NO_CLICK
25631,NONE,NO_CLICK
25632,NONE,NO_CLICK
25633,NONE,NO_CLICK
25634,NONE,NO_CLICK
25635,NONE,NO_CLICK
25636,NONE,NO_CLICK
25637,NONE,NO_CLICK
25638,NONE,NO_CLICK
25639,NONE,NO_CLICK
25640,NONE,NO_CLICK
25641,NONE,NO_CLICK
25642,NONE,NO_CLICK
25643,NONE,NO_CLICK
25644,NONE,NO_CLICK
25645,NONE,NO_CLICK
25646,NONE,NO_CLICK
25647,NONE,NO_CLICK
25648,NONE,NO_CLICK
25649,NONE,NO_CLICK
25650,NONE,NO_CLICK
25651,NONE,NO_CLICK
25652,NONE,NO_CLICK
25653,NONE,NO_CLICK
25654,NONE,NO_CLICK
25655,NONE,NO_CLICK
25656,NONE,NO_CLICK
25657,NONE,NO_CLICK
25658,NONE,NO_CLICK
25659,NONE,NO_CLICK
25660,NONE,NO_CLICK
25661,NONE,NO_CLICK
25662,NONE,NO_CLICK
25663,NONE,NO_CLICK
25664,NONE,NO_CLICK
25665,NONE,NO_CLICK
25666,NONE,NO_CLICK
25667,NONE,NO_CLICK
25668,NONE,NO_CLICK
25669,NONE,NO_CLICK
25670,NONE,NO_CLICK
25671,NONE,NO_CLICK
25672,NONE,NO_CLICK
25673,NONE,NO_CLICK
25674,NONE,NO_CLICK
25675,NONE,NO_CLICK
25676,NONE,NO_CLICK
25677,NONE,NO_CLICK
25678,NONE,NO_CLICK
25679,NONE,NO_CLICK
25680,NONE,NO_CLICK
25681,NONE,NO_CLICK
25682,NONE,NO_CLICK
25683,NONE,NO_CLICK
25684,NONE,NO_CLICK
25685,NONE,NO_CLICK
25686,NONE,NO_CLICK
25687,NONE,NO_CLICK
25688,NONE,NO_CLICK
25689,NONE,NO_CLICK
25690,NONE,NO_CLICK
25691,NONE,NO_CLICK
25692,NONE,NO_CLICK
25693,NONE,NO_CLICK
25694,NONE,NO_CLICK
25695,NONE,NO_CLICK
25696,NONE,NO_CLICK
25697,NONE,NO_CLICK
25698,NONE,NO_CLICK
25699,NONE,NO_CLICK
25700,NONE,NO_CLICK
25701,NONE,NO_CLICK
25702,NONE,NO_CLICK
25703,NONE,NO_CLICK
25704,NONE,NO_CLICK
25705,NONE,NO_CLICK
25706,NONE,NO_CLICK
25707,NONE,NO_CLICK
25708,NONE,NO_CLICK
25709,NONE,NO_CLICK
25710,NONE,NO_CLICK
25711,NONE,NO_CLICK
25712,NONE,NO_CLICK
25713,NONE,NO_CLICK
25714,NONE,NO_CLICK
25715,NONE,NO_CLICK
25716,NONE,NO_CLICK
25717,NONE,NO_CLICK
25718,NONE,NO_CLICK
25719,NONE,NO_CLICK
25720,NONE,NO_CLICK
25721,NONE,NO_CLICK
25722,NONE,NO_CLICK
25723,NONE,NO_CLICK
25724,NONE,NO_CLICK
25725,NONE,NO_CLICK
25726,NONE,NO_CLICK
25727,NONE,NO_CLICK
25728,NONE,NO_CLICK
25729,NONE,NO_CLICK
25730,NONE,NO_CLICK
25731,NONE,NO_CLICK
25732,NONE,NO_CLICK
25733,NONE,NO_CLICK
25734,NONE,NO_CLICK
25735,NONE,NO_CLICK
25736,NONE,NO_CLICK
25737,NONE,NO_CLICK
25738,NONE,NO_CLICK
25739,NONE,NO_CLICK
25740,NONE,NO_CLICK
25741,NONE,NO_CLICK
25742,NONE,NO_CLICK
25743,NONE,NO_CLICK
25744,NONE,NO_CLICK
25745,NONE,NO_CLICK
25746,NONE,NO_CLICK
25747,NONE,NO_CLICK
25748,NONE,NO_CLICK
25749,NONE,NO_CLICK
25750,NONE,NO_CLICK
25751,NONE,NO_CLICK
25752,NONE,NO_CLICK
25753,NONE,NO_CLICK
25754,NONE,NO_CLICK
25755,NONE,NO_CLICK
25756,NONE,NO_CLICK
25757,NONE,NO_CLICK
25758,NONE,NO_CLICK
25759,NONE,NO_CLICK
25760,NONE,NO_CLICK
25761,NONE,NO_CLICK
25762,NONE,NO_CLICK
25763,NONE,NO_CLICK
25764,NONE,NO_CLICK
25765,NONE,NO_CLICK
25766,NONE,NO_CLICK
25767,NONE,NO_CLICK
25768,NONE,NO_CLICK
25769,NONE,NO_CLICK
25770,NONE,NO_CLICK
25771,NONE,NO_CLICK
25772,NONE,NO_CLICK
25773,NONE,NO_CLICK
25774,NONE,NO_CLICK
25775,NONE,NO_CLICK
25776,NONE,NO_CLICK
25777,NONE,NO_CLICK
25778,NONE,NO_CLICK
25779,NONE,NO_CLICK
25780,NONE,NO_CLICK
25781,NONE,NO_CLICK
25782,NONE,NO_CLICK
25783,NONE,NO_CLICK
25784,NONE,NO_CLICK
25785,NONE,NO_CLICK
25786,NONE,NO_CLICK
25787,NONE,NO_CLICK
25788,NONE,NO_CLICK
25789,NONE,NO_CLICK
25790,NONE,NO_CLICK
25791,NONE,NO_CLICK
25792,NONE,NO_CLICK
25793,NONE,NO_CLICK
25794,NONE,NO_CLICK
25795,NONE,NO_CLICK
25796,NONE,NO_CLICK
25797,NONE,NO_CLICK
25798,NONE,NO_CLICK
25799,NONE,NO_CLICK
25800,NONE,NO_CLICK
25801,NONE,NO_CLICK
25802,NONE,NO_CLICK
25803,NONE,NO_CLICK
25804,NONE,NO_CLICK
25805,NONE,NO_CLICK
25806,NONE,NO_CLICK
25807,NONE,NO_CLICK
25808,NONE,NO_CLICK
25809,NONE,NO_CLICK
25810,NONE,NO_CLICK
25811,NONE,NO_CLICK
25812,NONE,NO_CLICK
25813,NONE,NO_CLICK
25814,NONE,NO_CLICK
25815,NONE,NO_CLICK
25816,NONE,NO_CLICK
25817,NONE,NO_CLICK
25818,NONE,NO_CLICK
25819,NONE,NO_CLICK
25820,NONE,NO_CLICK
25821,NONE,NO_CLICK
25822,NONE,NO_CLICK
25823,NONE,NO_CLICK
25824,NONE,NO_CLICK
25825,NONE,NO_CLICK
25826,NONE,NO_CLICK
25827,NONE,NO_CLICK
25828,NONE,NO_CLICK
25829,NONE,NO_CLICK
25830,NONE,NO_CLICK
25831,NONE,NO_CLICK
25832,NONE,NO_CLICK
25833,NONE,NO_CLICK
25834,NONE,NO_CLICK
25835,NONE,NO_CLICK
25836,NONE,NO_CLICK
25837,NONE,NO_CLICK
25838,NONE,NO_CLICK
25839,NONE,NO_CLICK
25840,NONE,NO_CLICK
25841,NONE,NO_CLICK
25842,NONE,NO_CLICK
25843,NONE,NO_CLICK
25844,NONE,NO_CLICK
25845,NONE,NO_CLICK
25846,NONE,NO_CLICK
25847,NONE,NO_CLICK
25848,NONE,NO_CLICK
25849,NONE,NO_CLICK
25850,NONE,NO_CLICK
25851,NONE,NO_CLICK
25852,NONE,NO_CLICK
25853,NONE,NO_CLICK
25854,NONE,NO_CLICK
25855,NONE,NO_CLICK
25856,NONE,NO_CLICK
25857,NONE,NO_CLICK
25858,D1,D1_CLICK
25859,D1,D1_CLICK
25860,D1,D1_CLICK
25861,D1,D1_CLICK
25862,D1,D1_CLICK
25863,D1,D1_CLICK
25864,D1,D1_CLICK
25865,D1,D1_CLICK
25866,D1,D1_CLICK
25867,D1,D1_CLICK
25868,D1,D1_CLICK
25869,D1,D1_CLICK
25870,D1,D1_CLICK
25871,D1,D1_CLICK
25872,D1,D1_CLICK
25873,D1,D1_CLICK
25874,D1,D1_CLICK
25875,D1,D1_CLICK
25876,D1,D1_CLICK
25877,D1,D1_CLICK
25878,D1,D1_CLICK
25879,D1,D1_CLICK
25880,D1,D1_CLICK
25881,D1,D1_CLICK
25882,D1,D1_CLICK
25883,D1,D1_CLICK
25884,D1,D1_CLICK
25885,D1,D1_CLICK
25886,D1,D1_CLICK
25887,D1,D1_CLICK
25888,D1,D1_CLICK
25889,D1,D1_CLICK
25890,D1,D1_CLICK
25891,D1,D1_CLICK
25892,D1,D1_CLICK
25893,D1,D1_CLICK
25894,D1,D1_CLICK
25895,D1,D1_CLICK
25896,NONE,NO_CLICK
25897,NONE,NO_CLICK
25898,NONE,NO_CLICK
25899,NONE,NO_CLICK
25900,NONE,NO_CLICK
25901,NONE,NO_CLICK
25902,NONE,NO_CLICK
25903,NONE,NO_CLICK
25904,NONE,NO_CLICK
25905,NONE,NO_CLICK
25906,NONE,NO_CLICK
25907,NONE,NO_CLICK
25908,NONE,NO_CLICK
25909,NONE,NO_CLICK
25910,NONE,NO_CLICK
25911,NONE,NO_CLICK
25912,NONE,NO_CLICK
25913,NONE,NO_CLICK
25914,NONE,NO_CLICK
25915,NONE,NO_CLICK
25916,NONE,NO_CLICK
25917,NONE,NO_CLICK
25918,NONE,NO_CLICK
25919,NONE,NO_CLICK
25920,NONE,NO_CLICK
25921,NONE,NO_CLICK
25922,D2,D2_CLICK
25923,D2,D2_CLICK
25924,D2,D2_CLICK
25925,D2,D2_CLICK
25926,D2,D2_CLICK
25927,D2,D2_CLICK
25928,D2,D2_CLICK
25929,D2,D2_CLICK
25930,D2,D2_CLICK
25931,D2,D2_CLICK
25932,D2,D2_CLICK
25933,D2,D2_CLICK
25934,D2,D2_CLICK
25935,D2,D2_CLICK
25936,D2,D2_CLICK
25937,D2,D2_CLICK
25938,D2,D2_CLICK
25939,D2,D2_CLICK
25940,D2,D2_CLICK
25941,D2,D2_CLICK
25942,D2,D2_CLICK
25943,D2,D2_CLICK
25944,D2,D2_CLICK
25945,D2,D2_CLICK
25946,D2,D2_CLICK
25947,D2,D2_CLICK
25948,D2,D2_CLICK
25949,D2,D2_CLICK
25950,D2,D2_CLICK
25951,D2,D2_CLICK
25952,D2,D2_CLICK
25953,D2,D2_CLICK
25954,D2,D2_CLICK
25955,D2,D2_CLICK
25956,D2,D2_CLICK
25957,D2,D2_CLICK
25958,D2,D2_CLICK
25959,D2,D2_CLICK
25960,NONE,NO_CLICK
25961,NONE,NO_CLICK
25962,NONE,NO_CLICK
25963,NONE,NO_CLICK
25964,NONE,NO_CLICK
25965,NONE,NO_CLICK
25966,NONE,NO_CLICK
25967,NONE,NO_CLICK
25968,NONE,NO_CLICK
25969,NONE,NO_CLICK
25970,NONE,NO_CLICK
25971,NONE,NO_CLICK
25972,NONE,NO_CLICK
25973,NONE,NO_CLICK
25974,NONE,NO_CLICK
25975,NONE,NO_CLICK
25976,NONE,NO_CLICK
25977,NONE,NO_CLICK
25978,NONE,NO_CLICK
25979,NONE,NO_CLICK
25980,NONE,NO_CLICK
25981,NONE,NO_CLICK
25982,NONE,NO_CLICK
25983,NONE,NO_CLICK
25984,NONE,NO_CLICK
25985,NONE,NO_CLICK
25986,NONE,NO_CLICK
25987,NONE,NO_CLICK
25988,NONE,NO_CLICK
25989,NONE,NO_CLICK
25990,NONE,NO_CLICK
25991,NONE,NO_CLICK
25992,NONE,NO_CLICK
25993,NONE,NO_CLICK
25994,NONE,NO_CLICK
25995,NONE,NO_CLICK
25996,NONE,NO_CLICK
25997,NONE,NO_CLICK
25998,NONE,NO_CLICK
25999,NONE,NO_CLICK
26000,NONE,NO_CLICK
26001,NONE,NO_CLICK
26002,NONE,NO_CLICK
26003,NONE,NO_CLICK
26004,NONE,NO_CLICK
26005,NONE,NO_CLICK
26006,NONE,NO_CLICK
26007,NONE,NO_CLICK
26008,NONE,NO_CLICK
26009,NONE,NO_CLICK
26010,NONE,NO_CLICK
26011,NONE,NO_CLICK
26012,NONE,NO_CLICK
26013,NONE,NO_CLICK
26014,NONE,NO_CLICK
26015,NONE,NO_CLICK
26016,NONE,NO_CLICK
26017,NONE,NO_CLICK
26018,NONE,NO_CLICK
26019,NONE,NO_CLICK
26020,NONE,NO_CLICK
26021,NONE,NO_CLICK
26022,NONE,NO_CLICK
26023,NONE,NO_CLICK
26024,NONE,NO_CLICK
26025,NONE,NO_CLICK
26026,NONE,NO_CLICK
26027,NONE,NO_CLICK
26028,NONE,NO_CLICK
26029,NONE,NO_CLICK
26030,NONE,NO_CLICK
26031,NONE,NO_CLICK
26032,NONE,NO_CLICK
26033,NONE,NO_CLICK
26034,NONE,NO_CLICK
26035,NONE,NO_CLICK
26036,NONE,NO_CLICK
26037,NONE,NO_CLICK
26038,NONE,NO_CLICK
26039,NONE,NO_CLICK
26040,NONE,NO_CLICK
26041,NONE,NO_CLICK
26042,NONE,NO_CLICK
26043,NONE,NO_CLICK
26044,NONE,NO_CLICK
26045,NONE,NO_CLICK
26046,NONE,NO_CLICK
26047,NONE,NO_CLICK
26048,NONE,NO_CLICK
26049,NONE,NO_CLICK
26050,NONE,NO_CLICK
26051,NONE,NO_CLICK
26052,NONE,NO_CLICK
26053,NONE,NO_CLICK
26054,NONE,NO_CLICK
26055,NONE,NO_CLICK
26056,NONE,NO_CLICK
26057,NONE,NO_CLICK
26058,NONE,NO_CLICK
26059,NONE,NO_CLICK
26060,NONE,NO_CLICK
26061,NONE,NO_CLICK
26062,NONE,NO_CLICK
26063,NONE,NO_CLICK
26064,NONE,NO_CLICK
26065,NONE,NO_CLICK
26066,NONE,NO_CLICK
26067,NONE,NO_CLICK
26068,NONE,NO_CLICK
26069,NONE,NO_CLICK
26070,NONE,NO_CLICK
26071,NONE,NO_CLICK
26072,NONE,NO_CLICK
26073,NONE,NO_CLICK
26074,NONE,NO_CLICK
26075,NONE,NO_CLICK
26076,NONE,NO_CLICK
26077,NONE,NO_CLICK
26078,NONE,NO_CLICK
26079,NONE,NO_CLICK
26080,NONE,NO_CLICK
26081,NONE,NO_CLICK
26082,NONE,NO_CLICK
26083,NONE,NO_CLICK
26084,NONE,NO_CLICK
26085,NONE,NO_CLICK
26086,NONE,NO_CLICK
26087,NONE,NO_CLICK
26088,NONE,NO_CLICK
26089,NONE,NO_CLICK
26090,NONE,NO_CLICK
26091,NONE,NO_CLICK
26092,NONE,NO_CLICK
26093,NONE,NO_CLICK
26094,NONE,NO_CLICK
26095,NONE,NO_CLICK
26096,NONE,NO_CLICK
26097,NONE,NO_CLICK
26098,NONE,NO_CLICK
26099,NONE,NO_CLICK
26100,NONE,NO_CLICK
26101,NONE,NO_CLICK
26102,NONE,NO_CLICK
26103,NONE,NO_CLICK
26104,NONE,NO_CLICK
26105,NONE,NO_CLICK
26106,NONE,NO_CLICK
26107,NONE,NO_CLICK
26108,NONE,NO_CLICK
26109,NONE,NO_CLICK
26110,NONE,NO_CLICK
26111,NONE,NO_CLICK
26112,NONE,NO_CLICK
26113,NONE,NO_CLICK
26114,NONE,NO_CLICK
26115,NONE,NO_CLICK
26116,NONE,NO_CLICK
26117,NONE,NO_CLICK
26118,NONE,NO_CLICK
26119,NONE,NO_CLICK
26120,NONE,NO_CLICK
26121,NONE,NO_CLICK
26122,NONE,NO_CLICK
26123,NONE,NO_CLICK
26124,NONE,NO_CLICK
26125,NONE,NO_CLICK
26126,NONE,NO_CLICK
26127,NONE,NO_CLICK
26128,NONE,NO_CLICK
26129,NONE,NO_CLICK
26130,NONE,NO_CLICK
26131,NONE,NO_CLICK
26132,NONE,NO_CLICK
26133,NONE,NO_CLICK
26134,NONE,NO_CLICK
26135,NONE,NO_CLICK
26136,NONE,NO_CLICK
26137,NONE,NO_CLICK
26138,NONE,NO_CLICK
26139,NONE,NO_CLICK
26140,NONE,NO_CLICK
26141,NONE,NO_CLICK
26142,NONE,NO_CLICK
26143,NONE,NO_CLICK
26144,NONE,NO_CLICK
26145,NONE,NO_CLICK
26146,NONE,NO_CLICK
26147,NONE,NO_CLICK
26148,NONE,NO_CLICK
26149,NONE,NO_CLICK
26150,NONE,NO_CLICK
26151,NONE,NO_CLICK
26152,NONE,NO_CLICK
26153,NONE,NO_CLICK
26154,NONE,NO_CLICK
26155,NONE,NO_CLICK
26156,NONE,NO_CLICK
26157,NONE,NO_CLICK
26158,NONE,NO_CLICK
26159,NONE,NO_CLICK
26160,NONE,NO_CLICK
26161,NONE,NO_CLICK
26162,NONE,NO_CLICK
26163,NONE,NO_CLICK
26164,NONE,NO_CLICK
26165,NONE,NO_CLICK
26166,NONE,NO_CLICK
26167,NONE,NO_CLICK
26168,NONE,NO_CLICK
26169,NONE,NO_CLICK
26170,NONE,NO_CLICK
26171,NONE,NO_CLICK
26172,NONE,NO_CLICK
26173,NONE,NO_CLICK
26174,NONE,NO_CLICK
26175,NONE,NO_CLICK
26176,NONE,NO_CLICK
26177,NONE,NO_CLICK
26178,NONE,NO_CLICK
26179,NONE,NO_CLICK
26180,NONE,NO_CLICK
26181,NONE,NO_CLICK
26182,NONE,NO_CLICK
26183,NONE,NO_CLICK
26184,NONE,NO_CLICK
26185,NONE,NO_CLICK
26186,NONE,NO_CLICK
26187,NONE,NO_CLICK
26188,NONE,NO_CLICK
26189,NONE,NO_CLICK
26190,NONE,NO_CLICK
26191,NONE,NO_CLICK
26192,NONE,NO_CLICK
26193,NONE,NO_CLICK
26194,NONE,NO_CLICK
26195,NONE,NO_CLICK
26196,NONE,NO_CLICK
26197,NONE,NO_CLICK
26198,NONE,NO_CLICK
26199,NONE,NO_CLICK
26200,NONE,NO_CLICK
26201,NONE,NO_CLICK
26202,NONE,NO_CLICK
26203,NONE,NO_CLICK
26204,NONE,NO_CLICK
26205,NONE,NO_CLICK
26206,NONE,NO_CLICK
26207,NONE,NO_CLICK
26208,NONE,NO_CLICK
26209,NONE,NO_CLICK
26210,D1,D1_CLICK
26211,D1,D1_CLICK
26212,D1,D1_CLICK
26213,D1,D1_CLICK
26214,D1,D1_CLICK
26215,D1,D1_CLICK
26216,D1,D1_CLICK
26217,D1,D1_CLICK
26218,D1,D1_CLICK
26219,D1,D1_CLICK
26220,D1,D1_CLICK
26221,D1,D1_CLICK
26222,D1,D1_CLICK
26223,D1,D1_CLICK
26224,D1,D1_CLICK
26225,D1,D1_CLICK
26226,D1,D1_CLICK
26227,D1,D1_CLICK
26228,D1,D1_CLICK
26229,D1,D1_CLICK
26230,D1,D1_CLICK
26231,D1,D1_CLICK
26232,D1,D1_CLICK
26233,D1,D1_CLICK
26234,D1,D1_CLICK
26235,D1,D1_CLICK
26236,D1,D1_CLICK
26237,D1,D1_CLICK
26238,D1,D1_CLICK
26239,D1,D1_CLICK
26240,D1,D1_CLICK
26241,D1,D1_CLICK
26242,BOTH,DOUBLE_CLICK
26243,BOTH,DOUBLE_CLICK
26244,BOTH,DOUBLE_CLICK
26245,BOTH,DOUBLE_CLICK
26246,BOTH,DOUBLE_CLICK
26247,BOTH,DOUBLE_CLICK
26248,D2,D2_CLICK
26249,D2,D2_CLICK
26250,D2,D2_CLICK
26251,D2,D2_CLICK
26252,D2,D2_CLICK
26253,D2,D2_CLICK
26254,D2,D2_CLICK
26255,D2,D2_CLICK
26256,D2,D2_CLICK
26257,D2,D2_CLICK
26258,D2,D2_CLICK
26259,D2,D2_CLICK
26260,D2,D2_CLICK
26261,D2,D2_CLICK
26262,D2,D2_CLICK
26263,D2,D2_CLICK
26264,D2,D2_CLICK
26265,D2,D2_CLICK
26266,D2,D2_CLICK
26267,D2,D2_CLICK
26268,D2,D2_CLICK
26269,D2,D2_CLICK
26270,D2,D2_CLICK
26271,D2,D2_CLICK
26272,D2,D2_CLICK
26273,D2,D2_CLICK
26274,D2,D2_CLICK
26275,D2,D2_CLICK
26276,D2,D2_CLICK
26277,D2,D2_CLICK
26278,D2,D2_CLICK
26279,D2,D2_CLICK
26280,NONE,NO_CLICK
26281,NONE,NO_CLICK
26282,NONE,NO_CLICK
26283,NONE,NO_CLICK
26284,NONE,NO_CLICK
26285,NONE,NO_CLICK
26286,NONE,NO_CLICK
26287,NONE,NO_CLICK
26288,NONE,NO_CLICK
26289,NONE,NO_CLICK
26290,NONE,NO_CLICK
26291,NONE,NO_CLICK
26292,NONE,NO_CLICK
26293,NONE,NO_CLICK
26294,NONE,NO_CLICK
26295,NONE,NO_CLICK
26296,NONE,NO_CLICK
26297,NONE,NO_CLICK
26298,NONE,NO_CLICK
26299,NONE,NO_CLICK
26300,NONE,NO_CLICK
26301,NONE,NO_CLICK
26302,NONE,NO_CLICK
26303,NONE,NO_CLICK
26304,NONE,NO_CLICK
26305,NONE,NO_CLICK
26306,NONE,NO_CLICK
26307,NONE,NO_CLICK
26308,NONE,NO_CLICK
26309,NONE,NO_CLICK
26310,NONE,NO_CLICK
26311,NONE,NO_CLICK
26312,NONE,NO_CLICK
26313,NONE,NO_CLICK
26314,NONE,NO_CLICK
26315,NONE,NO_CLICK
26316,NONE,NO_CLICK
26317,NONE,NO_CLICK
26318,NONE,NO_CLICK
26319,NONE,NO_CLICK
26320,NONE,NO_CLICK
26321,NONE,NO_CLICK
26322,NONE,NO_CLICK
26323,NONE,NO_CLICK
26324,NONE,NO_CLICK
26325,NONE,NO_CLICK
26326,NONE,NO_CLICK
26327,NONE,NO_CLICK
26328,NONE,NO_CLICK
26329,NONE,NO_CLICK
26330,NONE,NO_CLICK
26331,NONE,NO_CLICK
26332,NONE,NO_CLICK
26333,NONE,NO_CLICK
26334,NONE,NO_CLICK
26335,NONE,NO_CLICK
26336,NONE,NO_CLICK
26337,NONE,NO_CLICK
26338,NONE,NO_CLICK
26339,NONE,NO_CLICK
26340,NONE,NO_CLICK
26341,NONE,NO_CLICK
26342,NONE,NO_CLICK
26343,NONE,NO_CLICK
26344,NONE,NO_CLICK
26345,NONE,NO_CLICK
26346,NONE,NO_CLICK
26347,NONE,NO_CLICK
26348,NONE,NO_CLICK
26349,NONE,NO_CLICK
26350,NONE,NO_CLICK
26351,NONE,NO_CLICK
26352,NONE,NO_CLICK
26353,NONE,NO_CLICK
26354,NONE,NO_CLICK
26355,NONE,NO_CLICK
26356,NONE,NO_CLICK
26357,NONE,NO_CLICK
26358,NONE,NO_CLICK
26359,NONE,NO_CLICK
26360,NONE,NO_CLICK
26361,NONE,NO_CLICK
26362,NONE,NO_CLICK
26363,NONE,NO_CLICK
26364,NONE,NO_CLICK
26365,NONE,NO_CLICK
26366,NONE,NO_CLICK
26367,NONE,NO_CLICK
26368,NONE,NO_CLICK
26369,NONE,NO_CLICK
26370,NONE,NO_CLICK
26371,NONE,NO_CLICK
26372,NONE,NO_CLICK
26373,NONE,NO_CLICK
26374,NONE,NO_CLICK
26375,NONE,NO_CLICK
26376,NONE,NO_CLICK
26377,NONE,NO_CLICK
26378,NONE,NO_CLICK
26379,NONE,NO_CLICK
26380,NONE,NO_CLICK
26381,NONE,NO_CLICK
26382,NONE,NO_CLICK
26383,NONE,NO_CLICK
26384,NONE,NO_CLICK
26385,NONE,NO_CLICK
26386,NONE,NO_CLICK
26387,NONE,NO_CLICK
26388,NONE,NO_CLICK
26389,NONE,NO_CLICK
26390,NONE,NO_CLICK
26391,NONE,NO_CLICK
26392,NONE,NO_CLICK
26393,NONE,NO_CLICK
26394,NONE,NO_CLICK
26395,NONE,NO_CLICK
26396,NONE,NO_CLICK
26397,NONE,NO_CLICK
26398,NONE,NO_CLICK
26399,NONE,NO_CLICK
26400,NONE,NO_CLICK
26401,NONE,NO_CLICK
26402,NONE,NO_CLICK
26403,NONE,NO_CLICK
26404,NONE,NO_CLICK
26405,NONE,NO_CLICK
26406,NONE,NO_CLICK
26407,NONE,NO_CLICK
26408,NONE,NO_CLICK
26409,NONE,NO_CLICK
26410,NONE,NO_CLICK
26411,NONE,NO_CLICK
26412,NONE,NO_CLICK
26413,NONE,NO_CLICK
26414,NONE,NO_CLICK
26415,NONE,NO_CLICK
26416,NONE,NO_CLICK
26417,NONE,NO_CLICK
26418,NONE,NO_CLICK
26419,NONE,NO_CLICK
26420,NONE,NO_CLICK
26421,NONE,NO_CLICK
26422,NONE,NO_CLICK
26423,NONE,NO_CLICK
26424,NONE,NO_CLICK
26425,NONE,NO_CLICK
26426,NONE,NO_CLICK
26427,NONE,NO_CLICK
26428,NONE,NO_CLICK
26429,NONE,NO_CLICK
26430,NONE,NO_CLICK
26431,NONE,NO_CLICK
26432,NONE,NO_CLICK
26433,NONE,NO_CLICK
26434,NONE,NO_CLICK
26435,NONE,NO_CLICK
26436,NONE,NO_CLICK
26437,NONE,NO_CLICK
26438,NONE,NO_CLICK
26439,NONE,NO_CLICK
26440,NONE,NO_CLICK
26441,NONE,NO_CLICK
26442,NONE,NO_CLICK
26443,NONE,NO_CLICK
26444,NONE,NO_CLICK
26445,NONE,NO_CLICK
26446,NONE,NO_CLICK
26447,NONE,NO_CLICK
26448,NONE,NO_CLICK
26449,NONE,NO_CLICK
26450,NONE,NO_CLICK
26451,NONE,NO_CLICK
26452,NONE,NO_CLICK
26453,NONE,NO_CLICK
26454,NONE,NO_CLICK
26455,NONE,NO_CLICK
26456,NONE,NO_CLICK
26457,NONE,NO_CLICK
26458,NONE,NO_CLICK
26459,NONE,NO_CLICK
26460,NONE,NO_CLICK
26461,NONE,NO_CLICK
26462,NONE,NO_CLICK
26463,NONE,NO_CLICK
26464,NONE,NO_CLICK
26465,NONE,NO_CLICK
26466,NONE,NO_CLICK
26467,NONE,NO_CLICK
26468,NONE,NO_CLICK
26469,NONE,NO_CLICK
26470,NONE,NO_CLICK
26471,NONE,NO_CLICK
26472,NONE,NO_CLICK
26473,NONE,NO_CLICK
26474,NONE,NO_CLICK
26475,NONE,NO_CLICK
26476,NONE,NO_CLICK
26477,NONE,NO_CLICK
26478,NONE,NO_CLICK
26479,NONE,NO_CLICK
26480,NONE,NO_CLICK
26481,NONE,NO_CLICK
26482,NONE,NO_CLICK
26483,NONE,NO_CLICK
26484,NONE,NO_CLICK
26485,NONE,NO_CLICK
26486,NONE,NO_CLICK
26487,NONE,NO_CLICK
26488,NONE,NO_CLICK
26489,NONE,NO_CLICK
26490,NONE,NO_CLICK
26491,NONE,NO_CLICK
26492,NONE,NO_CLICK
26493,NONE,NO_CLICK
26494,NONE,NO_CLICK
26495,NONE,NO_CLICK
26496,NONE,NO_CLICK
26497,NONE,NO_CLICK
26498,NONE,NO_CLICK
26499,NONE,NO_CLICK
26500,NONE,NO_CLICK
26501,NONE,NO_CLICK
26502,NONE,NO_CLICK
26503,NONE,NO_CLICK
26504,NONE,NO_CLICK
26505,NONE,NO_CLICK
26506,NONE,NO_CLICK
26507,NONE,NO_CLICK
26508,NONE,NO_CLICK
26509,NONE,NO_CLICK
26510,NONE,NO_CLICK
26511,NONE,NO_CLICK
26512,NONE,NO_CLICK
26513,NONE,NO_CLICK
26514,NONE,NO_CLICK
26515,NONE,NO_CLICK
26516,NONE,NO_CLICK
26517,NONE,NO_CLICK
26518,NONE,NO_CLICK
26519,NONE,NO_CLICK
26520,NONE,NO_CLICK
26521,NONE,NO_CLICK
26522,NONE,NO_CLICK
26523,NONE,NO_CLICK
26524,NONE,NO_CLICK
26525,NONE,NO_CLICK
26526,NONE,NO_CLICK
26527,NONE,NO_CLICK
26528,NONE,NO_CLICK
26529,NONE,NO_CLICK
26530,D1,D1_CLICK
26531,D1,D1_CLICK
26532,D1,D1_CLICK
26533,D1,D1_CLICK
26534,D1,D1_CLICK
26535,D1,D1_CLICK
26536,D1,D1_CLICK
26537,D1,D1_CLICK
26538,D1,D1_CLICK
26539,D1,D1_CLICK
26540,D1,D1_CLICK
26541,D1,D1_CLICK
26542,D1,D1_CLICK
26543,D1,D1_CLICK
26544,D1,D1_CLICK
26545,D1,D1_CLICK
26546,D1,D1_CLICK
26547,D1,D1_CLICK
26548,D1,D1_CLICK
26549,D1,D1_CLICK
26550,D1,D1_CLICK
26551,D1,D1_CLICK
26552,D1,D1_CLICK
26553,D1,D1_CLICK
26554,D1,D1_CLICK
26555,D1,D1_CLICK
26556,D1,D1_CLICK
26557,D1,D1_CLICK
26558,D1,D1_CLICK
26559,D1,D1_CLICK
26560,D1,D1_CLICK
26561,D1,D1_CLICK
26562,BOTH,DOUBLE_CLICK
26563,BOTH,DOUBLE_CLICK
26564,BOTH,DOUBLE_CLICK
26565,BOTH,DOUBLE_CLICK
26566,BOTH,DOUBLE_CLICK
26567,BOTH,DOUBLE_CLICK
26568,D2,D2_CLICK
26569,D2,D2_CLICK
26570,D2,D2_CLICK
26571,D2,D2_CLICK
26572,D2,D2_CLICK
26573,D2,D2_CLICK
26574,D2,D2_CLICK
26575,D2,D2_CLICK
26576,D2,D2_CLICK
26577,D2,D2_CLICK
26578,D2,D2_CLICK
26579,D2,D2_CLICK
26580,D2,D2_CLICK
26581,D2,D2_CLICK
26582,D2,D2_CLICK
26583,D2,D2_CLICK
26584,D2,D2_CLICK
26585,D2,D2_CLICK
26586,D2,D2_CLICK
26587,D2,D2_CLICK
26588,D2,D2_CLICK
26589,D2,D2_CLICK
26590,D2,D2_CLICK
26591,D2,D2_CLICK
26592,D2,D2_CLICK
26593,D2,D2_CLICK
26594,D2,D2_CLICK
26595,D2,D2_CLICK
26596,D2,D2_CLICK
26597,D2,D2_CLICK
26598,D2,D2_CLICK
26599,D2,D2_CLICK
26600,NONE,NO_CLICK
26601,NONE,NO_CLICK
26602,NONE,NO_CLICK
26603,NONE,NO_CLICK
26604,NONE,NO_CLICK
26605,NONE,NO_CLICK
26606,NONE,NO_CLICK
26607,NONE,NO_CLICK
26608,NONE,NO_CLICK
26609,NONE,NO_CLICK
26610,NONE,NO_CLICK
26611,NONE,NO_CLICK
26612,NONE,NO_CLICK
26613,NONE,NO_CLICK
26614,NONE,NO_CLICK
26615,NONE,NO_CLICK
26616,NONE,NO_CLICK
26617,NONE,NO_CLICK
26618,NONE,NO_CLICK
26619,NONE,NO_CLICK
26620,NONE,NO_CLICK
26621,NONE,NO_CLICK
26622,NONE,NO_CLICK
26623,NONE,NO_CLICK
26624,NONE,NO_CLICK
26625,NONE,NO_CLICK
26626,NONE,NO_CLICK
26627,NONE,NO_CLICK
26628,NONE,NO_CLICK
26629,NONE,NO_CLICK
26630,NONE,NO_CLICK
26631,NONE,NO_CLICK
26632,NONE,NO_CLICK
26633,NONE,NO_CLICK
26634,NONE,NO_CLICK
26635,NONE,NO_CLICK
26636,NONE,NO_CLICK
26637,NONE,NO_CLICK
26638,NONE,NO_CLICK
26639,NONE,NO_CLICK
26640,NONE,NO_CLICK
26641,NONE,NO_CLICK
26642,NONE,NO_CLICK
26643,NONE,NO_CLICK
26644,NONE,NO_CLICK
26645,NONE,NO_CLICK
26646,NONE,NO_CLICK
26647,NONE,NO_CLICK
26648,NONE,NO_CLICK
26649,NONE,NO_CLICK
26650,NONE,NO_CLICK
26651,NONE,NO_CLICK
26652,NONE,NO_CLICK
26653,NONE,NO_CLICK
26654,NONE,NO_CLICK
26655,NONE,NO_CLICK
26656,NONE,NO_CLICK
26657,NONE,NO_CLICK
26658,NONE,NO_CLICK
26659,NONE,NO_CLICK
26660,NONE,NO_CLICK
26661,NONE,NO_CLICK
26662,NONE,NO_CLICK
26663,NONE,NO_CLICK
26664,NONE,NO_CLICK
26665,NONE,NO_CLICK
26666,NONE,NO_CLICK
26667,NONE,NO_CLICK
26668,NONE,NO_CLICK
26669,NONE,NO_CLICK
26670,NONE,NO_CLICK
26671,NONE,NO_CLICK
26672,NONE,NO_CLICK
26673,NONE,NO_CLICK
26674,NONE,NO_CLICK
26675,NONE,NO_CLICK
26676,NONE,NO_CLICK
26677,NONE,NO_CLICK
26678,NONE,NO_CLICK
26679,NONE,NO_CLICK
26680,NONE,NO_CLICK
26681,NONE,NO_CLICK
26682,NONE,NO_CLICK
26683,NONE,NO_CLICK
26684,NONE,NO_CLICK
26685,NONE,NO_CLICK
26686,NONE,NO_CLICK
26687,NONE,NO_CLICK
26688,NONE,NO_CLICK
26689,NONE,NO_CLICK
26690,NONE,NO_CLICK
26691,NONE,NO_CLICK
26692,NONE,NO_CLICK
26693,NONE,NO_CLICK
26694,NONE,NO_CLICK
26695,NONE,NO_CLICK
26696,NONE,NO_CLICK
26697,NONE,NO_CLICK
26698,NONE,NO_CLICK
26699,NONE,NO_CLICK
26700,NONE,NO_CLICK
26701,NONE,NO_CLICK
26702,NONE,NO_CLICK
26703,NONE,NO_CLICK
26704,NONE,NO_CLICK
26705,NONE,NO_CLICK
26706,NONE,NO_CLICK
26707,NONE,NO_CLICK
26708,NONE,NO_CLICK
26709,NONE,NO_CLICK
26710,NONE,NO_CLICK
26711,NONE,NO_CLICK
26712,NONE,NO_CLICK
26713,NONE,NO_CLICK
26714,NONE,NO_CLICK
26715,NONE,NO_CLICK
26716,NONE,NO_CLICK
26717,NONE,NO_CLICK
26718,NONE,NO_CLICK
26719,NONE,NO_CLICK
26720,NONE,NO_CLICK
26721,NONE,NO_CLICK
26722,NONE,NO_CLICK
26723,NONE,NO_CLICK
26724,NONE,NO_CLICK
26725,NONE,NO_CLICK
26726,NONE,NO_CLICK
26727,NONE,NO_CLICK
26728,NONE,NO_CLICK
26729,NONE,NO_CLICK
26730,NONE,NO_CLICK
26731,NONE,NO_CLICK
26732,NONE,NO_CLICK
26733,NONE,NO_CLICK
26734,NONE,NO_CLICK
26735,NONE,NO_CLICK
26736,NONE,NO_CLICK
26737,NONE,NO_CLICK
26738,NONE,NO_CLICK
26739,NONE,NO_CLICK
26740,NONE,NO_CLICK
26741,NONE,NO_CLICK
26742,NONE,NO_CLICK
26743,NONE,NO_CLICK
26744,NONE,NO_CLICK
26745,NONE,NO_CLICK
26746,NONE,NO_CLICK
26747,NONE,NO_CLICK
26748,NONE,NO_CLICK
26749,NONE,NO_CLICK
26750,NONE,NO_CLICK
26751,NONE,NO_CLICK
26752,NONE,NO_CLICK
26753,NONE,NO_CLICK
26754,NONE,NO_CLICK
26755,NONE,NO_CLICK
26756,NONE,NO_CLICK
26757,NONE,NO_CLICK
26758,NONE,NO_CLICK
26759,NONE,NO_CLICK
26760,NONE,NO_CLICK
26761,NONE,NO_CLICK
26762,NONE,NO_CLICK
26763,NONE,NO_CLICK
26764,NONE,NO_CLICK
26765,NONE,NO_CLICK
26766,NONE,NO_CLICK
26767,NONE,NO_CLICK
26768,NONE,NO_CLICK
26769,NONE,NO_CLICK
26770,NONE,NO_CLICK
26771,NONE,NO_CLICK
26772,NONE,NO_CLICK
26773,NONE,NO_CLICK
26774,NONE,NO_CLICK
26775,NONE,NO_CLICK
26776,NONE,NO_CLICK
26777,NONE,NO_CLICK
26778,NONE,NO_CLICK
26779,NONE,NO_CLICK
26780,NONE,NO_CLICK
26781,NONE,NO_CLICK
26782,NONE,NO_CLICK
26783,NONE,NO_CLICK
26784,NONE,NO_CLICK
26785,NONE,NO_CLICK
26786,NONE,NO_CLICK
26787,NONE,NO_CLICK
26788,NONE,NO_CLICK
26789,NONE,NO_CLICK
26790,NONE,NO_CLICK
26791,NONE,NO_CLICK
26792,NONE,NO_CLICK
26793,NONE,NO_CLICK
26794,NONE,NO_CLICK
26795,NONE,NO_CLICK
26796,NONE,NO_CLICK
26797,NONE,NO_CLICK
26798,NONE,NO_CLICK
26799,NONE,NO_CLICK
26800,NONE,NO_CLICK
26801,NONE,NO_CLICK
26802,NONE,NO_CLICK
26803,NONE,NO_CLICK
26804,NONE,NO_CLICK
26805,NONE,NO_CLICK
26806,NONE,NO_CLICK
26807,NONE,NO_CLICK
26808,NONE,NO_CLICK
26809,NONE,NO_CLICK
26810,NONE,NO_CLICK
26811,NONE,NO_CLICK
26812,NONE,NO_CLICK
26813,NONE,NO_CLICK
26814,NONE,NO_CLICK
26815,NONE,NO_CLICK
26816,NONE,NO_CLICK
26817,NONE,NO_CLICK
26818,NONE,NO_CLICK
26819,NONE,NO_CLICK
26820,NONE,NO_CLICK
26821,NONE,NO_CLICK
26822,NONE,NO_CLICK
26823,NONE,NO_CLICK
26824,NONE,NO_CLICK
26825,NONE,NO_CLICK
26826,NONE,NO_CLICK
26827,NONE,NO_CLICK
26828,NONE,NO_CLICK
26829,NONE,NO_CLICK
26830,NONE,NO_CLICK
26831,NONE,NO_CLICK
26832,NONE,NO_CLICK
26833,NONE,NO_CLICK
26834,NONE,NO_CLICK
26835,NONE,NO_CLICK
26836,NONE,NO_CLICK
26837,NONE,NO_CLICK
26838,NONE,NO_CLICK
26839,NONE,NO_CLICK
26840,NONE,NO_CLICK
26841,NONE,NO_CLICK
26842,NONE,NO_CLICK
26843,NONE,NO_CLICK
26844,NONE,NO_CLICK
26845,NONE,NO_CLICK
26846,NONE,NO_CLICK
26847,NONE,NO_CLICK
26848,NONE,NO_CLICK
26849,NONE,NO_CLICK
26850,NONE,NO_CLICK
26851,NONE,NO_CLICK
26852,NONE,NO_CLICK
26853,NONE,NO_CLICK
26854,NONE,NO_CLICK
26855,NONE,NO_CLICK
26856,NONE,NO_CLICK
26857,NONE,NO_CLICK
26858,NONE,NO_CLICK
26859,NONE,NO_CLICK
26860,NONE,NO_CLICK
26861,NONE,NO_CLICK
26862,NONE,NO_CLICK
26863,NONE,NO_CLICK
26864,NONE,NO_CLICK
26865,NONE,NO_CLICK
26866,NONE,NO_CLICK
26867,NONE,NO_CLICK
26868,NONE,NO_CLICK
26869,NONE,NO_CLICK
26870,NONE,NO_CLICK
26871,NONE,NO_CLICK
26872,NONE,NO_CLICK
26873,NONE,NO_CLICK
26874,NONE,NO_CLICK
26875,NONE,NO_CLICK
26876,NONE,NO_CLICK
26877,NONE,NO_CLICK
26878,NONE,NO_CLICK
26879,NONE,NO_CLICK
26880,NONE,NO_CLICK
26881,NONE,NO_CLICK
26882,BOTH,DOUBLE_CLICK
26883,BOTH,DOUBLE_CLICK
26884,BOTH,DOUBLE_CLICK
26885,BOTH,DOUBLE_CLICK
26886,BOTH,DOUBLE_CLICK
26887,BOTH,DOUBLE_CLICK
26888,BOTH,DOUBLE_CLICK
26889,BOTH,DOUBLE_CLICK
26890,BOTH,DOUBLE_CLICK
26891,BOTH,DOUBLE_CLICK
26892,BOTH,DOUBLE_CLICK
26893,BOTH,DOUBLE_CLICK
26894,BOTH,DOUBLE_CLICK
26895,BOTH,DOUBLE_CLICK
26896,BOTH,DOUBLE_CLICK
26897,BOTH,DOUBLE_CLICK
26898,BOTH,DOUBLE_CLICK
26899,BOTH,DOUBLE_CLICK
26900,BOTH,DOUBLE_CLICK
26901,BOTH,DOUBLE_CLICK
26902,BOTH,DOUBLE_CLICK
26903,BOTH,DOUBLE_CLICK
26904,BOTH,DOUBLE_CLICK
26905,BOTH,DOUBLE_CLICK
26906,BOTH,DOUBLE_CLICK
26907,BOTH,DOUBLE_CLICK
26908,BOTH,DOUBLE_CLICK
26909,BOTH,DOUBLE_CLICK
26910,BOTH,DOUBLE_CLICK
26911,BOTH,DOUBLE_CLICK
26912,BOTH,DOUBLE_CLICK
26913,BOTH,DOUBLE_CLICK
26914,BOTH,DOUBLE_CLICK
26915,BOTH,DOUBLE_CLICK
26916,BOTH,DOUBLE_CLICK
26917,BOTH,DOUBLE_CLICK
26918,BOTH,DOUBLE_CLICK
26919,BOTH,DOUBLE_CLICK
26920,NONE,NO_CLICK
26921,NONE,NO_CLICK
26922,NONE,NO_CLICK
26923,NONE,NO_CLICK
26924,NONE,NO_CLICK
26925,NONE,NO_CLICK
26926,NONE,NO_CLICK
26927,NONE,NO_CLICK
26928,NONE,NO_CLICK
26929,NONE,NO_CLICK
26930,NONE,NO_CLICK
26931,NONE,NO_CLICK
26932,NONE,NO_CLICK
26933,NONE,NO_CLICK
26934,NONE,NO_CLICK
26935,NONE,NO_CLICK
26936,NONE,NO_CLICK
26937,NONE,NO_CLICK
26938,NONE,NO_CLICK
26939,NONE,NO_CLICK
26940,NONE,NO_CLICK
26941,NONE,NO_CLICK
26942,NONE,NO_CLICK
26943,NONE,NO_CLICK
26944,NONE,NO_CLICK
26945,NONE,NO_CLICK
26946,NONE,NO_CLICK
26947,NONE,NO_CLICK
26948,NONE,NO_CLICK
26949,NONE,NO_CLICK
26950,NONE,NO_CLICK
26951,NONE,NO_CLICK
26952,NONE,NO_CLICK
26953,NONE,NO_CLICK
26954,NONE,NO_CLICK
26955,NONE,NO_CLICK
26956,NONE,NO_CLICK
26957,NONE,NO_CLICK
26958,NONE,NO_CLICK
26959,NONE,NO_CLICK
26960,NONE,NO_CLICK
26961,NONE,NO_CLICK
26962,NONE,NO_CLICK
26963,NONE,NO_CLICK
26964,NONE,NO_CLICK
26965,NONE,NO_CLICK
26966,NONE,NO_CLICK
26967,NONE,NO_CLICK
26968,NONE,NO_CLICK
26969,NONE,NO_CLICK
26970,NONE,NO_CLICK
26971,NONE,NO_CLICK
26972,NONE,NO_CLICK
26973,NONE,NO_CLICK
26974,NONE,NO_CLICK
26975,NONE,NO_CLICK
26976,NONE,NO_CLICK
26977,NONE,NO_CLICK
26978,NONE,NO_CLICK
26979,NONE,NO_CLICK
26980,NONE,NO_CLICK
26981,NONE,NO_CLICK
26982,NONE,NO_CLICK
26983,NONE,NO_CLICK
26984,NONE,NO_CLICK
26985,NONE,NO_CLICK
26986,NONE,NO_CLICK
26987,NONE,NO_CLICK
26988,NONE,NO_CLICK
26989,NONE,NO_CLICK
26990,NONE,NO_CLICK
26991,NONE,NO_CLICK
26992,NONE,NO_CLICK
26993,NONE,NO_CLICK
26994,NONE,NO_CLICK
26995,NONE,NO_CLICK
26996,NONE,NO_CLICK
26997,NONE,NO_CLICK
26998,NONE,NO_CLICK
26999,NONE,NO_CLICK
27000,NONE,NO_CLICK
27001,NONE,NO_CLICK
27002,NONE,NO_CLICK
27003,NONE,NO_CLICK
27004,NONE,NO_CLICK
27005,NONE,NO_CLICK
27006,NONE,NO_CLICK
27007,NONE,NO_CLICK
27008,NONE,NO_CLICK
27009,NONE,NO_CLICK
27010,NONE,NO_CLICK
27011,NONE,NO_CLICK
27012,NONE,NO_CLICK
27013,NONE,NO_CLICK
27014,NONE,NO_CLICK
27015,NONE,NO_CLICK
27016,NONE,NO_CLICK
27017,NONE,NO_CLICK
27018,NONE,NO_CLICK
27019,NONE,NO_CLICK
27020,NONE,NO_CLICK
27021,NONE,NO_CLICK
27022,NONE,NO_CLICK
27023,NONE,NO_CLICK
27024,NONE,NO_CLICK
27025,NONE,NO_CLICK
27026,NONE,NO_CLICK
27027,NONE,NO_CLICK
27028,NONE,NO_CLICK
27029,NONE,NO_CLICK
27030,NONE,NO_CLICK
27031,NONE,NO_CLICK
27032,NONE,NO_CLICK
27033,NONE,NO_CLICK
27034,NONE,NO_CLICK
27035,NONE,NO_CLICK
27036,NONE,NO_CLICK
27037,NONE,NO_CLICK
27038,NONE,NO_CLICK
27039,NONE,NO_CLICK
27040,NONE,NO_CLICK
27041,NONE,NO_CLICK
27042,NONE,NO_CLICK
27043,NONE,NO_CLICK
27044,NONE,NO_CLICK
27045,NONE,NO_CLICK
27046,NONE,NO_CLICK
27047,NONE,NO_CLICK
27048,NONE,NO_CLICK
27049,NONE,NO_CLICK
27050,NONE,NO_CLICK
27051,NONE,NO_CLICK
27052,NONE,NO_CLICK
27053,NONE,NO_CLICK
27054,NONE,NO_CLICK
27055,NONE,NO_CLICK
27056,NONE,NO_CLICK
27057,NONE,NO_CLICK
27058,NONE,NO_CLICK
27059,NONE,NO_CLICK
27060,NONE,NO_CLICK
27061,NONE,NO_CLICK
27062,NONE,NO_CLICK
27063,NONE,NO_CLICK
27064,NONE,NO_CLICK
27065,NONE,NO_CLICK
27066,NONE,NO_CLICK
27067,NONE,NO_CLICK
27068,NONE,NO_CLICK
27069,NONE,NO_CLICK
27070,NONE,NO_CLICK
27071,NONE,NO_CLICK
27072,NONE,NO_CLICK
27073,NONE,NO_CLICK
27074,NONE,NO_CLICK
27075,NONE,NO_CLICK
27076,NONE,NO_CLICK
27077,NONE,NO_CLICK
27078,NONE,NO_CLICK
27079,NONE,NO_CLICK
27080,NONE,NO_CLICK
27081,NONE,NO_CLICK
27082,NONE,NO_CLICK
27083,NONE,NO_CLICK
27084,NONE,NO_CLICK
27085,NONE,NO_CLICK
27086,NONE,NO_CLICK
27087,NONE,NO_CLICK
27088,NONE,NO_CLICK
27089,NONE,NO_CLICK
27090,NONE,NO_CLICK
27091,NONE,NO_CLICK
27092,NONE,NO_CLICK
27093,NONE,NO_CLICK
27094,NONE,NO_CLICK
27095,NONE,NO_CLICK
27096,NONE,NO_CLICK
27097,NONE,NO_CLICK
27098,NONE,NO_CLICK
27099,NONE,NO_CLICK
27100,NONE,NO_CLICK
27101,NONE,NO_CLICK
27102,NONE,NO_CLICK
27103,NONE,NO_CLICK
27104,NONE,NO_CLICK
27105,NONE,NO_CLICK
27106,NONE,NO_CLICK
27107,NONE,NO_CLICK
27108,NONE,NO_CLICK
27109,NONE,NO_CLICK
27110,NONE,NO_CLICK
27111,NONE,NO_CLICK
27112,NONE,NO_CLICK
27113,NONE,NO_CLICK
27114,NONE,NO_CLICK
27115,NONE,NO_CLICK
27116,NONE,NO_CLICK
27117,NONE,NO_CLICK
27118,NONE,NO_CLICK
27119,NONE,NO_CLICK
27120,NONE,NO_CLICK
27121,NONE,NO_CLICK
27122,NONE,NO_CLICK
27123,NONE,NO_CLICK
27124,NONE,NO_CLICK
27125,NONE,NO_CLICK
27126,NONE,NO_CLICK
27127,NONE,NO_CLICK
27128,NONE,NO_CLICK
27129,NONE,NO_CLICK
27130,NONE,NO_CLICK
27131,NONE,NO_CLICK
27132,NONE,NO_CLICK
27133,NONE,NO_CLICK
27134,NONE,NO_CLICK
27135,NONE,NO_CLICK
27136,NONE,NO_CLICK
27137,NONE,NO_CLICK
27138,NONE,NO_CLICK
27139,NONE,NO_CLICK
27140,NONE,NO_CLICK
27141,NONE,NO_CLICK
27142,NONE,NO_CLICK
27143,NONE,NO_CLICK
27144,NONE,NO_CLICK
27145,NONE,NO_CLICK
27146,NONE,NO_CLICK
27147,NONE,NO_CLICK
27148,NONE,NO_CLICK
27149,NONE,NO_CLICK
27150,NONE,NO_CLICK
27151,NONE,NO_CLICK
27152,NONE,NO_CLICK
27153,NONE,NO_CLICK
27154,NONE,NO_CLICK
27155,NONE,NO_CLICK
27156,NONE,NO_CLICK
27157,NONE,NO_CLICK
27158,NONE,NO_CLICK
27159,NONE,NO_CLICK
27160,NONE,NO_CLICK
27161,NONE,NO_CLICK
27162,NONE,NO_CLICK
27163,NONE,NO_CLICK
27164,NONE,NO_CLICK
27165,NONE,NO_CLICK
27166,NONE,NO_CLICK
27167,NONE,NO_CLICK
27168,NONE,NO_CLICK
27169,NONE,NO_CLICK
27170,NONE,NO_CLICK
27171,NONE,NO_CLICK
27172,NONE,NO_CLICK
27173,NONE,NO_CLICK
27174,NONE,NO_CLICK
27175,NONE,NO_CLICK
27176,NONE,NO_CLICK
27177,NONE,NO_CLICK
27178,NONE,NO_CLICK
27179,NONE,NO_CLICK
27180,NONE,NO_CLICK
27181,NONE,NO_CLICK
27182,NONE,NO_CLICK
27183,NONE,NO_CLICK
27184,NONE,NO_CLICK
27185,NONE,NO_CLICK
27186,NONE,NO_CLICK
27187,NONE,NO_CLICK
27188,NONE,NO_CLICK
27189,NONE,NO_CLICK
27190,NONE,NO_CLICK
27191,NONE,NO_CLICK
27192,NONE,NO_CLICK
27193,NONE,NO_CLICK
27194,NONE,NO_CLICK
27195,NONE,NO_CLICK
27196,NONE,NO_CLICK
27197,NONE,NO_CLICK
27198,NONE,NO_CLICK
27199,NONE,NO_CLICK
27200,NONE,NO_CLICK
27201,NONE,NO_CLICK
27202,NONE,NO_CLICK
27203,NONE,NO_CLICK
27204,NONE,NO_CLICK
27205,NONE,NO_CLICK
27206,NONE,NO_CLICK
27207,NONE,NO_CLICK
27208,NONE,NO_CLICK
27209,NONE,NO_CLICK
27210,NONE,NO_CLICK
27211,NONE,NO_CLICK
27212,NONE,NO_CLICK
27213,NONE,NO_CLICK
27214,NONE,NO_CLICK
27215,NONE,NO_CLICK
27216,NONE,NO_CLICK
27217,NONE,NO_CLICK
27218,NONE,NO_CLICK
27219,NONE,NO_CLICK
27220,NONE,NO_CLICK
27221,NONE,NO_CLICK
27222,NONE,NO_CLICK
27223,NONE,NO_CLICK
27224,NONE,NO_CLICK
27225,NONE,NO_CLICK
27226,NONE,NO_CLICK
27227,NONE,NO_CLICK
27228,NONE,NO_CLICK
27229,NONE,NO_CLICK
27230,NONE,NO_CLICK
27231,NONE,NO_CLICK
27232,NONE,NO_CLICK
27233,NONE,NO_CLICK
27234,NONE,NO_CLICK
27235,NONE,NO_CLICK
27236,NONE,NO_CLICK
27237,NONE,NO_CLICK
27238,NONE,NO_CLICK
27239,NONE,NO_CLICK
27240,NONE,NO_CLICK
27241,NONE,NO_CLICK
27242,NONE,NO_CLICK
27243,NONE,NO_CLICK
27244,NONE,NO_CLICK
27245,NONE,NO_CLICK
27246,NONE,NO_CLICK
27247,NONE,NO_CLICK
27248,NONE,NO_CLICK
27249,NONE,NO_CLICK
27250,NONE,NO_CLICK
27251,NONE,NO_CLICK
27252,NONE,NO_CLICK
27253,NONE,NO_CLICK
27254,NONE,NO_CLICK
27255,NONE,NO_CLICK
27256,NONE,NO_CLICK
27257,NONE,NO_CLICK
27258,NONE,NO_CLICK
27259,NONE,NO_CLICK
27260,NONE,NO_CLICK
27261,NONE,NO_CLICK
27262,NONE,NO_CLICK
27263,NONE,NO_CLICK
27264,NONE,NO_CLICK
27265,NONE,NO_CLICK
27266,NONE,NO_CLICK
27267,NONE,NO_CLICK
27268,NONE,NO_CLICK
27269,NONE,NO_CLICK
27270,NONE,NO_CLICK
27271,NONE,NO_CLICK
27272,NONE,NO_CLICK
27273,NONE,NO_CLICK
27274,NONE,NO_CLICK
27275,NONE,NO_CLICK
27276,NONE,NO_CLICK
27277,NONE,NO_CLICK
27278,NONE,NO_CLICK
27279,NONE,NO_CLICK
27280,NONE,NO_CLICK
27281,NONE,NO_CLICK
27282,NONE,NO_CLICK
27283,NONE,NO_CLICK
27284,NONE,NO_CLICK
27285,NONE,NO_CLICK
27286,NONE,NO_CLICK
27287,NONE,NO_CLICK
27288,NONE,NO_CLICK
27289,NONE,NO_CLICK
27290,NONE,NO_CLICK
27291,NONE,NO_CLICK
27292,NONE,NO_CLICK
27293,NONE,NO_CLICK
27294,NONE,NO_CLICK
27295,NONE,NO_CLICK
27296,NONE,NO_CLICK
27297,NONE,NO_CLICK
27298,NONE,NO_CLICK
27299,NONE,NO_CLICK
27300,NONE,NO_CLICK
27301,NONE,NO_CLICK
27302,NONE,NO_CLICK
27303,NONE,NO_CLICK
27304,NONE,NO_CLICK
27305,NONE,NO_CLICK
27306,NONE,NO_CLICK
27307,NONE,NO_CLICK
27308,NONE,NO_CLICK
27309,NONE,NO_CLICK
27310,NONE,NO_CLICK
27311,NONE,NO_CLICK
27312,NONE,NO_CLICK
27313,NONE,NO_CLICK
27314,NONE,NO_CLICK
27315,NONE,NO_CLICK
27316,NONE,NO_CLICK
27317,NONE,NO_CLICK
27318,NONE,NO_CLICK
27319,NONE,NO_CLICK
27320,NONE,NO_CLICK
27321,NONE,NO_CLICK
27322,NONE,NO_CLICK
27323,NONE,NO_CLICK
27324,NONE,NO_CLICK
27325,NONE,NO_CLICK
27326,NONE,NO_CLICK
27327,NONE,NO_CLICK
27328,NONE,NO_CLICK
27329,NONE,NO_CLICK
27330,BOTH,DOUBLE_CLICK
27331,BOTH,DOUBLE_CLICK
27332,BOTH,DOUBLE_CLICK
27333,BOTH,DOUBLE_CLICK
27334,BOTH,DOUBLE_CLICK
27335,BOTH,DOUBLE_CLICK
27336,BOTH,DOUBLE_CLICK
27337,BOTH,DOUBLE_CLICK
27338,BOTH,DOUBLE_CLICK
27339,BOTH,DOUBLE_CLICK
27340,BOTH,DOUBLE_CLICK
27341,BOTH,DOUBLE_CLICK
27342,BOTH,DOUBLE_CLICK
27343,BOTH,DOUBLE_CLICK
27344,BOTH,DOUBLE_CLICK
27345,BOTH,DOUBLE_CLICK
27346,BOTH,DOUBLE_CLICK
27347,BOTH,DOUBLE_CLICK
27348,BOTH,DOUBLE_CLICK
27349,BOTH,DOUBLE_CLICK
27350,BOTH,DOUBLE_CLICK
27351,BOTH,DOUBLE_CLICK
27352,BOTH,DOUBLE_CLICK
27353,BOTH,DOUBLE_CLICK
27354,BOTH,DOUBLE_CLICK
27355,BOTH,DOUBLE_CLICK
27356,BOTH,DOUBLE_CLICK
27357,BOTH,DOUBLE_CLICK
27358,BOTH,DOUBLE_CLICK
27359,BOTH,DOUBLE_CLICK
27360,BOTH,DOUBLE_CLICK
27361,BOTH,DOUBLE_CLICK
27362,BOTH,DOUBLE_CLICK
27363,BOTH,DOUBLE_CLICK
27364,BOTH,DOUBLE_CLICK
27365,BOTH,DOUBLE_CLICK
27366,BOTH,DOUBLE_CLICK
27367,BOTH,DOUBLE_CLICK
27368,D2,D2_CLICK
27369,D2,D2_CLICK
27370,D2,D2_CLICK
27371,D2,D2_CLICK
27372,D2,D2_CLICK
27373,D2,D2_CLICK
27374,D2,D2_CLICK
27375,D2,D2_CLICK
27376,D2,D2_CLICK
27377,D2,D2_CLICK
27378,D2,D2_CLICK
27379,D2,D2_CLICK
27380,D2,D2_CLICK
27381,D2,D2_CLICK
27382,D2,D2_CLICK
27383,D2,D2_CLICK
27384,D2,D2_CLICK
27385,D2,D2_CLICK
27386,D2,D2_CLICK
27387,D2,D2_CLICK
27388,D2,D2_CLICK
27389,D2,D2_CLICK
27390,D2,D2_CLICK
27391,D2,D2_CLICK
27392,D2,D2_CLICK
27393,D2,D2_CLICK
27394,D2,D2_CLICK
27395,D2,D2_CLICK
27396,D2,D2_CLICK
27397,D2,D2_CLICK
27398,D2,D2_CLICK
27399,D2,D2_CLICK
27400,NONE,NO_CLICK
27401,NONE,NO_CLICK
27402,NONE,NO_CLICK
27403,NONE,NO_CLICK
27404,NONE,NO_CLICK
27405,NONE,NO_CLICK
27406,NONE,NO_CLICK
27407,NONE,NO_CLICK
27408,NONE,NO_CLICK
27409,NONE,NO_CLICK
27410,NONE,NO_CLICK
27411,NONE,NO_CLICK
27412,NONE,NO_CLICK
27413,NONE,NO_CLICK
27414,NONE,NO_CLICK
27415,NONE,NO_CLICK
27416,NONE,NO_CLICK
27417,NONE,NO_CLICK
27418,NONE,NO_CLICK
27419,NONE,NO_CLICK
27420,NONE,NO_CLICK
27421,NONE,NO_CLICK
27422,NONE,NO_CLICK
27423,NONE,NO_CLICK
27424,NONE,NO_CLICK
27425,NONE,NO_CLICK
27426,NONE,NO_CLICK
27427,NONE,NO_CLICK
27428,NONE,NO_CLICK
27429,NONE,NO_CLICK
27430,NONE,NO_CLICK
27431,NONE,NO_CLICK
27432,NONE,NO_CLICK
27433,NONE,NO_CLICK
27434,NONE,NO_CLICK
27435,NONE,NO_CLICK
27436,NONE,NO_CLICK
27437,NONE,NO_CLICK
27438,NONE,NO_CLICK
27439,NONE,NO_CLICK
27440,NONE,NO_CLICK
27441,NONE,NO_CLICK
27442,NONE,NO_CLICK
27443,NONE,NO_CLICK
27444,NONE,NO_CLICK
27445,NONE,NO_CLICK
27446,NONE,NO_CLICK
27447,NONE,NO_CLICK
27448,NONE,NO_CLICK
27449,NONE,NO_CLICK
27450,NONE,NO_CLICK
27451,NONE,NO_CLICK
27452,NONE,NO_CLICK
27453,NONE,NO_CLICK
27454,NONE,NO_CLICK
27455,NONE,NO_CLICK
27456,NONE,NO_CLICK
27457,NONE,NO_CLICK
27458,NONE,NO_CLICK
27459,NONE,NO_CLICK
27460,NONE,NO_CLICK
27461,NONE,NO_CLICK
27462,NONE,NO_CLICK
27463,NONE,NO_CLICK
27464,NONE,NO_CLICK
27465,NONE,NO_CLICK
27466,NONE,NO_CLICK
27467,NONE,NO_CLICK
27468,NONE,NO_CLICK
27469,NONE,NO_CLICK
27470,NONE,NO_CLICK
27471,NONE,NO_CLICK
27472,NONE,NO_CLICK
27473,NONE,NO_CLICK
27474,NONE,NO_CLICK
27475,NONE,NO_CLICK
27476,NONE,NO_CLICK
27477,NONE,NO_CLICK
27478,NONE,NO_CLICK
27479,NONE,NO_CLICK
27480,NONE,NO_CLICK
27481,NONE,NO_CLICK
27482,NONE,NO_CLICK
27483,NONE,NO_CLICK
27484,NONE,NO_CLICK
27485,NONE,NO_CLICK
27486,NONE,NO_CLICK
27487,NONE,NO_CLICK
27488,NONE,NO_CLICK
27489,NONE,NO_CLICK
27490,NONE,NO_CLICK
27491,NONE,NO_CLICK
27492,NONE,NO_CLICK
27493,NONE,NO_CLICK
27494,NONE,NO_CLICK
27495,NONE,NO_CLICK
27496,NONE,NO_CLICK
27497,NONE,NO_CLICK
27498,NONE,NO_CLICK
27499,NONE,NO_CLICK
27500,NONE,NO_CLICK
27501,NONE,NO_CLICK
27502,NONE,NO_CLICK
27503,NONE,NO_CLICK
27504,NONE,NO_CLICK
27505,NONE,NO_CLICK
27506,NONE,NO_CLICK
27507,NONE,NO_CLICK
27508,NONE,NO_CLICK
27509,NONE,NO_CLICK
27510,NONE,NO_CLICK
27511,NONE,NO_CLICK
27512,NONE,NO_CLICK
27513,NONE,NO_CLICK
27514,NONE,NO_CLICK
27515,NONE,NO_CLICK
27516,NONE,NO_CLICK
27517,NONE,NO_CLICK
27518,NONE,NO_CLICK
27519,NONE,NO_CLICK
27520,NONE,NO_CLICK
27521,NONE,NO_CLICK
27522,NONE,NO_CLICK
27523,NONE,NO_CLICK
27524,NONE,NO_CLICK
27525,NONE,NO_CLICK
27526,NONE,NO_CLICK
27527,NONE,NO_CLICK
27528,NONE,NO_CLICK
27529,NONE,NO_CLICK
27530,NONE,NO_CLICK
27531,NONE,NO_CLICK
27532,NONE,NO_CLICK
27533,NONE,NO_CLICK
27534,NONE,NO_CLICK
27535,NONE,NO_CLICK
27536,NONE,NO_CLICK
27537,NONE,NO_CLICK
27538,NONE,NO_CLICK
27539,NONE,NO_CLICK
27540,NONE,NO_CLICK
27541,NONE,NO_CLICK
27542,NONE,NO_CLICK
27543,NONE,NO_CLICK
27544,NONE,NO_CLICK
27545,NONE,NO_CLICK
27546,NONE,NO_CLICK
27547,NONE,NO_CLICK
27548,NONE,NO_CLICK
27549,NONE,NO_CLICK
27550,NONE,NO_CLICK
27551,NONE,NO_CLICK
27552,NONE,NO_CLICK
27553,NONE,NO_CLICK
27554,NONE,NO_CLICK
27555,NONE,NO_CLICK
27556,NONE,NO_CLICK
27557,NONE,NO_CLICK
27558,NONE,NO_CLICK
27559,NONE,NO_CLICK
27560,NONE,NO_CLICK
27561,NONE,NO_CLICK
27562,NONE,NO_CLICK
27563,NONE,NO_CLICK
27564,NONE,NO_CLICK
27565,NONE,NO_CLICK
27566,NONE,NO_CLICK
27567,NONE,NO_CLICK
27568,NONE,NO_CLICK
27569,NONE,NO_CLICK
27570,NONE,NO_CLICK
27571,NONE,NO_CLICK
27572,NONE,NO_CLICK
27573,NONE,NO_CLICK
27574,NONE,NO_CLICK
27575,NONE,NO_CLICK
27576,NONE,NO_CLICK
27577,NONE,NO_CLICK
27578,NONE,NO_CLICK
27579,NONE,NO_CLICK
27580,NONE,NO_CLICK
27581,NONE,NO_CLICK
27582,NONE,NO_CLICK
27583,NONE,NO_CLICK
27584,NONE,NO_CLICK
27585,NONE,NO_CLICK
27586,NONE,NO_CLICK
27587,NONE,NO_CLICK
27588,NONE,NO_CLICK
27589,NONE,NO_CLICK
27590,NONE,NO_CLICK
27591,NONE,NO_CLICK
27592,NONE,NO_CLICK
27593,NONE,NO_CLICK
27594,NONE,NO_CLICK
27595,NONE,NO_CLICK
27596,NONE,NO_CLICK
27597,NONE,NO_CLICK
27598,NONE,NO_CLICK
27599,NONE,NO_CLICK
27600,NONE,NO_CLICK
27601,NONE,NO_CLICK
27602,NONE,NO_CLICK
27603,NONE,NO_CLICK
27604,NONE,NO_CLICK
27605,NONE,NO_CLICK
27606,NONE,NO_CLICK
27607,NONE,NO_CLICK
27608,NONE,NO_CLICK
27609,NONE,NO_CLICK
27610,NONE,NO_CLICK
27611,NONE,NO_CLICK
27612,NONE,NO_CLICK
27613,NONE,NO_CLICK
27614,NONE,NO_CLICK
27615,NONE,NO_CLICK
27616,NONE,NO_CLICK
27617,NONE,NO_CLICK
27618,NONE,NO_CLICK
27619,NONE,NO_CLICK
27620,NONE,NO_CLICK
27621,NONE,NO_CLICK
27622,NONE,NO_CLICK
27623,NONE,NO_CLICK
27624,NONE,NO_CLICK
27625,NONE,NO_CLICK
27626,NONE,NO_CLICK
27627,NONE,NO_CLICK
27628,NONE,NO_CLICK
27629,NONE,NO_CLICK
27630,NONE,NO_CLICK
27631,NONE,NO_CLICK
27632,NONE,NO_CLICK
27633,NONE,NO_CLICK
27634,NONE,NO_CLICK
27635,NONE,NO_CLICK
27636,NONE,NO_CLICK
27637,NONE,NO_CLICK
27638,NONE,NO_CLICK
27639,NONE,NO_CLICK
27640,NONE,NO_CLICK
27641,NONE,NO_CLICK
27642,NONE,NO_CLICK
27643,NONE,NO_CLICK
27644,NONE,NO_CLICK
27645,NONE,NO_CLICK
27646,NONE,NO_CLICK
27647,NONE,NO_CLICK
27648,NONE,NO_CLICK
27649,NONE,NO_CLICK
27650,D2,D2_CLICK
27651,D2,D2_CLICK
27652,D2,D2_CLICK
27653,D2,D2_CLICK
27654,D2,D2_CLICK
27655,D2,D2_CLICK
27656,D2,D2_CLICK
27657,D2,D2_CLICK
27658,D2,D2_CLICK
27659,D2,D2_CLICK
27660,D2,D2_CLICK
27661,D2,D2_CLICK
27662,D2,D2_CLICK
27663,D2,D2_CLICK
27664,D2,D2_CLICK
27665,D2,D2_CLICK
27666,D2,D2_CLICK
27667,D2,D2_CLICK
27668,D2,D2_CLICK
27669,D2,D2_CLICK
27670,D2,D2_CLICK
27671,D2,D2_CLICK
27672,D2,D2_CLICK
27673,D2,D2_CLICK
27674,D2,D2_CLICK
27675,D2,D2_CLICK
27676,D2,D2_CLICK
27677,D2,D2_CLICK
27678,D2,D2_CLICK
27679,D2,D2_CLICK
27680,D2,D2_CLICK
27681,D2,D2_CLICK
27682,D2,D2_CLICK
27683,D2,D2_CLICK
27684,D2,D2_CLICK
27685,D2,D2_CLICK
27686,D2,D2_CLICK
27687,D2,D2_CLICK
27688,NONE,NO_CLICK
27689,NONE,NO_CLICK
27690,NONE,NO_CLICK
27691,NONE,NO_CLICK
27692,NONE,NO_CLICK
27693,NONE,NO_CLICK
27694,NONE,NO_CLICK
27695,NONE,NO_CLICK
27696,NONE,NO_CLICK
27697,NONE,NO_CLICK
27698,NONE,NO_CLICK
27699,NONE,NO_CLICK
27700,NONE,NO_CLICK
27701,NONE,NO_CLICK
27702,NONE,NO_CLICK
27703,NONE,NO_CLICK
27704,NONE,NO_CLICK
27705,NONE,NO_CLICK
27706,NONE,NO_CLICK
27707,NONE,NO_CLICK
27708,NONE,NO_CLICK
27709,NONE,NO_CLICK
27710,NONE,NO_CLICK
27711,NONE,NO_CLICK
27712,NONE,NO_CLICK
27713,NONE,NO_CLICK
27714,NONE,NO_CLICK
27715,NONE,NO_CLICK
27716,NONE,NO_CLICK
27717,NONE,NO_CLICK
27718,NONE,NO_CLICK
27719,NONE,NO_CLICK
27720,NONE,NO_CLICK
27721,NONE,NO_CLICK
27722,NONE,NO_CLICK
27723,NONE,NO_CLICK
27724,NONE,NO_CLICK
27725,NONE,NO_CLICK
27726,NONE,NO_CLICK
27727,NONE,NO_CLICK
27728,NONE,NO_CLICK
27729,NONE,NO_CLICK
27730,NONE,NO_CLICK
27731,NONE,NO_CLICK
27732,NONE,NO_CLICK
27733,NONE,NO_CLICK
27734,NONE,NO_CLICK
27735,NONE,NO_CLICK
27736,NONE,NO_CLICK
27737,NONE,NO_CLICK
27738,NONE,NO_CLICK
27739,NONE,NO_CLICK
27740,NONE,NO_CLICK
27741,NONE,NO_CLICK
27742,NONE,NO_CLICK
27743,NONE,NO_CLICK
27744,NONE,NO_CLICK
27745,NONE,NO_CLICK
27746,NONE,NO_CLICK
27747,NONE,NO_CLICK
27748,NONE,NO_CLICK
27749,NONE,NO_CLICK
27750,NONE,NO_CLICK
27751,NONE,NO_CLICK
27752,NONE,NO_CLICK
27753,NONE,NO_CLICK
27754,NONE,NO_CLICK
27755,NONE,NO_CLICK
27756,NONE,NO_CLICK
27757,NONE,NO_CLICK
27758,NONE,NO_CLICK
27759,NONE,NO_CLICK
27760,NONE,NO_CLICK
27761,NONE,NO_CLICK
27762,NONE,NO_CLICK
27763,NONE,NO_CLICK
27764,NONE,NO_CLICK
27765,NONE,NO_CLICK
27766,NONE,NO_CLICK
27767,NONE,NO_CLICK
27768,NONE,NO_CLICK
27769,NONE,NO_CLICK
27770,NONE,NO_CLICK
27771,NONE,NO_CLICK
27772,NONE,NO_CLICK
27773,NONE,NO_CLICK
27774,NONE,NO_CLICK
27775,NONE,NO_CLICK
27776,NONE,NO_CLICK
27777,NONE,NO_CLICK
27778,NONE,NO_CLICK
27779,NONE,NO_CLICK
27780,NONE,NO_CLICK
27781,NONE,NO_CLICK
27782,NONE,NO_CLICK
27783,NONE,NO_CLICK
27784,NONE,NO_CLICK
27785,NONE,NO_CLICK
27786,NONE,NO_CLICK
27787,NONE,NO_CLICK
27788,NONE,NO_CLICK
27789,NONE,NO_CLICK
27790,NONE,NO_CLICK
27791,NONE,NO_CLICK
27792,NONE,NO_CLICK
27793,NONE,NO_CLICK
27794,NONE,NO_CLICK
27795,NONE,NO_CLICK
27796,NONE,NO_CLICK
27797,NONE,NO_CLICK
27798,NONE,NO_CLICK
27799,NONE,NO_CLICK
27800,NONE,NO_CLICK
27801,NONE,NO_CLICK
27802,NONE,NO_CLICK
27803,NONE,NO_CLICK
27804,NONE,NO_CLICK
27805,NONE,NO_CLICK
27806,NONE,NO_CLICK
27807,NONE,NO_CLICK
27808,NONE,NO_CLICK
27809,NONE,NO_CLICK
27810,NONE,NO_CLICK
27811,NONE,NO_CLICK
27812,NONE,NO_CLICK
27813,NONE,NO_CLICK
27814,NONE,NO_CLICK
27815,NONE,NO_CLICK
27816,NONE,NO_CLICK
27817,NONE,NO_CLICK
27818,NONE,NO_CLICK
27819,NONE,NO_CLICK
27820,NONE,NO_CLICK
27821,NONE,NO_CLICK
27822,NONE,NO_CLICK
27823,NONE,NO_CLICK
27824,NONE,NO_CLICK
27825,NONE,NO_CLICK
27826,NONE,NO_CLICK
27827,NONE,NO_CLICK
27828,NONE,NO_CLICK
27829,NONE,NO_CLICK
27830,NONE,NO_CLICK
27831,NONE,NO_CLICK
27832,NONE,NO_CLICK
27833,NONE,NO_CLICK
27834,NONE,NO_CLICK
27835,NONE,NO_CLICK
27836,NONE,NO_CLICK
27837,NONE,NO_CLICK
27838,NONE,NO_CLICK
27839,NONE,NO_CLICK
27840,NONE,NO_CLICK
27841,NONE,NO_CLICK
27842,NONE,NO_CLICK
27843,NONE,NO_CLICK
27844,NONE,NO_CLICK
27845,NONE,NO_CLICK
27846,NONE,NO_CLICK
27847,NONE,NO_CLICK
27848,NONE,NO_CLICK
27849,NONE,NO_CLICK
27850,NONE,NO_CLICK
27851,NONE,NO_CLICK
27852,NONE,NO_CLICK
27853,NONE,NO_CLICK
27854,NONE,NO_CLICK
27855,NONE,NO_CLICK
27856,NONE,NO_CLICK
27857,NONE,NO_CLICK
27858,NONE,NO_CLICK
27859,NONE,NO_CLICK
27860,NONE,NO_CLICK
27861,NONE,NO_CLICK
27862,NONE,NO_CLICK
27863,NONE,NO_CLICK
27864,NONE,NO_CLICK
27865,NONE,NO_CLICK
27866,NONE,NO_CLICK
27867,NONE,NO_CLICK
27868,NONE,NO_CLICK
27869,NONE,NO_CLICK
27870,NONE,NO_CLICK
27871,NONE,NO_CLICK
27872,NONE,NO_CLICK
27873,NONE,NO_CLICK
27874,NONE,NO_CLICK
27875,NONE,NO_CLICK
27876,NONE,NO_CLICK
27877,NONE,NO_CLICK
27878,NONE,NO_CLICK
27879,NONE,NO_CLICK
27880,NONE,NO_CLICK
27881,NONE,NO_CLICK
27882,NONE,NO_CLICK
27883,NONE,NO_CLICK
27884,NONE,NO_CLICK
27885,NONE,NO_CLICK
27886,NONE,NO_CLICK
27887,NONE,NO_CLICK
27888,NONE,NO_CLICK
27889,NONE,NO_CLICK
27890,NONE,NO_CLICK
27891,NONE,NO_CLICK
27892,NONE,NO_CLICK
27893,NONE,NO_CLICK
27894,NONE,NO_CLICK
27895,NONE,NO_CLICK
27896,NONE,NO_CLICK
27897,NONE,NO_CLICK
27898,NONE,NO_CLICK
27899,NONE,NO_CLICK
27900,NONE,NO_CLICK
27901,NONE,NO_CLICK
27902,NONE,NO_CLICK
27903,NONE,NO_CLICK
27904,NONE,NO_CLICK
27905,NONE,NO_CLICK
27906,NONE,NO_CLICK
27907,NONE,NO_CLICK
27908,NONE,NO_CLICK
27909,NONE,NO_CLICK
27910,NONE,NO_CLICK
27911,NONE,NO_CLICK
27912,NONE,NO_CLICK
27913,NONE,NO_CLICK
27914,NONE,NO_CLICK
27915,NONE,NO_CLICK
27916,NONE,NO_CLICK
27917,NONE,NO_CLICK
27918,NONE,NO_CLICK
27919,NONE,NO_CLICK
27920,NONE,NO_CLICK
27921,NONE,NO_CLICK
27922,NONE,NO_CLICK
27923,NONE,NO_CLICK
27924,NONE,NO_CLICK
27925,NONE,NO_CLICK
27926,NONE,NO_CLICK
27927,NONE,NO_CLICK
27928,NONE,NO_CLICK
27929,NONE,NO_CLICK
27930,NONE,NO_CLICK
27931,NONE,NO_CLICK
27932,NONE,NO_CLICK
27933,NONE,NO_CLICK
27934,NONE,NO_CLICK
27935,NONE,NO_CLICK
27936,NONE,NO_CLICK
27937,NONE,NO_CLICK
27938,NONE,NO_CLICK
27939,NONE,NO_CLICK
27940,NONE,NO_CLICK
27941,NONE,NO_CLICK
27942,NONE,NO_CLICK
27943,NONE,NO_CLICK
27944,NONE,NO_CLICK
27945,NONE,NO_CLICK
27946,NONE,NO_CLICK
27947,NONE,NO_CLICK
27948,NONE,NO_CLICK
27949,NONE,NO_CLICK
27950,NONE,NO_CLICK
27951,NONE,NO_CLICK
27952,NONE,NO_CLICK
27953,NONE,NO_CLICK
27954,NONE,NO_CLICK
27955,NONE,NO_CLICK
27956,NONE,NO_CLICK
27957,NONE,NO_CLICK
27958,NONE,NO_CLICK
27959,NONE,NO_CLICK
27960,NONE,NO_CLICK
27961,NONE,NO_CLICK
27962,NONE,NO_CLICK
27963,NONE,NO_CLICK
27964,NONE,NO_CLICK
27965,NONE,NO_CLICK
27966,NONE,NO_CLICK
27967,NONE,NO_CLICK
27968,NONE,NO_CLICK
27969,NONE,NO_CLICK
27970,D1,D1_CLICK
27971,D1,D1_CLICK
27972,D1,D1_CLICK
27973,D1,D1_CLICK
27974,D1,D1_CLICK
27975,D1,D1_CLICK
27976,D1,D1_CLICK
27977,D1,D1_CLICK
27978,D1,D1_CLICK
27979,D1,D1_CLICK
27980,D1,D1_CLICK
27981,D1,D1_CLICK
27982,D1,D1_CLICK
27983,D1,D1_CLICK
27984,D1,D1_CLICK
27985,D1,D1_CLICK
27986,D1,D1_CLICK
27987,D1,D1_CLICK
27988,D1,D1_CLICK
27989,D1,D1_CLICK
27990,D1,D1_CLICK
27991,D1,D1_CLICK
27992,D1,D1_CLICK
27993,D1,D1_CLICK
27994,D1,D1_CLICK
27995,D1,D1_CLICK
27996,D1,D1_CLICK
27997,D1,D1_CLICK
27998,D1,D1_CLICK
27999,D1,D1_CLICK
28000,D1,D1_CLICK
28001,D1,D1_CLICK
28002,BOTH,DOUBLE_CLICK
28003,BOTH,DOUBLE_CLICK
28004,BOTH,DOUBLE_CLICK
28005,BOTH,DOUBLE_CLICK
28006,BOTH,DOUBLE_CLICK
28007,BOTH,DOUBLE_CLICK
28008,D2,D2_CLICK
28009,D2,D2_CLICK
28010,D2,D2_CLICK
28011,D2,D2_CLICK
28012,D2,D2_CLICK
28013,D2,D2_CLICK
28014,D2,D2_CLICK
28015,D2,D2_CLICK
28016,D2,D2_CLICK
28017,D2,D2_CLICK
28018,D2,D2_CLICK
28019,D2,D2_CLICK
28020,D2,D2_CLICK
28021,D2,D2_CLICK
28022,D2,D2_CLICK
28023,D2,D2_CLICK
28024,D2,D2_CLICK
28025,D2,D2_CLICK
28026,D2,D2_CLICK
28027,D2,D2_CLICK
28028,D2,D2_CLICK
28029,D2,D2_CLICK
28030,D2,D2_CLICK
28031,D2,D2_CLICK
28032,D2,D2_CLICK
28033,D2,D2_CLICK
28034,D2,D2_CLICK
28035,D2,D2_CLICK
28036,D2,D2_CLICK
28037,D2,D2_CLICK
28038,D2,D2_CLICK
28039,D2,D2_CLICK
28040,NONE,NO_CLICK
28041,NONE,NO_CLICK
28042,NONE,NO_CLICK
28043,NONE,NO_CLICK
28044,NONE,NO_CLICK
28045,NONE,NO_CLICK
28046,NONE,NO_CLICK
28047,NONE,NO_CLICK
28048,NONE,NO_CLICK
28049,NONE,NO_CLICK
28050,NONE,NO_CLICK
28051,NONE,NO_CLICK
28052,NONE,NO_CLICK
28053,NONE,NO_CLICK
28054,NONE,NO_CLICK
28055,NONE,NO_CLICK
28056,NONE,NO_CLICK
28057,NONE,NO_CLICK
28058,NONE,NO_CLICK
28059,NONE,NO_CLICK
28060,NONE,NO_CLICK
28061,NONE,NO_CLICK
28062,NONE,NO_CLICK
28063,NONE,NO_CLICK
28064,NONE,NO_CLICK
28065,NONE,NO_CLICK
28066,NONE,NO_CLICK
28067,NONE,NO_CLICK
28068,NONE,NO_CLICK
28069,NONE,NO_CLICK
28070,NONE,NO_CLICK
28071,NONE,NO_CLICK
28072,NONE,NO_CLICK
28073,NONE,NO_CLICK
28074,NONE,NO_CLICK
28075,NONE,NO_CLICK
28076,NONE,NO_CLICK
28077,NONE,NO_CLICK
28078,NONE,NO_CLICK
28079,NONE,NO_CLICK
28080,NONE,NO_CLICK
28081,NONE,NO_CLICK
28082,NONE,NO_CLICK
28083,NONE,NO_CLICK
28084,NONE,NO_CLICK
28085,NONE,NO_CLICK
28086,NONE,NO_CLICK
28087,NONE,NO_CLICK
28088,NONE,NO_CLICK
28089,NONE,NO_CLICK
28090,NONE,NO_CLICK
28091,NONE,NO_CLICK
28092,NONE,NO_CLICK
28093,NONE,NO_CLICK
28094,NONE,NO_CLICK
28095,NONE,NO_CLICK
28096,NONE,NO_CLICK
28097,NONE,NO_CLICK
28098,NONE,NO_CLICK
28099,NONE,NO_CLICK
28100,NONE,NO_CLICK
28101,NONE,NO_CLICK
28102,NONE,NO_CLICK
28103,NONE,NO_CLICK
28104,NONE,NO_CLICK
28105,NONE,NO_CLICK
28106,NONE,NO_CLICK
28107,NONE,NO_CLICK
28108,NONE,NO_CLICK
28109,NONE,NO_CLICK
28110,NONE,NO_CLICK
28111,NONE,NO_CLICK
28112,NONE,NO_CLICK
28113,NONE,NO_CLICK
28114,NONE,NO_CLICK
28115,NONE,NO_CLICK
28116,NONE,NO_CLICK
28117,NONE,NO_CLICK
28118,NONE,NO_CLICK
28119,NONE,NO_CLICK
28120,NONE,NO_CLICK
28121,NONE,NO_CLICK
28122,NONE,NO_CLICK
28123,NONE,NO_CLICK
28124,NONE,NO_CLICK
28125,NONE,NO_CLICK
28126,NONE,NO_CLICK
28127,NONE,NO_CLICK
28128,NONE,NO_CLICK
28129,NONE,NO_CLICK
28130,NONE,NO_CLICK
28131,NONE,NO_CLICK
28132,NONE,NO_CLICK
28133,NONE,NO_CLICK
28134,NONE,NO_CLICK
28135,NONE,NO_CLICK
28136,NONE,NO_CLICK
28137,NONE,NO_CLICK
28138,NONE,NO_CLICK
28139,NONE,NO_CLICK
28140,NONE,NO_CLICK
28141,NONE,NO_CLICK
28142,NONE,NO_CLICK
28143,NONE,NO_CLICK
28144,NONE,NO_CLICK
28145,NONE,NO_CLICK
28146,NONE,NO_CLICK
28147,NONE,NO_CLICK
28148,NONE,NO_CLICK
28149,NONE,NO_CLICK
28150,NONE,NO_CLICK
28151,NONE,NO_CLICK
28152,NONE,NO_CLICK
28153,NONE,NO_CLICK
28154,NONE,NO_CLICK
28155,NONE,NO_CLICK
28156,NONE,NO_CLICK
28157,NONE,NO_CLICK
28158,NONE,NO_CLICK
28159,NONE,NO_CLICK
28160,NONE,NO_CLICK
28161,NONE,NO_CLICK
28162,NONE,NO_CLICK
28163,NONE,NO_CLICK
28164,NONE,NO_CLICK
28165,NONE,NO_CLICK
28166,NONE,NO_CLICK
28167,NONE,NO_CLICK
28168,NONE,NO_CLICK
28169,NONE,NO_CLICK
28170,NONE,NO_CLICK
28171,NONE,NO_CLICK
28172,NONE,NO_CLICK
28173,NONE,NO_CLICK
28174,NONE,NO_CLICK
28175,NONE,NO_CLICK
28176,NONE,NO_CLICK
28177,NONE,NO_CLICK
28178,NONE,NO_CLICK
28179,NONE,NO_CLICK
28180,NONE,NO_CLICK
28181,NONE,NO_CLICK
28182,NONE,NO_CLICK
28183,NONE,NO_CLICK
28184,NONE,NO_CLICK
28185,NONE,NO_CLICK
28186,NONE,NO_CLICK
28187,NONE,NO_CLICK
28188,NONE,NO_CLICK
28189,NONE,NO_CLICK
28190,NONE,NO_CLICK
28191,NONE,NO_CLICK
28192,NONE,NO_CLICK
28193,NONE,NO_CLICK
28194,D2,D2_CLICK
28195,D2,D2_CLICK
28196,D2,D2_CLICK
28197,D2,D2_CLICK
28198,D2,D2_CLICK
28199,D2,D2_CLICK
28200,D2,D2_CLICK
28201,D2,D2_CLICK
28202,D2,D2_CLICK
28203,D2,D2_CLICK
28204,D2,D2_CLICK
28205,D2,D2_CLICK
28206,D2,D2_CLICK
28207,D2,D2_CLICK
28208,D2,D2_CLICK
28209,D2,D2_CLICK
28210,D2,D2_CLICK
28211,D2,D2_CLICK
28212,D2,D2_CLICK
28213,D2,D2_CLICK
28214,D2,D2_CLICK
28215,D2,D2_CLICK
28216,D2,D2_CLICK
28217,D2,D2_CLICK
28218,D2,D2_CLICK
28219,D2,D2_CLICK
28220,D2,D2_CLICK
28221,D2,D2_CLICK
28222,D2,D2_CLICK
28223,D2,D2_CLICK
28224,D2,D2_CLICK
28225,D2,D2_CLICK
28226,D2,D2_CLICK
28227,D2,D2_CLICK
28228,D2,D2_CLICK
28229,D2,D2_CLICK
28230,D2,D2_CLICK
28231,D2,D2_CLICK
28232,NONE,NO_CLICK
28233,NONE,NO_CLICK
28234,NONE,NO_CLICK
28235,NONE,NO_CLICK
28236,NONE,NO_CLICK
28237,NONE,NO_CLICK
28238,NONE,NO_CLICK
28239,NONE,NO_CLICK
28240,NONE,NO_CLICK
28241,NONE,NO_CLICK
28242,NONE,NO_CLICK
28243,NONE,NO_CLICK
28244,NONE,NO_CLICK
28245,NONE,NO_CLICK
28246,NONE,NO_CLICK
28247,NONE,NO_CLICK
28248,NONE,NO_CLICK
28249,NONE,NO_CLICK
28250,NONE,NO_CLICK
28251,NONE,NO_CLICK
28252,NONE,NO_CLICK
28253,NONE,NO_CLICK
28254,NONE,NO_CLICK
28255,NONE,NO_CLICK
28256,NONE,NO_CLICK
28257,NONE,NO_CLICK
28258,NONE,NO_CLICK
28259,NONE,NO_CLICK
28260,NONE,NO_CLICK
28261,NONE,NO_CLICK
28262,NONE,NO_CLICK
28263,NONE,NO_CLICK
28264,NONE,NO_CLICK
28265,NONE,NO_CLICK
28266,NONE,NO_CLICK
28267,NONE,NO_CLICK
28268,NONE,NO_CLICK
28269,NONE,NO_CLICK
28270,NONE,NO_CLICK
28271,NONE,NO_CLICK
28272,NONE,NO_CLICK
28273,NONE,NO_CLICK
28274,NONE,NO_CLICK
28275,NONE,NO_CLICK
28276,NONE,NO_CLICK
28277,NONE,NO_CLICK
28278,NONE,NO_CLICK
28279,NONE,NO_CLICK
28280,NONE,NO_CLICK
28281,NONE,NO_CLICK
28282,NONE,NO_CLICK
28283,NONE,NO_CLICK
28284,NONE,NO_CLICK
28285,NONE,NO_CLICK
28286,NONE,NO_CLICK
28287,NONE,NO_CLICK
28288,NONE,NO_CLICK
28289,NONE,NO_CLICK
28290,NONE,NO_CLICK
28291,NONE,NO_CLICK
28292,NONE,NO_CLICK
28293,NONE,NO_CLICK
28294,NONE,NO_CLICK
28295,NONE,NO_CLICK
28296,NONE,NO_CLICK
28297,NONE,NO_CLICK
28298,NONE,NO_CLICK
28299,NONE,NO_CLICK
28300,NONE,NO_CLICK
28301,NONE,NO_CLICK
28302,NONE,NO_CLICK
28303,NONE,NO_CLICK
28304,NONE,NO_CLICK
28305,NONE,NO_CLICK
28306,NONE,NO_CLICK
28307,NONE,NO_CLICK
28308,NONE,NO_CLICK
28309,NONE,NO_CLICK
28310,NONE,NO_CLICK
28311,NONE,NO_CLICK
28312,NONE,NO_CLICK
28313,NONE,NO_CLICK
28314,NONE,NO_CLICK
28315,NONE,NO_CLICK
28316,NONE,NO_CLICK
28317,NONE,NO_CLICK
28318,NONE,NO_CLICK
28319,NONE,NO_CLICK
28320,NONE,NO_CLICK
28321,NONE,NO_CLICK
28322,D1,D1_CLICK
28323,D1,D1_CLICK
28324,D1,D1_CLICK
28325,D1,D1_CLICK
28326,D1,D1_CLICK
28327,D1,D1_CLICK
28328,D1,D1_CLICK
28329,D1,D1_CLICK
28330,D1,D1_CLICK
28331,D1,D1_CLICK
28332,D1,D1_CLICK
28333,D1,D1_CLICK
28334,D1,D1_CLICK
28335,D1,D1_CLICK
28336,D1,D1_CLICK
28337,D1,D1_CLICK
28338,D1,D1_CLICK
28339,D1,D1_CLICK
28340,D1,D1_CLICK
28341,D1,D1_CLICK
28342,D1,D1_CLICK
28343,D1,D1_CLICK
28344,D1,D1_CLICK
28345,D1,D1_CLICK
28346,D1,D1_CLICK
28347,D1,D1_CLICK
28348,D1,D1_CLICK
28349,D1,D1_CLICK
28350,D1,D1_CLICK
28351,D1,D1_CLICK
28352,D1,D1_CLICK
28353,D1,D1_CLICK
28354,D1,D1_CLICK
28355,D1,D1_CLICK
28356,D1,D1_CLICK
28357,D1,D1_CLICK
28358,D1,D1_CLICK
28359,D1,D1_CLICK
28360,NONE,NO_CLICK
28361,NONE,NO_CLICK
28362,NONE,NO_CLICK
28363,NONE,NO_CLICK
28364,NONE,NO_CLICK
28365,NONE,NO_CLICK
28366,NONE,NO_CLICK
28367,NONE,NO_CLICK
28368,NONE,NO_CLICK
28369,NONE,NO_CLICK
28370,NONE,NO_CLICK
28371,NONE,NO_CLICK
28372,NONE,NO_CLICK
28373,NONE,NO_CLICK
28374,NONE,NO_CLICK
28375,NONE,NO_CLICK
28376,NONE,NO_CLICK
28377,NONE,NO_CLICK
28378,NONE,NO_CLICK
28379,NONE,NO_CLICK
28380,NONE,NO_CLICK
28381,NONE,NO_CLICK
28382,NONE,NO_CLICK
28383,NONE,NO_CLICK
28384,NONE,NO_CLICK
28385,NONE,NO_CLICK
28386,D2,D2_CLICK
28387,D2,D2_CLICK
28388,D2,D2_CLICK
28389,D2,D2_CLICK
28390,D2,D2_CLICK
28391,D2,D2_CLICK
28392,D2,D2_CLICK
28393,D2,D2_CLICK
28394,D2,D2_CLICK
28395,D2,D2_CLICK
28396,D2,D2_CLICK
28397,D2,D2_CLICK
28398,D2,D2_CLICK
28399,D2,D2_CLICK
28400,D2,D2_CLICK
28401,D2,D2_CLICK
28402,D2,D2_CLICK
28403,D2,D2_CLICK
28404,D2,D2_CLICK
28405,D2,D2_CLICK
28406,D2,D2_CLICK
28407,D2,D2_CLICK
28408,D2,D2_CLICK
28409,D2,D2_CLICK
28410,D2,D2_CLICK
28411,D2,D2_CLICK
28412,D2,D2_CLICK
28413,D2,D2_CLICK
28414,D2,D2_CLICK
28415,D2,D2_CLICK
28416,D2,D2_CLICK
28417,D2,D2_CLICK
28418,D2,D2_CLICK
28419,D2,D2_CLICK
28420,D2,D2_CLICK
28421,D2,D2_CLICK
28422,D2,D2_CLICK
28423,D2,D2_CLICK
28424,NONE,NO_CLICK
28425,NONE,NO_CLICK
28426,NONE,NO_CLICK
28427,NONE,NO_CLICK
28428,NONE,NO_CLICK
28429,NONE,NO_CLICK
28430,NONE,NO_CLICK
28431,NONE,NO_CLICK
28432,NONE,NO_CLICK
28433,NONE,NO_CLICK
28434,NONE,NO_CLICK
28435,NONE,NO_CLICK
28436,NONE,NO_CLICK
28437,NONE,NO_CLICK
28438,NONE,NO_CLICK
28439,NONE,NO_CLICK
28440,NONE,NO_CLICK
28441,NONE,NO_CLICK
28442,NONE,NO_CLICK
28443,NONE,NO_CLICK
28444,NONE,NO_CLICK
28445,NONE,NO_CLICK
28446,NONE,NO_CLICK
28447,NONE,NO_CLICK
28448,NONE,NO_CLICK
28449,NONE,NO_CLICK
28450,NONE,NO_CLICK
28451,NONE,NO_CLICK
28452,NONE,NO_CLICK
28453,NONE,NO_CLICK
28454,NONE,NO_CLICK
28455,NONE,NO_CLICK
28456,NONE,NO_CLICK
28457,NONE,NO_CLICK
28458,NONE,NO_CLICK
28459,NONE,NO_CLICK
28460,NONE,NO_CLICK
28461,NONE,NO_CLICK
28462,NONE,NO_CLICK
28463,NONE,NO_CLICK
28464,NONE,NO_CLICK
28465,NONE,NO_CLICK
28466,NONE,NO_CLICK
28467,NONE,NO_CLICK
28468,NONE,NO_CLICK
28469,NONE,NO_CLICK
28470,NONE,NO_CLICK
28471,NONE,NO_CLICK
28472,NONE,NO_CLICK
28473,NONE,NO_CLICK
28474,NONE,NO_CLICK
28475,NONE,NO_CLICK
28476,NONE,NO_CLICK
28477,NONE,NO_CLICK
28478,NONE,NO_CLICK
28479,NONE,NO_CLICK
28480,NONE,NO_CLICK
28481,NONE,NO_CLICK
28482,NONE,NO_CLICK
28483,NONE,NO_CLICK
28484,NONE,NO_CLICK
28485,NONE,NO_CLICK
28486,NONE,NO_CLICK
28487,NONE,NO_CLICK
28488,NONE,NO_CLICK
28489,NONE,NO_CLICK
28490,NONE,NO_CLICK
28491,NONE,NO_CLICK
28492,NONE,NO_CLICK
28493,NONE,NO_CLICK
28494,NONE,NO_CLICK
28495,NONE,NO_CLICK
28496,NONE,NO_CLICK
28497,NONE,NO_CLICK
28498,NONE,NO_CLICK
28499,NONE,NO_CLICK
28500,NONE,NO_CLICK
28501,NONE,NO_CLICK
28502,NONE,NO_CLICK
28503,NONE,NO_CLICK
28504,NONE,NO_CLICK
28505,NONE,NO_CLICK
28506,NONE,NO_CLICK
28507,NONE,NO_CLICK
28508,NONE,NO_CLICK
28509,NONE,NO_CLICK
28510,NONE,NO_CLICK
28511,NONE,NO_CLICK
28512,NONE,NO_CLICK
28513,NONE,NO_CLICK
28514,NONE,NO_CLICK
28515,NONE,NO_CLICK
28516,NONE,NO_CLICK
28517,NONE,NO_CLICK
28518,NONE,NO_CLICK
28519,NONE,NO_CLICK
28520,NONE,NO_CLICK
28521,NONE,NO_CLICK
28522,NONE,NO_CLICK
28523,NONE,NO_CLICK
28524,NONE,NO_CLICK
28525,NONE,NO_CLICK
28526,NONE,NO_CLICK
28527,NONE,NO_CLICK
28528,NONE,NO_CLICK
28529,NONE,NO_CLICK
28530,NONE,NO_CLICK
28531,NONE,NO_CLICK
28532,NONE,NO_CLICK
28533,NONE,NO_CLICK
28534,NONE,NO_CLICK
28535,NONE,NO_CLICK
28536,NONE,NO_CLICK
28537,NONE,NO_CLICK
28538,NONE,NO_CLICK
28539,NONE,NO_CLICK
28540,NONE,NO_CLICK
28541,NONE,NO_CLICK
28542,NONE,NO_CLICK
28543,NONE,NO_CLICK
28544,NONE,NO_CLICK
28545,NONE,NO_CLICK
28546,NONE,NO_CLICK
28547,NONE,NO_CLICK
28548,NONE,NO_CLICK
28549,NONE,NO_CLICK
28550,NONE,NO_CLICK
28551,NONE,NO_CLICK
28552,NONE,NO_CLICK
28553,NONE,NO_CLICK
28554,NONE,NO_CLICK
28555,NONE,NO_CLICK
28556,NONE,NO_CLICK
28557,NONE,NO_CLICK
28558,NONE,NO_CLICK
28559,NONE,NO_CLICK
28560,NONE,NO_CLICK
28561,NONE,NO_CLICK
28562,NONE,NO_CLICK
28563,NONE,NO_CLICK
28564,NONE,NO_CLICK
28565,NONE,NO_CLICK
28566,NONE,NO_CLICK
28567,NONE,NO_CLICK
28568,NONE,NO_CLICK
28569,NONE,NO_CLICK
28570,NONE,NO_CLICK
28571,NONE,NO_CLICK
28572,NONE,NO_CLICK
28573,NONE,NO_CLICK
28574,NONE,NO_CLICK
28575,NONE,NO_CLICK
28576,NONE,NO_CLICK
28577,NONE,NO_CLICK
28578,NONE,NO_CLICK
28579,NONE,NO_CLICK
28580,NONE,NO_CLICK
28581,NONE,NO_CLICK
28582,NONE,NO_CLICK
28583,NONE,NO_CLICK
28584,NONE,NO_CLICK
28585,NONE,NO_CLICK
28586,NONE,NO_CLICK
28587,NONE,NO_CLICK
28588,NONE,NO_CLICK
28589,NONE,NO_CLICK
28590,NONE,NO_CLICK
28591,NONE,NO_CLICK
28592,NONE,NO_CLICK
28593,NONE,NO_CLICK
28594,NONE,NO_CLICK
28595,NONE,NO_CLICK
28596,NONE,NO_CLICK
28597,NONE,NO_CLICK
28598,NONE,NO_CLICK
28599,NONE,NO_CLICK
28600,NONE,NO_CLICK
28601,NONE,NO_CLICK
28602,NONE,NO_CLICK
28603,NONE,NO_CLICK
28604,NONE,NO_CLICK
28605,NONE,NO_CLICK
28606,NONE,NO_CLICK
28607,NONE,NO_CLICK
28608,NONE,NO_CLICK
28609,NONE,NO_CLICK
28610,NONE,NO_CLICK
28611,NONE,NO_CLICK
28612,NONE,NO_CLICK
28613,NONE,NO_CLICK
28614,NONE,NO_CLICK
28615,NONE,NO_CLICK
28616,NONE,NO_CLICK
28617,NONE,NO_CLICK
28618,NONE,NO_CLICK
28619,NONE,NO_CLICK
28620,NONE,NO_CLICK
28621,NONE,NO_CLICK
28622,NONE,NO_CLICK
28623,NONE,NO_CLICK
28624,NONE,NO_CLICK
28625,NONE,NO_CLICK
28626,NONE,NO_CLICK
28627,NONE,NO_CLICK
28628,NONE,NO_CLICK
28629,NONE,NO_CLICK
28630,NONE,NO_CLICK
28631,NONE,NO_CLICK
28632,NONE,NO_CLICK
28633,NONE,NO_CLICK
28634,NONE,NO_CLICK
28635,NONE,NO_CLICK
28636,NONE,NO_CLICK
28637,NONE,NO_CLICK
28638,NONE,NO_CLICK
28639,NONE,NO_CLICK
28640,NONE,NO_CLICK
28641,NONE,NO_CLICK
28642,NONE,NO_CLICK
28643,NONE,NO_CLICK
28644,NONE,NO_CLICK
28645,NONE,NO_CLICK
28646,NONE,NO_CLICK
28647,NONE,NO_CLICK
28648,NONE,NO_CLICK
28649,NONE,NO_CLICK
28650,NONE,NO_CLICK
28651,NONE,NO_CLICK
28652,NONE,NO_CLICK
28653,NONE,NO_CLICK
28654,NONE,NO_CLICK
28655,NONE,NO_CLICK
28656,NONE,NO_CLICK
28657,NONE,NO_CLICK
28658,NONE,NO_CLICK
28659,NONE,NO_CLICK
28660,NONE,NO_CLICK
28661,NONE,NO_CLICK
28662,NONE,NO_CLICK
28663,NONE,NO_CLICK
28664,NONE,NO_CLICK
28665,NONE,NO_CLICK
28666,NONE,NO_CLICK
28667,NONE,NO_CLICK
28668,NONE,NO_CLICK
28669,NONE,NO_CLICK
28670,NONE,NO_CLICK
28671,NONE,NO_CLICK
28672,NONE,NO_CLICK
28673,NONE,NO_CLICK
28674,NONE,NO_CLICK
28675,NONE,NO_CLICK
28676,NONE,NO_CLICK
28677,NONE,NO_CLICK
28678,NONE,NO_CLICK
28679,NONE,NO_CLICK
28680,NONE,NO_CLICK
28681,NONE,NO_CLICK
28682,NONE,NO_CLICK
28683,NONE,NO_CLICK
28684,NONE,NO_CLICK
28685,NONE,NO_CLICK
28686,NONE,NO_CLICK
28687,NONE,NO_CLICK
28688,NONE,NO_CLICK
28689,NONE,NO_CLICK
28690,NONE,NO_CLICK
28691,NONE,NO_CLICK
28692,NONE,NO_CLICK
28693,NONE,NO_CLICK
28694,NONE,NO_CLICK
28695,NONE,NO_CLICK
28696,NONE,NO_CLICK
28697,NONE,NO_CLICK
28698,NONE,NO_CLICK
28699,NONE,NO_CLICK
28700,NONE,NO_CLICK
28701,NONE,NO_CLICK
28702,NONE,NO_CLICK
28703,NONE,NO_CLICK
28704,NONE,NO_CLICK
28705,NONE,NO_CLICK
28706,NONE,NO_CLICK
28707,NONE,NO_CLICK
28708,NONE,NO_CLICK
28709,NONE,NO_CLICK
28710,NONE,NO_CLICK
28711,NONE,NO_CLICK
28712,NONE,NO_CLICK
28713,NONE,NO_CLICK
28714,NONE,NO_CLICK
28715,NONE,NO_CLICK
28716,NONE,NO_CLICK
28717,NONE,NO_CLICK
28718,NONE,NO_CLICK
28719,NONE,NO_CLICK
28720,NONE,NO_CLICK
28721,NONE,NO_CLICK
28722,NONE,NO_CLICK
28723,NONE,NO_CLICK
28724,NONE,NO_CLICK
28725,NONE,NO_CLICK
28726,NONE,NO_CLICK
28727,NONE,NO_CLICK
28728,NONE,NO_CLICK
28729,NONE,NO_CLICK
28730,NONE,NO_CLICK
28731,NONE,NO_CLICK
28732,NONE,NO_CLICK
28733,NONE,NO_CLICK
28734,NONE,NO_CLICK
28735,NONE,NO_CLICK
28736,NONE,NO_CLICK
28737,NONE,NO_CLICK
28738,D2,D2_CLICK
28739,D2,D2_CLICK
28740,D2,D2_CLICK
28741,D2,D2_CLICK
28742,D2,D2_CLICK
28743,D2,D2_CLICK
28744,D2,D2_CLICK
28745,D2,D2_CLICK
28746,D2,D2_CLICK
28747,D2,D2_CLICK
28748,D2,D2_CLICK
28749,D2,D2_CLICK
28750,D2,D2_CLICK
28751,D2,D2_CLICK
28752,D2,D2_CLICK
28753,D2,D2_CLICK
28754,D2,D2_CLICK
28755,D2,D2_CLICK
28756,D2,D2_CLICK
28757,D2,D2_CLICK
28758,D2,D2_CLICK
28759,D2,D2_CLICK
28760,D2,D2_CLICK
28761,D2,D2_CLICK
28762,D2,D2_CLICK
28763,D2,D2_CLICK
28764,D2,D2_CLICK
28765,D2,D2_CLICK
28766,D2,D2_CLICK
28767,D2,D2_CLICK
28768,D2,D2_CLICK
28769,D2,D2_CLICK
28770,D2,D2_CLICK
28771,D2,D2_CLICK
28772,D2,D2_CLICK
28773,D2,D2_CLICK
28774,D2,D2_CLICK
28775,D2,D2_CLICK
28776,NONE,NO_CLICK
28777,NONE,NO_CLICK
28778,NONE,NO_CLICK
28779,NONE,NO_CLICK
28780,NONE,NO_CLICK
28781,NONE,NO_CLICK
28782,NONE,NO_CLICK
28783,NONE,NO_CLICK
28784,NONE,NO_CLICK
28785,NONE,NO_CLICK
28786,NONE,NO_CLICK
28787,NONE,NO_CLICK
28788,NONE,NO_CLICK
28789,NONE,NO_CLICK
28790,NONE,NO_CLICK
28791,NONE,NO_CLICK
28792,NONE,NO_CLICK
28793,NONE,NO_CLICK
28794,NONE,NO_CLICK
28795,NONE,NO_CLICK
28796,NONE,NO_CLICK
28797,NONE,NO_CLICK
28798,NONE,NO_CLICK
28799,NONE,NO_CLICK
28800,NONE,NO_CLICK
28801,NONE,NO_CLICK
28802,NONE,NO_CLICK
28803,NONE,NO_CLICK
28804,NONE,NO_CLICK
28805,NONE,NO_CLICK
28806,NONE,NO_CLICK
28807,NONE,NO_CLICK
28808,NONE,NO_CLICK
28809,NONE,NO_CLICK
28810,NONE,NO_CLICK
28811,NONE,NO_CLICK
28812,NONE,NO_CLICK
28813,NONE,NO_CLICK
28814,NONE,NO_CLICK
28815,NONE,NO_CLICK
28816,NONE,NO_CLICK
28817,NONE,NO_CLICK
28818,NONE,NO_CLICK
28819,NONE,NO_CLICK
28820,NONE,NO_CLICK
28821,NONE,NO_CLICK
28822,NONE,NO_CLICK
28823,NONE,NO_CLICK
28824,NONE,NO_CLICK
28825,NONE,NO_CLICK
28826,NONE,NO_CLICK
28827,NONE,NO_CLICK
28828,NONE,NO_CLICK
28829,NONE,NO_CLICK
28830,NONE,NO_CLICK
28831,NONE,NO_CLICK
28832,NONE,NO_CLICK
28833,NONE,NO_CLICK
28834,NONE,NO_CLICK
28835,NONE,NO_CLICK
28836,NONE,NO_CLICK
28837,NONE,NO_CLICK
28838,NONE,NO_CLICK
28839,NONE,NO_CLICK
28840,NONE,NO_CLICK
28841,NONE,NO_CLICK
28842,NONE,NO_CLICK
28843,NONE,NO_CLICK
28844,NONE,NO_CLICK
28845,NONE,NO_CLICK
28846,NONE,NO_CLICK
28847,NONE,NO_CLICK
28848,NONE,NO_CLICK
28849,NONE,NO_CLICK
28850,NONE,NO_CLICK
28851,NONE,NO_CLICK
28852,NONE,NO_CLICK
28853,NONE,NO_CLICK
28854,NONE,NO_CLICK
28855,NONE,NO_CLICK
28856,NONE,NO_CLICK
28857,NONE,NO_CLICK
28858,NONE,NO_CLICK
28859,NONE,NO_CLICK
28860,NONE,NO_CLICK
28861,NONE,NO_CLICK
28862,NONE,NO_CLICK
28863,NONE,NO_CLICK
28864,NONE,NO_CLICK
28865,NONE,NO_CLICK
28866,D1,D1_CLICK
28867,D1,D1_CLICK
28868,D1,D1_CLICK
28869,D1,D1_CLICK
28870,D1,D1_CLICK
28871,D1,D1_CLICK
28872,D1,D1_CLICK
28873,D1,D1_CLICK
28874,D1,D1_CLICK
28875,D1,D1_CLICK
28876,D1,D1_CLICK
28877,D1,D1_CLICK
28878,D1,D1_CLICK
28879,D1,D1_CLICK
28880,D1,D1_CLICK
28881,D1,D1_CLICK
28882,D1,D1_CLICK
28883,D1,D1_CLICK
28884,D1,D1_CLICK
28885,D1,D1_CLICK
28886,D1,D1_CLICK
28887,D1,D1_CLICK
28888,D1,D1_CLICK
28889,D1,D1_CLICK
28890,D1,D1_CLICK
28891,D1,D1_CLICK
28892,D1,D1_CLICK
28893,D1,D1_CLICK
28894,D1,D1_CLICK
28895,D1,D1_CLICK
28896,D1,D1_CLICK
28897,D1,D1_CLICK
28898,D1,D1_CLICK
28899,D1,D1_CLICK
28900,D1,D1_CLICK
28901,D1,D1_CLICK
28902,D1,D1_CLICK
28903,D1,D1_CLICK
28904,NONE,NO_CLICK
28905,NONE,NO_CLICK
28906,NONE,NO_CLICK
28907,NONE,NO_CLICK
28908,NONE,NO_CLICK
28909,NONE,NO_CLICK
28910,NONE,NO_CLICK
28911,NONE,NO_CLICK
28912,NONE,NO_CLICK
28913,NONE,NO_CLICK
28914,NONE,NO_CLICK
28915,NONE,NO_CLICK
28916,NONE,NO_CLICK
28917,NONE,NO_CLICK
28918,NONE,NO_CLICK
28919,NONE,NO_CLICK
28920,NONE,NO_CLICK
28921,NONE,NO_CLICK
28922,NONE,NO_CLICK
28923,NONE,NO_CLICK
28924,NONE,NO_CLICK
28925,NONE,NO_CLICK
28926,NONE,NO_CLICK
28927,NONE,NO_CLICK
28928,NONE,NO_CLICK
28929,NONE,NO_CLICK
28930,NONE,NO_CLICK
28931,NONE,NO_CLICK
28932,NONE,NO_CLICK
28933,NONE,NO_CLICK
28934,NONE,NO_CLICK
28935,NONE,NO_CLICK
28936,NONE,NO_CLICK
28937,NONE,NO_CLICK
28938,NONE,NO_CLICK
28939,NONE,NO_CLICK
28940,NONE,NO_CLICK
28941,NONE,NO_CLICK
28942,NONE,NO_CLICK
28943,NONE,NO_CLICK
28944,NONE,NO_CLICK
28945,NONE,NO_CLICK
28946,NONE,NO_CLICK
28947,NONE,NO_CLICK
28948,NONE,NO_CLICK
28949,NONE,NO_CLICK
28950,NONE,NO_CLICK
28951,NONE,NO_CLICK
28952,NONE,NO_CLICK
28953,NONE,NO_CLICK
28954,NONE,NO_CLICK
28955,NONE,NO_CLICK
28956,NONE,NO_CLICK
28957,NONE,NO_CLICK
28958,NONE,NO_CLICK
28959,NONE,NO_CLICK
28960,NONE,NO_CLICK
28961,NONE,NO_CLICK
28962,NONE,NO_CLICK
28963,NONE,NO_CLICK
28964,NONE,NO_CLICK
28965,NONE,NO_CLICK
28966,NONE,NO_CLICK
28967,NONE,NO_CLICK
28968,NONE,NO_CLICK
28969,NONE,NO_CLICK
28970,NONE,NO_CLICK
28971,NONE,NO_CLICK
28972,NONE,NO_CLICK
28973,NONE,NO_CLICK
28974,NONE,NO_CLICK
28975,NONE,NO_CLICK
28976,NONE,NO_CLICK
28977,NONE,NO_CLICK
28978,NONE,NO_CLICK
28979,NONE,NO_CLICK
28980,NONE,NO_CLICK
28981,NONE,NO_CLICK
28982,NONE,NO_CLICK
28983,NONE,NO_CLICK
28984,NONE,NO_CLICK
28985,NONE,NO_CLICK
28986,NONE,NO_CLICK
28987,NONE,NO_CLICK
28988,NONE,NO_CLICK
28989,NONE,NO_CLICK
28990,NONE,NO_CLICK
28991,NONE,NO_CLICK
28992,NONE,NO_CLICK
28993,NONE,NO_CLICK
28994,NONE,NO_CLICK
28995,NONE,NO_CLICK
28996,NONE,NO_CLICK
28997,NONE,NO_CLICK
28998,NONE,NO_CLICK
28999,NONE,NO_CLICK
29000,NONE,NO_CLICK
29001,NONE,NO_CLICK
29002,NONE,NO_CLICK
29003,NONE,NO_CLICK
29004,NONE,NO_CLICK
29005,NONE,NO_CLICK
29006,NONE,NO_CLICK
29007,NONE,NO_CLICK
29008,NONE,NO_CLICK
29009,NONE,NO_CLICK
29010,NONE,NO_CLICK
29011,NONE,NO_CLICK
29012,NONE,NO_CLICK
29013,NONE,NO_CLICK
29014,NONE,NO_CLICK
29015,NONE,NO_CLICK
29016,NONE,NO_CLICK
29017,NONE,NO_CLICK
29018,NONE,NO_CLICK
29019,NONE,NO_CLICK
29020,NONE,NO_CLICK
29021,NONE,NO_CLICK
29022,NONE,NO_CLICK
29023,NONE,NO_CLICK
29024,NONE,NO_CLICK
29025,NONE,NO_CLICK
29026,NONE,NO_CLICK
29027,NONE,NO_CLICK
29028,NONE,NO_CLICK
29029,NONE,NO_CLICK
29030,NONE,NO_CLICK
29031,NONE,NO_CLICK
29032,NONE,NO_CLICK
29033,NONE,NO_CLICK
29034,NONE,NO_CLICK
29035,NONE,NO_CLICK
29036,NONE,NO_CLICK
29037,NONE,NO_CLICK
29038,NONE,NO_CLICK
29039,NONE,NO_CLICK
29040,NONE,NO_CLICK
29041,NONE,NO_CLICK
29042,NONE,NO_CLICK
29043,NONE,NO_CLICK
29044,NONE,NO_CLICK
29045,NONE,NO_CLICK
29046,NONE,NO_CLICK
29047,NONE,NO_CLICK
29048,NONE,NO_CLICK
29049,NONE,NO_CLICK
29050,NONE,NO_CLICK
29051,NONE,NO_CLICK
29052,NONE,NO_CLICK
29053,NONE,NO_CLICK
29054,NONE,NO_CLICK
29055,NONE,NO_CLICK
29056,NONE,NO_CLICK
29057,NONE,NO_CLICK
29058,D2,D2_CLICK
29059,D2,D2_CLICK
29060,D2,D2_CLICK
29061,D2,D2_CLICK
29062,D2,D2_CLICK
29063,D2,D2_CLICK
29064,D2,D2_CLICK
29065,D2,D2_CLICK
29066,D2,D2_CLICK
29067,D2,D2_CLICK
29068,D2,D2_CLICK
29069,D2,D2_CLICK
29070,D2,D2_CLICK
29071,D2,D2_CLICK
29072,D2,D2_CLICK
29073,D2,D2_CLICK
29074,D2,D2_CLICK
29075,D2,D2_CLICK
29076,D2,D2_CLICK
29077,D2,D2_CLICK
29078,D2,D2_CLICK
29079,D2,D2_CLICK
29080,D2,D2_CLICK
29081,D2,D2_CLICK
29082,D2,D2_CLICK
29083,D2,D2_CLICK
29084,D2,D2_CLICK
29085,D2,D2_CLICK
29086,D2,D2_CLICK
29087,D2,D2_CLICK
29088,D2,D2_CLICK
29089,D2,D2_CLICK
29090,D2,D2_CLICK
29091,D2,D2_CLICK
29092,D2,D2_CLICK
29093,D2,D2_CLICK
29094,D2,D2_CLICK
29095,D2,D2_CLICK
29096,NONE,NO_CLICK
29097,NONE,NO_CLICK
29098,NONE,NO_CLICK
29099,NONE,NO_CLICK
29100,NONE,NO_CLICK
29101,NONE,NO_CLICK
29102,NONE,NO_CLICK
29103,NONE,NO_CLICK
29104,NONE,NO_CLICK
29105,NONE,NO_CLICK
29106,NONE,NO_CLICK
29107,NONE,NO_CLICK
29108,NONE,NO_CLICK
29109,NONE,NO_CLICK
29110,NONE,NO_CLICK
29111,NONE,NO_CLICK
29112,NONE,NO_CLICK
29113,NONE,NO_CLICK
29114,NONE,NO_CLICK
29115,NONE,NO_CLICK
29116,NONE,NO_CLICK
29117,NONE,NO_CLICK
29118,NONE,NO_CLICK
29119,NONE,NO_CLICK
29120,NONE,NO_CLICK
29121,NONE,NO_CLICK
29122,NONE,NO_CLICK
29123,NONE,NO_CLICK
29124,NONE,NO_CLICK
29125,NONE,NO_CLICK
29126,NONE,NO_CLICK
29127,NONE,NO_CLICK
29128,NONE,NO_CLICK
29129,NONE,NO_CLICK
29130,NONE,NO_CLICK
29131,NONE,NO_CLICK
29132,NONE,NO_CLICK
29133,NONE,NO_CLICK
29134,NONE,NO_CLICK
29135,NONE,NO_CLICK
29136,NONE,NO_CLICK
29137,NONE,NO_CLICK
29138,NONE,NO_CLICK
29139,NONE,NO_CLICK
29140,NONE,NO_CLICK
29141,NONE,NO_CLICK
29142,NONE,NO_CLICK
29143,NONE,NO_CLICK
29144,NONE,NO_CLICK
29145,NONE,NO_CLICK
29146,NONE,NO_CLICK
29147,NONE,NO_CLICK
29148,NONE,NO_CLICK
29149,NONE,NO_CLICK
29150,NONE,NO_CLICK
29151,NONE,NO_CLICK
29152,NONE,NO_CLICK
29153,NONE,NO_CLICK
29154,NONE,NO_CLICK
29155,NONE,NO_CLICK
29156,NONE,NO_CLICK
29157,NONE,NO_CLICK
29158,NONE,NO_CLICK
29159,NONE,NO_CLICK
29160,NONE,NO_CLICK
29161,NONE,NO_CLICK
29162,NONE,NO_CLICK
29163,NONE,NO_CLICK
29164,NONE,NO_CLICK
29165,NONE,NO_CLICK
29166,NONE,NO_CLICK
29167,NONE,NO_CLICK
29168,NONE,NO_CLICK
29169,NONE,NO_CLICK
29170,NONE,NO_CLICK
29171,NONE,NO_CLICK
29172,NONE,NO_CLICK
29173,NONE,NO_CLICK
29174,NONE,NO_CLICK
29175,NONE,NO_CLICK
29176,NONE,NO_CLICK
29177,NONE,NO_CLICK
29178,NONE,NO_CLICK
29179,NONE,NO_CLICK
29180,NONE,NO_CLICK
29181,NONE,NO_CLICK
29182,NONE,NO_CLICK
29183,NONE,NO_CLICK
29184,NONE,NO_CLICK
29185,NONE,NO_CLICK
29186,NONE,NO_CLICK
29187,NONE,NO_CLICK
29188,NONE,NO_CLICK
29189,NONE,NO_CLICK
29190,NONE,NO_CLICK
29191,NONE,NO_CLICK
29192,NONE,NO_CLICK
29193,NONE,NO_CLICK
29194,NONE,NO_CLICK
29195,NONE,NO_CLICK
29196,NONE,NO_CLICK
29197,NONE,NO_CLICK
29198,NONE,NO_CLICK
29199,NONE,NO_CLICK
29200,NONE,NO_CLICK
29201,NONE,NO_CLICK
29202,NONE,NO_CLICK
29203,NONE,NO_CLICK
29204,NONE,NO_CLICK
29205,NONE,NO_CLICK
29206,NONE,NO_CLICK
29207,NONE,NO_CLICK
29208,NONE,NO_CLICK
29209,NONE,NO_CLICK
29210,NONE,NO_CLICK
29211,NONE,NO_CLICK
29212,NONE,NO_CLICK
29213,NONE,NO_CLICK
29214,NONE,NO_CLICK
29215,NONE,NO_CLICK
29216,NONE,NO_CLICK
29217,NONE,NO_CLICK
29218,D1,D1_CLICK
29219,D1,D1_CLICK
29220,D1,D1_CLICK
29221,D1,D1_CLICK
29222,D1,D1_CLICK
29223,D1,D1_CLICK
29224,D1,D1_CLICK
29225,D1,D1_CLICK
29226,D1,D1_CLICK
29227,D1,D1_CLICK
29228,D1,D1_CLICK
29229,D1,D1_CLICK
29230,D1,D1_CLICK
29231,D1,D1_CLICK
29232,D1,D1_CLICK
29233,D1,D1_CLICK
29234,D1,D1_CLICK
29235,D1,D1_CLICK
29236,D1,D1_CLICK
29237,D1,D1_CLICK
29238,D1,D1_CLICK
29239,D1,D1_CLICK
29240,D1,D1_CLICK
29241,D1,D1_CLICK
29242,D1,D1_CLICK
29243,D1,D1_CLICK
29244,D1,D1_CLICK
29245,D1,D1_CLICK
29246,D1,D1_CLICK
29247,D1,D1_CLICK
29248,D1,D1_CLICK
29249,D1,D1_CLICK
29250,D1,D1_CLICK
29251,D1,D1_CLICK
29252,D1,D1_CLICK
29253,D1,D1_CLICK
29254,D1,D1_CLICK
29255,D1,D1_CLICK
29256,NONE,NO_CLICK
29257,NONE,NO_CLICK
29258,NONE,NO_CLICK
29259,NONE,NO_CLICK
29260,NONE,NO_CLICK
29261,NONE,NO_CLICK
29262,NONE,NO_CLICK
29263,NONE,NO_CLICK
29264,NONE,NO_CLICK
29265,NONE,NO_CLICK
29266,NONE,NO_CLICK
29267,NONE,NO_CLICK
29268,NONE,NO_CLICK
29269,NONE,NO_CLICK
29270,NONE,NO_CLICK
29271,NONE,NO_CLICK
29272,NONE,NO_CLICK
29273,NONE,NO_CLICK
29274,NONE,NO_CLICK
29275,NONE,NO_CLICK
29276,NONE,NO_CLICK
29277,NONE,NO_CLICK
29278,NONE,NO_CLICK
29279,NONE,NO_CLICK
29280,NONE,NO_CLICK
29281,NONE,NO_CLICK
29282,NONE,NO_CLICK
29283,NONE,NO_CLICK
29284,NONE,NO_CLICK
29285,NONE,NO_CLICK
29286,NONE,NO_CLICK
29287,NONE,NO_CLICK
29288,NONE,NO_CLICK
29289,NONE,NO_CLICK
29290,NONE,NO_CLICK
29291,NONE,NO_CLICK
29292,NONE,NO_CLICK
29293,NONE,NO_CLICK
29294,NONE,NO_CLICK
29295,NONE,NO_CLICK
29296,NONE,NO_CLICK
29297,NONE,NO_CLICK
29298,NONE,NO_CLICK
29299,NONE,NO_CLICK
29300,NONE,NO_CLICK
29301,NONE,NO_CLICK
29302,NONE,NO_CLICK
29303,NONE,NO_CLICK
29304,NONE,NO_CLICK
29305,NONE,NO_CLICK
29306,NONE,NO_CLICK
29307,NONE,NO_CLICK
29308,NONE,NO_CLICK
29309,NONE,NO_CLICK
29310,NONE,NO_CLICK
29311,NONE,NO_CLICK
29312,NONE,NO_CLICK
29313,NONE,NO_CLICK
29314,NONE,NO_CLICK
29315,NONE,NO_CLICK
29316,NONE,NO_CLICK
29317,NONE,NO_CLICK
29318,NONE,NO_CLICK
29319,NONE,NO_CLICK
29320,NONE,NO_CLICK
29321,NONE,NO_CLICK
29322,NONE,NO_CLICK
29323,NONE,NO_CLICK
29324,NONE,NO_CLICK
29325,NONE,NO_CLICK
29326,NONE,NO_CLICK
29327,NONE,NO_CLICK
29328,NONE,NO_CLICK
29329,NONE,NO_CLICK
29330,NONE,NO_CLICK
29331,NONE,NO_CLICK
29332,NONE,NO_CLICK
29333,NONE,NO_CLICK
29334,NONE,NO_CLICK
29335,NONE,NO_CLICK
29336,NONE,NO_CLICK
29337,NONE,NO_CLICK
29338,NONE,NO_CLICK
29339,NONE,NO_CLICK
29340,NONE,NO_CLICK
29341,NONE,NO_CLICK
29342,NONE,NO_CLICK
29343,NONE,NO_CLICK
29344,NONE,NO_CLICK
29345,NONE,NO_CLICK
29346,NONE,NO_CLICK
29347,NONE,NO_CLICK
29348,NONE,NO_CLICK
29349,NONE,NO_CLICK
29350,NONE,NO_CLICK
29351,NONE,NO_CLICK
29352,NONE,NO_CLICK
29353,NONE,NO_CLICK
29354,NONE,NO_CLICK
29355,NONE,NO_CLICK
29356,NONE,NO_CLICK
29357,NONE,NO_CLICK
29358,NONE,NO_CLICK
29359,NONE,NO_CLICK
29360,NONE,NO_CLICK
29361,NONE,NO_CLICK
29362,NONE,NO_CLICK
29363,NONE,NO_CLICK
29364,NONE,NO_CLICK
29365,NONE,NO_CLICK
29366,NONE,NO_CLICK
29367,NONE,NO_CLICK
29368,NONE,NO_CLICK
29369,NONE,NO_CLICK
29370,NONE,NO_CLICK
29371,NONE,NO_CLICK
29372,NONE,NO_CLICK
29373,NONE,NO_CLICK
29374,NONE,NO_CLICK
29375,NONE,NO_CLICK
29376,NONE,NO_CLICK
29377,NONE,NO_CLICK
29378,NONE,NO_CLICK
29379,NONE,NO_CLICK
29380,NONE,NO_CLICK
29381,NONE,NO_CLICK
29382,NONE,NO_CLICK
29383,NONE,NO_CLICK
29384,NONE,NO_CLICK
29385,NONE,NO_CLICK
29386,NONE,NO_CLICK
29387,NONE,NO_CLICK
29388,NONE,NO_CLICK
29389,NONE,NO_CLICK
29390,NONE,NO_CLICK
29391,NONE,NO_CLICK
29392,NONE,NO_CLICK
29393,NONE,NO_CLICK
29394,NONE,NO_CLICK
29395,NONE,NO_CLICK
29396,NONE,NO_CLICK
29397,NONE,NO_CLICK
29398,NONE,NO_CLICK
29399,NONE,NO_CLICK
29400,NONE,NO_CLICK
29401,NONE,NO_CLICK
29402,NONE,NO_CLICK
29403,NONE,NO_CLICK
29404,NONE,NO_CLICK
29405,NONE,NO_CLICK
29406,NONE,NO_CLICK
29407,NONE,NO_CLICK
29408,NONE,NO_CLICK
29409,NONE,NO_CLICK
29410,D2,D2_CLICK
29411,D2,D2_CLICK
29412,D2,D2_CLICK
29413,D2,D2_CLICK
29414,D2,D2_CLICK
29415,D2,D2_CLICK
29416,D2,D2_CLICK
29417,D2,D2_CLICK
29418,D2,D2_CLICK
29419,D2,D2_CLICK
29420,D2,D2_CLICK
29421,D2,D2_CLICK
29422,D2,D2_CLICK
29423,D2,D2_CLICK
29424,D2,D2_CLICK
29425,D2,D2_CLICK
29426,D2,D2_CLICK
29427,D2,D2_CLICK
29428,D2,D2_CLICK
29429,D2,D2_CLICK
29430,D2,D2_CLICK
29431,D2,D2_CLICK
29432,D2,D2_CLICK
29433,D2,D2_CLICK
29434,D2,D2_CLICK
29435,D2,D2_CLICK
29436,D2,D2_CLICK
29437,D2,D2_CLICK
29438,D2,D2_CLICK
29439,D2,D2_CLICK
29440,D2,D2_CLICK
29441,D2,D2_CLICK
29442,D2,D2_CLICK
29443,D2,D2_CLICK
29444,D2,D2_CLICK
29445,D2,D2_CLICK
29446,D2,D2_CLICK
29447,D2,D2_CLICK
29448,NONE,NO_CLICK
29449,NONE,NO_CLICK
29450,NONE,NO_CLICK
29451,NONE,NO_CLICK
29452,NONE,NO_CLICK
29453,NONE,NO_CLICK
29454,NONE,NO_CLICK
29455,NONE,NO_CLICK
29456,NONE,NO_CLICK
29457,NONE,NO_CLICK
29458,NONE,NO_CLICK
29459,NONE,NO_CLICK
29460,NONE,NO_CLICK
29461,NONE,NO_CLICK
29462,NONE,NO_CLICK
29463,NONE,NO_CLICK
29464,NONE,NO_CLICK
29465,NONE,NO_CLICK
29466,NONE,NO_CLICK
29467,NONE,NO_CLICK
29468,NONE,NO_CLICK
29469,NONE,NO_CLICK
29470,NONE,NO_CLICK
29471,NONE,NO_CLICK
29472,NONE,NO_CLICK
29473,NONE,NO_CLICK
29474,NONE,NO_CLICK
29475,NONE,NO_CLICK
29476,NONE,NO_CLICK
29477,NONE,NO_CLICK
29478,NONE,NO_CLICK
29479,NONE,NO_CLICK
29480,NONE,NO_CLICK
29481,NONE,NO_CLICK
29482,NONE,NO_CLICK
29483,NONE,NO_CLICK
29484,NONE,NO_CLICK
29485,NONE,NO_CLICK
29486,NONE,NO_CLICK
29487,NONE,NO_CLICK
29488,NONE,NO_CLICK
29489,NONE,NO_CLICK
29490,NONE,NO_CLICK
29491,NONE,NO_CLICK
29492,NONE,NO_CLICK
29493,NONE,NO_CLICK
29494,NONE,NO_CLICK
29495,NONE,NO_CLICK
29496,NONE,NO_CLICK
29497,NONE,NO_CLICK
29498,NONE,NO_CLICK
29499,NONE,NO_CLICK
29500,NONE,NO_CLICK
29501,NONE,NO_CLICK
29502,NONE,NO_CLICK
29503,NONE,NO_CLICK
29504,NONE,NO_CLICK
29505,NONE,NO_CLICK
29506,NONE,NO_CLICK
29507,NONE,NO_CLICK
29508,NONE,NO_CLICK
29509,NONE,NO_CLICK
29510,NONE,NO_CLICK
29511,NONE,NO_CLICK
29512,NONE,NO_CLICK
29513,NONE,NO_CLICK
29514,NONE,NO_CLICK
29515,NONE,NO_CLICK
29516,NONE,NO_CLICK
29517,NONE,NO_CLICK
29518,NONE,NO_CLICK
29519,NONE,NO_CLICK
29520,NONE,NO_CLICK
29521,NONE,NO_CLICK
29522,NONE,NO_CLICK
29523,NONE,NO_CLICK
29524,NONE,NO_CLICK
29525,NONE,NO_CLICK
29526,NONE,NO_CLICK
29527,NONE,NO_CLICK
29528,NONE,NO_CLICK
29529,NONE,NO_CLICK
29530,NONE,NO_CLICK
29531,NONE,NO_CLICK
29532,NONE,NO_CLICK
29533,NONE,NO_CLICK
29534,NONE,NO_CLICK
29535,NONE,NO_CLICK
29536,NONE,NO_CLICK
29537,NONE,NO_CLICK
29538,NONE,NO_CLICK
29539,NONE,NO_CLICK
29540,NONE,NO_CLICK
29541,NONE,NO_CLICK
29542,NONE,NO_CLICK
29543,NONE,NO_CLICK
29544,NONE,NO_CLICK
29545,NONE,NO_CLICK
29546,NONE,NO_CLICK
29547,NONE,NO_CLICK
29548,NONE,NO_CLICK
29549,NONE,NO_CLICK
29550,NONE,NO_CLICK
29551,NONE,NO_CLICK
29552,NONE,NO_CLICK
29553,NONE,NO_CLICK
29554,NONE,NO_CLICK
29555,NONE,NO_CLICK
29556,NONE,NO_CLICK
29557,NONE,NO_CLICK
29558,NONE,NO_CLICK
29559,NONE,NO_CLICK
29560,NONE,NO_CLICK
29561,NONE,NO_CLICK
29562,NONE,NO_CLICK
29563,NONE,NO_CLICK
29564,NONE,NO_CLICK
29565,NONE,NO_CLICK
29566,NONE,NO_CLICK
29567,NONE,NO_CLICK
29568,NONE,NO_CLICK
29569,NONE,NO_CLICK
29570,NONE,NO_CLICK
29571,NONE,NO_CLICK
29572,NONE,NO_CLICK
29573,NONE,NO_CLICK
29574,NONE,NO_CLICK
29575,NONE,NO_CLICK
29576,NONE,NO_CLICK
29577,NONE,NO_CLICK
29578,NONE,NO_CLICK
29579,NONE,NO_CLICK
29580,NONE,NO_CLICK
29581,NONE,NO_CLICK
29582,NONE,NO_CLICK
29583,NONE,NO_CLICK
29584,NONE,NO_CLICK
29585,NONE,NO_CLICK
29586,NONE,NO_CLICK
29587,NONE,NO_CLICK
29588,NONE,NO_CLICK
29589,NONE,NO_CLICK
29590,NONE,NO_CLICK
29591,NONE,NO_CLICK
29592,NONE,NO_CLICK
29593,NONE,NO_CLICK
29594,NONE,NO_CLICK
29595,NONE,NO_CLICK
29596,NONE,NO_CLICK
29597,NONE,NO_CLICK
29598,NONE,NO_CLICK
29599,NONE,NO_CLICK
29600,NONE,NO_CLICK
29601,NONE,NO_CLICK
29602,NONE,NO_CLICK
29603,NONE,NO_CLICK
29604,NONE,NO_CLICK
29605,NONE,NO_CLICK
29606,NONE,NO_CLICK
29607,NONE,NO_CLICK
29608,NONE,NO_CLICK
29609,NONE,NO_CLICK
29610,NONE,NO_CLICK
29611,NONE,NO_CLICK
29612,NONE,NO_CLICK
29613,NONE,NO_CLICK
29614,NONE,NO_CLICK
29615,NONE,NO_CLICK
29616,NONE,NO_CLICK
29617,NONE,NO_CLICK
29618,NONE,NO_CLICK
29619,NONE,NO_CLICK
29620,NONE,NO_CLICK
29621,NONE,NO_CLICK
29622,NONE,NO_CLICK
29623,NONE,NO_CLICK
29624,NONE,NO_CLICK
29625,NONE,NO_CLICK
29626,NONE,NO_CLICK
29627,NONE,NO_CLICK
29628,NONE,NO_CLICK
29629,NONE,NO_CLICK
29630,NONE,NO_CLICK
29631,NONE,NO_CLICK
29632,NONE,NO_CLICK
29633,NONE,NO_CLICK
29634,NONE,NO_CLICK
29635,NONE,NO_CLICK
29636,NONE,NO_CLICK
29637,NONE,NO_CLICK
29638,NONE,NO_CLICK
29639,NONE,NO_CLICK
29640,NONE,NO_CLICK
29641,NONE,NO_CLICK
29642,NONE,NO_CLICK
29643,NONE,NO_CLICK
29644,NONE,NO_CLICK
29645,NONE,NO_CLICK
29646,NONE,NO_CLICK
29647,NONE,NO_CLICK
29648,NONE,NO_CLICK
29649,NONE,NO_CLICK
29650,NONE,NO_CLICK
29651,NONE,NO_CLICK
29652,NONE,NO_CLICK
29653,NONE,NO_CLICK
29654,NONE,NO_CLICK
29655,NONE,NO_CLICK
29656,NONE,NO_CLICK
29657,NONE,NO_CLICK
29658,NONE,NO_CLICK
29659,NONE,NO_CLICK
29660,NONE,NO_CLICK
29661,NONE,NO_CLICK
29662,NONE,NO_CLICK
29663,NONE,NO_CLICK
29664,NONE,NO_CLICK
29665,NONE,NO_CLICK
29666,D1,D1_CLICK
29667,D1,D1_CLICK
29668,D1,D1_CLICK
29669,D1,D1_CLICK
29670,D1,D1_CLICK
29671,D1,D1_CLICK
29672,D1,D1_CLICK
29673,D1,D1_CLICK
29674,D1,D1_CLICK
29675,D1,D1_CLICK
29676,D1,D1_CLICK
29677,D1,D1_CLICK
29678,D1,D1_CLICK
29679,D1,D1_CLICK
29680,D1,D1_CLICK
29681,D1,D1_CLICK
29682,D1,D1_CLICK
29683,D1,D1_CLICK
29684,D1,D1_CLICK
29685,D1,D1_CLICK
29686,D1,D1_CLICK
29687,D1,D1_CLICK
29688,D1,D1_CLICK
29689,D1,D1_CLICK
29690,D1,D1_CLICK
29691,D1,D1_CLICK
29692,D1,D1_CLICK
29693,D1,D1_CLICK
29694,D1,D1_CLICK
29695,D1,D1_CLICK
29696,D1,D1_CLICK
29697,D1,D1_CLICK
29698,D1,D1_CLICK
29699,D1,D1_CLICK
29700,D1,D1_CLICK
29701,D1,D1_CLICK
29702,D1,D1_CLICK
29703,D1,D1_CLICK
29704,NONE,NO_CLICK
29705,NONE,NO_CLICK
29706,NONE,NO_CLICK
29707,NONE,NO_CLICK
29708,NONE,NO_CLICK
29709,NONE,NO_CLICK
29710,NONE,NO_CLICK
29711,NONE,NO_CLICK
29712,NONE,NO_CLICK
29713,NONE,NO_CLICK
29714,NONE,NO_CLICK
29715,NONE,NO_CLICK
29716,NONE,NO_CLICK
29717,NONE,NO_CLICK
29718,NONE,NO_CLICK
29719,NONE,NO_CLICK
29720,NONE,NO_CLICK
29721,NONE,NO_CLICK
29722,NONE,NO_CLICK
29723,NONE,NO_CLICK
29724,NONE,NO_CLICK
29725,NONE,NO_CLICK
29726,NONE,NO_CLICK
29727,NONE,NO_CLICK
29728,NONE,NO_CLICK
29729,NONE,NO_CLICK
29730,NONE,NO_CLICK
29731,NONE,NO_CLICK
29732,NONE,NO_CLICK
29733,NONE,NO_CLICK
29734,NONE,NO_CLICK
29735,NONE,NO_CLICK
29736,NONE,NO_CLICK
29737,NONE,NO_CLICK
29738,NONE,NO_CLICK
29739,NONE,NO_CLICK
29740,NONE,NO_CLICK
29741,NONE,NO_CLICK
29742,NONE,NO_CLICK
29743,NONE,NO_CLICK
29744,NONE,NO_CLICK
29745,NONE,NO_CLICK
29746,NONE,NO_CLICK
29747,NONE,NO_CLICK
29748,NONE,NO_CLICK
29749,NONE,NO_CLICK
29750,NONE,NO_CLICK
29751,NONE,NO_CLICK
29752,NONE,NO_CLICK
29753,NONE,NO_CLICK
29754,NONE,NO_CLICK
29755,NONE,NO_CLICK
29756,NONE,NO_CLICK
29757,NONE,NO_CLICK
29758,NONE,NO_CLICK
29759,NONE,NO_CLICK
29760,NONE,NO_CLICK
29761,NONE,NO_CLICK
29762,NONE,NO_CLICK
29763,NONE,NO_CLICK
29764,NONE,NO_CLICK
29765,NONE,NO_CLICK
29766,NONE,NO_CLICK
29767,NONE,NO_CLICK
29768,NONE,NO_CLICK
29769,NONE,NO_CLICK
29770,NONE,NO_CLICK
29771,NONE,NO_CLICK
29772,NONE,NO_CLICK
29773,NONE,NO_CLICK
29774,NONE,NO_CLICK
29775,NONE,NO_CLICK
29776,NONE,NO_CLICK
29777,NONE,NO_CLICK
29778,NONE,NO_CLICK
29779,NONE,NO_CLICK
29780,NONE,NO_CLICK
29781,NONE,NO_CLICK
29782,NONE,NO_CLICK
29783,NONE,NO_CLICK
29784,NONE,NO_CLICK
29785,NONE,NO_CLICK
29786,NONE,NO_CLICK
29787,NONE,NO_CLICK
29788,NONE,NO_CLICK
29789,NONE,NO_CLICK
29790,NONE,NO_CLICK
29791,NONE,NO_CLICK
29792,NONE,NO_CLICK
29793,NONE,NO_CLICK
29794,NONE,NO_CLICK
29795,NONE,NO_CLICK
29796,NONE,NO_CLICK
29797,NONE,NO_CLICK
29798,NONE,NO_CLICK
29799,NONE,NO_CLICK
29800,NONE,NO_CLICK
29801,NONE,NO_CLICK
29802,NONE,NO_CLICK
29803,NONE,NO_CLICK
29804,NONE,NO_CLICK
29805,NONE,NO_CLICK
29806,NONE,NO_CLICK
29807,NONE,NO_CLICK
29808,NONE,NO_CLICK
29809,NONE,NO_CLICK
29810,NONE,NO_CLICK
29811,NONE,NO_CLICK
29812,NONE,NO_CLICK
29813,NONE,NO_CLICK
29814,NONE,NO_CLICK
29815,NONE,NO_CLICK
29816,NONE,NO_CLICK
29817,NONE,NO_CLICK
29818,NONE,NO_CLICK
29819,NONE,NO_CLICK
29820,NONE,NO_CLICK
29821,NONE,NO_CLICK
29822,NONE,NO_CLICK
29823,NONE,NO_CLICK
29824,NONE,NO_CLICK
29825,NONE,NO_CLICK
29826,NONE,NO_CLICK
29827,NONE,NO_CLICK
29828,NONE,NO_CLICK
29829,NONE,NO_CLICK
29830,NONE,NO_CLICK
29831,NONE,NO_CLICK
29832,NONE,NO_CLICK
29833,NONE,NO_CLICK
29834,NONE,NO_CLICK
29835,NONE,NO_CLICK
29836,NONE,NO_CLICK
29837,NONE,NO_CLICK
29838,NONE,NO_CLICK
29839,NONE,NO_CLICK
29840,NONE,NO_CLICK
29841,NONE,NO_CLICK
29842,NONE,NO_CLICK
29843,NONE,NO_CLICK
29844,NONE,NO_CLICK
29845,NONE,NO_CLICK
29846,NONE,NO_CLICK
29847,NONE,NO_CLICK
29848,NONE,NO_CLICK
29849,NONE,NO_CLICK
29850,NONE,NO_CLICK
29851,NONE,NO_CLICK
29852,NONE,NO_CLICK
29853,NONE,NO_CLICK
29854,NONE,NO_CLICK
29855,NONE,NO_CLICK
29856,NONE,NO_CLICK
29857,NONE,NO_CLICK
29858,NONE,NO_CLICK
29859,NONE,NO_CLICK
29860,NONE,NO_CLICK
29861,NONE,NO_CLICK
29862,NONE,NO_CLICK
29863,NONE,NO_CLICK
29864,NONE,NO_CLICK
29865,NONE,NO_CLICK
29866,NONE,NO_CLICK
29867,NONE,NO_CLICK
29868,NONE,NO_CLICK
29869,NONE,NO_CLICK
29870,NONE,NO_CLICK
29871,NONE,NO_CLICK
29872,NONE,NO_CLICK
29873,NONE,NO_CLICK
29874,NONE,NO_CLICK
29875,NONE,NO_CLICK
29876,NONE,NO_CLICK
29877,NONE,NO_CLICK
29878,NONE,NO_CLICK
29879,NONE,NO_CLICK
29880,NONE,NO_CLICK
29881,NONE,NO_CLICK
29882,NONE,NO_CLICK
29883,NONE,NO_CLICK
29884,NONE,NO_CLICK
29885,NONE,NO_CLICK
29886,NONE,NO_CLICK
29887,NONE,NO_CLICK
29888,NONE,NO_CLICK
29889,NONE,NO_CLICK
29890,NONE,NO_CLICK
29891,NONE,NO_CLICK
29892,NONE,NO_CLICK
29893,NONE,NO_CLICK
29894,NONE,NO_CLICK
29895,NONE,NO_CLICK
29896,NONE,NO_CLICK
29897,NONE,NO_CLICK
29898,NONE,NO_CLICK
29899,NONE,NO_CLICK
29900,NONE,NO_CLICK
29901,NONE,NO_CLICK
29902,NONE,NO_CLICK
29903,NONE,NO_CLICK
29904,NONE,NO_CLICK
29905,NONE,NO_CLICK
29906,NONE,NO_CLICK
29907,NONE,NO_CLICK
29908,NONE,NO_CLICK
29909,NONE,NO_CLICK
29910,NONE,NO_CLICK
29911,NONE,NO_CLICK
29912,NONE,NO_CLICK
29913,NONE,NO_CLICK
29914,NONE,NO_CLICK
29915,NONE,NO_CLICK
29916,NONE,NO_CLICK
29917,NONE,NO_CLICK
29918,NONE,NO_CLICK
29919,NONE,NO_CLICK
29920,NONE,NO_CLICK
29921,NONE,NO_CLICK
29922,D1,D1_CLICK
29923,D1,D1_CLICK
29924,D1,D1_CLICK
29925,D1,D1_CLICK
29926,D1,D1_CLICK
29927,D1,D1_CLICK
29928,D1,D1_CLICK
29929,D1,D1_CLICK
29930,D1,D1_CLICK
29931,D1,D1_CLICK
29932,D1,D1_CLICK
29933,D1,D1_CLICK
29934,D1,D1_CLICK
29935,D1,D1_CLICK
29936,D1,D1_CLICK
29937,D1,D1_CLICK
29938,D1,D1_CLICK
29939,D1,D1_CLICK
29940,D1,D1_CLICK
29941,D1,D1_CLICK
29942,D1,D1_CLICK
29943,D1,D1_CLICK
29944,D1,D1_CLICK
29945,D1,D1_CLICK
29946,D1,D1_CLICK
29947,D1,D1_CLICK
29948,D1,D1_CLICK
29949,D1,D1_CLICK
29950,D1,D1_CLICK
29951,D1,D1_CLICK
29952,D1,D1_CLICK
29953,D1,D1_CLICK
29954,BOTH,DOUBLE_CLICK
29955,BOTH,DOUBLE_CLICK
29956,BOTH,DOUBLE_CLICK
29957,BOTH,DOUBLE_CLICK
29958,BOTH,DOUBLE_CLICK
29959,BOTH,DOUBLE_CLICK
29960,D2,D2_CLICK
29961,D2,D2_CLICK
29962,D2,D2_CLICK
29963,D2,D2_CLICK
29964,D2,D2_CLICK
29965,D2,D2_CLICK
29966,D2,D2_CLICK
29967,D2,D2_CLICK
29968,D2,D2_CLICK
29969,D2,D2_CLICK
29970,D2,D2_CLICK
29971,D2,D2_CLICK
29972,D2,D2_CLICK
29973,D2,D2_CLICK
29974,D2,D2_CLICK
29975,D2,D2_CLICK
29976,D2,D2_CLICK
29977,D2,D2_CLICK
29978,D2,D2_CLICK
29979,D2,D2_CLICK
29980,D2,D2_CLICK
29981,D2,D2_CLICK
29982,D2,D2_CLICK
29983,D2,D2_CLICK
29984,D2,D2_CLICK
29985,D2,D2_CLICK
29986,D2,D2_CLICK
29987,D2,D2_CLICK
29988,D2,D2_CLICK
29989,D2,D2_CLICK
29990,D2,D2_CLICK
29991,D2,D2_CLICK
29992,NONE,NO_CLICK
29993,NONE,NO_CLICK
29994,NONE,NO_CLICK
29995,NONE,NO_CLICK
29996,NONE,NO_CLICK
29997,NONE,NO_CLICK
29998,NONE,NO_CLICK
29999,NONE,NO_CLICK
30000,NONE,NO_CLICK
30001,NONE,NO_CLICK
30002,NONE,NO_CLICK
30003,NONE,NO_CLICK
30004,NONE,NO_CLICK
30005,NONE,NO_CLICK
30006,NONE,NO_CLICK
30007,NONE,NO_CLICK
30008,NONE,NO_CLICK
30009,NONE,NO_CLICK
30010,NONE,NO_CLICK
30011,NONE,NO_CLICK
30012,NONE,NO_CLICK
30013,NONE,NO_CLICK
30014,NONE,NO_CLICK
30015,NONE,NO_CLICK
30016,NONE,NO_CLICK
30017,NONE,NO_CLICK
30018,NONE,NO_CLICK
30019,NONE,NO_CLICK
30020,NONE,NO_CLICK
30021,NONE,NO_CLICK
30022,NONE,NO_CLICK
30023,NONE,NO_CLICK
30024,NONE,NO_CLICK
30025,NONE,NO_CLICK
30026,NONE,NO_CLICK
30027,NONE,NO_CLICK
30028,NONE,NO_CLICK
30029,NONE,NO_CLICK
30030,NONE,NO_CLICK
30031,NONE,NO_CLICK
30032,NONE,NO_CLICK
30033,NONE,NO_CLICK
30034,NONE,NO_CLICK
30035,NONE,NO_CLICK
30036,NONE,NO_CLICK
30037,NONE,NO_CLICK
30038,NONE,NO_CLICK
30039,NONE,NO_CLICK
30040,NONE,NO_CLICK
30041,NONE,NO_CLICK
30042,NONE,NO_CLICK
30043,NONE,NO_CLICK
30044,NONE,NO_CLICK
30045,NONE,NO_CLICK
30046,NONE,NO_CLICK
30047,NONE,NO_CLICK
30048,NONE,NO_CLICK
30049,NONE,NO_CLICK
30050,NONE,NO_CLICK
30051,NONE,NO_CLICK
30052,NONE,NO_CLICK
30053,NONE,NO_CLICK
30054,NONE,NO_CLICK
30055,NONE,NO_CLICK
30056,NONE,NO_CLICK
30057,NONE,NO_CLICK
30058,NONE,NO_CLICK
30059,NONE,NO_CLICK
30060,NONE,NO_CLICK
30061,NONE,NO_CLICK
30062,NONE,NO_CLICK
30063,NONE,NO_CLICK
30064,NONE,NO_CLICK
30065,NONE,NO_CLICK
30066,NONE,NO_CLICK
30067,NONE,NO_CLICK
30068,NONE,NO_CLICK
30069,NONE,NO_CLICK
30070,NONE,NO_CLICK
30071,NONE,NO_CLICK
30072,NONE,NO_CLICK
30073,NONE,NO_CLICK
30074,NONE,NO_CLICK
30075,NONE,NO_CLICK
30076,NONE,NO_CLICK
30077,NONE,NO_CLICK
30078,NONE,NO_CLICK
30079,NONE,NO_CLICK
30080,NONE,NO_CLICK
30081,NONE,NO_CLICK
30082,NONE,NO_CLICK
30083,NONE,NO_CLICK
30084,NONE,NO_CLICK
30085,NONE,NO_CLICK
30086,NONE,NO_CLICK
30087,NONE,NO_CLICK
30088,NONE,NO_CLICK
30089,NONE,NO_CLICK
30090,NONE,NO_CLICK
30091,NONE,NO_CLICK
30092,NONE,NO_CLICK
30093,NONE,NO_CLICK
30094,NONE,NO_CLICK
30095,NONE,NO_CLICK
30096,NONE,NO_CLICK
30097,NONE,NO_CLICK
30098,NONE,NO_CLICK
30099,NONE,NO_CLICK
30100,NONE,NO_CLICK
30101,NONE,NO_CLICK
30102,NONE,NO_CLICK
30103,NONE,NO_CLICK
30104,NONE,NO_CLICK
30105,NONE,NO_CLICK
30106,NONE,NO_CLICK
30107,NONE,NO_CLICK
30108,NONE,NO_CLICK
30109,NONE,NO_CLICK
30110,NONE,NO_CLICK
30111,NONE,NO_CLICK
30112,NONE,NO_CLICK
30113,NONE,NO_CLICK
30114,NONE,NO_CLICK
30115,NONE,NO_CLICK
30116,NONE,NO_CLICK
30117,NONE,NO_CLICK
30118,NONE,NO_CLICK
30119,NONE,NO_CLICK
30120,NONE,NO_CLICK
30121,NONE,NO_CLICK
30122,NONE,NO_CLICK
30123,NONE,NO_CLICK
30124,NONE,NO_CLICK
30125,NONE,NO_CLICK
30126,NONE,NO_CLICK
30127,NONE,NO_CLICK
30128,NONE,NO_CLICK
30129,NONE,NO_CLICK
30130,NONE,NO_CLICK
30131,NONE,NO_CLICK
30132,NONE,NO_CLICK
30133,NONE,NO_CLICK
30134,NONE,NO_CLICK
30135,NONE,NO_CLICK
30136,NONE,NO_CLICK
30137,NONE,NO_CLICK
30138,NONE,NO_CLICK
30139,NONE,NO_CLICK
30140,NONE,NO_CLICK
30141,NONE,NO_CLICK
30142,NONE,NO_CLICK
30143,NONE,NO_CLICK
30144,NONE,NO_CLICK
30145,NONE,NO_CLICK
30146,NONE,NO_CLICK
30147,NONE,NO_CLICK
30148,NONE,NO_CLICK
30149,NONE,NO_CLICK
30150,NONE,NO_CLICK
30151,NONE,NO_CLICK
30152,NONE,NO_CLICK
30153,NONE,NO_CLICK
30154,NONE,NO_CLICK
30155,NONE,NO_CLICK
30156,NONE,NO_CLICK
30157,NONE,NO_CLICK
30158,NONE,NO_CLICK
30159,NONE,NO_CLICK
30160,NONE,NO_CLICK
30161,NONE,NO_CLICK
30162,NONE,NO_CLICK
30163,NONE,NO_CLICK
30164,NONE,NO_CLICK
30165,NONE,NO_CLICK
30166,NONE,NO_CLICK
30167,NONE,NO_CLICK
30168,NONE,NO_CLICK
30169,NONE,NO_CLICK
30170,NONE,NO_CLICK
30171,NONE,NO_CLICK
30172,NONE,NO_CLICK
30173,NONE,NO_CLICK
30174,NONE,NO_CLICK
30175,NONE,NO_CLICK
30176,NONE,NO_CLICK
30177,NONE,NO_CLICK
30178,NONE,NO_CLICK
30179,NONE,NO_CLICK
30180,NONE,NO_CLICK
30181,NONE,NO_CLICK
30182,NONE,NO_CLICK
30183,NONE,NO_CLICK
30184,NONE,NO_CLICK
30185,NONE,NO_CLICK
30186,NONE,NO_CLICK
30187,NONE,NO_CLICK
30188,NONE,NO_CLICK
30189,NONE,NO_CLICK
30190,NONE,NO_CLICK
30191,NONE,NO_CLICK
30192,NONE,NO_CLICK
30193,NONE,NO_CLICK
30194,NONE,NO_CLICK
30195,NONE,NO_CLICK
30196,NONE,NO_CLICK
30197,NONE,NO_CLICK
30198,NONE,NO_CLICK
30199,NONE,NO_CLICK
30200,NONE,NO_CLICK
30201,NONE,NO_CLICK
30202,NONE,NO_CLICK
30203,NONE,NO_CLICK
30204,NONE,NO_CLICK
30205,NONE,NO_CLICK
30206,NONE,NO_CLICK
30207,NONE,NO_CLICK
30208,NONE,NO_CLICK
30209,NONE,NO_CLICK
30210,NONE,NO_CLICK
30211,NONE,NO_CLICK
30212,NONE,NO_CLICK
30213,NONE,NO_CLICK
30214,NONE,NO_CLICK
30215,NONE,NO_CLICK
30216,NONE,NO_CLICK
30217,NONE,NO_CLICK
30218,NONE,NO_CLICK
30219,NONE,NO_CLICK
30220,NONE,NO_CLICK
30221,NONE,NO_CLICK
30222,NONE,NO_CLICK
30223,NONE,NO_CLICK
30224,NONE,NO_CLICK
30225,NONE,NO_CLICK
30226,NONE,NO_CLICK
30227,NONE,NO_CLICK
30228,NONE,NO_CLICK
30229,NONE,NO_CLICK
30230,NONE,NO_CLICK
30231,NONE,NO_CLICK
30232,NONE,NO_CLICK
30233,NONE,NO_CLICK
30234,NONE,NO_CLICK
30235,NONE,NO_CLICK
30236,NONE,NO_CLICK
30237,NONE,NO_CLICK
30238,NONE,NO_CLICK
30239,NONE,NO_CLICK
30240,NONE,NO_CLICK
30241,NONE,NO_CLICK
30242,D1,D1_CLICK
30243,D1,D1_CLICK
30244,D1,D1_CLICK
30245,D1,D1_CLICK
30246,D1,D1_CLICK
30247,D1,D1_CLICK
30248,D1,D1_CLICK
30249,D1,D1_CLICK
30250,D1,D1_CLICK
30251,D1,D1_CLICK
30252,D1,D1_CLICK
30253,D1,D1_CLICK
30254,D1,D1_CLICK
30255,D1,D1_CLICK
30256,D1,D1_CLICK
30257,D1,D1_CLICK
30258,D1,D1_CLICK
30259,D1,D1_CLICK
30260,D1,D1_CLICK
30261,D1,D1_CLICK
30262,D1,D1_CLICK
30263,D1,D1_CLICK
30264,D1,D1_CLICK
30265,D1,D1_CLICK
30266,D1,D1_CLICK
30267,D1,D1_CLICK
30268,D1,D1_CLICK
30269,D1,D1_CLICK
30270,D1,D1_CLICK
30271,D1,D1_CLICK
30272,D1,D1_CLICK
30273,D1,D1_CLICK
30274,D1,D1_CLICK
30275,D1,D1_CLICK
30276,D1,D1_CLICK
30277,D1,D1_CLICK
30278,D1,D1_CLICK
30279,D1,D1_CLICK
30280,NONE,NO_CLICK
30281,NONE,NO_CLICK
30282,NONE,NO_CLICK
30283,NONE,NO_CLICK
30284,NONE,NO_CLICK
30285,NONE,NO_CLICK
30286,NONE,NO_CLICK
30287,NONE,NO_CLICK
30288,NONE,NO_CLICK
30289,NONE,NO_CLICK
30290,NONE,NO_CLICK
30291,NONE,NO_CLICK
30292,NONE,NO_CLICK
30293,NONE,NO_CLICK
30294,NONE,NO_CLICK
30295,NONE,NO_CLICK
30296,NONE,NO_CLICK
30297,NONE,NO_CLICK
30298,NONE,NO_CLICK
30299,NONE,NO_CLICK
30300,NONE,NO_CLICK
30301,NONE,NO_CLICK
30302,NONE,NO_CLICK
30303,NONE,NO_CLICK
30304,NONE,NO_CLICK
30305,NONE,NO_CLICK
30306,NONE,NO_CLICK
30307,NONE,NO_CLICK
30308,NONE,NO_CLICK
30309,NONE,NO_CLICK
30310,NONE,NO_CLICK
30311,NONE,NO_CLICK
30312,NONE,NO_CLICK
30313,NONE,NO_CLICK
30314,NONE,NO_CLICK
30315,NONE,NO_CLICK
30316,NONE,NO_CLICK
30317,NONE,NO_CLICK
30318,NONE,NO_CLICK
30319,NONE,NO_CLICK
30320,NONE,NO_CLICK
30321,NONE,NO_CLICK
30322,NONE,NO_CLICK
30323,NONE,NO_CLICK
30324,NONE,NO_CLICK
30325,NONE,NO_CLICK
30326,NONE,NO_CLICK
30327,NONE,NO_CLICK
30328,NONE,NO_CLICK
30329,NONE,NO_CLICK
30330,NONE,NO_CLICK
30331,NONE,NO_CLICK
30332,NONE,NO_CLICK
30333,NONE,NO_CLICK
30334,NONE,NO_CLICK
30335,NONE,NO_CLICK
30336,NONE,NO_CLICK
30337,NONE,NO_CLICK
30338,D1,D1_CLICK
30339,D1,D1_CLICK
30340,D1,D1_CLICK
30341,D1,D1_CLICK
30342,D1,D1_CLICK
30343,D1,D1_CLICK
30344,D1,D1_CLICK
30345,D1,D1_CLICK
30346,D1,D1_CLICK
30347,D1,D1_CLICK
30348,D1,D1_CLICK
30349,D1,D1_CLICK
30350,D1,D1_CLICK
30351,D1,D1_CLICK
30352,D1,D1_CLICK
30353,D1,D1_CLICK
30354,D1,D1_CLICK
30355,D1,D1_CLICK
30356,D1,D1_CLICK
30357,D1,D1_CLICK
30358,D1,D1_CLICK
30359,D1,D1_CLICK
30360,D1,D1_CLICK
30361,D1,D1_CLICK
30362,D1,D1_CLICK
30363,D1,D1_CLICK
30364,D1,D1_CLICK
30365,D1,D1_CLICK
30366,D1,D1_CLICK
30367,D1,D1_CLICK
30368,D1,D1_CLICK
30369,D1,D1_CLICK
30370,D1,D1_CLICK
30371,D1,D1_CLICK
30372,D1,D1_CLICK
30373,D1,D1_CLICK
30374,D1,D1_CLICK
30375,D1,D1_CLICK
30376,NONE,NO_CLICK
30377,NONE,NO_CLICK
30378,NONE,NO_CLICK
30379,NONE,NO_CLICK
30380,NONE,NO_CLICK
30381,NONE,NO_CLICK
30382,NONE,NO_CLICK
30383,NONE,NO_CLICK
30384,NONE,NO_CLICK
30385,NONE,NO_CLICK
30386,NONE,NO_CLICK
30387,NONE,NO_CLICK
30388,NONE,NO_CLICK
30389,NONE,NO_CLICK
30390,NONE,NO_CLICK
30391,NONE,NO_CLICK
30392,NONE,NO_CLICK
30393,NONE,NO_CLICK
30394,NONE,NO_CLICK
30395,NONE,NO_CLICK
30396,NONE,NO_CLICK
30397,NONE,NO_CLICK
30398,NONE,NO_CLICK
30399,NONE,NO_CLICK
30400,NONE,NO_CLICK
30401,NONE,NO_CLICK
30402,D2,D2_CLICK
30403,D2,D2_CLICK
30404,D2,D2_CLICK
30405,D2,D2_CLICK
30406,D2,D2_CLICK
30407,D2,D2_CLICK
30408,D2,D2_CLICK
30409,D2,D2_CLICK
30410,D2,D2_CLICK
30411,D2,D2_CLICK
30412,D2,D2_CLICK
30413,D2,D2_CLICK
30414,D2,D2_CLICK
30415,D2,D2_CLICK
30416,D2,D2_CLICK
30417,D2,D2_CLICK
30418,D2,D2_CLICK
30419,D2,D2_CLICK
30420,D2,D2_CLICK
30421,D2,D2_CLICK
30422,D2,D2_CLICK
30423,D2,D2_CLICK
30424,D2,D2_CLICK
30425,D2,D2_CLICK
30426,D2,D2_CLICK
30427,D2,D2_CLICK
30428,D2,D2_CLICK
30429,D2,D2_CLICK
30430,D2,D2_CLICK
30431,D2,D2_CLICK
30432,D2,D2_CLICK
30433,D2,D2_CLICK
30434,D2,D2_CLICK
30435,D2,D2_CLICK
30436,D2,D2_CLICK
30437,D2,D2_CLICK
30438,D2,D2_CLICK
30439,D2,D2_CLICK
30440,NONE,NO_CLICK
30441,NONE,NO_CLICK
30442,NONE,NO_CLICK
30443,NONE,NO_CLICK
30444,NONE,NO_CLICK
30445,NONE,NO_CLICK
30446,NONE,NO_CLICK
30447,NONE,NO_CLICK
30448,NONE,NO_CLICK
30449,NONE,NO_CLICK
30450,NONE,NO_CLICK
30451,NONE,NO_CLICK
30452,NONE,NO_CLICK
30453,NONE,NO_CLICK
30454,NONE,NO_CLICK
30455,NONE,NO_CLICK
30456,NONE,NO_CLICK
30457,NONE,NO_CLICK
30458,NONE,NO_CLICK
30459,NONE,NO_CLICK
30460,NONE,NO_CLICK
30461,NONE,NO_CLICK
30462,NONE,NO_CLICK
30463,NONE,NO_CLICK
30464,NONE,NO_CLICK
30465,NONE,NO_CLICK
30466,NONE,NO_CLICK
30467,NONE,NO_CLICK
30468,NONE,NO_CLICK
30469,NONE,NO_CLICK
30470,NONE,NO_CLICK
30471,NONE,NO_CLICK
30472,NONE,NO_CLICK
30473,NONE,NO_CLICK
30474,NONE,NO_CLICK
30475,NONE,NO_CLICK
30476,NONE,NO_CLICK
30477,NONE,NO_CLICK
30478,NONE,NO_CLICK
30479,NONE,NO_CLICK
30480,NONE,NO_CLICK
30481,NONE,NO_CLICK
30482,NONE,NO_CLICK
30483,NONE,NO_CLICK
30484,NONE,NO_CLICK
30485,NONE,NO_CLICK
30486,NONE,NO_CLICK
30487,NONE,NO_CLICK
30488,NONE,NO_CLICK
30489,NONE,NO_CLICK
30490,NONE,NO_CLICK
30491,NONE,NO_CLICK
30492,NONE,NO_CLICK
30493,NONE,NO_CLICK
30494,NONE,NO_CLICK
30495,NONE,NO_CLICK
30496,NONE,NO_CLICK
30497,NONE,NO_CLICK
30498,NONE,NO_CLICK
30499,NONE,NO_CLICK
30500,NONE,NO_CLICK
30501,NONE,NO_CLICK
30502,NONE,NO_CLICK
30503,NONE,NO_CLICK
30504,NONE,NO_CLICK
30505,NONE,NO_CLICK
30506,NONE,NO_CLICK
30507,NONE,NO_CLICK
30508,NONE,NO_CLICK
30509,NONE,NO_CLICK
30510,NONE,NO_CLICK
30511,NONE,NO_CLICK
30512,NONE,NO_CLICK
30513,NONE,NO_CLICK
30514,NONE,NO_CLICK
30515,NONE,NO_CLICK
30516,NONE,NO_CLICK
30517,NONE,NO_CLICK
30518,NONE,NO_CLICK
30519,NONE,NO_CLICK
30520,NONE,NO_CLICK
30521,NONE,NO_CLICK
30522,NONE,NO_CLICK
30523,NONE,NO_CLICK
30524,NONE,NO_CLICK
30525,NONE,NO_CLICK
30526,NONE,NO_CLICK
30527,NONE,NO_CLICK
30528,NONE,NO_CLICK
30529,NONE,NO_CLICK
30530,NONE,NO_CLICK
30531,NONE,NO_CLICK
30532,NONE,NO_CLICK
30533,NONE,NO_CLICK
30534,NONE,NO_CLICK
30535,NONE,NO_CLICK
30536,NONE,NO_CLICK
30537,NONE,NO_CLICK
30538,NONE,NO_CLICK
30539,NONE,NO_CLICK
30540,NONE,NO_CLICK
30541,NONE,NO_CLICK
30542,NONE,NO_CLICK
30543,NONE,NO_CLICK
30544,NONE,NO_CLICK
30545,NONE,NO_CLICK
30546,NONE,NO_CLICK
30547,NONE,NO_CLICK
30548,NONE,NO_CLICK
30549,NONE,NO_CLICK
30550,NONE,NO_CLICK
30551,NONE,NO_CLICK
30552,NONE,NO_CLICK
30553,NONE,NO_CLICK
30554,NONE,NO_CLICK
30555,NONE,NO_CLICK
30556,NONE,NO_CLICK
30557,NONE,NO_CLICK
30558,NONE,NO_CLICK
30559,NONE,NO_CLICK
30560,NONE,NO_CLICK
30561,NONE,NO_CLICK
30562,NONE,NO_CLICK
30563,NONE,NO_CLICK
30564,NONE,NO_CLICK
30565,NONE,NO_CLICK
30566,NONE,NO_CLICK
30567,NONE,NO_CLICK
30568,NONE,NO_CLICK
30569,NONE,NO_CLICK
30570,NONE,NO_CLICK
30571,NONE,NO_CLICK
30572,NONE,NO_CLICK
30573,NONE,NO_CLICK
30574,NONE,NO_CLICK
30575,NONE,NO_CLICK
30576,NONE,NO_CLICK
30577,NONE,NO_CLICK
30578,NONE,NO_CLICK
30579,NONE,NO_CLICK
30580,NONE,NO_CLICK
30581,NONE,NO_CLICK
30582,NONE,NO_CLICK
30583,NONE,NO_CLICK
30584,NONE,NO_CLICK
30585,NONE,NO_CLICK
30586,NONE,NO_CLICK
30587,NONE,NO_CLICK
30588,NONE,NO_CLICK
30589,NONE,NO_CLICK
30590,NONE,NO_CLICK
30591,NONE,NO_CLICK
30592,NONE,NO_CLICK
30593,NONE,NO_CLICK
30594,NONE,NO_CLICK
30595,NONE,NO_CLICK
30596,NONE,NO_CLICK
30597,NONE,NO_CLICK
30598,NONE,NO_CLICK
30599,NONE,NO_CLICK
30600,NONE,NO_CLICK
30601,NONE,NO_CLICK
30602,NONE,NO_CLICK
30603,NONE,NO_CLICK
30604,NONE,NO_CLICK
30605,NONE,NO_CLICK
30606,NONE,NO_CLICK
30607,NONE,NO_CLICK
30608,NONE,NO_CLICK
30609,NONE,NO_CLICK
30610,NONE,NO_CLICK
30611,NONE,NO_CLICK
30612,NONE,NO_CLICK
30613,NONE,NO_CLICK
30614,NONE,NO_CLICK
30615,NONE,NO_CLICK
30616,NONE,NO_CLICK
30617,NONE,NO_CLICK
30618,NONE,NO_CLICK
30619,NONE,NO_CLICK
30620,NONE,NO_CLICK
30621,NONE,NO_CLICK
30622,NONE,NO_CLICK
30623,NONE,NO_CLICK
30624,NONE,NO_CLICK
30625,NONE,NO_CLICK
30626,NONE,NO_CLICK
30627,NONE,NO_CLICK
30628,NONE,NO_CLICK
30629,NONE,NO_CLICK
30630,NONE,NO_CLICK
30631,NONE,NO_CLICK
30632,NONE,NO_CLICK
30633,NONE,NO_CLICK
30634,NONE,NO_CLICK
30635,NONE,NO_CLICK
30636,NONE,NO_CLICK
30637,NONE,NO_CLICK
30638,NONE,NO_CLICK
30639,NONE,NO_CLICK
30640,NONE,NO_CLICK
30641,NONE,NO_CLICK
30642,NONE,NO_CLICK
30643,NONE,NO_CLICK
30644,NONE,NO_CLICK
30645,NONE,NO_CLICK
30646,NONE,NO_CLICK
30647,NONE,NO_CLICK
30648,NONE,NO_CLICK
30649,NONE,NO_CLICK
30650,NONE,NO_CLICK
30651,NONE,NO_CLICK
30652,NONE,NO_CLICK
30653,NONE,NO_CLICK
30654,NONE,NO_CLICK
30655,NONE,NO_CLICK
30656,NONE,NO_CLICK
30657,NONE,NO_CLICK
30658,D1,D1_CLICK
30659,D1,D1_CLICK
30660,D1,D1_CLICK
30661,D1,D1_CLICK
30662,D1,D1_CLICK
30663,D1,D1_CLICK
30664,D1,D1_CLICK
30665,D1,D1_CLICK
30666,D1,D1_CLICK
30667,D1,D1_CLICK
30668,D1,D1_CLICK
30669,D1,D1_CLICK
30670,D1,D1_CLICK
30671,D1,D1_CLICK
30672,D1,D1_CLICK
30673,D1,D1_CLICK
30674,D1,D1_CLICK
30675,D1,D1_CLICK
30676,D1,D1_CLICK
30677,D1,D1_CLICK
30678,D1,D1_CLICK
30679,D1,D1_CLICK
30680,D1,D1_CLICK
30681,D1,D1_CLICK
30682,D1,D1_CLICK
30683,D1,D1_CLICK
30684,D1,D1_CLICK
30685,D1,D1_CLICK
30686,D1,D1_CLICK
30687,D1,D1_CLICK
30688,D1,D1_CLICK
30689,D1,D1_CLICK
30690,D1,D1_CLICK
30691,D1,D1_CLICK
30692,D1,D1_CLICK
30693,D1,D1_CLICK
30694,D1,D1_CLICK
30695,D1,D1_CLICK
30696,NONE,NO_CLICK
30697,NONE,NO_CLICK
30698,NONE,NO_CLICK
30699,NONE,NO_CLICK
30700,NONE,NO_CLICK
30701,NONE,NO_CLICK
30702,NONE,NO_CLICK
30703,NONE,NO_CLICK
30704,NONE,NO_CLICK
30705,NONE,NO_CLICK
30706,NONE,NO_CLICK
30707,NONE,NO_CLICK
30708,NONE,NO_CLICK
30709,NONE,NO_CLICK
30710,NONE,NO_CLICK
30711,NONE,NO_CLICK
30712,NONE,NO_CLICK
30713,NONE,NO_CLICK
30714,NONE,NO_CLICK
30715,NONE,NO_CLICK
30716,NONE,NO_CLICK
30717,NONE,NO_CLICK
30718,NONE,NO_CLICK
30719,NONE,NO_CLICK
30720,NONE,NO_CLICK
30721,NONE,NO_CLICK
30722,NONE,NO_CLICK
30723,NONE,NO_CLICK
30724,NONE,NO_CLICK
30725,NONE,NO_CLICK
30726,NONE,NO_CLICK
30727,NONE,NO_CLICK
30728,NONE,NO_CLICK
30729,NONE,NO_CLICK
30730,NONE,NO_CLICK
30731,NONE,NO_CLICK
30732,NONE,NO_CLICK
30733,NONE,NO_CLICK
30734,NONE,NO_CLICK
30735,NONE,NO_CLICK
30736,NONE,NO_CLICK
30737,NONE,NO_CLICK
30738,NONE,NO_CLICK
30739,NONE,NO_CLICK
30740,NONE,NO_CLICK
30741,NONE,NO_CLICK
30742,NONE,NO_CLICK
30743,NONE,NO_CLICK
30744,NONE,NO_CLICK
30745,NONE,NO_CLICK
30746,NONE,NO_CLICK
30747,NONE,NO_CLICK
30748,NONE,NO_CLICK
30749,NONE,NO_CLICK
30750,NONE,NO_CLICK
30751,NONE,NO_CLICK
30752,NONE,NO_CLICK
30753,NONE,NO_CLICK
30754,NONE,NO_CLICK
30755,NONE,NO_CLICK
30756,NONE,NO_CLICK
30757,NONE,NO_CLICK
30758,NONE,NO_CLICK
30759,NONE,NO_CLICK
30760,NONE,NO_CLICK
30761,NONE,NO_CLICK
30762,NONE,NO_CLICK
30763,NONE,NO_CLICK
30764,NONE,NO_CLICK
30765,NONE,NO_CLICK
30766,NONE,NO_CLICK
30767,NONE,NO_CLICK
30768,NONE,NO_CLICK
30769,NONE,NO_CLICK
30770,NONE,NO_CLICK
30771,NONE,NO_CLICK
30772,NONE,NO_CLICK
30773,NONE,NO_CLICK
30774,NONE,NO_CLICK
30775,NONE,NO_CLICK
30776,NONE,NO_CLICK
30777,NONE,NO_CLICK
30778,NONE,NO_CLICK
30779,NONE,NO_CLICK
30780,NONE,NO_CLICK
30781,NONE,NO_CLICK
30782,NONE,NO_CLICK
30783,NONE,NO_CLICK
30784,NONE,NO_CLICK
30785,NONE,NO_CLICK
30786,D2,D2_CLICK
30787,D2,D2_CLICK
30788,D2,D2_CLICK
30789,D2,D2_CLICK
30790,D2,D2_CLICK
30791,D2,D2_CLICK
30792,D2,D2_CLICK
30793,D2,D2_CLICK
30794,D2,D2_CLICK
30795,D2,D2_CLICK
30796,D2,D2_CLICK
30797,D2,D2_CLICK
30798,D2,D2_CLICK
30799,D2,D2_CLICK
30800,D2,D2_CLICK
30801,D2,D2_CLICK
30802,D2,D2_CLICK
30803,D2,D2_CLICK
30804,D2,D2_CLICK
30805,D2,D2_CLICK
30806,D2,D2_CLICK
30807,D2,D2_CLICK
30808,D2,D2_CLICK
30809,D2,D2_CLICK
30810,D2,D2_CLICK
30811,D2,D2_CLICK
30812,D2,D2_CLICK
30813,D2,D2_CLICK
30814,D2,D2_CLICK
30815,D2,D2_CLICK
30816,D2,D2_CLICK
30817,D2,D2_CLICK
30818,D2,D2_CLICK
30819,D2,D2_CLICK
30820,D2,D2_CLICK
30821,D2,D2_CLICK
30822,D2,D2_CLICK
30823,D2,D2_CLICK
30824,NONE,NO_CLICK
30825,NONE,NO_CLICK
30826,NONE,NO_CLICK
30827,NONE,NO_CLICK
30828,NONE,NO_CLICK
30829,NONE,NO_CLICK
30830,NONE,NO_CLICK
30831,NONE,NO_CLICK
30832,NONE,NO_CLICK
30833,NONE,NO_CLICK
30834,NONE,NO_CLICK
30835,NONE,NO_CLICK
30836,NONE,NO_CLICK
30837,NONE,NO_CLICK
30838,NONE,NO_CLICK
30839,NONE,NO_CLICK
30840,NONE,NO_CLICK
30841,NONE,NO_CLICK
30842,NONE,NO_CLICK
30843,NONE,NO_CLICK
30844,NONE,NO_CLICK
30845,NONE,NO_CLICK
30846,NONE,NO_CLICK
30847,NONE,NO_CLICK
30848,NONE,NO_CLICK
30849,NONE,NO_CLICK
30850,NONE,NO_CLICK
30851,NONE,NO_CLICK
30852,NONE,NO_CLICK
30853,NONE,NO_CLICK
30854,NONE,NO_CLICK
30855,NONE,NO_CLICK
30856,NONE,NO_CLICK
30857,NONE,NO_CLICK
30858,NONE,NO_CLICK
30859,NONE,NO_CLICK
30860,NONE,NO_CLICK
30861,NONE,NO_CLICK
30862,NONE,NO_CLICK
30863,NONE,NO_CLICK
30864,NONE,NO_CLICK
30865,NONE,NO_CLICK
30866,NONE,NO_CLICK
30867,NONE,NO_CLICK
30868,NONE,NO_CLICK
30869,NONE,NO_CLICK
30870,NONE,NO_CLICK
30871,NONE,NO_CLICK
30872,NONE,NO_CLICK
30873,NONE,NO_CLICK
30874,NONE,NO_CLICK
30875,NONE,NO_CLICK
30876,NONE,NO_CLICK
30877,NONE,NO_CLICK
30878,NONE,NO_CLICK
30879,NONE,NO_CLICK
30880,NONE,NO_CLICK
30881,NONE,NO_CLICK
30882,NONE,NO_CLICK
30883,NONE,NO_CLICK
30884,NONE,NO_CLICK
30885,NONE,NO_CLICK
30886,NONE,NO_CLICK
30887,NONE,NO_CLICK
30888,NONE,NO_CLICK
30889,NONE,NO_CLICK
30890,NONE,NO_CLICK
30891,NONE,NO_CLICK
30892,NONE,NO_CLICK
30893,NONE,NO_CLICK
30894,NONE,NO_CLICK
30895,NONE,NO_CLICK
30896,NONE,NO_CLICK
30897,NONE,NO_CLICK
30898,NONE,NO_CLICK
30899,NONE,NO_CLICK
30900,NONE,NO_CLICK
30901,NONE,NO_CLICK
30902,NONE,NO_CLICK
30903,NONE,NO_CLICK
30904,NONE,NO_CLICK
30905,NONE,NO_CLICK
30906,NONE,NO_CLICK
30907,NONE,NO_CLICK
30908,NONE,NO_CLICK
30909,NONE,NO_CLICK
30910,NONE,NO_CLICK
30911,NONE,NO_CLICK
30912,NONE,NO_CLICK
30913,NONE,NO_CLICK
30914,NONE,NO_CLICK
30915,NONE,NO_CLICK
30916,NONE,NO_CLICK
30917,NONE,NO_CLICK
30918,NONE,NO_CLICK
30919,NONE,NO_CLICK
30920,NONE,NO_CLICK
30921,NONE,NO_CLICK
30922,NONE,NO_CLICK
30923,NONE,NO_CLICK
30924,NONE,NO_CLICK
30925,NONE,NO_CLICK
30926,NONE,NO_CLICK
30927,NONE,NO_CLICK
30928,NONE,NO_CLICK
30929,NONE,NO_CLICK
30930,NONE,NO_CLICK
30931,NONE,NO_CLICK
30932,NONE,NO_CLICK
30933,NONE,NO_CLICK
30934,NONE,NO_CLICK
30935,NONE,NO_CLICK
30936,NONE,NO_CLICK
30937,NONE,NO_CLICK
30938,NONE,NO_CLICK
30939,NONE,NO_CLICK
30940,NONE,NO_CLICK
30941,NONE,NO_CLICK
30942,NONE,NO_CLICK
30943,NONE,NO_CLICK
30944,NONE,NO_CLICK
30945,NONE,NO_CLICK
30946,NONE,NO_CLICK
30947,NONE,NO_CLICK
30948,NONE,NO_CLICK
30949,NONE,NO_CLICK
30950,NONE,NO_CLICK
30951,NONE,NO_CLICK
30952,NONE,NO_CLICK
30953,NONE,NO_CLICK
30954,NONE,NO_CLICK
30955,NONE,NO_CLICK
30956,NONE,NO_CLICK
30957,NONE,NO_CLICK
30958,NONE,NO_CLICK
30959,NONE,NO_CLICK
30960,NONE,NO_CLICK
30961,NONE,NO_CLICK
30962,NONE,NO_CLICK
30963,NONE,NO_CLICK
30964,NONE,NO_CLICK
30965,NONE,NO_CLICK
30966,NONE,NO_CLICK
30967,NONE,NO_CLICK
30968,NONE,NO_CLICK
30969,NONE,NO_CLICK
30970,NONE,NO_CLICK
30971,NONE,NO_CLICK
30972,NONE,NO_CLICK
30973,NONE,NO_CLICK
30974,NONE,NO_CLICK
30975,NONE,NO_CLICK
30976,NONE,NO_CLICK
30977,NONE,NO_CLICK
30978,NONE,NO_CLICK
30979,NONE,NO_CLICK
30980,NONE,NO_CLICK
30981,NONE,NO_CLICK
30982,NONE,NO_CLICK
30983,NONE,NO_CLICK
30984,NONE,NO_CLICK
30985,NONE,NO_CLICK
30986,NONE,NO_CLICK
30987,NONE,NO_CLICK
30988,NONE,NO_CLICK
30989,NONE,NO_CLICK
30990,NONE,NO_CLICK
30991,NONE,NO_CLICK
30992,NONE,NO_CLICK
30993,NONE,NO_CLICK
30994,NONE,NO_CLICK
30995,NONE,NO_CLICK
30996,NONE,NO_CLICK
30997,NONE,NO_CLICK
30998,NONE,NO_CLICK
30999,NONE,NO_CLICK
31000,NONE,NO_CLICK
31001,NONE,NO_CLICK
31002,NONE,NO_CLICK
31003,NONE,NO_CLICK
31004,NONE,NO_CLICK
31005,NONE,NO_CLICK
31006,NONE,NO_CLICK
31007,NONE,NO_CLICK
31008,NONE,NO_CLICK
31009,NONE,NO_CLICK
31010,D1,D1_CLICK
31011,D1,D1_CLICK
31012,D1,D1_CLICK
31013,D1,D1_CLICK
31014,D1,D1_CLICK
31015,D1,D1_CLICK
31016,D1,D1_CLICK
31017,D1,D1_CLICK
31018,D1,D1_CLICK
31019,D1,D1_CLICK
31020,D1,D1_CLICK
31021,D1,D1_CLICK
31022,D1,D1_CLICK
31023,D1,D1_CLICK
31024,D1,D1_CLICK
31025,D1,D1_CLICK
31026,D1,D1_CLICK
31027,D1,D1_CLICK
31028,D1,D1_CLICK
31029,D1,D1_CLICK
31030,D1,D1_CLICK
31031,D1,D1_CLICK
31032,D1,D1_CLICK
31033,D1,D1_CLICK
31034,D1,D1_CLICK
31035,D1,D1_CLICK
31036,D1,D1_CLICK
31037,D1,D1_CLICK
31038,D1,D1_CLICK
31039,D1,D1_CLICK
31040,D1,D1_CLICK
31041,D1,D1_CLICK
31042,D1,D1_CLICK
31043,D1,D1_CLICK
31044,D1,D1_CLICK
31045,D1,D1_CLICK
31046,D1,D1_CLICK
31047,D1,D1_CLICK
31048,NONE,NO_CLICK
31049,NONE,NO_CLICK
31050,NONE,NO_CLICK
31051,NONE,NO_CLICK
31052,NONE,NO_CLICK
31053,NONE,NO_CLICK
31054,NONE,NO_CLICK
31055,NONE,NO_CLICK
31056,NONE,NO_CLICK
31057,NONE,NO_CLICK
31058,NONE,NO_CLICK
31059,NONE,NO_CLICK
31060,NONE,NO_CLICK
31061,NONE,NO_CLICK
31062,NONE,NO_CLICK
31063,NONE,NO_CLICK
31064,NONE,NO_CLICK
31065,NONE,NO_CLICK
31066,NONE,NO_CLICK
31067,NONE,NO_CLICK
31068,NONE,NO_CLICK
31069,NONE,NO_CLICK
31070,NONE,NO_CLICK
31071,NONE,NO_CLICK
31072,NONE,NO_CLICK
31073,NONE,NO_CLICK
31074,NONE,NO_CLICK
31075,NONE,NO_CLICK
31076,NONE,NO_CLICK
31077,NONE,NO_CLICK
31078,NONE,NO_CLICK
31079,NONE,NO_CLICK
31080,NONE,NO_CLICK
31081,NONE,NO_CLICK
31082,NONE,NO_CLICK
31083,NONE,NO_CLICK
31084,NONE,NO_CLICK
31085,NONE,NO_CLICK
31086,NONE,NO_CLICK
31087,NONE,NO_CLICK
31088,NONE,NO_CLICK
31089,NONE,NO_CLICK
31090,NONE,NO_CLICK
31091,NONE,NO_CLICK
31092,NONE,NO_CLICK
31093,NONE,NO_CLICK
31094,NONE,NO_CLICK
31095,NONE,NO_CLICK
31096,NONE,NO_CLICK
31097,NONE,NO_CLICK
31098,NONE,NO_CLICK
31099,NONE,NO_CLICK
31100,NONE,NO_CLICK
31101,NONE,NO_CLICK
31102,NONE,NO_CLICK
31103,NONE,NO_CLICK
31104,NONE,NO_CLICK
31105,NONE,NO_CLICK
31106,NONE,NO_CLICK
31107,NONE,NO_CLICK
31108,NONE,NO_CLICK
31109,NONE,NO_CLICK
31110,NONE,NO_CLICK
31111,NONE,NO_CLICK
31112,NONE,NO_CLICK
31113,NONE,NO_CLICK
31114,NONE,NO_CLICK
31115,NONE,NO_CLICK
31116,NONE,NO_CLICK
31117,NONE,NO_CLICK
31118,NONE,NO_CLICK
31119,NONE,NO_CLICK
31120,NONE,NO_CLICK
31121,NONE,NO_CLICK
31122,NONE,NO_CLICK
31123,NONE,NO_CLICK
31124,NONE,NO_CLICK
31125,NONE,NO_CLICK
31126,NONE,NO_CLICK
31127,NONE,NO_CLICK
31128,NONE,NO_CLICK
31129,NONE,NO_CLICK
31130,NONE,NO_CLICK
31131,NONE,NO_CLICK
31132,NONE,NO_CLICK
31133,NONE,NO_CLICK
31134,NONE,NO_CLICK
31135,NONE,NO_CLICK
31136,NONE,NO_CLICK
31137,NONE,NO_CLICK
31138,NONE,NO_CLICK
31139,NONE,NO_CLICK
31140,NONE,NO_CLICK
31141,NONE,NO_CLICK
31142,NONE,NO_CLICK
31143,NONE,NO_CLICK
31144,NONE,NO_CLICK
31145,NONE,NO_CLICK
31146,NONE,NO_CLICK
31147,NONE,NO_CLICK
31148,NONE,NO_CLICK
31149,NONE,NO_CLICK
31150,NONE,NO_CLICK
31151,NONE,NO_CLICK
31152,NONE,NO_CLICK
31153,NONE,NO_CLICK
31154,NONE,NO_CLICK
31155,NONE,NO_CLICK
31156,NONE,NO_CLICK
31157,NONE,NO_CLICK
31158,NONE,NO_CLICK
31159,NONE,NO_CLICK
31160,NONE,NO_CLICK
31161,NONE,NO_CLICK
31162,NONE,NO_CLICK
31163,NONE,NO_CLICK
31164,NONE,NO_CLICK
31165,NONE,NO_CLICK
31166,NONE,NO_CLICK
31167,NONE,NO_CLICK
31168,NONE,NO_CLICK
31169,NONE,NO_CLICK
31170,D2,D2_CLICK
31171,D2,D2_CLICK
31172,D2,D2_CLICK
31173,D2,D2_CLICK
31174,D2,D2_CLICK
31175,D2,D2_CLICK
31176,D2,D2_CLICK
31177,D2,D2_CLICK
31178,D2,D2_CLICK
31179,D2,D2_CLICK
31180,D2,D2_CLICK
31181,D2,D2_CLICK
31182,D2,D2_CLICK
31183,D2,D2_CLICK
31184,D2,D2_CLICK
31185,D2,D2_CLICK
31186,D2,D2_CLICK
31187,D2,D2_CLICK
31188,D2,D2_CLICK
31189,D2,D2_CLICK
31190,D2,D2_CLICK
31191,D2,D2_CLICK
31192,D2,D2_CLICK
31193,D2,D2_CLICK
31194,D2,D2_CLICK
31195,D2,D2_CLICK
31196,D2,D2_CLICK
31197,D2,D2_CLICK
31198,D2,D2_CLICK
31199,D2,D2_CLICK
31200,D2,D2_CLICK
31201,D2,D2_CLICK
31202,D2,D2_CLICK
31203,D2,D2_CLICK
31204,D2,D2_CLICK
31205,D2,D2_CLICK
31206,D2,D2_CLICK
31207,D2,D2_CLICK
31208,NONE,NO_CLICK
31209,NONE,NO_CLICK
31210,NONE,NO_CLICK
31211,NONE,NO_CLICK
31212,NONE,NO_CLICK
31213,NONE,NO_CLICK
31214,NONE,NO_CLICK
31215,NONE,NO_CLICK
31216,NONE,NO_CLICK
31217,NONE,NO_CLICK
31218,NONE,NO_CLICK
31219,NONE,NO_CLICK
31220,NONE,NO_CLICK
31221,NONE,NO_CLICK
31222,NONE,NO_CLICK
31223,NONE,NO_CLICK
31224,NONE,NO_CLICK
31225,NONE,NO_CLICK
31226,NONE,NO_CLICK
31227,NONE,NO_CLICK
31228,NONE,NO_CLICK
31229,NONE,NO_CLICK
31230,NONE,NO_CLICK
31231,NONE,NO_CLICK
31232,NONE,NO_CLICK
31233,NONE,NO_CLICK
31234,NONE,NO_CLICK
31235,NONE,NO_CLICK
31236,NONE,NO_CLICK
31237,NONE,NO_CLICK
31238,NONE,NO_CLICK
31239,NONE,NO_CLICK
31240,NONE,NO_CLICK
31241,NONE,NO_CLICK
31242,NONE,NO_CLICK
31243,NONE,NO_CLICK
31244,NONE,NO_CLICK
31245,NONE,NO_CLICK
31246,NONE,NO_CLICK
31247,NONE,NO_CLICK
31248,NONE,NO_CLICK
31249,NONE,NO_CLICK
31250,NONE,NO_CLICK
31251,NONE,NO_CLICK
31252,NONE,NO_CLICK
31253,NONE,NO_CLICK
31254,NONE,NO_CLICK
31255,NONE,NO_CLICK
31256,NONE,NO_CLICK
31257,NONE,NO_CLICK
31258,NONE,NO_CLICK
31259,NONE,NO_CLICK
31260,NONE,NO_CLICK
31261,NONE,NO_CLICK
31262,NONE,NO_CLICK
31263,NONE,NO_CLICK
31264,NONE,NO_CLICK
31265,NONE,NO_CLICK
31266,NONE,NO_CLICK
31267,NONE,NO_CLICK
31268,NONE,NO_CLICK
31269,NONE,NO_CLICK
31270,NONE,NO_CLICK
31271,NONE,NO_CLICK
31272,NONE,NO_CLICK
31273,NONE,NO_CLICK
31274,NONE,NO_CLICK
31275,NONE,NO_CLICK
31276,NONE,NO_CLICK
31277,NONE,NO_CLICK
31278,NONE,NO_CLICK
31279,NONE,NO_CLICK
31280,NONE,NO_CLICK
31281,NONE,NO_CLICK
31282,NONE,NO_CLICK
31283,NONE,NO_CLICK
31284,NONE,NO_CLICK
31285,NONE,NO_CLICK
31286,NONE,NO_CLICK
31287,NONE,NO_CLICK
31288,NONE,NO_CLICK
31289,NONE,NO_CLICK
31290,NONE,NO_CLICK
31291,NONE,NO_CLICK
31292,NONE,NO_CLICK
31293,NONE,NO_CLICK
31294,NONE,NO_CLICK
31295,NONE,NO_CLICK
31296,NONE,NO_CLICK
31297,NONE,NO_CLICK
31298,NONE,NO_CLICK
31299,NONE,NO_CLICK
31300,NONE,NO_CLICK
31301,NONE,NO_CLICK
31302,NONE,NO_CLICK
31303,NONE,NO_CLICK
31304,NONE,NO_CLICK
31305,NONE,NO_CLICK
31306,NONE,NO_CLICK
31307,NONE,NO_CLICK
31308,NONE,NO_CLICK
31309,NONE,NO_CLICK
31310,NONE,NO_CLICK
31311,NONE,NO_CLICK
31312,NONE,NO_CLICK
31313,NONE,NO_CLICK
31314,NONE,NO_CLICK
31315,NONE,NO_CLICK
31316,NONE,NO_CLICK
31317,NONE,NO_CLICK
31318,NONE,NO_CLICK
31319,NONE,NO_CLICK
31320,NONE,NO_CLICK
31321,NONE,NO_CLICK
31322,NONE,NO_CLICK
31323,NONE,NO_CLICK
31324,NONE,NO_CLICK
31325,NONE,NO_CLICK
31326,NONE,NO_CLICK
31327,NONE,NO_CLICK
31328,NONE,NO_CLICK
31329,NONE,NO_CLICK
31330,NONE,NO_CLICK
31331,NONE,NO_CLICK
31332,NONE,NO_CLICK
31333,NONE,NO_CLICK
31334,NONE,NO_CLICK
31335,NONE,NO_CLICK
31336,NONE,NO_CLICK
31337,NONE,NO_CLICK
31338,NONE,NO_CLICK
31339,NONE,NO_CLICK
31340,NONE,NO_CLICK
31341,NONE,NO_CLICK
31342,NONE,NO_CLICK
31343,NONE,NO_CLICK
31344,NONE,NO_CLICK
31345,NONE,NO_CLICK
31346,NONE,NO_CLICK
31347,NONE,NO_CLICK
31348,NONE,NO_CLICK
31349,NONE,NO_CLICK
31350,NONE,NO_CLICK
31351,NONE,NO_CLICK
31352,NONE,NO_CLICK
31353,NONE,NO_CLICK
31354,NONE,NO_CLICK
31355,NONE,NO_CLICK
31356,NONE,NO_CLICK
31357,NONE,NO_CLICK
31358,NONE,NO_CLICK
31359,NONE,NO_CLICK
31360,NONE,NO_CLICK
31361,NONE,NO_CLICK
31362,D1,D1_CLICK
31363,D1,D1_CLICK
31364,D1,D1_CLICK
31365,D1,D1_CLICK
31366,D1,D1_CLICK
31367,D1,D1_CLICK
31368,D1,D1_CLICK
31369,D1,D1_CLICK
31370,D1,D1_CLICK
31371,D1,D1_CLICK
31372,D1,D1_CLICK
31373,D1,D1_CLICK
31374,D1,D1_CLICK
31375,D1,D1_CLICK
31376,D1,D1_CLICK
31377,D1,D1_CLICK
31378,D1,D1_CLICK
31379,D1,D1_CLICK
31380,D1,D1_CLICK
31381,D1,D1_CLICK
31382,D1,D1_CLICK
31383,D1,D1_CLICK
31384,D1,D1_CLICK
31385,D1,D1_CLICK
31386,D1,D1_CLICK
31387,D1,D1_CLICK
31388,D1,D1_CLICK
31389,D1,D1_CLICK
31390,D1,D1_CLICK
31391,D1,D1_CLICK
31392,D1,D1_CLICK
31393,D1,D1_CLICK
31394,D1,D1_CLICK
31395,D1,D1_CLICK
31396,D1,D1_CLICK
31397,D1,D1_CLICK
31398,D1,D1_CLICK
31399,D1,D1_CLICK
31400,NONE,NO_CLICK
31401,NONE,NO_CLICK
31402,NONE,NO_CLICK
31403,NONE,NO_CLICK
31404,NONE,NO_CLICK
31405,NONE,NO_CLICK
31406,NONE,NO_CLICK
31407,NONE,NO_CLICK
31408,NONE,NO_CLICK
31409,NONE,NO_CLICK
31410,NONE,NO_CLICK
31411,NONE,NO_CLICK
31412,NONE,NO_CLICK
31413,NONE,NO_CLICK
31414,NONE,NO_CLICK
31415,NONE,NO_CLICK
31416,NONE,NO_CLICK
31417,NONE,NO_CLICK
31418,NONE,NO_CLICK
31419,NONE,NO_CLICK
31420,NONE,NO_CLICK
31421,NONE,NO_CLICK
31422,NONE,NO_CLICK
31423,NONE,NO_CLICK
31424,NONE,NO_CLICK
31425,NONE,NO_CLICK
31426,NONE,NO_CLICK
31427,NONE,NO_CLICK
31428,NONE,NO_CLICK
31429,NONE,NO_CLICK
31430,NONE,NO_CLICK
31431,NONE,NO_CLICK
31432,NONE,NO_CLICK
31433,NONE,NO_CLICK
31434,NONE,NO_CLICK
31435,NONE,NO_CLICK
31436,NONE,NO_CLICK
31437,NONE,NO_CLICK
31438,NONE,NO_CLICK
31439,NONE,NO_CLICK
31440,NONE,NO_CLICK
31441,NONE,NO_CLICK
31442,NONE,NO_CLICK
31443,NONE,NO_CLICK
31444,NONE,NO_CLICK
31445,NONE,NO_CLICK
31446,NONE,NO_CLICK
31447,NONE,NO_CLICK
31448,NONE,NO_CLICK
31449,NONE,NO_CLICK
31450,NONE,NO_CLICK
31451,NONE,NO_CLICK
31452,NONE,NO_CLICK
31453,NONE,NO_CLICK
31454,NONE,NO_CLICK
31455,NONE,NO_CLICK
31456,NONE,NO_CLICK
31457,NONE,NO_CLICK
31458,D2,D2_CLICK
31459,D2,D2_CLICK
31460,D2,D2_CLICK
31461,D2,D2_CLICK
31462,D2,D2_CLICK
31463,D2,D2_CLICK
31464,D2,D2_CLICK
31465,D2,D2_CLICK
31466,D2,D2_CLICK
31467,D2,D2_CLICK
31468,D2,D2_CLICK
31469,D2,D2_CLICK
31470,D2,D2_CLICK
31471,D2,D2_CLICK
31472,D2,D2_CLICK
31473,D2,D2_CLICK
31474,D2,D2_CLICK
31475,D2,D2_CLICK
31476,D2,D2_CLICK
31477,D2,D2_CLICK
31478,D2,D2_CLICK
31479,D2,D2_CLICK
31480,D2,D2_CLICK
31481,D2,D2_CLICK
31482,D2,D2_CLICK
31483,D2,D2_CLICK
31484,D2,D2_CLICK
31485,D2,D2_CLICK
31486,D2,D2_CLICK
31487,D2,D2_CLICK
31488,D2,D2_CLICK
31489,D2,D2_CLICK
31490,D2,D2_CLICK
31491,D2,D2_CLICK
31492,D2,D2_CLICK
31493,D2,D2_CLICK
31494,D2,D2_CLICK
31495,D2,D2_CLICK
31496,NONE,NO_CLICK
31497,NONE,NO_CLICK
31498,NONE,NO_CLICK
31499,NONE,NO_CLICK
31500,NONE,NO_CLICK
31501,NONE,NO_CLICK
31502,NONE,NO_CLICK
31503,NONE,NO_CLICK
31504,NONE,NO_CLICK
31505,NONE,NO_CLICK
31506,NONE,NO_CLICK
31507,NONE,NO_CLICK
31508,NONE,NO_CLICK
31509,NONE,NO_CLICK
31510,NONE,NO_CLICK
31511,NONE,NO_CLICK
31512,NONE,NO_CLICK
31513,NONE,NO_CLICK
31514,NONE,NO_CLICK
31515,NONE,NO_CLICK
31516,NONE,NO_CLICK
31517,NONE,NO_CLICK
31518,NONE,NO_CLICK
31519,NONE,NO_CLICK
31520,NONE,NO_CLICK
31521,NONE,NO_CLICK
31522,NONE,NO_CLICK
31523,NONE,NO_CLICK
31524,NONE,NO_CLICK
31525,NONE,NO_CLICK
31526,NONE,NO_CLICK
31527,NONE,NO_CLICK
31528,NONE,NO_CLICK
31529,NONE,NO_CLICK
31530,NONE,NO_CLICK
31531,NONE,NO_CLICK
31532,NONE,NO_CLICK
31533,NONE,NO_CLICK
31534,NONE,NO_CLICK
31535,NONE,NO_CLICK
31536,NONE,NO_CLICK
31537,NONE,NO_CLICK
31538,NONE,NO_CLICK
31539,NONE,NO_CLICK
31540,NONE,NO_CLICK
31541,NONE,NO_CLICK
31542,NONE,NO_CLICK
31543,NONE,NO_CLICK
31544,NONE,NO_CLICK
31545,NONE,NO_CLICK
31546,NONE,NO_CLICK
31547,NONE,NO_CLICK
31548,NONE,NO_CLICK
31549,NONE,NO_CLICK
31550,NONE,NO_CLICK
31551,NONE,NO_CLICK
31552,NONE,NO_CLICK
31553,NONE,NO_CLICK
31554,NONE,NO_CLICK
31555,NONE,NO_CLICK
31556,NONE,NO_CLICK
31557,NONE,NO_CLICK
31558,NONE,NO_CLICK
31559,NONE,NO_CLICK
31560,NONE,NO_CLICK
31561,NONE,NO_CLICK
31562,NONE,NO_CLICK
31563,NONE,NO_CLICK
31564,NONE,NO_CLICK
31565,NONE,NO_CLICK
31566,NONE,NO_CLICK
31567,NONE,NO_CLICK
31568,NONE,NO_CLICK
31569,NONE,NO_CLICK
31570,NONE,NO_CLICK
31571,NONE,NO_CLICK
31572,NONE,NO_CLICK
31573,NONE,NO_CLICK
31574,NONE,NO_CLICK
31575,NONE,NO_CLICK
31576,NONE,NO_CLICK
31577,NONE,NO_CLICK
31578,NONE,NO_CLICK
31579,NONE,NO_CLICK
31580,NONE,NO_CLICK
31581,NONE,NO_CLICK
31582,NONE,NO_CLICK
31583,NONE,NO_CLICK
31584,NONE,NO_CLICK
31585,NONE,NO_CLICK
31586,NONE,NO_CLICK
31587,NONE,NO_CLICK
31588,NONE,NO_CLICK
31589,NONE,NO_CLICK
31590,NONE,NO_CLICK
31591,NONE,NO_CLICK
31592,NONE,NO_CLICK
31593,NONE,NO_CLICK
31594,NONE,NO_CLICK
31595,NONE,NO_CLICK
31596,NONE,NO_CLICK
31597,NONE,NO_CLICK
31598,NONE,NO_CLICK
31599,NONE,NO_CLICK
31600,NONE,NO_CLICK
31601,NONE,NO_CLICK
31602,NONE,NO_CLICK
31603,NONE,NO_CLICK
31604,NONE,NO_CLICK
31605,NONE,NO_CLICK
31606,NONE,NO_CLICK
31607,NONE,NO_CLICK
31608,NONE,NO_CLICK
31609,NONE,NO_CLICK
31610,NONE,NO_CLICK
31611,NONE,NO_CLICK
31612,NONE,NO_CLICK
31613,NONE,NO_CLICK
31614,NONE,NO_CLICK
31615,NONE,NO_CLICK
31616,NONE,NO_CLICK
31617,NONE,NO_CLICK
31618,NONE,NO_CLICK
31619,NONE,NO_CLICK
31620,NONE,NO_CLICK
31621,NONE,NO_CLICK
31622,NONE,NO_CLICK
31623,NONE,NO_CLICK
31624,NONE,NO_CLICK
31625,NONE,NO_CLICK
31626,NONE,NO_CLICK
31627,NONE,NO_CLICK
31628,NONE,NO_CLICK
31629,NONE,NO_CLICK
31630,NONE,NO_CLICK
31631,NONE,NO_CLICK
31632,NONE,NO_CLICK
31633,NONE,NO_CLICK
31634,NONE,NO_CLICK
31635,NONE,NO_CLICK
31636,NONE,NO_CLICK
31637,NONE,NO_CLICK
31638,NONE,NO_CLICK
31639,NONE,NO_CLICK
31640,NONE,NO_CLICK
31641,NONE,NO_CLICK
31642,NONE,NO_CLICK
31643,NONE,NO_CLICK
31644,NONE,NO_CLICK
31645,NONE,NO_CLICK
31646,NONE,NO_CLICK
31647,NONE,NO_CLICK
31648,NONE,NO_CLICK
31649,NONE,NO_CLICK
31650,D2,D2_CLICK
31651,D2,D2_CLICK
31652,D2,D2_CLICK
31653,D2,D2_CLICK
31654,D2,D2_CLICK
31655,D2,D2_CLICK
31656,D2,D2_CLICK
31657,D2,D2_CLICK
31658,D2,D2_CLICK
31659,D2,D2_CLICK
31660,D2,D2_CLICK
31661,D2,D2_CLICK
31662,D2,D2_CLICK
31663,D2,D2_CLICK
31664,D2,D2_CLICK
31665,D2,D2_CLICK
31666,D2,D2_CLICK
31667,D2,D2_CLICK
31668,D2,D2_CLICK
31669,D2,D2_CLICK
31670,D2,D2_CLICK
31671,D2,D2_CLICK
31672,D2,D2_CLICK
31673,D2,D2_CLICK
31674,D2,D2_CLICK
31675,D2,D2_CLICK
31676,D2,D2_CLICK
31677,D2,D2_CLICK
31678,D2,D2_CLICK
31679,D2,D2_CLICK
31680,D2,D2_CLICK
31681,D2,D2_CLICK
31682,D2,D2_CLICK
31683,D2,D2_CLICK
31684,D2,D2_CLICK
31685,D2,D2_CLICK
31686,D2,D2_CLICK
31687,D2,D2_CLICK
31688,NONE,NO_CLICK
31689,NONE,NO_CLICK
31690,NONE,NO_CLICK
31691,NONE,NO_CLICK
31692,NONE,NO_CLICK
31693,NONE,NO_CLICK
31694,NONE,NO_CLICK
31695,NONE,NO_CLICK
31696,NONE,NO_CLICK
31697,NONE,NO_CLICK
31698,NONE,NO_CLICK
31699,NONE,NO_CLICK
31700,NONE,NO_CLICK
31701,NONE,NO_CLICK
31702,NONE,NO_CLICK
31703,NONE,NO_CLICK
31704,NONE,NO_CLICK
31705,NONE,NO_CLICK
31706,NONE,NO_CLICK
31707,NONE,NO_CLICK
31708,NONE,NO_CLICK
31709,NONE,NO_CLICK
31710,NONE,NO_CLICK
31711,NONE,NO_CLICK
31712,NONE,NO_CLICK
31713,NONE,NO_CLICK
31714,D1,D1_CLICK
31715,D1,D1_CLICK
31716,D1,D1_CLICK
31717,D1,D1_CLICK
31718,D1,D1_CLICK
31719,D1,D1_CLICK
31720,D1,D1_CLICK
31721,D1,D1_CLICK
31722,D1,D1_CLICK
31723,D1,D1_CLICK
31724,D1,D1_CLICK
31725,D1,D1_CLICK
31726,D1,D1_CLICK
31727,D1,D1_CLICK
31728,D1,D1_CLICK
31729,D1,D1_CLICK
31730,D1,D1_CLICK
31731,D1,D1_CLICK
31732,D1,D1_CLICK
31733,D1,D1_CLICK
31734,D1,D1_CLICK
31735,D1,D1_CLICK
31736,D1,D1_CLICK
31737,D1,D1_CLICK
31738,D1,D1_CLICK
31739,D1,D1_CLICK
31740,D1,D1_CLICK
31741,D1,D1_CLICK
31742,D1,D1_CLICK
31743,D1,D1_CLICK
31744,D1,D1_CLICK
31745,D1,D1_CLICK
31746,D1,D1_CLICK
31747,D1,D1_CLICK
31748,D1,D1_CLICK
31749,D1,D1_CLICK
31750,D1,D1_CLICK
31751,D1,D1_CLICK
31752,NONE,NO_CLICK
31753,NONE,NO_CLICK
31754,NONE,NO_CLICK
31755,NONE,NO_CLICK
31756,NONE,NO_CLICK
31757,NONE,NO_CLICK
31758,NONE,NO_CLICK
31759,NONE,NO_CLICK
31760,NONE,NO_CLICK
31761,NONE,NO_CLICK
31762,NONE,NO_CLICK
31763,NONE,NO_CLICK
31764,NONE,NO_CLICK
31765,NONE,NO_CLICK
31766,NONE,NO_CLICK
31767,NONE,NO_CLICK
31768,NONE,NO_CLICK
31769,NONE,NO_CLICK
31770,NONE,NO_CLICK
31771,NONE,NO_CLICK
31772,NONE,NO_CLICK
31773,NONE,NO_CLICK
31774,NONE,NO_CLICK
31775,NONE,NO_CLICK
31776,NONE,NO_CLICK
31777,NONE,NO_CLICK
31778,NONE,NO_CLICK
31779,NONE,NO_CLICK
31780,NONE,NO_CLICK
31781,NONE,NO_CLICK
31782,NONE,NO_CLICK
31783,NONE,NO_CLICK
31784,NONE,NO_CLICK
31785,NONE,NO_CLICK
31786,NONE,NO_CLICK
31787,NONE,NO_CLICK
31788,NONE,NO_CLICK
31789,NONE,NO_CLICK
31790,NONE,NO_CLICK
31791,NONE,NO_CLICK
31792,NONE,NO_CLICK
31793,NONE,NO_CLICK
31794,NONE,NO_CLICK
31795,NONE,NO_CLICK
31796,NONE,NO_CLICK
31797,NONE,NO_CLICK
31798,NONE,NO_CLICK
31799,NONE,NO_CLICK
31800,NONE,NO_CLICK
31801,NONE,NO_CLICK
31802,NONE,NO_CLICK
31803,NONE,NO_CLICK
31804,NONE,NO_CLICK
31805,NONE,NO_CLICK
31806,NONE,NO_CLICK
31807,NONE,NO_CLICK
31808,NONE,NO_CLICK
31809,NONE,NO_CLICK
31810,NONE,NO_CLICK
31811,NONE,NO_CLICK
31812,NONE,NO_CLICK
31813,NONE,NO_CLICK
31814,NONE,NO_CLICK
31815,NONE,NO_CLICK
31816,NONE,NO_CLICK
31817,NONE,NO_CLICK
31818,NONE,NO_CLICK
31819,NONE,NO_CLICK
31820,NONE,NO_CLICK
31821,NONE,NO_CLICK
31822,NONE,NO_CLICK
31823,NONE,NO_CLICK
31824,NONE,NO_CLICK
31825,NONE,NO_CLICK
31826,NONE,NO_CLICK
31827,NONE,NO_CLICK
31828,NONE,NO_CLICK
31829,NONE,NO_CLICK
31830,NONE,NO_CLICK
31831,NONE,NO_CLICK
31832,NONE,NO_CLICK
31833,NONE,NO_CLICK
31834,NONE,NO_CLICK
31835,NONE,NO_CLICK
31836,NONE,NO_CLICK
31837,NONE,NO_CLICK
31838,NONE,NO_CLICK
31839,NONE,NO_CLICK
31840,NONE,NO_CLICK
31841,NONE,NO_CLICK
31842,NONE,NO_CLICK
31843,NONE,NO_CLICK
31844,NONE,NO_CLICK
31845,NONE,NO_CLICK
31846,NONE,NO_CLICK
31847,NONE,NO_CLICK
31848,NONE,NO_CLICK
31849,NONE,NO_CLICK
31850,NONE,NO_CLICK
31851,NONE,NO_CLICK
31852,NONE,NO_CLICK
31853,NONE,NO_CLICK
31854,NONE,NO_CLICK
31855,NONE,NO_CLICK
31856,NONE,NO_CLICK
31857,NONE,NO_CLICK
31858,NONE,NO_CLICK
31859,NONE,NO_CLICK
31860,NONE,NO_CLICK
31861,NONE,NO_CLICK
31862,NONE,NO_CLICK
31863,NONE,NO_CLICK
31864,NONE,NO_CLICK
31865,NONE,NO_CLICK
31866,NONE,NO_CLICK
31867,NONE,NO_CLICK
31868,NONE,NO_CLICK
31869,NONE,NO_CLICK
31870,NONE,NO_CLICK
31871,NONE,NO_CLICK
31872,NONE,NO_CLICK
31873,NONE,NO_CLICK
31874,NONE,NO_CLICK
31875,NONE,NO_CLICK
31876,NONE,NO_CLICK
31877,NONE,NO_CLICK
31878,NONE,NO_CLICK
31879,NONE,NO_CLICK
31880,NONE,NO_CLICK
31881,NONE,NO_CLICK
31882,NONE,NO_CLICK
31883,NONE,NO_CLICK
31884,NONE,NO_CLICK
31885,NONE,NO_CLICK
31886,NONE,NO_CLICK
31887,NONE,NO_CLICK
31888,NONE,NO_CLICK
31889,NONE,NO_CLICK
31890,NONE,NO_CLICK
31891,NONE,NO_CLICK
31892,NONE,NO_CLICK
31893,NONE,NO_CLICK
31894,NONE,NO_CLICK
31895,NONE,NO_CLICK
31896,NONE,NO_CLICK
31897,NONE,NO_CLICK
31898,NONE,NO_CLICK
31899,NONE,NO_CLICK
31900,NONE,NO_CLICK
31901,NONE,NO_CLICK
31902,NONE,NO_CLICK
31903,NONE,NO_CLICK
31904,NONE,NO_CLICK
31905,NONE,NO_CLICK
31906,NONE,NO_CLICK
31907,NONE,NO_CLICK
31908,NONE,NO_CLICK
31909,NONE,NO_CLICK
31910,NONE,NO_CLICK
31911,NONE,NO_CLICK
31912,NONE,NO_CLICK
31913,NONE,NO_CLICK
31914,NONE,NO_CLICK
31915,NONE,NO_CLICK
31916,NONE,NO_CLICK
31917,NONE,NO_CLICK
31918,NONE,NO_CLICK
31919,NONE,NO_CLICK
31920,NONE,NO_CLICK
31921,NONE,NO_CLICK
31922,NONE,NO_CLICK
31923,NONE,NO_CLICK
31924,NONE,NO_CLICK
31925,NONE,NO_CLICK
31926,NONE,NO_CLICK
31927,NONE,NO_CLICK
31928,NONE,NO_CLICK
31929,NONE,NO_CLICK
31930,NONE,NO_CLICK
31931,NONE,NO_CLICK
31932,NONE,NO_CLICK
31933,NONE,NO_CLICK
31934,NONE,NO_CLICK
31935,NONE,NO_CLICK
31936,NONE,NO_CLICK
31937,NONE,NO_CLICK
31938,NONE,NO_CLICK
31939,NONE,NO_CLICK
31940,NONE,NO_CLICK
31941,NONE,NO_CLICK
31942,NONE,NO_CLICK
31943,NONE,NO_CLICK
31944,NONE,NO_CLICK
31945,NONE,NO_CLICK
31946,NONE,NO_CLICK
31947,NONE,NO_CLICK
31948,NONE,NO_CLICK
31949,NONE,NO_CLICK
31950,NONE,NO_CLICK
31951,NONE,NO_CLICK
31952,NONE,NO_CLICK
31953,NONE,NO_CLICK
31954,NONE,NO_CLICK
31955,NONE,NO_CLICK
31956,NONE,NO_CLICK
31957,NONE,NO_CLICK
31958,NONE,NO_CLICK
31959,NONE,NO_CLICK
31960,NONE,NO_CLICK
31961,NONE,NO_CLICK
31962,NONE,NO_CLICK
31963,NONE,NO_CLICK
31964,NONE,NO_CLICK
31965,NONE,NO_CLICK
31966,NONE,NO_CLICK
31967,NONE,NO_CLICK
31968,NONE,NO_CLICK
31969,NONE,NO_CLICK
31970,D2,D2_CLICK
31971,D2,D2_CLICK
31972,D2,D2_CLICK
31973,D2,D2_CLICK
31974,D2,D2_CLICK
31975,D2,D2_CLICK
31976,D2,D2_CLICK
31977,D2,D2_CLICK
31978,D2,D2_CLICK
31979,D2,D2_CLICK
31980,D2,D2_CLICK
31981,D2,D2_CLICK
31982,D2,D2_CLICK
31983,D2,D2_CLICK
31984,D2,D2_CLICK
31985,D2,D2_CLICK
31986,D2,D2_CLICK
31987,D2,D2_CLICK
31988,D2,D2_CLICK
31989,D2,D2_CLICK
31990,D2,D2_CLICK
31991,D2,D2_CLICK
31992,D2,D2_CLICK
31993,D2,D2_CLICK
31994,D2,D2_CLICK
31995,D2,D2_CLICK
31996,D2,D2_CLICK
31997,D2,D2_CLICK
31998,D2,D2_CLICK
31999,D2,D2_CLICK
32000,D2,D2_CLICK
32001,D2,D2_CLICK
32002,D2,D2_CLICK
32003,D2,D2_CLICK
32004,D2,D2_CLICK
32005,D2,D2_CLICK
32006,D2,D2_CLICK
32007,D2,D2_CLICK
32008,NONE,NO_CLICK
32009,NONE,NO_CLICK
32010,NONE,NO_CLICK
32011,NONE,NO_CLICK
32012,NONE,NO_CLICK
32013,NONE,NO_CLICK
32014,NONE,NO_CLICK
32015,NONE,NO_CLICK
32016,NONE,NO_CLICK
32017,NONE,NO_CLICK
32018,NONE,NO_CLICK
32019,NONE,NO_CLICK
32020,NONE,NO_CLICK
32021,NONE,NO_CLICK
32022,NONE,NO_CLICK
32023,NONE,NO_CLICK
32024,NONE,NO_CLICK
32025,NONE,NO_CLICK
32026,NONE,NO_CLICK
32027,NONE,NO_CLICK
32028,NONE,NO_CLICK
32029,NONE,NO_CLICK
32030,NONE,NO_CLICK
32031,NONE,NO_CLICK
32032,NONE,NO_CLICK
32033,NONE,NO_CLICK
32034,NONE,NO_CLICK
32035,NONE,NO_CLICK
32036,NONE,NO_CLICK
32037,NONE,NO_CLICK
32038,NONE,NO_CLICK
32039,NONE,NO_CLICK
32040,NONE,NO_CLICK
32041,NONE,NO_CLICK
32042,NONE,NO_CLICK
32043,NONE,NO_CLICK
32044,NONE,NO_CLICK
32045,NONE,NO_CLICK
32046,NONE,NO_CLICK
32047,NONE,NO_CLICK
32048,NONE,NO_CLICK
32049,NONE,NO_CLICK
32050,NONE,NO_CLICK
32051,NONE,NO_CLICK
32052,NONE,NO_CLICK
32053,NONE,NO_CLICK
32054,NONE,NO_CLICK
32055,NONE,NO_CLICK
32056,NONE,NO_CLICK
32057,NONE,NO_CLICK
32058,NONE,NO_CLICK
32059,NONE,NO_CLICK
32060,NONE,NO_CLICK
32061,NONE,NO_CLICK
32062,NONE,NO_CLICK
32063,NONE,NO_CLICK
32064,NONE,NO_CLICK
32065,NONE,NO_CLICK
32066,D1,D1_CLICK
32067,D1,D1_CLICK
32068,D1,D1_CLICK
32069,D1,D1_CLICK
32070,D1,D1_CLICK
32071,D1,D1_CLICK
32072,D1,D1_CLICK
32073,D1,D1_CLICK
32074,D1,D1_CLICK
32075,D1,D1_CLICK
32076,D1,D1_CLICK
32077,D1,D1_CLICK
32078,D1,D1_CLICK
32079,D1,D1_CLICK
32080,D1,D1_CLICK
32081,D1,D1_CLICK
32082,D1,D1_CLICK
32083,D1,D1_CLICK
32084,D1,D1_CLICK
32085,D1,D1_CLICK
32086,D1,D1_CLICK
32087,D1,D1_CLICK
32088,D1,D1_CLICK
32089,D1,D1_CLICK
32090,D1,D1_CLICK
32091,D1,D1_CLICK
32092,D1,D1_CLICK
32093,D1,D1_CLICK
32094,D1,D1_CLICK
32095,D1,D1_CLICK
32096,D1,D1_CLICK
32097,D1,D1_CLICK
32098,D1,D1_CLICK
32099,D1,D1_CLICK
32100,D1,D1_CLICK
32101,D1,D1_CLICK
32102,D1,D1_CLICK
32103,D1,D1_CLICK
32104,NONE,NO_CLICK
32105,NONE,NO_CLICK
32106,NONE,NO_CLICK
32107,NONE,NO_CLICK
32108,NONE,NO_CLICK
32109,NONE,NO_CLICK
32110,NONE,NO_CLICK
32111,NONE,NO_CLICK
32112,NONE,NO_CLICK
32113,NONE,NO_CLICK
32114,NONE,NO_CLICK
32115,NONE,NO_CLICK
32116,NONE,NO_CLICK
32117,NONE,NO_CLICK
32118,NONE,NO_CLICK
32119,NONE,NO_CLICK
32120,NONE,NO_CLICK
32121,NONE,NO_CLICK
32122,NONE,NO_CLICK
32123,NONE,NO_CLICK
32124,NONE,NO_CLICK
32125,NONE,NO_CLICK
32126,NONE,NO_CLICK
32127,NONE,NO_CLICK
32128,NONE,NO_CLICK
32129,NONE,NO_CLICK
32130,NONE,NO_CLICK
32131,NONE,NO_CLICK
32132,NONE,NO_CLICK
32133,NONE,NO_CLICK
32134,NONE,NO_CLICK
32135,NONE,NO_CLICK
32136,NONE,NO_CLICK
32137,NONE,NO_CLICK
32138,NONE,NO_CLICK
32139,NONE,NO_CLICK
32140,NONE,NO_CLICK
32141,NONE,NO_CLICK
32142,NONE,NO_CLICK
32143,NONE,NO_CLICK
32144,NONE,NO_CLICK
32145,NONE,NO_CLICK
32146,NONE,NO_CLICK
32147,NONE,NO_CLICK
32148,NONE,NO_CLICK
32149,NONE,NO_CLICK
32150,NONE,NO_CLICK
32151,NONE,NO_CLICK
32152,NONE,NO_CLICK
32153,NONE,NO_CLICK
32154,NONE,NO_CLICK
32155,NONE,NO_CLICK
32156,NONE,NO_CLICK
32157,NONE,NO_CLICK
32158,NONE,NO_CLICK
32159,NONE,NO_CLICK
32160,NONE,NO_CLICK
32161,NONE,NO_CLICK
32162,NONE,NO_CLICK
32163,NONE,NO_CLICK
32164,NONE,NO_CLICK
32165,NONE,NO_CLICK
32166,NONE,NO_CLICK
32167,NONE,NO_CLICK
32168,NONE,NO_CLICK
32169,NONE,NO_CLICK
32170,NONE,NO_CLICK
32171,NONE,NO_CLICK
32172,NONE,NO_CLICK
32173,NONE,NO_CLICK
32174,NONE,NO_CLICK
32175,NONE,NO_CLICK
32176,NONE,NO_CLICK
32177,NONE,NO_CLICK
32178,NONE,NO_CLICK
32179,NONE,NO_CLICK
32180,NONE,NO_CLICK
32181,NONE,NO_CLICK
32182,NONE,NO_CLICK
32183,NONE,NO_CLICK
32184,NONE,NO_CLICK
32185,NONE,NO_CLICK
32186,NONE,NO_CLICK
32187,NONE,NO_CLICK
32188,NONE,NO_CLICK
32189,NONE,NO_CLICK
32190,NONE,NO_CLICK
32191,NONE,NO_CLICK
32192,NONE,NO_CLICK
32193,NONE,NO_CLICK
32194,NONE,NO_CLICK
32195,NONE,NO_CLICK
32196,NONE,NO_CLICK
32197,NONE,NO_CLICK
32198,NONE,NO_CLICK
32199,NONE,NO_CLICK
32200,NONE,NO_CLICK
32201,NONE,NO_CLICK
32202,NONE,NO_CLICK
32203,NONE,NO_CLICK
32204,NONE,NO_CLICK
32205,NONE,NO_CLICK
32206,NONE,NO_CLICK
32207,NONE,NO_CLICK
32208,NONE,NO_CLICK
32209,NONE,NO_CLICK
32210,NONE,NO_CLICK
32211,NONE,NO_CLICK
32212,NONE,NO_CLICK
32213,NONE,NO_CLICK
32214,NONE,NO_CLICK
32215,NONE,NO_CLICK
32216,NONE,NO_CLICK
32217,NONE,NO_CLICK
32218,NONE,NO_CLICK
32219,NONE,NO_CLICK
32220,NONE,NO_CLICK
32221,NONE,NO_CLICK
32222,NONE,NO_CLICK
32223,NONE,NO_CLICK
32224,NONE,NO_CLICK
32225,NONE,NO_CLICK
32226,NONE,NO_CLICK
32227,NONE,NO_CLICK
32228,NONE,NO_CLICK
32229,NONE,NO_CLICK
32230,NONE,NO_CLICK
32231,NONE,NO_CLICK
32232,NONE,NO_CLICK
32233,NONE,NO_CLICK
32234,NONE,NO_CLICK
32235,NONE,NO_CLICK
32236,NONE,NO_CLICK
32237,NONE,NO_CLICK
32238,NONE,NO_CLICK
32239,NONE,NO_CLICK
32240,NONE,NO_CLICK
32241,NONE,NO_CLICK
32242,NONE,NO_CLICK
32243,NONE,NO_CLICK
32244,NONE,NO_CLICK
32245,NONE,NO_CLICK
32246,NONE,NO_CLICK
32247,NONE,NO_CLICK
32248,NONE,NO_CLICK
32249,NONE,NO_CLICK
32250,NONE,NO_CLICK
32251,NONE,NO_CLICK
32252,NONE,NO_CLICK
32253,NONE,NO_CLICK
32254,NONE,NO_CLICK
32255,NONE,NO_CLICK
32256,NONE,NO_CLICK
32257,NONE,NO_CLICK
32258,NONE,NO_CLICK
32259,NONE,NO_CLICK
32260,NONE,NO_CLICK
32261,NONE,NO_CLICK
32262,NONE,NO_CLICK
32263,NONE,NO_CLICK
32264,NONE,NO_CLICK
32265,NONE,NO_CLICK
32266,NONE,NO_CLICK
32267,NONE,NO_CLICK
32268,NONE,NO_CLICK
32269,NONE,NO_CLICK
32270,NONE,NO_CLICK
32271,NONE,NO_CLICK
32272,NONE,NO_CLICK
32273,NONE,NO_CLICK
32274,NONE,NO_CLICK
32275,NONE,NO_CLICK
32276,NONE,NO_CLICK
32277,NONE,NO_CLICK
32278,NONE,NO_CLICK
32279,NONE,NO_CLICK
32280,NONE,NO_CLICK
32281,NONE,NO_CLICK
32282,NONE,NO_CLICK
32283,NONE,NO_CLICK
32284,NONE,NO_CLICK
32285,NONE,NO_CLICK
32286,NONE,NO_CLICK
32287,NONE,NO_CLICK
32288,NONE,NO_CLICK
32289,NONE,NO_CLICK
32290,D2,D2_CLICK
32291,D2,D2_CLICK
32292,D2,D2_CLICK
32293,D2,D2_CLICK
32294,D2,D2_CLICK
32295,D2,D2_CLICK
32296,D2,D2_CLICK
32297,D2,D2_CLICK
32298,D2,D2_CLICK
32299,D2,D2_CLICK
32300,D2,D2_CLICK
32301,D2,D2_CLICK
32302,D2,D2_CLICK
32303,D2,D2_CLICK
32304,D2,D2_CLICK
32305,D2,D2_CLICK
32306,D2,D2_CLICK
32307,D2,D2_CLICK
32308,D2,D2_CLICK
32309,D2,D2_CLICK
32310,D2,D2_CLICK
32311,D2,D2_CLICK
32312,D2,D2_CLICK
32313,D2,D2_CLICK
32314,D2,D2_CLICK
32315,D2,D2_CLICK
32316,D2,D2_CLICK
32317,D2,D2_CLICK
32318,D2,D2_CLICK
32319,D2,D2_CLICK
32320,D2,D2_CLICK
32321,D2,D2_CLICK
32322,D2,D2_CLICK
32323,D2,D2_CLICK
32324,D2,D2_CLICK
32325,D2,D2_CLICK
32326,D2,D2_CLICK
32327,D2,D2_CLICK
32328,NONE,NO_CLICK
32329,NONE,NO_CLICK
32330,NONE,NO_CLICK
32331,NONE,NO_CLICK
32332,NONE,NO_CLICK
32333,NONE,NO_CLICK
32334,NONE,NO_CLICK
32335,NONE,NO_CLICK
32336,NONE,NO_CLICK
32337,NONE,NO_CLICK
32338,NONE,NO_CLICK
32339,NONE,NO_CLICK
32340,NONE,NO_CLICK
32341,NONE,NO_CLICK
32342,NONE,NO_CLICK
32343,NONE,NO_CLICK
32344,NONE,NO_CLICK
32345,NONE,NO_CLICK
32346,NONE,NO_CLICK
32347,NONE,NO_CLICK
32348,NONE,NO_CLICK
32349,NONE,NO_CLICK
32350,NONE,NO_CLICK
32351,NONE,NO_CLICK
32352,NONE,NO_CLICK
32353,NONE,NO_CLICK
32354,NONE,NO_CLICK
32355,NONE,NO_CLICK
32356,NONE,NO_CLICK
32357,NONE,NO_CLICK
32358,NONE,NO_CLICK
32359,NONE,NO_CLICK
32360,NONE,NO_CLICK
32361,NONE,NO_CLICK
32362,NONE,NO_CLICK
32363,NONE,NO_CLICK
32364,NONE,NO_CLICK
32365,NONE,NO_CLICK
32366,NONE,NO_CLICK
32367,NONE,NO_CLICK
32368,NONE,NO_CLICK
32369,NONE,NO_CLICK
32370,NONE,NO_CLICK
32371,NONE,NO_CLICK
32372,NONE,NO_CLICK
32373,NONE,NO_CLICK
32374,NONE,NO_CLICK
32375,NONE,NO_CLICK
32376,NONE,NO_CLICK
32377,NONE,NO_CLICK
32378,NONE,NO_CLICK
32379,NONE,NO_CLICK
32380,NONE,NO_CLICK
32381,NONE,NO_CLICK
32382,NONE,NO_CLICK
32383,NONE,NO_CLICK
32384,NONE,NO_CLICK
32385,NONE,NO_CLICK
32386,NONE,NO_CLICK
32387,NONE,NO_CLICK
32388,NONE,NO_CLICK
32389,NONE,NO_CLICK
32390,NONE,NO_CLICK
32391,NONE,NO_CLICK
32392,NONE,NO_CLICK
32393,NONE,NO_CLICK
32394,NONE,NO_CLICK
32395,NONE,NO_CLICK
32396,NONE,NO_CLICK
32397,NONE,NO_CLICK
32398,NONE,NO_CLICK
32399,NONE,NO_CLICK
32400,NONE,NO_CLICK
32401,NONE,NO_CLICK
32402,NONE,NO_CLICK
32403,NONE,NO_CLICK
32404,NONE,NO_CLICK
32405,NONE,NO_CLICK
32406,NONE,NO_CLICK
32407,NONE,NO_CLICK
32408,NONE,NO_CLICK
32409,NONE,NO_CLICK
32410,NONE,NO_CLICK
32411,NONE,NO_CLICK
32412,NONE,NO_CLICK
32413,NONE,NO_CLICK
32414,NONE,NO_CLICK
32415,NONE,NO_CLICK
32416,NONE,NO_CLICK
32417,NONE,NO_CLICK
32418,D1,D1_CLICK
32419,D1,D1_CLICK
32420,D1,D1_CLICK
32421,D1,D1_CLICK
32422,D1,D1_CLICK
32423,D1,D1_CLICK
32424,D1,D1_CLICK
32425,D1,D1_CLICK
32426,D1,D1_CLICK
32427,D1,D1_CLICK
32428,D1,D1_CLICK
32429,D1,D1_CLICK
32430,D1,D1_CLICK
32431,D1,D1_CLICK
32432,D1,D1_CLICK
32433,D1,D1_CLICK
32434,D1,D1_CLICK
32435,D1,D1_CLICK
32436,D1,D1_CLICK
32437,D1,D1_CLICK
32438,D1,D1_CLICK
32439,D1,D1_CLICK
32440,D1,D1_CLICK
32441,D1,D1_CLICK
32442,D1,D1_CLICK
32443,D1,D1_CLICK
32444,D1,D1_CLICK
32445,D1,D1_CLICK
32446,D1,D1_CLICK
32447,D1,D1_CLICK
32448,D1,D1_CLICK
32449,D1,D1_CLICK
32450,D1,D1_CLICK
32451,D1,D1_CLICK
32452,D1,D1_CLICK
32453,D1,D1_CLICK
32454,D1,D1_CLICK
32455,D1,D1_CLICK
32456,NONE,NO_CLICK
32457,NONE,NO_CLICK
32458,NONE,NO_CLICK
32459,NONE,NO_CLICK
32460,NONE,NO_CLICK
32461,NONE,NO_CLICK
32462,NONE,NO_CLICK
32463,NONE,NO_CLICK
32464,NONE,NO_CLICK
32465,NONE,NO_CLICK
32466,NONE,NO_CLICK
32467,NONE,NO_CLICK
32468,NONE,NO_CLICK
32469,NONE,NO_CLICK
32470,NONE,NO_CLICK
32471,NONE,NO_CLICK
32472,NONE,NO_CLICK
32473,NONE,NO_CLICK
32474,NONE,NO_CLICK
32475,NONE,NO_CLICK
32476,NONE,NO_CLICK
32477,NONE,NO_CLICK
32478,NONE,NO_CLICK
32479,NONE,NO_CLICK
32480,NONE,NO_CLICK
32481,NONE,NO_CLICK
32482,NONE,NO_CLICK
32483,NONE,NO_CLICK
32484,NONE,NO_CLICK
32485,NONE,NO_CLICK
32486,NONE,NO_CLICK
32487,NONE,NO_CLICK
32488,NONE,NO_CLICK
32489,NONE,NO_CLICK
32490,NONE,NO_CLICK
32491,NONE,NO_CLICK
32492,NONE,NO_CLICK
32493,NONE,NO_CLICK
32494,NONE,NO_CLICK
32495,NONE,NO_CLICK
32496,NONE,NO_CLICK
32497,NONE,NO_CLICK
32498,NONE,NO_CLICK
32499,NONE,NO_CLICK
32500,NONE,NO_CLICK
32501,NONE,NO_CLICK
32502,NONE,NO_CLICK
32503,NONE,NO_CLICK
32504,NONE,NO_CLICK
32505,NONE,NO_CLICK
32506,NONE,NO_CLICK
32507,NONE,NO_CLICK
32508,NONE,NO_CLICK
32509,NONE,NO_CLICK
32510,NONE,NO_CLICK
32511,NONE,NO_CLICK
32512,NONE,NO_CLICK
32513,NONE,NO_CLICK
32514,NONE,NO_CLICK
32515,NONE,NO_CLICK
32516,NONE,NO_CLICK
32517,NONE,NO_CLICK
32518,NONE,NO_CLICK
32519,NONE,NO_CLICK
32520,NONE,NO_CLICK
32521,NONE,NO_CLICK
32522,NONE,NO_CLICK
32523,NONE,NO_CLICK
32524,NONE,NO_CLICK
32525,NONE,NO_CLICK
32526,NONE,NO_CLICK
32527,NONE,NO_CLICK
32528,NONE,NO_CLICK
32529,NONE,NO_CLICK
32530,NONE,NO_CLICK
32531,NONE,NO_CLICK
32532,NONE,NO_CLICK
32533,NONE,NO_CLICK
32534,NONE,NO_CLICK
32535,NONE,NO_CLICK
32536,NONE,NO_CLICK
32537,NONE,NO_CLICK
32538,NONE,NO_CLICK
32539,NONE,NO_CLICK
32540,NONE,NO_CLICK
32541,NONE,NO_CLICK
32542,NONE,NO_CLICK
32543,NONE,NO_CLICK
32544,NONE,NO_CLICK
32545,NONE,NO_CLICK
32546,NONE,NO_CLICK
32547,NONE,NO_CLICK
32548,NONE,NO_CLICK
32549,NONE,NO_CLICK
32550,NONE,NO_CLICK
32551,NONE,NO_CLICK
32552,NONE,NO_CLICK
32553,NONE,NO_CLICK
32554,NONE,NO_CLICK
32555,NONE,NO_CLICK
32556,NONE,NO_CLICK
32557,NONE,NO_CLICK
32558,NONE,NO_CLICK
32559,NONE,NO_CLICK
32560,NONE,NO_CLICK
32561,NONE,NO_CLICK
32562,NONE,NO_CLICK
32563,NONE,NO_CLICK
32564,NONE,NO_CLICK
32565,NONE,NO_CLICK
32566,NONE,NO_CLICK
32567,NONE,NO_CLICK
32568,NONE,NO_CLICK
32569,NONE,NO_CLICK
32570,NONE,NO_CLICK
32571,NONE,NO_CLICK
32572,NONE,NO_CLICK
32573,NONE,NO_CLICK
32574,NONE,NO_CLICK
32575,NONE,NO_CLICK
32576,NONE,NO_CLICK
32577,NONE,NO_CLICK
32578,NONE,NO_CLICK
32579,NONE,NO_CLICK
32580,NONE,NO_CLICK
32581,NONE,NO_CLICK
32582,NONE,NO_CLICK
32583,NONE,NO_CLICK
32584,NONE,NO_CLICK
32585,NONE,NO_CLICK
32586,NONE,NO_CLICK
32587,NONE,NO_CLICK
32588,NONE,NO_CLICK
32589,NONE,NO_CLICK
32590,NONE,NO_CLICK
32591,NONE,NO_CLICK
32592,NONE,NO_CLICK
32593,NONE,NO_CLICK
32594,NONE,NO_CLICK
32595,NONE,NO_CLICK
32596,NONE,NO_CLICK
32597,NONE,NO_CLICK
32598,NONE,NO_CLICK
32599,NONE,NO_CLICK
32600,NONE,NO_CLICK
32601,NONE,NO_CLICK
32602,NONE,NO_CLICK
32603,NONE,NO_CLICK
32604,NONE,NO_CLICK
32605,NONE,NO_CLICK
32606,NONE,NO_CLICK
32607,NONE,NO_CLICK
32608,NONE,NO_CLICK
32609,NONE,NO_CLICK
32610,D2,D2_CLICK
32611,D2,D2_CLICK
32612,D2,D2_CLICK
32613,D2,D2_CLICK
32614,D2,D2_CLICK
32615,D2,D2_CLICK
32616,D2,D2_CLICK
32617,D2,D2_CLICK
32618,D2,D2_CLICK
32619,D2,D2_CLICK
32620,D2,D2_CLICK
32621,D2,D2_CLICK
32622,D2,D2_CLICK
32623,D2,D2_CLICK
32624,D2,D2_CLICK
32625,D2,D2_CLICK
32626,D2,D2_CLICK
32627,D2,D2_CLICK
32628,D2,D2_CLICK
32629,D2,D2_CLICK
32630,D2,D2_CLICK
32631,D2,D2_CLICK
32632,D2,D2_CLICK
32633,D2,D2_CLICK
32634,D2,D2_CLICK
32635,D2,D2_CLICK
32636,D2,D2_CLICK
32637,D2,D2_CLICK
32638,D2,D2_CLICK
32639,D2,D2_CLICK
32640,D2,D2_CLICK
32641,D2,D2_CLICK
32642,D2,D2_CLICK
32643,D2,D2_CLICK
32644,D2,D2_CLICK
32645,D2,D2_CLICK
32646,D2,D2_CLICK
32647,D2,D2_CLICK
32648,NONE,NO_CLICK
32649,NONE,NO_CLICK
32650,NONE,NO_CLICK
32651,NONE,NO_CLICK
32652,NONE,NO_CLICK
32653,NONE,NO_CLICK
32654,NONE,NO_CLICK
32655,NONE,NO_CLICK
32656,NONE,NO_CLICK
32657,NONE,NO_CLICK
32658,NONE,NO_CLICK
32659,NONE,NO_CLICK
32660,NONE,NO_CLICK
32661,NONE,NO_CLICK
32662,NONE,NO_CLICK
32663,NONE,NO_CLICK
32664,NONE,NO_CLICK
32665,NONE,NO_CLICK
32666,NONE,NO_CLICK
32667,NONE,NO_CLICK
32668,NONE,NO_CLICK
32669,NONE,NO_CLICK
32670,NONE,NO_CLICK
32671,NONE,NO_CLICK
32672,NONE,NO_CLICK
32673,NONE,NO_CLICK
32674,NONE,NO_CLICK
32675,NONE,NO_CLICK
32676,NONE,NO_CLICK
32677,NONE,NO_CLICK
32678,NONE,NO_CLICK
32679,NONE,NO_CLICK
32680,NONE,NO_CLICK
32681,NONE,NO_CLICK
32682,NONE,NO_CLICK
32683,NONE,NO_CLICK
32684,NONE,NO_CLICK
32685,NONE,NO_CLICK
32686,NONE,NO_CLICK
32687,NONE,NO_CLICK
32688,NONE,NO_CLICK
32689,NONE,NO_CLICK
32690,NONE,NO_CLICK
32691,NONE,NO_CLICK
32692,NONE,NO_CLICK
32693,NONE,NO_CLICK
32694,NONE,NO_CLICK
32695,NONE,NO_CLICK
32696,NONE,NO_CLICK
32697,NONE,NO_CLICK
32698,NONE,NO_CLICK
32699,NONE,NO_CLICK
32700,NONE,NO_CLICK
32701,NONE,NO_CLICK
32702,NONE,NO_CLICK
32703,NONE,NO_CLICK
32704,NONE,NO_CLICK
32705,NONE,NO_CLICK
32706,NONE,NO_CLICK
32707,NONE,NO_CLICK
32708,NONE,NO_CLICK
32709,NONE,NO_CLICK
32710,NONE,NO_CLICK
32711,NONE,NO_CLICK
32712,NONE,NO_CLICK
32713,NONE,NO_CLICK
32714,NONE,NO_CLICK
32715,NONE,NO_CLICK
32716,NONE,NO_CLICK
32717,NONE,NO_CLICK
32718,NONE,NO_CLICK
32719,NONE,NO_CLICK
32720,NONE,NO_CLICK
32721,NONE,NO_CLICK
32722,NONE,NO_CLICK
32723,NONE,NO_CLICK
32724,NONE,NO_CLICK
32725,NONE,NO_CLICK
32726,NONE,NO_CLICK
32727,NONE,NO_CLICK
32728,NONE,NO_CLICK
32729,NONE,NO_CLICK
32730,NONE,NO_CLICK
32731,NONE,NO_CLICK
32732,NONE,NO_CLICK
32733,NONE,NO_CLICK
32734,NONE,NO_CLICK
32735,NONE,NO_CLICK
32736,NONE,NO_CLICK
32737,NONE,NO_CLICK
32738,NONE,NO_CLICK
32739,NONE,NO_CLICK
32740,NONE,NO_CLICK
32741,NONE,NO_CLICK
32742,NONE,NO_CLICK
32743,NONE,NO_CLICK
32744,NONE,NO_CLICK
32745,NONE,NO_CLICK
32746,NONE,NO_CLICK
32747,NONE,NO_CLICK
32748,NONE,NO_CLICK
32749,NONE,NO_CLICK
32750,NONE,NO_CLICK
32751,NONE,NO_CLICK
32752,NONE,NO_CLICK
32753,NONE,NO_CLICK
32754,NONE,NO_CLICK
32755,NONE,NO_CLICK
32756,NONE,NO_CLICK
32757,NONE,NO_CLICK
32758,NONE,NO_CLICK
32759,NONE,NO_CLICK
32760,NONE,NO_CLICK
32761,NONE,NO_CLICK
32762,NONE,NO_CLICK
32763,NONE,NO_CLICK
32764,NONE,NO_CLICK
32765,NONE,NO_CLICK
32766,NONE,NO_CLICK
32767,NONE,NO_CLICK
32768,NONE,NO_CLICK
